{
  "dataset": "QMSum",
  "num_samples": 200,
  "rouge1": 0.25036916078288995,
  "rouge2": 0.059271385558182926,
  "rougeL": 0.1725087658164093,
  "rougeLsum": 0.17096993065452182,
  "per_sample_rougeL": [
    [
      0,
      0.013333333333333334
    ],
    [
      1,
      0.15873015873015872
    ],
    [
      2,
      0.1691542288557214
    ],
    [
      3,
      0.048192771084337345
    ],
    [
      4,
      0.10526315789473685
    ],
    [
      5,
      0.17801047120418848
    ],
    [
      6,
      0.14457831325301204
    ],
    [
      7,
      0.13580246913580246
    ],
    [
      8,
      0.1923076923076923
    ],
    [
      9,
      0.1699346405228758
    ],
    [
      10,
      0.17333333333333334
    ],
    [
      11,
      0.20792079207920794
    ],
    [
      12,
      0.25
    ],
    [
      13,
      0.2525252525252525
    ],
    [
      14,
      0.061728395061728385
    ],
    [
      15,
      0.15483870967741933
    ],
    [
      16,
      0.18536585365853658
    ],
    [
      17,
      0.13496932515337423
    ],
    [
      18,
      0.21722846441947563
    ],
    [
      19,
      0.143646408839779
    ],
    [
      20,
      0.10465116279069767
    ],
    [
      21,
      0.1927710843373494
    ],
    [
      22,
      0.13559322033898308
    ],
    [
      23,
      0.1728395061728395
    ],
    [
      24,
      0.12345679012345678
    ],
    [
      25,
      0.1883408071748879
    ],
    [
      26,
      0.384180790960452
    ],
    [
      27,
      0.18064516129032257
    ],
    [
      28,
      0.08888888888888889
    ],
    [
      29,
      0.0
    ],
    [
      30,
      0.16129032258064516
    ],
    [
      31,
      0.21333333333333335
    ],
    [
      32,
      0.2608695652173913
    ],
    [
      33,
      0.23834196891191708
    ],
    [
      34,
      0.19753086419753085
    ],
    [
      35,
      0.20202020202020202
    ],
    [
      36,
      0.1942857142857143
    ],
    [
      37,
      0.19895287958115185
    ],
    [
      38,
      0.16666666666666666
    ],
    [
      39,
      0.17021276595744683
    ],
    [
      40,
      0.2404371584699454
    ],
    [
      41,
      0.1566820276497696
    ],
    [
      42,
      0.09708737864077671
    ],
    [
      43,
      0.1732283464566929
    ],
    [
      44,
      0.19117647058823528
    ],
    [
      45,
      0.21794871794871792
    ],
    [
      46,
      0.175609756097561
    ],
    [
      47,
      0.21463414634146344
    ],
    [
      48,
      0.1893491124260355
    ],
    [
      49,
      0.18604651162790695
    ],
    [
      50,
      0.20689655172413793
    ],
    [
      51,
      0.29245283018867924
    ],
    [
      52,
      0.19867549668874174
    ],
    [
      53,
      0.09467455621301775
    ],
    [
      54,
      0.23391812865497078
    ],
    [
      55,
      0.16853932584269662
    ],
    [
      56,
      0.11764705882352942
    ],
    [
      57,
      0.12429378531073446
    ],
    [
      58,
      0.1871345029239766
    ],
    [
      59,
      0.1904761904761905
    ],
    [
      60,
      0.2073170731707317
    ],
    [
      61,
      0.20731707317073175
    ],
    [
      62,
      0.24113475177304963
    ],
    [
      63,
      0.1951219512195122
    ],
    [
      64,
      0.2112676056338028
    ],
    [
      65,
      0.14814814814814814
    ],
    [
      66,
      0.27807486631016043
    ],
    [
      67,
      0.0
    ],
    [
      68,
      0.15217391304347827
    ],
    [
      69,
      0.3255813953488372
    ],
    [
      70,
      0.2312925170068027
    ],
    [
      71,
      0.10062893081761007
    ],
    [
      72,
      0.1935483870967742
    ],
    [
      73,
      0.22222222222222224
    ],
    [
      74,
      0.13245033112582782
    ],
    [
      75,
      0.17757009345794394
    ],
    [
      76,
      0.17560975609756097
    ],
    [
      77,
      0.09523809523809523
    ],
    [
      78,
      0.0
    ],
    [
      79,
      0.14606741573033705
    ],
    [
      80,
      0.1188118811881188
    ],
    [
      81,
      0.16842105263157894
    ],
    [
      82,
      0.22689075630252103
    ],
    [
      83,
      0.13836477987421383
    ],
    [
      84,
      0.17346938775510204
    ],
    [
      85,
      0.18090452261306533
    ],
    [
      86,
      0.17796610169491528
    ],
    [
      87,
      0.2340425531914893
    ],
    [
      88,
      0.1769911504424779
    ],
    [
      89,
      0.18779342723004694
    ],
    [
      90,
      0.2577319587628866
    ],
    [
      91,
      0.12000000000000001
    ],
    [
      92,
      0.18823529411764708
    ],
    [
      93,
      0.24472573839662448
    ],
    [
      94,
      0.19580419580419584
    ],
    [
      95,
      0.07960199004975124
    ],
    [
      96,
      0.1825726141078838
    ],
    [
      97,
      0.20987654320987653
    ],
    [
      98,
      0.17708333333333334
    ],
    [
      99,
      0.21527777777777776
    ],
    [
      100,
      0.13953488372093023
    ],
    [
      101,
      0.18292682926829265
    ],
    [
      102,
      0.17801047120418845
    ],
    [
      103,
      0.2043010752688172
    ],
    [
      104,
      0.19736842105263158
    ],
    [
      105,
      0.2383419689119171
    ],
    [
      106,
      0.1735159817351598
    ],
    [
      107,
      0.2011173184357542
    ],
    [
      108,
      0.21839080459770113
    ],
    [
      109,
      0.18439716312056736
    ],
    [
      110,
      0.1739130434782609
    ],
    [
      111,
      0.13215859030837004
    ],
    [
      112,
      0.2688172043010753
    ],
    [
      113,
      0.2536585365853659
    ],
    [
      114,
      0.2727272727272727
    ],
    [
      115,
      0.18181818181818182
    ],
    [
      116,
      0.16161616161616163
    ],
    [
      117,
      0.2159090909090909
    ],
    [
      118,
      0.11764705882352941
    ],
    [
      119,
      0.19277108433734938
    ],
    [
      120,
      0.1675977653631285
    ],
    [
      121,
      0.10144927536231883
    ],
    [
      122,
      0.15315315315315314
    ],
    [
      123,
      0.26666666666666666
    ],
    [
      124,
      0.10666666666666667
    ],
    [
      125,
      0.1139240506329114
    ],
    [
      126,
      0.19858156028368795
    ],
    [
      127,
      0.1728395061728395
    ],
    [
      128,
      0.20289855072463767
    ],
    [
      129,
      0.19631901840490798
    ],
    [
      130,
      0.18181818181818182
    ],
    [
      131,
      0.12121212121212122
    ],
    [
      132,
      0.19318181818181818
    ],
    [
      133,
      0.141025641025641
    ],
    [
      134,
      0.047619047619047616
    ],
    [
      135,
      0.16107382550335572
    ],
    [
      136,
      0.12734082397003746
    ],
    [
      137,
      0.1728395061728395
    ],
    [
      138,
      0.2588235294117647
    ],
    [
      139,
      0.07407407407407407
    ],
    [
      140,
      0.058823529411764705
    ],
    [
      141,
      0.3315508021390374
    ],
    [
      142,
      0.15165876777251186
    ],
    [
      143,
      0.20444444444444443
    ],
    [
      144,
      0.12182741116751268
    ],
    [
      145,
      0.13924050632911394
    ],
    [
      146,
      0.2777777777777778
    ],
    [
      147,
      0.15217391304347827
    ],
    [
      148,
      0.08823529411764706
    ],
    [
      149,
      0.12643678160919541
    ],
    [
      150,
      0.12162162162162163
    ],
    [
      151,
      0.21505376344086022
    ],
    [
      152,
      0.19047619047619047
    ],
    [
      153,
      0.17333333333333334
    ],
    [
      154,
      0.13513513513513514
    ],
    [
      155,
      0.21505376344086022
    ],
    [
      156,
      0.12080536912751678
    ],
    [
      157,
      0.136986301369863
    ],
    [
      158,
      0.20765027322404372
    ],
    [
      159,
      0.18543046357615892
    ],
    [
