{
  "dataset": "QMSum",
  "num_samples": 200,
  "rouge1": 0.1655068264042091,
  "rouge2": 0.03531799498775351,
  "rougeL": 0.10347803789301846,
  "rougeLsum": 0.11274253509600166,
  "per_sample_rougeL": [
    [
      0,
      0.13523131672597866
    ],
    [
      1,
      0.1320754716981132
    ],
    [
      2,
      0.12295081967213115
    ],
    [
      3,
      0.10599078341013826
    ],
    [
      4,
      0.05394190871369295
    ],
    [
      5,
      0.12615955473098328
    ],
    [
      6,
      0.09090909090909091
    ],
    [
      7,
      0.09177820267686425
    ],
    [
      8,
      0.08502024291497975
    ],
    [
      9,
      0.0814663951120163
    ],
    [
      10,
      0.07272727272727274
    ],
    [
      11,
      0.1422924901185771
    ],
    [
      12,
      0.07188160676532768
    ],
    [
      13,
      0.13333333333333333
    ],
    [
      14,
      0.11829944547134935
    ],
    [
      15,
      0.08350730688935282
    ],
    [
      16,
      0.10657193605683836
    ],
    [
      17,
      0.09248554913294799
    ],
    [
      18,
      0.1168831168831169
    ],
    [
      19,
      0.09037328094302556
    ],
    [
      20,
      0.06719367588932806
    ],
    [
      21,
      0.0855397148676171
    ],
    [
      22,
      0.07422680412371134
    ],
    [
      23,
      0.09341825902335456
    ],
    [
      24,
      0.10294117647058826
    ],
    [
      25,
      0.15717092337917485
    ],
    [
      26,
      0.09652509652509653
    ],
    [
      27,
      0.08050847457627118
    ],
    [
      28,
      0.10821643286573147
    ],
    [
      29,
      0.07264957264957266
    ],
    [
      30,
      0.10420841683366734
    ],
    [
      31,
      0.06097560975609756
    ],
    [
      32,
      0.11657559198542805
    ],
    [
      33,
      0.12313432835820895
    ],
    [
      34,
      0.11764705882352942
    ],
    [
      35,
      0.11090573012939003
    ],
    [
      36,
      0.10136452241715399
    ],
    [
      37,
      0.10593220338983052
    ],
    [
      38,
      0.06981519507186859
    ],
    [
      39,
      0.07346938775510203
    ],
    [
      40,
      0.09774436090225563
    ],
    [
      41,
      0.1088929219600726
    ],
    [
      42,
      0.11051693404634581
    ],
    [
      43,
      0.10953346855983774
    ],
    [
      44,
      0.08
    ],
    [
      45,
      0.10204081632653063
    ],
    [
      46,
      0.10207939508506615
    ],
    [
      47,
      0.0945179584120983
    ],
    [
      48,
      0.09600000000000002
    ],
    [
      49,
      0.07554671968190856
    ],
    [
      50,
      0.081799591002045
    ],
    [
      51,
      0.1565217391304348
    ],
    [
      52,
      0.07589285714285715
    ],
    [
      53,
      0.07952286282306162
    ],
    [
      54,
      0.09542743538767395
    ],
    [
      55,
      0.08984375000000001
    ],
    [
      56,
      0.06866952789699571
    ],
    [
      57,
      0.07068607068607069
    ],
    [
      58,
      0.1195219123505976
    ],
    [
      59,
      0.11047619047619049
    ],
    [
      60,
      0.10727969348659004
    ],
    [
      61,
      0.10460251046025103
    ],
    [
      62,
      0.173044925124792
    ],
    [
      63,
      0.09163346613545817
    ],
    [
      64,
      0.08641975308641976
    ],
    [
      65,
      0.0862422997946612
    ],
    [
      66,
      0.13043478260869568
    ],
    [
      67,
      0.15087040618955516
    ],
    [
      68,
      0.0925925925925926
    ],
    [
      69,
      0.09320388349514565
    ],
    [
      70,
      0.09716599190283401
    ],
    [
      71,
      0.09881422924901186
    ],
    [
      72,
      0.07883817427385893
    ],
    [
      73,
      0.10820895522388059
    ],
    [
      74,
      0.10273972602739725
    ],
    [
      75,
      0.14015151515151514
    ],
    [
      76,
      0.09848484848484848
    ],
    [
      77,
      0.06047516198704103
    ],
    [
      78,
      0.13257575757575757
    ],
    [
      79,
      0.09829867674858223
    ],
    [
      80,
      0.12549019607843137
    ],
    [
      81,
      0.07532956685499058
    ],
    [
      82,
      0.1399317406143345
    ],
    [
      83,
      0.07661290322580645
    ],
    [
      84,
      0.10695187165775401
    ],
    [
      85,
      0.15280898876404495
    ],
    [
      86,
      0.15257731958762885
    ],
    [
      87,
      0.10444874274661507
    ],
    [
      88,
      0.12411347517730496
    ],
    [
      89,
      0.1669626998223801
    ],
    [
      90,
      0.12213740458015268
    ],
    [
      91,
      0.07174887892376682
    ],
    [
      92,
      0.0973630831643002
    ],
    [
      93,
      0.12195121951219513
    ],
    [
      94,
      0.09725158562367864
    ],
    [
      95,
      0.13356766256590508
    ],
    [
      96,
      0.15625
    ],
    [
      97,
      0.07874015748031496
    ],
    [
      98,
      0.10820895522388059
    ],
    [
      99,
      0.19334389857369255
    ],
    [
      100,
      0.1113490364025696
    ],
    [
      101,
      0.09072978303747535
    ],
    [
      102,
      0.10922787193973636
    ],
    [
      103,
      0.12336448598130842
    ],
    [
      104,
      0.0860215053763441
    ],
    [
      105,
      0.14285714285714285
    ],
    [
      106,
      0.12099644128113878
    ],
    [
      107,
      0.11812627291242363
    ],
    [
      108,
      0.1320388349514563
    ],
    [
      109,
      0.079002079002079
    ],
    [
      110,
      0.09671179883945841
    ],
    [
      111,
      0.15679442508710803
    ],
    [
      112,
      0.1291866028708134
    ],
    [
      113,
      0.16417910447761194
    ],
    [
      114,
      0.1302816901408451
    ],
    [
      115,
      0.08482142857142858
    ],
    [
      116,
      0.10526315789473685
    ],
    [
      117,
      0.11320754716981132
    ],
    [
      118,
      0.07676767676767678
    ],
    [
      119,
      0.09580838323353293
    ],
    [
      120,
      0.08979591836734695
    ],
    [
      121,
      0.1059322033898305
    ],
    [
      122,
      0.10276679841897234
    ],
    [
      123,
      0.12379110251450677
    ],
    [
      124,
      0.0709812108559499
    ],
    [
      125,
      0.10236220472440945
    ],
    [
      126,
      0.09937888198757763
    ],
    [
      127,
      0.10087719298245615
    ],
    [
      128,
      0.137546468401487
    ],
    [
      129,
      0.0918580375782881
    ],
    [
      130,
      0.11262135922330097
    ],
    [
      131,
      0.07453416149068322
    ],
    [
      132,
      0.11299435028248588
    ],
    [
      133,
      0.09375
    ],
    [
      134,
      0.13465346534653466
    ],
    [
      135,
      0.07916666666666668
    ],
    [
      136,
      0.12416107382550337
    ],
    [
      137,
      0.08747514910536779
    ],
    [
      138,
      0.1082089552238806
    ],
    [
      139,
      0.08203125
    ],
    [
      140,
      0.09333333333333334
    ],
    [
      141,
      0.1423076923076923
    ],
    [
      142,
      0.10849909584086799
    ],
    [
      143,
      0.16074766355140188
    ],
    [
      144,
      0.10438413361169102
    ],
    [
      145,
      0.08102345415778252
    ],
    [
      146,
      0.1245136186770428
    ],
    [
      147,
      0.09652509652509653
    ],
    [
      148,
      0.05749486652977413
    ],
    [
      149,
      0.096579476861167
    ],
    [
      150,
      0.09876543209876544
    ],
    [
      151,
      0.14770459081836326
    ],
    [
      152,
      0.06864988558352403
    ],
    [
      153,
      0.07234042553191489
    ],
    [
      154,
      0.07792207792207792
    ],
    [
      155,
      0.13552361396303902
    ],
    [
      156,
      0.11787819253438114
    ],
    [
      157,
      0.05439330543933055
    ],
    [
      158,
      0.09940357852882704
    ],
    [
      159,
