{
  "dataset": "QMSum",
  "num_samples": 200,
  "rouge1": 0.09262845306838823,
  "rouge2": 0.02627950835403637,
  "rougeL": 0.061260211660538244,
  "rougeLsum": 0.07731255777241933,
  "per_sample_rougeL": [
    [
      0,
      0.05980861244019138
    ],
    [
      1,
      0.08062709966405375
    ],
    [
      2,
      0.07942238267148015
    ],
    [
      3,
      0.033783783783783786
    ],
    [
      4,
      0.015195791934541203
    ],
    [
      5,
      0.1314878892733564
    ],
    [
      6,
      0.03709949409780776
    ],
    [
      7,
      0.031549295774647886
    ],
    [
      8,
      0.10795454545454546
    ],
    [
      9,
      0.029291154071470416
    ],
    [
      10,
      0.030480656506447826
    ],
    [
      11,
      0.07986688851913479
    ],
    [
      12,
      0.031468531468531465
    ],
    [
      13,
      0.052443384982121574
    ],
    [
      14,
      0.08839779005524862
    ],
    [
      15,
      0.046373365041617126
    ],
    [
      16,
      0.12698412698412698
    ],
    [
      17,
      0.08321775312066573
    ],
    [
      18,
      0.06693594922100403
    ],
    [
      19,
      0.08035714285714285
    ],
    [
      20,
      0.04556962025316456
    ],
    [
      21,
      0.08267090620031797
    ],
    [
      22,
      0.03607937462417318
    ],
    [
      23,
      0.12658227848101267
    ],
    [
      24,
      0.0507446221731936
    ],
    [
      25,
      0.06635071090047394
    ],
    [
      26,
      0.061635220125786164
    ],
    [
      27,
      0.024081878386514145
    ],
    [
      28,
      0.05026929982046679
    ],
    [
      29,
      0.0380273321449792
    ],
    [
      30,
      0.06412825651302605
    ],
    [
      31,
      0.04282655246252677
    ],
    [
      32,
      0.06983087834151665
    ],
    [
      33,
      0.05236907730673317
    ],
    [
      34,
      0.0460448642266824
    ],
    [
      35,
      0.046688382193268194
    ],
    [
      36,
      0.04971002485501243
    ],
    [
      37,
      0.047058823529411764
    ],
    [
      38,
      0.02990224266820012
    ],
    [
      39,
      0.04802744425385935
    ],
    [
      40,
      0.07157894736842106
    ],
    [
      41,
      0.12075471698113209
    ],
    [
      42,
      0.06040268456375839
    ],
    [
      43,
      0.05742574257425743
    ],
    [
      44,
      0.06635071090047392
    ],
    [
      45,
      0.09919571045576409
    ],
    [
      46,
      0.05266044980800878
    ],
    [
      47,
      0.08294930875576037
    ],
    [
      48,
      0.04804392587508579
    ],
    [
      49,
      0.04637336504161712
    ],
    [
      50,
      0.07320261437908498
    ],
    [
      51,
      0.06053935057787561
    ],
    [
      52,
      0.06229508196721311
    ],
    [
      53,
      0.07522697795071337
    ],
    [
      54,
      0.08386277001270648
    ],
    [
      55,
      0.07894736842105264
    ],
    [
      56,
      0.030030030030030026
    ],
    [
      57,
      0.0379746835443038
    ],
    [
      58,
      0.09961685823754789
    ],
    [
      59,
      0.09203539823008851
    ],
    [
      60,
      0.04391891891891892
    ],
    [
      61,
      0.06523955147808358
    ],
    [
      62,
      0.07941009642654566
    ],
    [
      63,
      0.037827943868212324
    ],
    [
      64,
      0.03504043126684636
    ],
    [
      65,
      0.03959208158368327
    ],
    [
      66,
      0.10016155088852988
    ],
    [
      67,
      0.06748466257668712
    ],
    [
      68,
      0.06624888093106536
    ],
    [
      69,
      0.06837606837606837
    ],
    [
      70,
      0.05612244897959184
    ],
    [
      71,
      0.03829524397776405
    ],
    [
      72,
      0.03860072376357057
    ],
    [
      73,
      0.1006036217303823
    ],
    [
      74,
      0.05200433369447455
    ],
    [
      75,
      0.0647398843930636
    ],
    [
      76,
      0.06218767351471406
    ],
    [
      77,
      0.023529411764705885
    ],
    [
      78,
      0.051830985915492955
    ],
    [
      79,
      0.06103286384976526
    ],
    [
      80,
      0.05320994794679005
    ],
    [
      81,
      0.040863981319322826
    ],
    [
      82,
      0.06670195870831129
    ],
    [
      83,
      0.039007092198581554
    ],
    [
      84,
      0.05704307334109429
    ],
    [
      85,
      0.05357142857142857
    ],
    [
      86,
      0.11791383219954649
    ],
    [
      87,
      0.059620596205962065
    ],
    [
      88,
      0.08032596041909197
    ],
    [
      89,
      0.21333333333333332
    ],
    [
      90,
      0.047435190292333146
    ],
    [
      91,
      0.025641025641025647
    ],
    [
      92,
      0.05889570552147239
    ],
    [
      93,
      0.08013355592654425
    ],
    [
      94,
      0.030845157310302282
    ],
    [
      95,
      0.110803324099723
    ],
    [
      96,
      0.14861995753715498
    ],
    [
      97,
      0.03804034582132565
    ],
    [
      98,
      0.04540023894862604
    ],
    [
      99,
      0.11616161616161616
    ],
    [
      100,
      0.045614035087719294
    ],
    [
      101,
      0.08488964346349745
    ],
    [
      102,
      0.05589714924538849
    ],
    [
      103,
      0.0548546352166758
    ],
    [
      104,
      0.03233532934131736
    ],
    [
      105,
      0.05513196480938416
    ],
    [
      106,
      0.05818596691386195
    ],
    [
      107,
      0.048573163327261686
    ],
    [
      108,
      0.09820359281437126
    ],
    [
      109,
      0.051364365971107544
    ],
    [
      110,
      0.05909510618651893
    ],
    [
      111,
      0.07584597432905485
    ],
    [
      112,
      0.0628792057363486
    ],
    [
      113,
      0.09554140127388536
    ],
    [
      114,
      0.07728181212524983
    ],
    [
      115,
      0.026853473438412143
    ],
    [
      116,
      0.048811817597944764
    ],
    [
      117,
      0.0535279805352798
    ],
    [
      118,
      0.048558421851289835
    ],
    [
      119,
      0.039525691699604744
    ],
    [
      120,
      0.044732195409064146
    ],
    [
      121,
      0.08048780487804878
    ],
    [
      122,
      0.06233491811938722
    ],
    [
      123,
      0.0583232077764277
    ],
    [
      124,
      0.06545454545454546
    ],
    [
      125,
      0.042704626334519574
    ],
    [
      126,
      0.03984063745019921
    ],
    [
      127,
      0.03992953611274222
    ],
    [
      128,
      0.07233065442020666
    ],
    [
      129,
      0.0387243735763098
    ],
    [
      130,
      0.08465608465608465
    ],
    [
      131,
      0.05296610169491526
    ],
    [
      132,
      0.09646302250803859
    ],
    [
      133,
      0.03132530120481928
    ],
    [
      134,
      0.061815840309079204
    ],
    [
      135,
      0.05844155844155844
    ],
    [
      136,
      0.1373283395755306
    ],
    [
      137,
      0.030734206033010813
    ],
    [
      138,
      0.04648588821250692
    ],
    [
      139,
      0.038570618264322176
    ],
    [
      140,
      0.05230125523012552
    ],
    [
      141,
      0.11732605729877217
    ],
    [
      142,
      0.05640157924421883
    ],
    [
      143,
      0.06102475532527347
    ],
    [
      144,
      0.05069124423963134
    ],
    [
      145,
      0.04569420035149385
    ],
    [
      146,
      0.05971830985915493
    ],
    [
      147,
      0.04947773501924134
    ],
    [
      148,
      0.046511627906976744
    ],
    [
      149,
      0.06405693950177935
    ],
    [
      150,
      0.05531112507856694
    ],
    [
      151,
      0.06512210394489669
    ],
    [
      152,
      0.020738820479585224
    ],
    [
      153,
      0.025974025974025976
    ],
    [
      154,
      0.026589595375722544
    ],
    [
      155,
      0.04577464788732394
    ],
    [
      156,
      0.0515970515970516
    ],
    [
      157,
