{
  "dataset": "QMSum",
  "num_samples": 200,
  "rouge1": 0.057610404550571134,
  "rouge2": 0.01416413756039265,
  "rougeL": 0.039848916921130906,
  "rougeLsum": 0.04391951343793066,
  "per_sample_rougeL": [
    [
      0,
      0.049487024743512374
    ],
    [
      1,
      0.048514251061249236
    ],
    [
      2,
      0.044314868804664724
    ],
    [
      3,
      0.02308499475341028
    ],
    [
      4,
      0.01212733703890854
    ],
    [
      5,
      0.046211714132187
    ],
    [
      6,
      0.021444695259593683
    ],
    [
      7,
      0.029378531073446325
    ],
    [
      8,
      0.020214030915576695
    ],
    [
      9,
      0.01784651992861392
    ],
    [
      10,
      0.026081802015411975
    ],
    [
      11,
      0.046883933676386505
    ],
    [
      12,
      0.023904382470119518
    ],
    [
      13,
      0.04907306434023991
    ],
    [
      14,
      0.03935418768920282
    ],
    [
      15,
      0.02574605032182563
    ],
    [
      16,
      0.05048076923076923
    ],
    [
      17,
      0.02912621359223301
    ],
    [
      18,
      0.050746268656716415
    ],
    [
      19,
      0.023748064016520392
    ],
    [
      20,
      0.022727272727272728
    ],
    [
      21,
      0.025418060200668894
    ],
    [
      22,
      0.020080321285140562
    ],
    [
      23,
      0.03051643192488263
    ],
    [
      24,
      0.02980132450331126
    ],
    [
      25,
      0.17721518987341772
    ],
    [
      26,
      0.03827160493827161
    ],
    [
      27,
      0.022727272727272724
    ],
    [
      28,
      0.04457478005865102
    ],
    [
      29,
      0.0313953488372093
    ],
    [
      30,
      0.0387243735763098
    ],
    [
      31,
      0.02707692307692308
    ],
    [
      32,
      0.05320994794679006
    ],
    [
      33,
      0.045238095238095244
    ],
    [
      34,
      0.03804994054696789
    ],
    [
      35,
      0.03593486805165637
    ],
    [
      36,
      0.030599755201958383
    ],
    [
      37,
      0.023024594453165882
    ],
    [
      38,
      0.0213903743315508
    ],
    [
      39,
      0.01992966002344666
    ],
    [
      40,
      0.03766233766233766
    ],
    [
      41,
      0.044247787610619475
    ],
    [
      42,
      0.03361344537815126
    ],
    [
      43,
      0.04197530864197531
    ],
    [
      44,
      0.03806734992679355
    ],
    [
      45,
      0.03174603174603175
    ],
    [
      46,
      0.03025210084033613
    ],
    [
      47,
      0.040939193257074055
    ],
    [
      48,
      0.03351351351351352
    ],
    [
      49,
      0.02879291251384275
    ],
    [
      50,
      0.0332541567695962
    ],
    [
      51,
      0.05561385099685205
    ],
    [
      52,
      0.02569043031470777
    ],
    [
      53,
      0.1415929203539823
    ],
    [
      54,
      0.0364063417498532
    ],
    [
      55,
      0.1295774647887324
    ],
    [
      56,
      0.02172670097198399
    ],
    [
      57,
      0.027690371302706105
    ],
    [
      58,
      0.04069767441860465
    ],
    [
      59,
      0.037453183520599245
    ],
    [
      60,
      0.028043339706819628
    ],
    [
      61,
      0.04679144385026738
    ],
    [
      62,
      0.07737775389575498
    ],
    [
      63,
      0.024083769633507855
    ],
    [
      64,
      0.02265705458290422
    ],
    [
      65,
      0.027777777777777776
    ],
    [
      66,
      0.04702970297029703
    ],
    [
      67,
      0.0652037617554859
    ],
    [
      68,
      0.02873204247345409
    ],
    [
      69,
      0.044004400440044
    ],
    [
      70,
      0.028169014084507046
    ],
    [
      71,
      0.03067846607669616
    ],
    [
      72,
      0.029286150091519223
    ],
    [
      73,
      0.03899721448467966
    ],
    [
      74,
      0.016985138004246284
    ],
    [
      75,
      0.04744958481613285
    ],
    [
      76,
      0.030915576694411417
    ],
    [
      77,
      0.01848642403235124
    ],
    [
      78,
      0.037460978147762745
    ],
    [
      79,
      0.031266284523189164
    ],
    [
      80,
      0.05425867507886436
    ],
    [
      81,
      0.032097399003873824
    ],
    [
      82,
      0.0581140350877193
    ],
    [
      83,
      0.019101123595505615
    ],
    [
      84,
      0.047388260635433485
    ],
    [
      85,
      0.0595322466335932
    ],
    [
      86,
      0.0645879732739421
    ],
    [
      87,
      0.03013392857142857
    ],
    [
      88,
      0.05735930735930736
    ],
    [
      89,
      0.04524421593830334
    ],
    [
      90,
      0.03741152679474216
    ],
    [
      91,
      0.01844380403458213
    ],
    [
      92,
      0.0338777979431337
    ],
    [
      93,
      0.06425233644859812
    ],
    [
      94,
      0.029790115098171973
    ],
    [
      95,
      0.04396678065461651
    ],
    [
      96,
      0.07335907335907337
    ],
    [
      97,
      0.030618493570116347
    ],
    [
      98,
      0.0326530612244898
    ],
    [
      99,
      0.07692307692307691
    ],
    [
      100,
      0.04031765424557117
    ],
    [
      101,
      0.02501488981536629
    ],
    [
      102,
      0.04050355774493705
    ],
    [
      103,
      0.042530568846358315
    ],
    [
      104,
      0.027826086956521737
    ],
    [
      105,
      0.040123456790123455
    ],
    [
      106,
      0.048395581273014195
    ],
    [
      107,
      0.030565461029037188
    ],
    [
      108,
      0.04145077720207254
    ],
    [
      109,
      0.022922636103151862
    ],
    [
      110,
      0.04497354497354498
    ],
    [
      111,
      0.06089238845144357
    ],
    [
      112,
      0.04213298222514812
    ],
    [
      113,
      0.06016847172081828
    ],
    [
      114,
      0.06846846846846846
    ],
    [
      115,
      0.023980815347721826
    ],
    [
      116,
      0.036414565826330535
    ],
    [
      117,
      0.0311284046692607
    ],
    [
      118,
      0.026200873362445417
    ],
    [
      119,
      0.02945817990531299
    ],
    [
      120,
      0.032432432432432434
    ],
    [
      121,
      0.02909090909090909
    ],
    [
      122,
      0.04237288135593221
    ],
    [
      123,
      0.04707112970711297
    ],
    [
      124,
      0.020915032679738564
    ],
    [
      125,
      0.03177966101694916
    ],
    [
      126,
      0.030437539632213063
    ],
    [
      127,
      0.022525192649673977
    ],
    [
      128,
      0.048335123523093444
    ],
    [
      129,
      0.11869436201780416
    ],
    [
      130,
      0.032104637336504156
    ],
    [
      131,
      0.11721611721611722
    ],
    [
      132,
      0.036036036036036036
    ],
    [
      133,
      0.020682523267838676
    ],
    [
      134,
      0.1306532663316583
    ],
    [
      135,
      0.022888283378746595
    ],
    [
      136,
      0.046236559139784944
    ],
    [
      137,
      0.02747909199522103
    ],
    [
      138,
      0.035527690700104496
    ],
    [
      139,
      0.026003391746749573
    ],
    [
      140,
      0.03299492385786802
    ],
    [
      141,
      0.044642857142857144
    ],
    [
      142,
      0.042918454935622324
    ],
    [
      143,
      0.058333333333333334
    ],
    [
      144,
      0.046388336646785946
    ],
    [
      145,
      0.023156611822059723
    ],
    [
      146,
      0.048754636989931106
    ],
    [
      147,
      0.0264026402640264
    ],
    [
      148,
      0.01621958827199002
    ],
    [
      149,
      0.10843373493975904
    ],
    [
      150,
      0.037142857142857144
    ],
    [
      151,
      0.0636237897648686
    ],
    [
      152,
      0.022263450834879406
    ],
    [
      153,
      0.07674943566591423
    ],
    [
      154,
      0.02634730538922156
    ],
    [
      155,
      0.04565701559020045
    ],
    [
      156,
      0.0489375402446877
    ],
    [
