{
  "dataset": "QMSum",
  "num_samples": 200,
  "rouge1": 0.05396070123982363,
  "rouge2": 0.012753136295234103,
  "rougeL": 0.04005519856004708,
  "rougeLsum": 0.04087869999670464,
  "per_sample_rougeL": [
    [
      0,
      0.11186903137789905
    ],
    [
      1,
      0.05018686599038975
    ],
    [
      2,
      0.04842342342342343
    ],
    [
      3,
      0.10599078341013826
    ],
    [
      4,
      0.015292190060076462
    ],
    [
      5,
      0.03508771929824561
    ],
    [
      6,
      0.0314192849404117
    ],
    [
      7,
      0.03105590062111801
    ],
    [
      8,
      0.019118428040361124
    ],
    [
      9,
      0.025205479452054792
    ],
    [
      10,
      0.023342175066312996
    ],
    [
      11,
      0.04751847940865893
    ],
    [
      12,
      0.02249718785151856
    ],
    [
      13,
      0.047493403693931395
    ],
    [
      14,
      0.03678402522333159
    ],
    [
      15,
      0.018038331454340473
    ],
    [
      16,
      0.04646017699115044
    ],
    [
      17,
      0.032563025210084036
    ],
    [
      18,
      0.05207811717576365
    ],
    [
      19,
      0.03811659192825113
    ],
    [
      20,
      0.019088016967126194
    ],
    [
      21,
      0.0231335436382755
    ],
    [
      22,
      0.06291390728476821
    ],
    [
      23,
      0.03348729792147806
    ],
    [
      24,
      0.044444444444444446
    ],
    [
      25,
      0.06871165644171778
    ],
    [
      26,
      0.03823685608072225
    ],
    [
      27,
      0.02564102564102564
    ],
    [
      28,
      0.04131769960915689
    ],
    [
      29,
      0.03575832305795315
    ],
    [
      30,
      0.03945885005636979
    ],
    [
      31,
      0.02207505518763797
    ],
    [
      32,
      0.04114400401404917
    ],
    [
      33,
      0.046511627906976744
    ],
    [
      34,
      0.03368893879842785
    ],
    [
      35,
      0.041300980898296334
    ],
    [
      36,
      0.03739316239316239
    ],
    [
      37,
      0.02975206611570248
    ],
    [
      38,
      0.0227765726681128
    ],
    [
      39,
      0.018007878446820485
    ],
    [
      40,
      0.04817987152034261
    ],
    [
      41,
      0.04945904173106646
    ],
    [
      42,
      0.04422869471413161
    ],
    [
      43,
      0.030385241454150842
    ],
    [
      44,
      0.031197771587743735
    ],
    [
      45,
      0.034991798797156914
    ],
    [
      46,
      0.04343105320304018
    ],
    [
      47,
      0.04305705059203444
    ],
    [
      48,
      0.035733622089875475
    ],
    [
      49,
      0.03670686942842161
    ],
    [
      50,
      0.037827943868212324
    ],
    [
      51,
      0.06370757180156657
    ],
    [
      52,
      0.03184323331292101
    ],
    [
      53,
      0.06998654104979812
    ],
    [
      54,
      0.032894736842105254
    ],
    [
      55,
      0.03831825439063331
    ],
    [
      56,
      0.026035502958579877
    ],
    [
      57,
      0.027917364600781685
    ],
    [
      58,
      0.03767313019390582
    ],
    [
      59,
      0.04140127388535032
    ],
    [
      60,
      0.029166666666666667
    ],
    [
      61,
      0.04202898550724638
    ],
    [
      62,
      0.07365728900255754
    ],
    [
      63,
      0.036278525453481564
    ],
    [
      64,
      0.024883359253499222
    ],
    [
      65,
      0.034944670937682006
    ],
    [
      66,
      0.04243439419318816
    ],
    [
      67,
      0.06611570247933886
    ],
    [
      68,
      0.03943954333160353
    ],
    [
      69,
      0.04244306418219462
    ],
    [
      70,
      0.028481012658227847
    ],
    [
      71,
      0.02823018458197611
    ],
    [
      72,
      0.02701115678214915
    ],
    [
      73,
      0.04399141630901288
    ],
    [
      74,
      0.10273972602739725
    ],
    [
      75,
      0.05330490405117272
    ],
    [
      76,
      0.04403866809881847
    ],
    [
      77,
      0.024943310657596373
    ],
    [
      78,
      0.04823331463825015
    ],
    [
      79,
      0.029151483602290477
    ],
    [
      80,
      0.05849889624724062
    ],
    [
      81,
      0.024844720496894408
    ],
    [
      82,
      0.05903676851372346
    ],
    [
      83,
      0.0256547300908605
    ],
    [
      84,
      0.047349459598558935
    ],
    [
      85,
      0.056603773584905655
    ],
    [
      86,
      0.0655367231638418
    ],
    [
      87,
      0.03888596952180767
    ],
    [
      88,
      0.05502645502645502
    ],
    [
      89,
      0.056468172484599594
    ],
    [
      90,
      0.04387372926698769
    ],
    [
      91,
      0.02677532013969732
    ],
    [
      92,
      0.035222894881673086
    ],
    [
      93,
      0.04554655870445344
    ],
    [
      94,
      0.026072786529060296
    ],
    [
      95,
      0.05249613998970664
    ],
    [
      96,
      0.064034151547492
    ],
    [
      97,
      0.0367170626349892
    ],
    [
      98,
      0.035940803382663845
    ],
    [
      99,
      0.08165429480381761
    ],
    [
      100,
      0.045368620037807186
    ],
    [
      101,
      0.03283898305084745
    ],
    [
      102,
      0.03805496828752643
    ],
    [
      103,
      0.04347826086956522
    ],
    [
      104,
      0.026543566070398154
    ],
    [
      105,
      0.05393000573723465
    ],
    [
      106,
      0.047569803516028956
    ],
    [
      107,
      0.0355603448275862
    ],
    [
      108,
      0.047826086956521734
    ],
    [
      109,
      0.021881838074398245
    ],
    [
      110,
      0.04241071428571429
    ],
    [
      111,
      0.07046070460704608
    ],
    [
      112,
      0.05268703898840885
    ],
    [
      113,
      0.06797853309481217
    ],
    [
      114,
      0.05779036827195468
    ],
    [
      115,
      0.030656039239730228
    ],
    [
      116,
      0.04668304668304668
    ],
    [
      117,
      0.041215868109222044
    ],
    [
      118,
      0.03177966101694916
    ],
    [
      119,
      0.03552206673842842
    ],
    [
      120,
      0.03337041156840934
    ],
    [
      121,
      0.03286384976525822
    ],
    [
      122,
      0.042819843342036555
    ],
    [
      123,
      0.04809200209095662
    ],
    [
      124,
      0.02170374389582203
    ],
    [
      125,
      0.04322614654717976
    ],
    [
      126,
      0.03804347826086957
    ],
    [
      127,
      0.028708133971291867
    ],
    [
      128,
      0.05472103004291846
    ],
    [
      129,
      0.02177293934681182
    ],
    [
      130,
      0.03882418191902385
    ],
    [
      131,
      0.030892448512585817
    ],
    [
      132,
      0.03961456102783726
    ],
    [
      133,
      0.025423728813559324
    ],
    [
      134,
      0.06023355869698833
    ],
    [
      135,
      0.02600216684723727
    ],
    [
      136,
      0.05942622950819672
    ],
    [
      137,
      0.03386243386243386
    ],
    [
      138,
      0.04359383306751728
    ],
    [
      139,
      0.022082018927444793
    ],
    [
      140,
      0.03421828908554572
    ],
    [
      141,
      0.04113924050632911
    ],
    [
      142,
      0.031055900621118012
    ],
    [
      143,
      0.06391184573002753
    ],
    [
      144,
      0.05141065830721002
    ],
    [
      145,
      0.025177887246852767
    ],
    [
      146,
      0.05174488567990373
    ],
    [
      147,
      0.03691639522258415
    ],
    [
      148,
      0.016833245660178853
    ],
    [
      149,
      0.02771855010660981
    ],
    [
      150,
      0.02824551873981532
    ],
    [
      151,
      0.06220657276995306
    ],
    [
      152,
      0.02180496668685645
    ],
    [
      153,
      0.022617124394184167
    ],
    [
      154,
      0.02188183807439825
    ],
    [
      155,
      0.04633204633204634
    ],
    [
      156,
      0.037317784256559766
    ],
    [
