{
  "dataset": "QMSum",
  "num_samples": 200,
  "rouge1": 0.14004075150701076,
  "rouge2": 0.036013235441765275,
  "rougeL": 0.08716601280832081,
  "rougeLsum": 0.10640533705343477,
  "per_sample_rougeL": [
    [
      0,
      0.13075060532687652
    ],
    [
      1,
      0.1678321678321678
    ],
    [
      2,
      0.09585492227979275
    ],
    [
      3,
      0.08228980322003578
    ],
    [
      4,
      0.019983347210657785
    ],
    [
      5,
      0.1276595744680851
    ],
    [
      6,
      0.0248246087425796
    ],
    [
      7,
      0.055908513341804314
    ],
    [
      8,
      0.028642590286425903
    ],
    [
      9,
      0.06439393939393939
    ],
    [
      10,
      0.021172638436482084
    ],
    [
      11,
      0.16666666666666666
    ],
    [
      12,
      0.05114155251141553
    ],
    [
      13,
      0.10928961748633881
    ],
    [
      14,
      0.11188811188811187
    ],
    [
      15,
      0.0328381548084441
    ],
    [
      16,
      0.08285385500575375
    ],
    [
      17,
      0.03549488054607509
    ],
    [
      18,
      0.08834586466165413
    ],
    [
      19,
      0.06914893617021277
    ],
    [
      20,
      0.04896907216494845
    ],
    [
      21,
      0.03198781416603198
    ],
    [
      22,
      0.08141592920353982
    ],
    [
      23,
      0.08888888888888888
    ],
    [
      24,
      0.052696078431372535
    ],
    [
      25,
      0.11235955056179774
    ],
    [
      26,
      0.16931216931216933
    ],
    [
      27,
      0.06698564593301436
    ],
    [
      28,
      0.08915304606240712
    ],
    [
      29,
      0.09363295880149812
    ],
    [
      30,
      0.09569377990430622
    ],
    [
      31,
      0.030324909747292416
    ],
    [
      32,
      0.23058823529411765
    ],
    [
      33,
      0.04764971023824855
    ],
    [
      34,
      0.16551724137931034
    ],
    [
      35,
      0.04799107142857143
    ],
    [
      36,
      0.07303370786516854
    ],
    [
      37,
      0.0784313725490196
    ],
    [
      38,
      0.0674955595026643
    ],
    [
      39,
      0.06918238993710693
    ],
    [
      40,
      0.09655172413793106
    ],
    [
      41,
      0.1116584564860427
    ],
    [
      42,
      0.10089020771513353
    ],
    [
      43,
      0.065359477124183
    ],
    [
      44,
      0.09268292682926829
    ],
    [
      45,
      0.07263294422827496
    ],
    [
      46,
      0.09880749574105623
    ],
    [
      47,
      0.1458966565349544
    ],
    [
      48,
      0.12232415902140673
    ],
    [
      49,
      0.036828644501278776
    ],
    [
      50,
      0.11656441717791412
    ],
    [
      51,
      0.2542955326460481
    ],
    [
      52,
      0.03736654804270463
    ],
    [
      53,
      0.09461663947797716
    ],
    [
      54,
      0.13471502590673576
    ],
    [
      55,
      0.026096033402922755
    ],
    [
      56,
      0.08823529411764705
    ],
    [
      57,
      0.10526315789473684
    ],
    [
      58,
      0.0352112676056338
    ],
    [
      59,
      0.09954751131221719
    ],
    [
      60,
      0.034934497816593885
    ],
    [
      61,
      0.09911504424778761
    ],
    [
      62,
      0.10887096774193547
    ],
    [
      63,
      0.08127208480565372
    ],
    [
      64,
      0.07228915662650603
    ],
    [
      65,
      0.031877213695395513
    ],
    [
      66,
      0.04292343387470998
    ],
    [
      67,
      0.12946428571428573
    ],
    [
      68,
      0.03787878787878788
    ],
    [
      69,
      0.06896551724137931
    ],
    [
      70,
      0.1724137931034483
    ],
    [
      71,
      0.09868421052631579
    ],
    [
      72,
      0.02581521739130435
    ],
    [
      73,
      0.09537166900420758
    ],
    [
      74,
      0.07547169811320756
    ],
    [
      75,
      0.18505338078291814
    ],
    [
      76,
      0.12345679012345678
    ],
    [
      77,
      0.0380952380952381
    ],
    [
      78,
      0.03824521934758156
    ],
    [
      79,
      0.030897207367795602
    ],
    [
      80,
      0.1021021021021021
    ],
    [
      81,
      0.033640803038524146
    ],
    [
      82,
      0.18448637316561847
    ],
    [
      83,
      0.05981794538361508
    ],
    [
      84,
      0.14144736842105263
    ],
    [
      85,
      0.12301587301587301
    ],
    [
      86,
      0.1492537313432836
    ],
    [
      87,
      0.09777777777777778
    ],
    [
      88,
      0.047153536515238646
    ],
    [
      89,
      0.04179860671310956
    ],
    [
      90,
      0.08827586206896552
    ],
    [
      91,
      0.08239700374531835
    ],
    [
      92,
      0.02627939142461964
    ],
    [
      93,
      0.11180124223602485
    ],
    [
      94,
      0.05652759084791385
    ],
    [
      95,
      0.17497231450719825
    ],
    [
      96,
      0.1190965092402464
    ],
    [
      97,
      0.028610354223433245
    ],
    [
      98,
      0.07956104252400548
    ],
    [
      99,
      0.1264957264957265
    ],
    [
      100,
      0.10821643286573146
    ],
    [
      101,
      0.12849162011173185
    ],
    [
      102,
      0.07234726688102894
    ],
    [
      103,
      0.13176470588235295
    ],
    [
      104,
      0.014201183431952662
    ],
    [
      105,
      0.10178817056396149
    ],
    [
      106,
      0.10596026490066225
    ],
    [
      107,
      0.09446254071661238
    ],
    [
      108,
      0.15436241610738258
    ],
    [
      109,
      0.05649717514124294
    ],
    [
      110,
      0.06987951807228915
    ],
    [
      111,
      0.12007504690431521
    ],
    [
      112,
      0.032766990291262135
    ],
    [
      113,
      0.12732919254658384
    ],
    [
      114,
      0.14347826086956522
    ],
    [
      115,
      0.056451612903225805
    ],
    [
      116,
      0.10289389067524116
    ],
    [
      117,
      0.03417721518987342
    ],
    [
      118,
      0.09022556390977443
    ],
    [
      119,
      0.02491103202846975
    ],
    [
      120,
      0.07960199004975124
    ],
    [
      121,
      0.09395973154362416
    ],
    [
      122,
      0.040236686390532544
    ],
    [
      123,
      0.052884615384615384
    ],
    [
      124,
      0.051560379918588875
    ],
    [
      125,
      0.040208488458674606
    ],
    [
      126,
      0.04326123128119801
    ],
    [
      127,
      0.03389830508474576
    ],
    [
      128,
      0.07588075880758807
    ],
    [
      129,
      0.03984575835475578
    ],
    [
      130,
      0.09090909090909091
    ],
    [
      131,
      0.06775407779171895
    ],
    [
      132,
      0.14180929095354522
    ],
    [
      133,
      0.022222222222222223
    ],
    [
      134,
      0.13806706114398423
    ],
    [
      135,
      0.022304832713754646
    ],
    [
      136,
      0.09289617486338798
    ],
    [
      137,
      0.024112525117213665
    ],
    [
      138,
      0.04660194174757282
    ],
    [
      139,
      0.07886435331230283
    ],
    [
      140,
      0.06727828746177371
    ],
    [
      141,
      0.25573770491803277
    ],
    [
      142,
      0.1335676625659051
    ],
    [
      143,
      0.11572327044025156
    ],
    [
      144,
      0.048567870485678705
    ],
    [
      145,
      0.02327005511328843
    ],
    [
      146,
      0.16248153618906944
    ],
    [
      147,
      0.11087420042643924
    ],
    [
      148,
      0.01838755304101839
    ],
    [
      149,
      0.081377151799687
    ],
    [
      150,
      0.11464968152866241
    ],
    [
      151,
      0.09612403100775194
    ],
    [
      152,
      0.11940298507462688
    ],
    [
      153,
      0.08395061728395062
    ],
    [
      154,
      0.09392265193370165
    ],
    [
      155,
      0.0860495436766623
    ],
    [
      156,
      0.07591933570581257
    ],
    [
      157,
      0.056710775047258986
