{
  "dataset": "QMSum",
  "num_samples": 200,
  "rouge1": 0.06068594539064011,
  "rouge2": 0.015303071864831874,
  "rougeL": 0.045867254138269295,
  "rougeLsum": 0.04821700138953455,
  "per_sample_rougeL": [
    [
      0,
      0.06121313299944353
    ],
    [
      1,
      0.047484454494064444
    ],
    [
      2,
      0.05429362880886427
    ],
    [
      3,
      0.03631647211413749
    ],
    [
      4,
      0.014647887323943662
    ],
    [
      5,
      0.13866666666666666
    ],
    [
      6,
      0.03775811209439527
    ],
    [
      7,
      0.03297328027288232
    ],
    [
      8,
      0.03101665709362435
    ],
    [
      9,
      0.025600000000000005
    ],
    [
      10,
      0.051983584131326956
    ],
    [
      11,
      0.05621621621621622
    ],
    [
      12,
      0.03260869565217391
    ],
    [
      13,
      0.05914302957151479
    ],
    [
      14,
      0.05771365149833518
    ],
    [
      15,
      0.033273915626856804
    ],
    [
      16,
      0.054380664652567974
    ],
    [
      17,
      0.044047619047619044
    ],
    [
      18,
      0.06648199445983378
    ],
    [
      19,
      0.03878116343490305
    ],
    [
      20,
      0.03374054682955206
    ],
    [
      21,
      0.040181464679196366
    ],
    [
      22,
      0.03311965811965812
    ],
    [
      23,
      0.03304904051172708
    ],
    [
      24,
      0.052838673412029226
    ],
    [
      25,
      0.05944055944055945
    ],
    [
      26,
      0.055521283158544106
    ],
    [
      27,
      0.023769100169779286
    ],
    [
      28,
      0.04303388918773534
    ],
    [
      29,
      0.02762762762762763
    ],
    [
      30,
      0.048628428927680795
    ],
    [
      31,
      0.02816901408450704
    ],
    [
      32,
      0.0593607305936073
    ],
    [
      33,
      0.04924044002095338
    ],
    [
      34,
      0.03571428571428571
    ],
    [
      35,
      0.08517887563884156
    ],
    [
      36,
      0.0419501133786848
    ],
    [
      37,
      0.037486218302094816
    ],
    [
      38,
      0.025330396475770924
    ],
    [
      39,
      0.021493212669683258
    ],
    [
      40,
      0.053495440729483285
    ],
    [
      41,
      0.05369127516778523
    ],
    [
      42,
      0.05986560781918142
    ],
    [
      43,
      0.048598130841121495
    ],
    [
      44,
      0.04398289554062309
    ],
    [
      45,
      0.05128205128205128
    ],
    [
      46,
      0.049756625202812335
    ],
    [
      47,
      0.03993524015110632
    ],
    [
      48,
      0.04609929078014184
    ],
    [
      49,
      0.04157043879907621
    ],
    [
      50,
      0.03955788248981966
    ],
    [
      51,
      0.06364110589462701
    ],
    [
      52,
      0.03163444639718804
    ],
    [
      53,
      0.04618937644341801
    ],
    [
      54,
      0.040275569687334395
    ],
    [
      55,
      0.043721973094170405
    ],
    [
      56,
      0.028425241614553724
    ],
    [
      57,
      0.04195804195804196
    ],
    [
      58,
      0.04562334217506631
    ],
    [
      59,
      0.04357541899441341
    ],
    [
      60,
      0.045506257110352666
    ],
    [
      61,
      0.049837486457204774
    ],
    [
      62,
      0.08915145005370569
    ],
    [
      63,
      0.03621495327102804
    ],
    [
      64,
      0.036410923276983094
    ],
    [
      65,
      0.03399765533411489
    ],
    [
      66,
      0.046917621385706494
    ],
    [
      67,
      0.06931246506428171
    ],
    [
      68,
      0.04326663061114116
    ],
    [
      69,
      0.046883933676386505
    ],
    [
      70,
      0.03135498320268757
    ],
    [
      71,
      0.03426613363792119
    ],
    [
      72,
      0.02926280247608328
    ],
    [
      73,
      0.043237250554323724
    ],
    [
      74,
      0.02579132473622509
    ],
    [
      75,
      0.06070287539936103
    ],
    [
      76,
      0.042116630669546434
    ],
    [
      77,
      0.02068126520681265
    ],
    [
      78,
      0.042669584245076594
    ],
    [
      79,
      0.0326975476839237
    ],
    [
      80,
      0.05793991416309013
    ],
    [
      81,
      0.039886039886039885
    ],
    [
      82,
      0.07423345884884347
    ],
    [
      83,
      0.03712871287128713
    ],
    [
      84,
      0.055314533622559656
    ],
    [
      85,
      0.05747126436781609
    ],
    [
      86,
      0.07609312890403179
    ],
    [
      87,
      0.03694874851013111
    ],
    [
      88,
      0.050307434320849644
    ],
    [
      89,
      0.06593406593406594
    ],
    [
      90,
      0.04775124930594114
    ],
    [
      91,
      0.025751072961373384
    ],
    [
      92,
      0.035830618892508145
    ],
    [
      93,
      0.061538461538461535
    ],
    [
      94,
      0.03398058252427184
    ],
    [
      95,
      0.16046966731898238
    ],
    [
      96,
      0.07481005260081824
    ],
    [
      97,
      0.03356794802382241
    ],
    [
      98,
      0.04385026737967915
    ],
    [
      99,
      0.08648648648648649
    ],
    [
      100,
      0.044905008635578586
    ],
    [
      101,
      0.03665521191294387
    ],
    [
      102,
      0.052513966480446934
    ],
    [
      103,
      0.04273504273504274
    ],
    [
      104,
      0.030804335424985736
    ],
    [
      105,
      0.06081468732071142
    ],
    [
      106,
      0.059427336574824415
    ],
    [
      107,
      0.04637336504161712
    ],
    [
      108,
      0.04422869471413161
    ],
    [
      109,
      0.027538726333907054
    ],
    [
      110,
      0.04518558364712211
    ],
    [
      111,
      0.08415300546448087
    ],
    [
      112,
      0.057809894385769875
    ],
    [
      113,
      0.06479956068094453
    ],
    [
      114,
      0.07498601007274762
    ],
    [
      115,
      0.027577937649880098
    ],
    [
      116,
      0.058252427184466014
    ],
    [
      117,
      0.04441976679622432
    ],
    [
      118,
      0.024663677130044845
    ],
    [
      119,
      0.03515625000000001
    ],
    [
      120,
      0.040236686390532544
    ],
    [
      121,
      0.04537908135030438
    ],
    [
      122,
      0.05399325084364454
    ],
    [
      123,
      0.056291390728476824
    ],
    [
      124,
      0.02195389681668496
    ],
    [
      125,
      0.04449515116942385
    ],
    [
      126,
      0.034383954154727794
    ],
    [
      127,
      0.03174603174603175
    ],
    [
      128,
      0.0625
    ],
    [
      129,
      0.032948929159802305
    ],
    [
      130,
      0.03406593406593407
    ],
    [
      131,
      0.03183962264150944
    ],
    [
      132,
      0.03720405862457722
    ],
    [
      133,
      0.025789813023855575
    ],
    [
      134,
      0.06455142231947483
    ],
    [
      135,
      0.026240730176839706
    ],
    [
      136,
      0.08088642659279778
    ],
    [
      137,
      0.03353828954723309
    ],
    [
      138,
      0.03541912632821724
    ],
    [
      139,
      0.026143790849673203
    ],
    [
      140,
      0.03841536614645858
    ],
    [
      141,
      0.17031630170316298
    ],
    [
      142,
      0.045454545454545456
    ],
    [
      143,
      0.05499103407053198
    ],
    [
      144,
      0.05284791544333529
    ],
    [
      145,
      0.024064171122994655
    ],
    [
      146,
      0.05377574370709382
    ],
    [
      147,
      0.04604154969118473
    ],
    [
      148,
      0.01661129568106312
    ],
    [
      149,
      0.037267080745341616
    ],
    [
      150,
      0.05333333333333333
    ],
    [
      151,
      0.05546492659053833
    ],
    [
      152,
      0.02442002442002442
    ],
    [
      153,
      0.022801302931596087
    ],
    [
      154,
      0.024622271964185788
    ],
    [
      155,
      0.038482682792743264
    ],
    [
      156,
      0.0513126491646778
    ],
    [
