{
  "dataset": "QMSum",
  "num_samples": 200,
  "rouge1": 0.05833014155998456,
  "rouge2": 0.015221299061525532,
  "rougeL": 0.04447304641736026,
  "rougeLsum": 0.04656623519739868,
  "per_sample_rougeL": [
    [
      0,
      0.066006600660066
    ],
    [
      1,
      0.05290396779758482
    ],
    [
      2,
      0.05632115038945476
    ],
    [
      3,
      0.04035874439461883
    ],
    [
      4,
      0.011671087533156498
    ],
    [
      5,
      0.0538418395961862
    ],
    [
      6,
      0.03238414293690675
    ],
    [
      7,
      0.029613960867265997
    ],
    [
      8,
      0.025930101465614433
    ],
    [
      9,
      0.020180562931492303
    ],
    [
      10,
      0.02054054054054054
    ],
    [
      11,
      0.05451630144307857
    ],
    [
      12,
      0.08556149732620322
    ],
    [
      13,
      0.05424120023081362
    ],
    [
      14,
      0.06623299822590184
    ],
    [
      15,
      0.023476802683063163
    ],
    [
      16,
      0.051443569553805774
    ],
    [
      17,
      0.027411702688455455
    ],
    [
      18,
      0.05994550408719347
    ],
    [
      19,
      0.03646112600536193
    ],
    [
      20,
      0.03301081388730791
    ],
    [
      21,
      0.02473498233215548
    ],
    [
      22,
      0.0357355568790947
    ],
    [
      23,
      0.03431101272827892
    ],
    [
      24,
      0.04927691483663633
    ],
    [
      25,
      0.0722755505364201
    ],
    [
      26,
      0.04497041420118343
    ],
    [
      27,
      0.02790697674418605
    ],
    [
      28,
      0.03896103896103896
    ],
    [
      29,
      0.031820860341779604
    ],
    [
      30,
      0.04439252336448598
    ],
    [
      31,
      0.025813692480359147
    ],
    [
      32,
      0.05727644652250147
    ],
    [
      33,
      0.04754186925985954
    ],
    [
      34,
      0.03527336860670194
    ],
    [
      35,
      0.043523316062176166
    ],
    [
      36,
      0.03446295232624928
    ],
    [
      37,
      0.039639639639639644
    ],
    [
      38,
      0.017391304347826087
    ],
    [
      39,
      0.024986420423682782
    ],
    [
      40,
      0.04982618771726535
    ],
    [
      41,
      0.06269592476489029
    ],
    [
      42,
      0.05186020293122886
    ],
    [
      43,
      0.04414469650521152
    ],
    [
      44,
      0.038461538461538464
    ],
    [
      45,
      0.04288939051918736
    ],
    [
      46,
      0.03802281368821293
    ],
    [
      47,
      0.03661087866108787
    ],
    [
      48,
      0.042729970326409496
    ],
    [
      49,
      0.040064970221981584
    ],
    [
      50,
      0.03593486805165637
    ],
    [
      51,
      0.061618798955613584
    ],
    [
      52,
      0.032198142414860687
    ],
    [
      53,
      0.04722550177095632
    ],
    [
      54,
      0.03719912472647702
    ],
    [
      55,
      0.046701692936368944
    ],
    [
      56,
      0.027929568913175464
    ],
    [
      57,
      0.04201680672268907
    ],
    [
      58,
      0.047999999999999994
    ],
    [
      59,
      0.04068522483940043
    ],
    [
      60,
      0.03533190578158458
    ],
    [
      61,
      0.0425531914893617
    ],
    [
      62,
      0.08522727272727272
    ],
    [
      63,
      0.0336231884057971
    ],
    [
      64,
      0.03169014084507042
    ],
    [
      65,
      0.033352501437607825
    ],
    [
      66,
      0.1616161616161616
    ],
    [
      67,
      0.06998813760379596
    ],
    [
      68,
      0.04419263456090652
    ],
    [
      69,
      0.05142231947483589
    ],
    [
      70,
      0.03130434782608695
    ],
    [
      71,
      0.04079184163167366
    ],
    [
      72,
      0.01939655172413793
    ],
    [
      73,
      0.04555555555555555
    ],
    [
      74,
      0.025698324022346366
    ],
    [
      75,
      0.1024
    ],
    [
      76,
      0.046979865771812075
    ],
    [
      77,
      0.023391812865497075
    ],
    [
      78,
      0.04938271604938271
    ],
    [
      79,
      0.039660056657223795
    ],
    [
      80,
      0.056211354693648116
    ],
    [
      81,
      0.038869257950530034
    ],
    [
      82,
      0.06108478146392838
    ],
    [
      83,
      0.037013401403956606
    ],
    [
      84,
      0.05438401775804662
    ],
    [
      85,
      0.05324813631522896
    ],
    [
      86,
      0.08427672955974844
    ],
    [
      87,
      0.046662346079066754
    ],
    [
      88,
      0.06765578635014836
    ],
    [
      89,
      0.05775401069518717
    ],
    [
      90,
      0.09212121212121212
    ],
    [
      91,
      0.02087912087912088
    ],
    [
      92,
      0.04054054054054054
    ],
    [
      93,
      0.060935799782372145
    ],
    [
      94,
      0.03186274509803922
    ],
    [
      95,
      0.05285868392664509
    ],
    [
      96,
      0.06648793565683646
    ],
    [
      97,
      0.039635779325120524
    ],
    [
      98,
      0.03693931398416887
    ],
    [
      99,
      0.09307244843997885
    ],
    [
      100,
      0.04079441760601182
    ],
    [
      101,
      0.02749867794817557
    ],
    [
      102,
      0.056806002143622726
    ],
    [
      103,
      0.04569606801275239
    ],
    [
      104,
      0.026186579378068744
    ],
    [
      105,
      0.058426966292134834
    ],
    [
      106,
      0.05653333333333333
    ],
    [
      107,
      0.04157303370786517
    ],
    [
      108,
      0.031545741324921134
    ],
    [
      109,
      0.021845985800109227
    ],
    [
      110,
      0.03598691384950927
    ],
    [
      111,
      0.11320754716981132
    ],
    [
      112,
      0.05170517051705171
    ],
    [
      113,
      0.0731995277449823
    ],
    [
      114,
      0.07387580299785867
    ],
    [
      115,
      0.023999999999999997
    ],
    [
      116,
      0.05309734513274336
    ],
    [
      117,
      0.04472477064220183
    ],
    [
      118,
      0.018847006651884702
    ],
    [
      119,
      0.040114613180515755
    ],
    [
      120,
      0.035955056179775284
    ],
    [
      121,
      0.049883990719257545
    ],
    [
      122,
      0.04490861618798955
    ],
    [
      123,
      0.05597416576964478
    ],
    [
      124,
      0.029445073612684027
    ],
    [
      125,
      0.041855203619909506
    ],
    [
      126,
      0.0389908256880734
    ],
    [
      127,
      0.09108910891089109
    ],
    [
      128,
      0.07594936708860758
    ],
    [
      129,
      0.041641879833432476
    ],
    [
      130,
      0.03794642857142857
    ],
    [
      131,
      0.029916897506925205
    ],
    [
      132,
      0.04364857302742026
    ],
    [
      133,
      0.06315789473684211
    ],
    [
      134,
      0.066815144766147
    ],
    [
      135,
      0.0240831964969896
    ],
    [
      136,
      0.07311320754716982
    ],
    [
      137,
      0.03329506314580942
    ],
    [
      138,
      0.031712473572938694
    ],
    [
      139,
      0.028719126938541072
    ],
    [
      140,
      0.03259604190919674
    ],
    [
      141,
      0.04793289394847214
    ],
    [
      142,
      0.050340849501835344
    ],
    [
      143,
      0.03959336543606207
    ],
    [
      144,
      0.04956772334293948
    ],
    [
      145,
      0.02662406815761448
    ],
    [
      146,
      0.0558858501783591
    ],
    [
      147,
      0.03753351206434316
    ],
    [
      148,
      0.01689189189189189
    ],
    [
      149,
      0.02836074872376631
    ],
    [
      150,
      0.053063802905874924
    ],
    [
      151,
      0.06384149697303246
    ],
    [
      152,
      0.021226415094339625
    ],
    [
      153,
      0.022002200220022004
    ],
    [
      154,
      0.02562733582487987
    ],
    [
      155,
      0.04134672179562906
    ],
    [
      156,
      0.043103448275862065
    ],
    [
      157,
