{
  "dataset": "QMSum",
  "num_samples": 200,
  "rouge1": 0.05631031259430153,
  "rouge2": 0.01287059133256438,
  "rougeL": 0.04069113259625384,
  "rougeLsum": 0.042447773267488435,
  "per_sample_rougeL": [
    [
      0,
      0.05194805194805195
    ],
    [
      1,
      0.04359107420861443
    ],
    [
      2,
      0.04401805869074492
    ],
    [
      3,
      0.023466666666666667
    ],
    [
      4,
      0.014797951052931132
    ],
    [
      5,
      0.05367686527106817
    ],
    [
      6,
      0.02997858672376874
    ],
    [
      7,
      0.03506907545164719
    ],
    [
      8,
      0.023076923076923075
    ],
    [
      9,
      0.02080083203328133
    ],
    [
      10,
      0.02196652719665272
    ],
    [
      11,
      0.04827207899067471
    ],
    [
      12,
      0.023230088495575223
    ],
    [
      13,
      0.04494382022471911
    ],
    [
      14,
      0.03676470588235294
    ],
    [
      15,
      0.02165674066053059
    ],
    [
      16,
      0.04601391118245051
    ],
    [
      17,
      0.028451001053740783
    ],
    [
      18,
      0.0558882235528942
    ],
    [
      19,
      0.0389321468298109
    ],
    [
      20,
      0.020629190304280554
    ],
    [
      21,
      0.0225201072386059
    ],
    [
      22,
      0.031991174848317705
    ],
    [
      23,
      0.029589041095890414
    ],
    [
      24,
      0.045548654244306416
    ],
    [
      25,
      0.0646298472385429
    ],
    [
      26,
      0.03296703296703297
    ],
    [
      27,
      0.026032823995472555
    ],
    [
      28,
      0.03545706371191136
    ],
    [
      29,
      0.031322505800464036
    ],
    [
      30,
      0.04534883720930232
    ],
    [
      31,
      0.02540033130866924
    ],
    [
      32,
      0.04997341839447103
    ],
    [
      33,
      0.045842217484008525
    ],
    [
      34,
      0.032438478747203583
    ],
    [
      35,
      0.03985317252228631
    ],
    [
      36,
      0.03721424774056353
    ],
    [
      37,
      0.034736842105263156
    ],
    [
      38,
      0.025200458190148912
    ],
    [
      39,
      0.01883656509695291
    ],
    [
      40,
      0.05
    ],
    [
      41,
      0.052099946836788945
    ],
    [
      42,
      0.03852504127682994
    ],
    [
      43,
      0.0288153681963714
    ],
    [
      44,
      0.03496503496503496
    ],
    [
      45,
      0.033351862145636464
    ],
    [
      46,
      0.039125431530494824
    ],
    [
      47,
      0.042462845010615716
    ],
    [
      48,
      0.03709765411893071
    ],
    [
      49,
      0.03186404673393521
    ],
    [
      50,
      0.03192702394526796
    ],
    [
      51,
      0.059375
    ],
    [
      52,
      0.0660377358490566
    ],
    [
      53,
      0.03512506652474721
    ],
    [
      54,
      0.03297872340425532
    ],
    [
      55,
      0.03823047515019115
    ],
    [
      56,
      0.02503293807641634
    ],
    [
      57,
      0.028493150684931506
    ],
    [
      58,
      0.03043478260869565
    ],
    [
      59,
      0.0273109243697479
    ],
    [
      60,
      0.03400309119010819
    ],
    [
      61,
      0.03714124929656726
    ],
    [
      62,
      0.06827309236947791
    ],
    [
      63,
      0.03623611922852134
    ],
    [
      64,
      0.026260504201680673
    ],
    [
      65,
      0.025547445255474456
    ],
    [
      66,
      0.04753623188405797
    ],
    [
      67,
      0.06364172068355922
    ],
    [
      68,
      0.03563941299790356
    ],
    [
      69,
      0.04252998909487459
    ],
    [
      70,
      0.03012987012987013
    ],
    [
      71,
      0.03551609322974473
    ],
    [
      72,
      0.095
    ],
    [
      73,
      0.04262120404901439
    ],
    [
      74,
      0.025316455696202535
    ],
    [
      75,
      0.11011904761904762
    ],
    [
      76,
      0.04068522483940043
    ],
    [
      77,
      0.01994134897360704
    ],
    [
      78,
      0.028632025450689293
    ],
    [
      79,
      0.0352187833511206
    ],
    [
      80,
      0.055951727921009324
    ],
    [
      81,
      0.03646112600536193
    ],
    [
      82,
      0.059989832231825115
    ],
    [
      83,
      0.03291278113000548
    ],
    [
      84,
      0.04916317991631799
    ],
    [
      85,
      0.048450704225352116
    ],
    [
      86,
      0.07363291824580401
    ],
    [
      87,
      0.03793466807165438
    ],
    [
      88,
      0.052915766738660906
    ],
    [
      89,
      0.06106870229007633
    ],
    [
      90,
      0.04648648648648649
    ],
    [
      91,
      0.025119617224880382
    ],
    [
      92,
      0.03131749460043196
    ],
    [
      93,
      0.05069839627521986
    ],
    [
      94,
      0.02391304347826087
    ],
    [
      95,
      0.051443569553805774
    ],
    [
      96,
      0.05168776371308017
    ],
    [
      97,
      0.03803131991051454
    ],
    [
      98,
      0.03254593175853018
    ],
    [
      99,
      0.08392370572207083
    ],
    [
      100,
      0.09829867674858223
    ],
    [
      101,
      0.02809292274446245
    ],
    [
      102,
      0.04113924050632912
    ],
    [
      103,
      0.04202972834443875
    ],
    [
      104,
      0.02657423454650491
    ],
    [
      105,
      0.05128205128205128
    ],
    [
      106,
      0.05283434232250963
    ],
    [
      107,
      0.036939313984168866
    ],
    [
      108,
      0.04515418502202643
    ],
    [
      109,
      0.025081788440567066
    ],
    [
      110,
      0.025343189017951427
    ],
    [
      111,
      0.07138607971445567
    ],
    [
      112,
      0.05302226935312831
    ],
    [
      113,
      0.12598425196850394
    ],
    [
      114,
      0.0632603406326034
    ],
    [
      115,
      0.026968716289104636
    ],
    [
      116,
      0.04051772650534609
    ],
    [
      117,
      0.04110996916752312
    ],
    [
      118,
      0.024248813916710594
    ],
    [
      119,
      0.031185031185031187
    ],
    [
      120,
      0.07153075822603719
    ],
    [
      121,
      0.02922990444069702
    ],
    [
      122,
      0.049893842887473464
    ],
    [
      123,
      0.04472178887155486
    ],
    [
      124,
      0.01957585644371941
    ],
    [
      125,
      0.0382034073309241
    ],
    [
      126,
      0.028923406534547405
    ],
    [
      127,
      0.023896103896103894
    ],
    [
      128,
      0.06430517711171664
    ],
    [
      129,
      0.03307737743650325
    ],
    [
      130,
      0.03729355354288758
    ],
    [
      131,
      0.028969359331476326
    ],
    [
      132,
      0.036997885835095126
    ],
    [
      133,
      0.028639618138424822
    ],
    [
      134,
      0.12333333333333332
    ],
    [
      135,
      0.028062601187263895
    ],
    [
      136,
      0.05852156057494867
    ],
    [
      137,
      0.034261241970021415
    ],
    [
      138,
      0.03831825439063331
    ],
    [
      139,
      0.019791666666666666
    ],
    [
      140,
      0.03498542274052479
    ],
    [
      141,
      0.04403866809881848
    ],
    [
      142,
      0.03734439834024896
    ],
    [
      143,
      0.058479532163742694
    ],
    [
      144,
      0.048477315102548164
    ],
    [
      145,
      0.02906651760760201
    ],
    [
      146,
      0.044513457556935816
    ],
    [
      147,
      0.03604587657018023
    ],
    [
      148,
      0.020948180815876516
    ],
    [
      149,
      0.03553008595988539
    ],
    [
      150,
      0.07377049180327869
    ],
    [
      151,
      0.06354708261120741
    ],
    [
      152,
      0.024742268041237116
    ],
    [
      153,
      0.023054755043227664
    ],
    [
      154,
      0.019386106623586426
    ],
    [
      155,
      0.041269841269841276
    ],
    [
      156,
      0.10404624277456646
    ],
    [
      157,
      0.01849836779107726
    ],
