{
  "dataset": "QMSum",
  "num_samples": 200,
  "rouge1": 0.059977511687669266,
  "rouge2": 0.015134278728610171,
  "rougeL": 0.044817843262649204,
  "rougeLsum": 0.04755169445670669,
  "per_sample_rougeL": [
    [
      0,
      0.05552589428723972
    ],
    [
      1,
      0.0514829322887521
    ],
    [
      2,
      0.05165165165165165
    ],
    [
      3,
      0.034403669724770644
    ],
    [
      4,
      0.012352610892756877
    ],
    [
      5,
      0.05800334634690463
    ],
    [
      6,
      0.03472599023331525
    ],
    [
      7,
      0.03012372243141474
    ],
    [
      8,
      0.029714285714285717
    ],
    [
      9,
      0.027513227513227514
    ],
    [
      10,
      0.027979854504756575
    ],
    [
      11,
      0.052294557097118465
    ],
    [
      12,
      0.02085747392815759
    ],
    [
      13,
      0.05473204104903078
    ],
    [
      14,
      0.05701509223029626
    ],
    [
      15,
      0.03429923122412774
    ],
    [
      16,
      0.051014492753623186
    ],
    [
      17,
      0.036676217765042984
    ],
    [
      18,
      0.05657412257726558
    ],
    [
      19,
      0.041042706600110924
    ],
    [
      20,
      0.033218785796105384
    ],
    [
      21,
      0.028276237085372483
    ],
    [
      22,
      0.03126744835287549
    ],
    [
      23,
      0.03676880222841226
    ],
    [
      24,
      0.056412985630654604
    ],
    [
      25,
      0.06735159817351598
    ],
    [
      26,
      0.0526623756582797
    ],
    [
      27,
      0.024512534818941507
    ],
    [
      28,
      0.04342857142857143
    ],
    [
      29,
      0.0494335736354274
    ],
    [
      30,
      0.046818727490996394
    ],
    [
      31,
      0.0274756725815684
    ],
    [
      32,
      0.03862660944206009
    ],
    [
      33,
      0.047490555855369675
    ],
    [
      34,
      0.034606205250596656
    ],
    [
      35,
      0.05125523012552302
    ],
    [
      36,
      0.03942028985507246
    ],
    [
      37,
      0.03438055720213397
    ],
    [
      38,
      0.02542841348811498
    ],
    [
      39,
      0.019941348973607036
    ],
    [
      40,
      0.041294642857142856
    ],
    [
      41,
      0.04840764331210191
    ],
    [
      42,
      0.058004640371229696
    ],
    [
      43,
      0.04635387224420576
    ],
    [
      44,
      0.0381328073635766
    ],
    [
      45,
      0.04332953249714938
    ],
    [
      46,
      0.05193236714975845
    ],
    [
      47,
      0.042328042328042326
    ],
    [
      48,
      0.038305281485780614
    ],
    [
      49,
      0.04042672655811341
    ],
    [
      50,
      0.0412492634060106
    ],
    [
      51,
      0.0684326710816777
    ],
    [
      52,
      0.030084235860409148
    ],
    [
      53,
      0.04583566238121856
    ],
    [
      54,
      0.035583464154892726
    ],
    [
      55,
      0.03938265034592869
    ],
    [
      56,
      0.030805687203791465
    ],
    [
      57,
      0.0415263748597082
    ],
    [
      58,
      0.04831460674157303
    ],
    [
      59,
      0.04434589800443459
    ],
    [
      60,
      0.03497615262321145
    ],
    [
      61,
      0.04171364148816235
    ],
    [
      62,
      0.08372093023255812
    ],
    [
      63,
      0.03619909502262443
    ],
    [
      64,
      0.03439803439803439
    ],
    [
      65,
      0.11842105263157895
    ],
    [
      66,
      0.045989904655075714
    ],
    [
      67,
      0.07070101857399641
    ],
    [
      68,
      0.044444444444444446
    ],
    [
      69,
      0.05038992201559688
    ],
    [
      70,
      0.03130434782608695
    ],
    [
      71,
      0.04036697247706422
    ],
    [
      72,
      0.02799756542909312
    ],
    [
      73,
      0.04847085978072706
    ],
    [
      74,
      0.02960331557134399
    ],
    [
      75,
      0.08323424494649227
    ],
    [
      76,
      0.04253112033195021
    ],
    [
      77,
      0.01665741254858412
    ],
    [
      78,
      0.05002908667830134
    ],
    [
      79,
      0.03730569948186528
    ],
    [
      80,
      0.058394160583941604
    ],
    [
      81,
      0.03638644918444166
    ],
    [
      82,
      0.06451612903225806
    ],
    [
      83,
      0.03289473684210526
    ],
    [
      84,
      0.060638873849485644
    ],
    [
      85,
      0.05274261603375527
    ],
    [
      86,
      0.07729468599033815
    ],
    [
      87,
      0.04435746901500326
    ],
    [
      88,
      0.06096897114861187
    ],
    [
      89,
      0.06866952789699571
    ],
    [
      90,
      0.040901940220241226
    ],
    [
      91,
      0.02232667450058754
    ],
    [
      92,
      0.03941441441441442
    ],
    [
      93,
      0.05537098560354374
    ],
    [
      94,
      0.0269773145309626
    ],
    [
      95,
      0.07357859531772576
    ],
    [
      96,
      0.0746184284906727
    ],
    [
      97,
      0.03179824561403509
    ],
    [
      98,
      0.03369565217391304
    ],
    [
      99,
      0.15873015873015875
    ],
    [
      100,
      0.0446927374301676
    ],
    [
      101,
      0.03692674210839785
    ],
    [
      102,
      0.04825090470446321
    ],
    [
      103,
      0.04636118598382749
    ],
    [
      104,
      0.02828520919269299
    ],
    [
      105,
      0.05963556046383214
    ],
    [
      106,
      0.053375196232339085
    ],
    [
      107,
      0.04117009750812568
    ],
    [
      108,
      0.03247773703509691
    ],
    [
      109,
      0.028216704288939055
    ],
    [
      110,
      0.04428044280442805
    ],
    [
      111,
      0.06505771248688354
    ],
    [
      112,
      0.06356413166855845
    ],
    [
      113,
      0.06722689075630253
    ],
    [
      114,
      0.11764705882352941
    ],
    [
      115,
      0.02779456193353474
    ],
    [
      116,
      0.11685393258426967
    ],
    [
      117,
      0.052545155993431854
    ],
    [
      118,
      0.019726027397260273
    ],
    [
      119,
      0.03292181069958847
    ],
    [
      120,
      0.041275797373358354
    ],
    [
      121,
      0.04684684684684685
    ],
    [
      122,
      0.03928170594837262
    ],
    [
      123,
      0.05434782608695651
    ],
    [
      124,
      0.025842696629213485
    ],
    [
      125,
      0.02782415136338342
    ],
    [
      126,
      0.037714285714285714
    ],
    [
      127,
      0.03048448557430593
    ],
    [
      128,
      0.06820566631689402
    ],
    [
      129,
      0.03683035714285714
    ],
    [
      130,
      0.03773584905660378
    ],
    [
      131,
      0.022222222222222223
    ],
    [
      132,
      0.04074702886247878
    ],
    [
      133,
      0.0333975594091201
    ],
    [
      134,
      0.07130333138515489
    ],
    [
      135,
      0.026697620429483458
    ],
    [
      136,
      0.07830342577487764
    ],
    [
      137,
      0.035942028985507246
    ],
    [
      138,
      0.1155378486055777
    ],
    [
      139,
      0.027624309392265196
    ],
    [
      140,
      0.03391746749576031
    ],
    [
      141,
      0.04452054794520548
    ],
    [
      142,
      0.04994450610432852
    ],
    [
      143,
      0.061592097617664154
    ],
    [
      144,
      0.05414949970570924
    ],
    [
      145,
      0.025846153846153845
    ],
    [
      146,
      0.05541871921182267
    ],
    [
      147,
      0.036605657237936774
    ],
    [
      148,
      0.01718845917740945
    ],
    [
      149,
      0.04286520022560631
    ],
    [
      150,
      0.039603960396039604
    ],
    [
      151,
      0.05534034311012729
    ],
    [
      152,
      0.024918032786885244
    ],
    [
      153,
      0.02303894679100384
    ],
    [
      154,
      0.02363534046145189
    ],
    [
      155,
      0.05025699600228441
    ],
    [
      156,
      0.04872521246458923
    ],
    [
      157,
