{
  "dataset": "QMSum",
  "num_samples": 200,
  "rouge1": 0.054452207335937954,
  "rouge2": 0.012609868275473494,
  "rougeL": 0.03938029626130453,
  "rougeLsum": 0.040999811540607105,
  "per_sample_rougeL": [
    [
      0,
      0.06144927536231884
    ],
    [
      1,
      0.04896221394358701
    ],
    [
      2,
      0.03329864724245578
    ],
    [
      3,
      0.026682134570765664
    ],
    [
      4,
      0.011796246648793564
    ],
    [
      5,
      0.0492379835873388
    ],
    [
      6,
      0.0310492505353319
    ],
    [
      7,
      0.03624733475479744
    ],
    [
      8,
      0.01894736842105263
    ],
    [
      9,
      0.02324294410625346
    ],
    [
      10,
      0.024784482758620687
    ],
    [
      11,
      0.04489577765900588
    ],
    [
      12,
      0.02290950744558992
    ],
    [
      13,
      0.04943357363542739
    ],
    [
      14,
      0.04329896907216494
    ],
    [
      15,
      0.030320044918585067
    ],
    [
      16,
      0.0424650440186432
    ],
    [
      17,
      0.028287061288632794
    ],
    [
      18,
      0.053752535496957396
    ],
    [
      19,
      0.033507853403141365
    ],
    [
      20,
      0.02753303964757709
    ],
    [
      21,
      0.025613660618996798
    ],
    [
      22,
      0.027012425715829284
    ],
    [
      23,
      0.029173419773095625
    ],
    [
      24,
      0.04058624577226607
    ],
    [
      25,
      0.040041067761806985
    ],
    [
      26,
      0.01985370950888192
    ],
    [
      27,
      0.03062960862166761
    ],
    [
      28,
      0.03724604966139955
    ],
    [
      29,
      0.036101083032490974
    ],
    [
      30,
      0.043525571273122954
    ],
    [
      31,
      0.023294509151414306
    ],
    [
      32,
      0.05141657922350472
    ],
    [
      33,
      0.04677754677754677
    ],
    [
      34,
      0.03331482509716824
    ],
    [
      35,
      0.04113924050632911
    ],
    [
      36,
      0.03556485355648535
    ],
    [
      37,
      0.04340567612687812
    ],
    [
      38,
      0.02173913043478261
    ],
    [
      39,
      0.020753686510103765
    ],
    [
      40,
      0.038106945298094656
    ],
    [
      41,
      0.04106776180698152
    ],
    [
      42,
      0.0438388625592417
    ],
    [
      43,
      0.03535083020889127
    ],
    [
      44,
      0.03951191167925625
    ],
    [
      45,
      0.0425531914893617
    ],
    [
      46,
      0.07416563658838071
    ],
    [
      47,
      0.04551045510455104
    ],
    [
      48,
      0.03678402522333158
    ],
    [
      49,
      0.0329489291598023
    ],
    [
      50,
      0.0341221794166208
    ],
    [
      51,
      0.06344253770150805
    ],
    [
      52,
      0.030045721750489876
    ],
    [
      53,
      0.03485838779956427
    ],
    [
      54,
      0.03708133971291866
    ],
    [
      55,
      0.04081632653061224
    ],
    [
      56,
      0.06551059730250482
    ],
    [
      57,
      0.026997840172786176
    ],
    [
      58,
      0.03577417551704863
    ],
    [
      59,
      0.030059044551798177
    ],
    [
      60,
      0.03674540682414698
    ],
    [
      61,
      0.077834179357022
    ],
    [
      62,
      0.07191245440333507
    ],
    [
      63,
      0.043785310734463276
    ],
    [
      64,
      0.026881720430107527
    ],
    [
      65,
      0.032051282051282055
    ],
    [
      66,
      0.0427927927927928
    ],
    [
      67,
      0.054718034617532114
    ],
    [
      68,
      0.03578947368421052
    ],
    [
      69,
      0.03846153846153846
    ],
    [
      70,
      0.027154046997389034
    ],
    [
      71,
      0.03697478991596639
    ],
    [
      72,
      0.023809523809523808
    ],
    [
      73,
      0.04432717678100264
    ],
    [
      74,
      0.0233983286908078
    ],
    [
      75,
      0.05161290322580645
    ],
    [
      76,
      0.03571428571428571
    ],
    [
      77,
      0.05622489959839358
    ],
    [
      78,
      0.04535864978902954
    ],
    [
      79,
      0.029045643153526972
    ],
    [
      80,
      0.05625717566016073
    ],
    [
      81,
      0.0361125862984599
    ],
    [
      82,
      0.06016597510373445
    ],
    [
      83,
      0.029611351017890194
    ],
    [
      84,
      0.04784688995215312
    ],
    [
      85,
      0.05319148936170213
    ],
    [
      86,
      0.070298769771529
    ],
    [
      87,
      0.034810126582278486
    ],
    [
      88,
      0.05582393988191089
    ],
    [
      89,
      0.050761421319796954
    ],
    [
      90,
      0.044847837693539776
    ],
    [
      91,
      0.025798525798525797
    ],
    [
      92,
      0.029001074113856065
    ],
    [
      93,
      0.05358948432760364
    ],
    [
      94,
      0.02492917847025496
    ],
    [
      95,
      0.051769677760169046
    ],
    [
      96,
      0.049484536082474224
    ],
    [
      97,
      0.03512506652474721
    ],
    [
      98,
      0.04370447450572321
    ],
    [
      99,
      0.08981001727115717
    ],
    [
      100,
      0.04004711425206125
    ],
    [
      101,
      0.02575107296137339
    ],
    [
      102,
      0.045310853530031614
    ],
    [
      103,
      0.03239289446185998
    ],
    [
      104,
      0.027700831024930747
    ],
    [
      105,
      0.039913700107874865
    ],
    [
      106,
      0.05063291139240507
    ],
    [
      107,
      0.03868269733403032
    ],
    [
      108,
      0.047097480832420595
    ],
    [
      109,
      0.02689618074233459
    ],
    [
      110,
      0.04645323289391085
    ],
    [
      111,
      0.14144271570014144
    ],
    [
      112,
      0.04944765912677538
    ],
    [
      113,
      0.06214689265536723
    ],
    [
      114,
      0.058548009367681494
    ],
    [
      115,
      0.02933673469387755
    ],
    [
      116,
      0.043844856661045525
    ],
    [
      117,
      0.03751954142782699
    ],
    [
      118,
      0.022508038585209004
    ],
    [
      119,
      0.025933609958506226
    ],
    [
      120,
      0.041176470588235294
    ],
    [
      121,
      0.039133473095737246
    ],
    [
      122,
      0.04668435013262599
    ],
    [
      123,
      0.046733935209771635
    ],
    [
      124,
      0.02280130293159609
    ],
    [
      125,
      0.033402922755741124
    ],
    [
      126,
      0.026943005181347145
    ],
    [
      127,
      0.02691065662002153
    ],
    [
      128,
      0.05169628432956381
    ],
    [
      129,
      0.023783783783783784
    ],
    [
      130,
      0.03431635388739946
    ],
    [
      131,
      0.032073310423825885
    ],
    [
      132,
      0.034009873834339
    ],
    [
      133,
      0.026115342763873776
    ],
    [
      134,
      0.05704099821746881
    ],
    [
      135,
      0.025778732545649833
    ],
    [
      136,
      0.057459677419354836
    ],
    [
      137,
      0.034242910647405034
    ],
    [
      138,
      0.039319872476089264
    ],
    [
      139,
      0.02271498107084911
    ],
    [
      140,
      0.036550542547115934
    ],
    [
      141,
      0.0420032310177706
    ],
    [
      142,
      0.03113648157758173
    ],
    [
      143,
      0.053599579611140306
    ],
    [
      144,
      0.04350382128159906
    ],
    [
      145,
      0.03015075376884422
    ],
    [
      146,
      0.05144032921810699
    ],
    [
      147,
      0.035914702581369244
    ],
    [
      148,
      0.01977894124490983
    ],
    [
      149,
      0.039495337356006584
    ],
    [
      150,
      0.09803921568627451
    ],
    [
      151,
      0.06304728546409809
    ],
    [
      152,
      0.02216748768472906
    ],
    [
      153,
      0.023076923076923078
    ],
    [
      154,
      0.019955654101995568
    ],
    [
      155,
      0.039445628997867806
    ],
    [
      156,
      0.04697592483852026
    ],
    [
