{
  "dataset": "QMSum",
  "num_samples": 200,
  "rouge1": 0.21449104148534898,
  "rouge2": 0.03869802663003089,
  "rougeL": 0.12231666095113528,
  "rougeLsum": 0.13179196659433523,
  "per_sample_rougeL": [
    [
      0,
      0.08847926267281105
    ],
    [
      1,
      0.09308510638297873
    ],
    [
      2,
      0.08627450980392157
    ],
    [
      3,
      0.029379760609358
    ],
    [
      4,
      0.0462046204620462
    ],
    [
      5,
      0.12650602409638553
    ],
    [
      6,
      0.15503875968992248
    ],
    [
      7,
      0.08487084870848709
    ],
    [
      8,
      0.20833333333333334
    ],
    [
      9,
      0.1449275362318841
    ],
    [
      10,
      0.22222222222222224
    ],
    [
      11,
      0.20192307692307693
    ],
    [
      12,
      0.2641509433962264
    ],
    [
      13,
      0.2
    ],
    [
      14,
      0.16037735849056606
    ],
    [
      15,
      0.1793103448275862
    ],
    [
      16,
      0.125
    ],
    [
      17,
      0.09999999999999999
    ],
    [
      18,
      0.046511627906976744
    ],
    [
      19,
      0.09523809523809523
    ],
    [
      20,
      0.0975609756097561
    ],
    [
      21,
      0.19047619047619047
    ],
    [
      22,
      0.13740458015267173
    ],
    [
      23,
      0
    ],
    [
      24,
      0.0911062906724512
    ],
    [
      25,
      0.17
    ],
    [
      26,
      0.04507042253521127
    ],
    [
      27,
      0.12087912087912088
    ],
    [
      28,
      0.1626794258373206
    ],
    [
      29,
      0.10389610389610389
    ],
    [
      30,
      0.0417607223476298
    ],
    [
      31,
      0
    ],
    [
      32,
      0.058823529411764705
    ],
    [
      33,
      0.2289156626506024
    ],
    [
      34,
      0.07956104252400549
    ],
    [
      35,
      0.1704035874439462
    ],
    [
      36,
      0.03125
    ],
    [
      37,
      0.13026819923371646
    ],
    [
      38,
      0.16470588235294117
    ],
    [
      39,
      0.21311475409836067
    ],
    [
      40,
      0.16260162601626016
    ],
    [
      41,
      0.12222222222222222
    ],
    [
      42,
      0.10945273631840796
    ],
    [
      43,
      0.1660079051383399
    ],
    [
      44,
      0.1647058823529412
    ],
    [
      45,
      0.14222222222222222
    ],
    [
      46,
      0.09348914858096828
    ],
    [
      47,
      0.12121212121212122
    ],
    [
      48,
      0.1652892561983471
    ],
    [
      49,
      0.11764705882352941
    ],
    [
      50,
      0
    ],
    [
      51,
      0.19387755102040818
    ],
    [
      52,
      0
    ],
    [
      53,
      0
    ],
    [
      54,
      0.2298850574712644
    ],
    [
      55,
      0.04983922829581994
    ],
    [
      56,
      0.1103448275862069
    ],
    [
      57,
      0.07142857142857144
    ],
    [
      58,
      0.19718309859154928
    ],
    [
      59,
      0.12280701754385963
    ],
    [
      60,
      0.15730337078651685
    ],
    [
      61,
      0
    ],
    [
      62,
      0.0
    ],
    [
      63,
      0.14184397163120568
    ],
    [
      64,
      0.174496644295302
    ],
    [
      65,
      0.2826086956521739
    ],
    [
      66,
      0.17948717948717952
    ],
    [
      67,
      0.13705583756345177
    ],
    [
      68,
      0.15894039735099336
    ],
    [
      69,
      0.12686567164179105
    ],
    [
      70,
      0.1121951219512195
    ],
    [
      71,
      0.1348314606741573
    ],
    [
      72,
      0.1414141414141414
    ],
    [
      73,
      0
    ],
    [
      74,
      0.15254237288135594
    ],
    [
      75,
      0.17798594847775173
    ],
    [
      76,
      0.13432835820895522
    ],
    [
      77,
      0.08849557522123894
    ],
    [
      78,
      0.11956521739130434
    ],
    [
      79,
      0
    ],
    [
      80,
      0.14285714285714285
    ],
    [
      81,
      0.05825242718446603
    ],
    [
      82,
      0.06236559139784946
    ],
    [
      83,
      0
    ],
    [
      84,
      0.16289592760180993
    ],
    [
      85,
      0.15306122448979592
    ],
    [
      86,
      0.16541353383458646
    ],
    [
      87,
      0.14634146341463414
    ],
    [
      88,
      0.14241486068111453
    ],
    [
      89,
      0.03773584905660377
    ],
    [
      90,
      0.04560622914349277
    ],
    [
      91,
      0.12658227848101264
    ],
    [
      92,
      0.05384615384615385
    ],
    [
      93,
      0.16593886462882096
    ],
    [
      94,
      0.1875
    ],
    [
      95,
      0.0
    ],
    [
      96,
      0.10162991371045063
    ],
    [
      97,
      0.16999999999999998
    ],
    [
      98,
      0.10416666666666667
    ],
    [
      99,
      0.1813031161473088
    ],
    [
      100,
      0.19178082191780824
    ],
    [
      101,
      0.09663865546218488
    ],
    [
      102,
      0.15517241379310345
    ],
    [
      103,
      0.13709677419354838
    ],
    [
      104,
      0
    ],
    [
      105,
      0.15450643776824033
    ],
    [
      106,
      0.16733067729083664
    ],
    [
      107,
      0.1767441860465116
    ],
    [
      108,
      0.18181818181818182
    ],
    [
      109,
      0.11673151750972761
    ],
    [
      110,
      0.10126582278481014
    ],
    [
      111,
      0
    ],
    [
      112,
      0.1589041095890411
    ],
    [
      113,
      0.14617940199335547
    ],
    [
      114,
      0.07190265486725664
    ],
    [
      115,
      0.09022556390977443
    ],
    [
      116,
      0.12745098039215685
    ],
    [
      117,
      0.061855670103092786
    ],
    [
      118,
      0.1276595744680851
    ],
    [
      119,
      0.24242424242424246
    ],
    [
      120,
      0.12244897959183673
    ],
    [
      121,
      0.1111111111111111
    ],
    [
      122,
      0
    ],
    [
      123,
      0.09533898305084745
    ],
    [
      124,
      0.1834862385321101
    ],
    [
      125,
      0.13829787234042554
    ],
    [
      126,
      0.20118343195266272
    ],
    [
      127,
      0.13999999999999999
    ],
    [
      128,
      0.21621621621621623
    ],
    [
      129,
      0.20437956204379562
    ],
    [
      130,
      0.18181818181818185
    ],
    [
      131,
      0.1145374449339207
    ],
    [
      132,
      0.15
    ],
    [
      133,
      0
    ],
    [
      134,
      0.03571428571428572
    ],
    [
      135,
      0.18
    ],
    [
      136,
      0.14671814671814673
    ],
    [
      137,
      0.15602836879432622
    ],
    [
      138,
      0.14062500000000003
    ],
    [
      139,
      0.10714285714285716
    ],
    [
      140,
      0.14444444444444443
    ],
    [
      141,
      0.2465753424657534
    ],
    [
      142,
      0.14814814814814814
    ],
    [
      143,
      0.16964285714285715
    ],
    [
      144,
      0
    ],
    [
      145,
      0.12857142857142856
    ],
    [
      146,
      0
    ],
    [
      147,
      0.13852813852813853
    ],
    [
      148,
      0
    ],
    [
      149,
      0.12571428571428572
    ],
    [
      150,
      0.14285714285714288
    ],
    [
      151,
      0.20942408376963348
    ],
    [
      152,
      0.12244897959183673
    ],
    [
      153,
      0.09375000000000001
    ],
    [
      154,
      0.14492753623188406
    ],
    [
      155,
      0.16
    ],
    [
      156,
      0.12345679012345677
    ],
    [
      157,
      0.09574468085106383
    ],
    [
      158,
      0.12324929971988795
    ],
    [
      159,
      0.22564102564102564
    ],
    [
      160,
      0.06753246753246753
    ],
    [
      161,
      0.14814814814814814
    ],
    [
      162,
      0.0392156862745098
    ],
    [
      163,
      0
    ],
    [
      164,
      0.18245614035087723
    ],
    [
      165,
      0.11764705882352942
    ],
    [
      166,
      0.16969696969696968
    ],
    [
      167,
