{
  "dataset": "QMSum",
  "num_samples": 200,
  "rouge1": 0.2604912577486248,
  "rouge2": 0.05038238152130853,
  "rougeL": 0.15140122988459612,
  "rougeLsum": 0.1584027329676298,
  "per_sample_rougeL": [
    [
      0,
      0.18410041841004185
    ],
    [
      1,
      0.17543859649122803
    ],
    [
      2,
      0.1166180758017493
    ],
    [
      3,
      0.11295681063122924
    ],
    [
      4,
      0.06896551724137931
    ],
    [
      5,
      0.23487544483985767
    ],
    [
      6,
      0.1352657004830918
    ],
    [
      7,
      0.14012738853503187
    ],
    [
      8,
      0.17582417582417587
    ],
    [
      9,
      0.21333333333333335
    ],
    [
      10,
      0.12765957446808512
    ],
    [
      11,
      0.18292682926829265
    ],
    [
      12,
      0.24074074074074073
    ],
    [
      13,
      0.18518518518518517
    ],
    [
      14,
      0.1388888888888889
    ],
    [
      15,
      0.1732283464566929
    ],
    [
      16,
      0.09722222222222222
    ],
    [
      17,
      0.15254237288135591
    ],
    [
      18,
      0.1797752808988764
    ],
    [
      19,
      0.14035087719298245
    ],
    [
      20,
      0.0831168831168831
    ],
    [
      21,
      0.24615384615384614
    ],
    [
      22,
      0.14285714285714288
    ],
    [
      23,
      0.2962962962962963
    ],
    [
      24,
      0
    ],
    [
      25,
      0.15254237288135591
    ],
    [
      26,
      0.19718309859154928
    ],
    [
      27,
      0.11764705882352941
    ],
    [
      28,
      0.20238095238095238
    ],
    [
      29,
      0.10619469026548672
    ],
    [
      30,
      0.12546125461254615
    ],
    [
      31,
      0.14906832298136644
    ],
    [
      32,
      0.1782178217821782
    ],
    [
      33,
      0.1568627450980392
    ],
    [
      34,
      0.2105263157894737
    ],
    [
      35,
      0.18681318681318684
    ],
    [
      36,
      0.1864406779661017
    ],
    [
      37,
      0.13846153846153847
    ],
    [
      38,
      0.12021857923497269
    ],
    [
      39,
      0.16842105263157894
    ],
    [
      40,
      0.16923076923076924
    ],
    [
      41,
      0.1038961038961039
    ],
    [
      42,
      0.13389121338912136
    ],
    [
      43,
      0.14342629482071712
    ],
    [
      44,
      0.1506849315068493
    ],
    [
      45,
      0
    ],
    [
      46,
      0.13872832369942198
    ],
    [
      47,
      0.1301775147928994
    ],
    [
      48,
      0.1925133689839572
    ],
    [
      49,
      0.21782178217821782
    ],
    [
      50,
      0.11209439528023599
    ],
    [
      51,
      0.25316455696202533
    ],
    [
      52,
      0.15
    ],
    [
      53,
      0
    ],
    [
      54,
      0.1986754966887417
    ],
    [
      55,
      0.128
    ],
    [
      56,
      0.11981566820276499
    ],
    [
      57,
      0.17475728155339806
    ],
    [
      58,
      0.192
    ],
    [
      59,
      0.1754385964912281
    ],
    [
      60,
      0.15217391304347827
    ],
    [
      61,
      0.15053763440860216
    ],
    [
      62,
      0.03571428571428571
    ],
    [
      63,
      0.12048192771084339
    ],
    [
      64,
      0.18823529411764706
    ],
    [
      65,
      0.2580645161290323
    ],
    [
      66,
      0.20930232558139533
    ],
    [
      67,
      0.1693121693121693
    ],
    [
      68,
      0.111731843575419
    ],
    [
      69,
      0.20930232558139536
    ],
    [
      70,
      0.3614457831325302
    ],
    [
      71,
      0.125
    ],
    [
      72,
      0.31249999999999994
    ],
    [
      73,
      0.13888888888888887
    ],
    [
      74,
      0.15555555555555553
    ],
    [
      75,
      0
    ],
    [
      76,
      0.14285714285714285
    ],
    [
      77,
      0.07662835249042145
    ],
    [
      78,
      0.1724137931034483
    ],
    [
      79,
      0.1566265060240964
    ],
    [
      80,
      0.15267175572519084
    ],
    [
      81,
      0.12145748987854252
    ],
    [
      82,
      0
    ],
    [
      83,
      0.21238938053097345
    ],
    [
      84,
      0.1809954751131222
    ],
    [
      85,
      0.14563106796116507
    ],
    [
      86,
      0.25498007968127495
    ],
    [
      87,
      0.09218436873747494
    ],
    [
      88,
      0.17937219730941706
    ],
    [
      89,
      0.16666666666666666
    ],
    [
      90,
      0.20202020202020204
    ],
    [
      91,
      0.05689277899343545
    ],
    [
      92,
      0.14285714285714285
    ],
    [
      93,
      0.16778523489932887
    ],
    [
      94,
      0.09737827715355805
    ],
    [
      95,
      0.16666666666666666
    ],
    [
      96,
      0.13872832369942198
    ],
    [
      97,
      0.1302325581395349
    ],
    [
      98,
      0.16149068322981366
    ],
    [
      99,
      0.14473684210526316
    ],
    [
      100,
      0.17283950617283952
    ],
    [
      101,
      0.128686327077748
    ],
    [
      102,
      0.15384615384615383
    ],
    [
      103,
      0.1935483870967742
    ],
    [
      104,
      0.25974025974025977
    ],
    [
      105,
      0.19791666666666669
    ],
    [
      106,
      0.17142857142857143
    ],
    [
      107,
      0.1798941798941799
    ],
    [
      108,
      0.17241379310344826
    ],
    [
      109,
      0.18181818181818182
    ],
    [
      110,
      0.14432989690721648
    ],
    [
      111,
      0.21145374449339205
    ],
    [
      112,
      0.2132564841498559
    ],
    [
      113,
      0.182370820668693
    ],
    [
      114,
      0.1784386617100372
    ],
    [
      115,
      0.09000000000000001
    ],
    [
      116,
      0.17341040462427745
    ],
    [
      117,
      0.21359223300970873
    ],
    [
      118,
      0.0579064587973274
    ],
    [
      119,
      0.2608695652173913
    ],
    [
      120,
      0.14201183431952663
    ],
    [
      121,
      0.11707317073170731
    ],
    [
      122,
      0
    ],
    [
      123,
      0.13714285714285712
    ],
    [
      124,
      0.13114754098360654
    ],
    [
      125,
      0.13872832369942195
    ],
    [
      126,
      0.1914893617021277
    ],
    [
      127,
      0.130718954248366
    ],
    [
      128,
      0.24390243902439027
    ],
    [
      129,
      0.23684210526315788
    ],
    [
      130,
      0.1758241758241758
    ],
    [
      131,
      0.13953488372093026
    ],
    [
      132,
      0.19130434782608696
    ],
    [
      133,
      0
    ],
    [
      134,
      0.15555555555555559
    ],
    [
      135,
      0.2765957446808511
    ],
    [
      136,
      0.12853470437017994
    ],
    [
      137,
      0.2112676056338028
    ],
    [
      138,
      0.1680672268907563
    ],
    [
      139,
      0.10416666666666666
    ],
    [
      140,
      0.15763546798029557
    ],
    [
      141,
      0
    ],
    [
      142,
      0.13768115942028986
    ],
    [
      143,
      0.19047619047619047
    ],
    [
      144,
      0
    ],
    [
      145,
      0.11764705882352941
    ],
    [
      146,
      0
    ],
    [
      147,
      0.12790697674418605
    ],
    [
      148,
      0.09523809523809526
    ],
    [
      149,
      0.1306532663316583
    ],
    [
      150,
      0.17094017094017094
    ],
    [
      151,
      0.2162162162162162
    ],
    [
      152,
      0.1208791208791209
    ],
    [
      153,
      0.1714285714285714
    ],
    [
      154,
      0.20454545454545459
    ],
    [
      155,
      0.14765100671140938
    ],
    [
      156,
      0.14184397163120566
    ],
    [
      157,
      0.11851851851851852
    ],
    [
      158,
      0.09876543209876543
    ],
    [
      159,
      0.11155378486055777
    ],
    [
      160,
      0.19318181818181818
    ],
    [
      161,
      0.17886178861788618
    ],
    [
      162,
      0.11180124223602485
    ],
    [
      163,
