{
  "dataset": "QMSum",
  "num_samples": 200,
  "rouge1": 0.056416681460085244,
  "rouge2": 0.013004330164449612,
  "rougeL": 0.0408859870011794,
  "rougeLsum": 0.04228377572673088,
  "per_sample_rougeL": [
    [
      0,
      0.05945945945945946
    ],
    [
      1,
      0.04854368932038835
    ],
    [
      2,
      0.051612903225806445
    ],
    [
      3,
      0.06676342525399129
    ],
    [
      4,
      0.015730337078651686
    ],
    [
      5,
      0.046082949308755755
    ],
    [
      6,
      0.02873869079297499
    ],
    [
      7,
      0.03543512245961438
    ],
    [
      8,
      0.02157497303128371
    ],
    [
      9,
      0.026032823995472555
    ],
    [
      10,
      0.020191285866099893
    ],
    [
      11,
      0.045676998368678626
    ],
    [
      12,
      0.017553483269336256
    ],
    [
      13,
      0.048205128205128206
    ],
    [
      14,
      0.042689434364994665
    ],
    [
      15,
      0.02469135802469136
    ],
    [
      16,
      0.04899292324442025
    ],
    [
      17,
      0.030484485574305935
    ],
    [
      18,
      0.05394801373222168
    ],
    [
      19,
      0.03837719298245614
    ],
    [
      20,
      0.02647545504688362
    ],
    [
      21,
      0.024824608742579597
    ],
    [
      22,
      0.028169014084507043
    ],
    [
      23,
      0.032073310423825885
    ],
    [
      24,
      0.043640234167110166
    ],
    [
      25,
      0.057955166757791145
    ],
    [
      26,
      0.03395225464190982
    ],
    [
      27,
      0.025442477876106193
    ],
    [
      28,
      0.03878116343490305
    ],
    [
      29,
      0.032092426187419774
    ],
    [
      30,
      0.042857142857142864
    ],
    [
      31,
      0.027578599007170437
    ],
    [
      32,
      0.04297851074462768
    ],
    [
      33,
      0.044861763171622326
    ],
    [
      34,
      0.02962085308056872
    ],
    [
      35,
      0.035288012454592635
    ],
    [
      36,
      0.035361414456578255
    ],
    [
      37,
      0.04927884615384616
    ],
    [
      38,
      0.025414364640883976
    ],
    [
      39,
      0.02616609783845279
    ],
    [
      40,
      0.10452961672473869
    ],
    [
      41,
      0.04777070063694267
    ],
    [
      42,
      0.03958218801539307
    ],
    [
      43,
      0.04135554279149914
    ],
    [
      44,
      0.03215077605321508
    ],
    [
      45,
      0.02541026998411858
    ],
    [
      46,
      0.037187681580476466
    ],
    [
      47,
      0.03989501312335958
    ],
    [
      48,
      0.03659849300322928
    ],
    [
      49,
      0.017708333333333333
    ],
    [
      50,
      0.03200883002207506
    ],
    [
      51,
      0.06431535269709543
    ],
    [
      52,
      0.07917383820998278
    ],
    [
      53,
      0.03491543917075832
    ],
    [
      54,
      0.03547671840354767
    ],
    [
      55,
      0.03844100373731981
    ],
    [
      56,
      0.07053941908713693
    ],
    [
      57,
      0.027367268746579094
    ],
    [
      58,
      0.03250270855904659
    ],
    [
      59,
      0.03895381190873678
    ],
    [
      60,
      0.03203416978109984
    ],
    [
      61,
      0.0353356890459364
    ],
    [
      62,
      0.07818930041152264
    ],
    [
      63,
      0.0385739333722969
    ],
    [
      64,
      0.028077753779697623
    ],
    [
      65,
      0.031315240083507306
    ],
    [
      66,
      0.04515418502202643
    ],
    [
      67,
      0.06369426751592358
    ],
    [
      68,
      0.03529411764705882
    ],
    [
      69,
      0.03640256959314775
    ],
    [
      70,
      0.024665981500513877
    ],
    [
      71,
      0.0398633257403189
    ],
    [
      72,
      0.024608501118568233
    ],
    [
      73,
      0.04255319148936171
    ],
    [
      74,
      0.025027203482045707
    ],
    [
      75,
      0.05330490405117272
    ],
    [
      76,
      0.03605514316012725
    ],
    [
      77,
      0.015936254980079684
    ],
    [
      78,
      0.04526748971193416
    ],
    [
      79,
      0.039853172522286325
    ],
    [
      80,
      0.05672149744753261
    ],
    [
      81,
      0.03526970954356846
    ],
    [
      82,
      0.05325140809011777
    ],
    [
      83,
      0.021652421652421653
    ],
    [
      84,
      0.047717842323651456
    ],
    [
      85,
      0.050868486352357314
    ],
    [
      86,
      0.1335149863760218
    ],
    [
      87,
      0.03787480273540242
    ],
    [
      88,
      0.05476566614007373
    ],
    [
      89,
      0.05473897617840852
    ],
    [
      90,
      0.029670329670329672
    ],
    [
      91,
      0.025974025974025976
    ],
    [
      92,
      0.0378657487091222
    ],
    [
      93,
      0.05753138075313807
    ],
    [
      94,
      0.029032258064516127
    ],
    [
      95,
      0.05391394504924832
    ],
    [
      96,
      0.1575091575091575
    ],
    [
      97,
      0.029850746268656716
    ],
    [
      98,
      0.03739376770538244
    ],
    [
      99,
      0.07753584705257567
    ],
    [
      100,
      0.032898468519568916
    ],
    [
      101,
      0.027397260273972605
    ],
    [
      102,
      0.042175360710321866
    ],
    [
      103,
      0.03820960698689957
    ],
    [
      104,
      0.02485875706214689
    ],
    [
      105,
      0.051724137931034475
    ],
    [
      106,
      0.0467047223663726
    ],
    [
      107,
      0.03577064702788006
    ],
    [
      108,
      0.04756756756756757
    ],
    [
      109,
      0.021197668256491786
    ],
    [
      110,
      0.04255319148936171
    ],
    [
      111,
      0.07415368081676518
    ],
    [
      112,
      0.04938271604938272
    ],
    [
      113,
      0.06043956043956044
    ],
    [
      114,
      0.05141657922350472
    ],
    [
      115,
      0.03049124788255223
    ],
    [
      116,
      0.04945370902817711
    ],
    [
      117,
      0.03876375065479308
    ],
    [
      118,
      0.02390005431830527
    ],
    [
      119,
      0.04178757980266976
    ],
    [
      120,
      0.0326530612244898
    ],
    [
      121,
      0.04091754494730316
    ],
    [
      122,
      0.04907306434023991
    ],
    [
      123,
      0.04806687565308255
    ],
    [
      124,
      0.024376731301939052
    ],
    [
      125,
      0.03787878787878788
    ],
    [
      126,
      0.030133928571428572
    ],
    [
      127,
      0.026638252530633986
    ],
    [
      128,
      0.05539526832083093
    ],
    [
      129,
      0.02898550724637681
    ],
    [
      130,
      0.02646085997794928
    ],
    [
      131,
      0.026058631921824102
    ],
    [
      132,
      0.03880440482433141
    ],
    [
      133,
      0.029229904440697018
    ],
    [
      134,
      0.061016949152542375
    ],
    [
      135,
      0.026001040041601666
    ],
    [
      136,
      0.05762179151388161
    ],
    [
      137,
      0.03646408839779005
    ],
    [
      138,
      0.038461538461538464
    ],
    [
      139,
      0.026511134676564158
    ],
    [
      140,
      0.03571428571428571
    ],
    [
      141,
      0.05025125628140703
    ],
    [
      142,
      0.045005488474204165
    ],
    [
      143,
      0.06636670416197975
    ],
    [
      144,
      0.0519653564290473
    ],
    [
      145,
      0.02405686167304538
    ],
    [
      146,
      0.03951367781155016
    ],
    [
      147,
      0.03529411764705883
    ],
    [
      148,
      0.017195056421278884
    ],
    [
      149,
      0.03717026378896883
    ],
    [
      150,
      0.04457142857142857
    ],
    [
      151,
      0.06231276213301378
    ],
    [
      152,
      0.021026592455163886
    ],
    [
      153,
      0.021300448430493273
    ],
    [
      154,
      0.024705882352941178
    ],
    [
      155,
      0.042621204049014386
    ],
    [
      156,
      0.032181168057210975
    ],
