{
  "dataset": "QMSum",
  "num_samples": 200,
  "rouge1": 0.08927360414376492,
  "rouge2": 0.024469322628382868,
  "rougeL": 0.05938013420454745,
  "rougeLsum": 0.07457462935755686,
  "per_sample_rougeL": [
    [
      0,
      0.11267605633802816
    ],
    [
      1,
      0.05087620124364047
    ],
    [
      2,
      0.08682170542635659
    ],
    [
      3,
      0.036130536130536135
    ],
    [
      4,
      0.012658227848101264
    ],
    [
      5,
      0.08523908523908526
    ],
    [
      6,
      0.0392156862745098
    ],
    [
      7,
      0.03252032520325203
    ],
    [
      8,
      0.06611570247933884
    ],
    [
      9,
      0.028021015761821366
    ],
    [
      10,
      0.027397260273972608
    ],
    [
      11,
      0.0712979890310786
    ],
    [
      12,
      0.06923076923076923
    ],
    [
      13,
      0.05843439911797133
    ],
    [
      14,
      0.06322188449848024
    ],
    [
      15,
      0.034934497816593885
    ],
    [
      16,
      0.08894536213468869
    ],
    [
      17,
      0.06233766233766234
    ],
    [
      18,
      0.09523809523809523
    ],
    [
      19,
      0.06639004149377593
    ],
    [
      20,
      0.03294117647058824
    ],
    [
      21,
      0.06792452830188679
    ],
    [
      22,
      0.03450327186198691
    ],
    [
      23,
      0.0670391061452514
    ],
    [
      24,
      0.09000000000000001
    ],
    [
      25,
      0.07057340894770006
    ],
    [
      26,
      0.08205128205128205
    ],
    [
      27,
      0.024082568807339447
    ],
    [
      28,
      0.07568807339449542
    ],
    [
      29,
      0.039769082745349585
    ],
    [
      30,
      0.047872340425531915
    ],
    [
      31,
      0.02877697841726619
    ],
    [
      32,
      0.1359223300970874
    ],
    [
      33,
      0.046943231441048026
    ],
    [
      34,
      0.04559088182363528
    ],
    [
      35,
      0.045310853530031614
    ],
    [
      36,
      0.04262478968031408
    ],
    [
      37,
      0.04303646144650329
    ],
    [
      38,
      0.03571428571428572
    ],
    [
      39,
      0.04638472032742156
    ],
    [
      40,
      0.06815761448349307
    ],
    [
      41,
      0.09571788413098238
    ],
    [
      42,
      0.06767371601208459
    ],
    [
      43,
      0.04417910447761194
    ],
    [
      44,
      0.05426356589147286
    ],
    [
      45,
      0.04703247480403135
    ],
    [
      46,
      0.04821917808219178
    ],
    [
      47,
      0.05336567616737417
    ],
    [
      48,
      0.06796116504854369
    ],
    [
      49,
      0.03778040141676505
    ],
    [
      50,
      0.04572271386430679
    ],
    [
      51,
      0.11838790931989923
    ],
    [
      52,
      0.032683846637335014
    ],
    [
      53,
      0.09188361408882081
    ],
    [
      54,
      0.12474012474012475
    ],
    [
      55,
      0.039660056657223795
    ],
    [
      56,
      0.03151515151515152
    ],
    [
      57,
      0.05677419354838709
    ],
    [
      58,
      0.0570430733410943
    ],
    [
      59,
      0.08955223880597014
    ],
    [
      60,
      0.04630152456239412
    ],
    [
      61,
      0.06429780033840947
    ],
    [
      62,
      0.09424920127795526
    ],
    [
      63,
      0.033506643558636626
    ],
    [
      64,
      0.03867069486404834
    ],
    [
      65,
      0.02968036529680365
    ],
    [
      66,
      0.08683853459972864
    ],
    [
      67,
      0.05914302957151479
    ],
    [
      68,
      0.0489296636085627
    ],
    [
      69,
      0.05953224663359319
    ],
    [
      70,
      0.07207207207207207
    ],
    [
      71,
      0.03084832904884319
    ],
    [
      72,
      0.036719706242350054
    ],
    [
      73,
      0.0870712401055409
    ],
    [
      74,
      0.030750307503075027
    ],
    [
      75,
      0.07106598984771574
    ],
    [
      76,
      0.05089647194910353
    ],
    [
      77,
      0.02472042377869335
    ],
    [
      78,
      0.10018552875695733
    ],
    [
      79,
      0.03876852907639681
    ],
    [
      80,
      0.07171964140179299
    ],
    [
      81,
      0.0729483282674772
    ],
    [
      82,
      0.06392199349945828
    ],
    [
      83,
      0.0646900269541779
    ],
    [
      84,
      0.056013179571663914
    ],
    [
      85,
      0.09882352941176471
    ],
    [
      86,
      0.07526218383713758
    ],
    [
      87,
      0.07106598984771574
    ],
    [
      88,
      0.07053716766142158
    ],
    [
      89,
      0.15724137931034482
    ],
    [
      90,
      0.04558737580362361
    ],
    [
      91,
      0.027570361860999423
    ],
    [
      92,
      0.06868131868131867
    ],
    [
      93,
      0.06907378335949765
    ],
    [
      94,
      0.07035175879396985
    ],
    [
      95,
      0.09340659340659341
    ],
    [
      96,
      0.09241499564080209
    ],
    [
      97,
      0.03956834532374101
    ],
    [
      98,
      0.08229426433915212
    ],
    [
      99,
      0.07924107142857141
    ],
    [
      100,
      0.04667863554757631
    ],
    [
      101,
      0.03914795624640184
    ],
    [
      102,
      0.052417006406523005
    ],
    [
      103,
      0.05093378607809848
    ],
    [
      104,
      0.032564450474898234
    ],
    [
      105,
      0.05419029615626969
    ],
    [
      106,
      0.0563049853372434
    ],
    [
      107,
      0.08946608946608947
    ],
    [
      108,
      0.09015421115065245
    ],
    [
      109,
      0.027343749999999997
    ],
    [
      110,
      0.05792437650844731
    ],
    [
      111,
      0.10288808664259928
    ],
    [
      112,
      0.05892162312395775
    ],
    [
      113,
      0.08880994671403197
    ],
    [
      114,
      0.06736609607951408
    ],
    [
      115,
      0.0296127562642369
    ],
    [
      116,
      0.052109181141439205
    ],
    [
      117,
      0.08695652173913045
    ],
    [
      118,
      0.033381712626995644
    ],
    [
      119,
      0.03904071388733966
    ],
    [
      120,
      0.04376899696048632
    ],
    [
      121,
      0.048751486325802625
    ],
    [
      122,
      0.06204986149584487
    ],
    [
      123,
      0.056179775280898875
    ],
    [
      124,
      0.02220923436586791
    ],
    [
      125,
      0.041103934233705224
    ],
    [
      126,
      0.1039426523297491
    ],
    [
      127,
      0.07023411371237459
    ],
    [
      128,
      0.14948453608247422
    ],
    [
      129,
      0.07627118644067796
    ],
    [
      130,
      0.03686635944700461
    ],
    [
      131,
      0.036518563603164945
    ],
    [
      132,
      0.07451564828614009
    ],
    [
      133,
      0.02763819095477387
    ],
    [
      134,
      0.06551297898640296
    ],
    [
      135,
      0.031496062992125984
    ],
    [
      136,
      0.08530805687203791
    ],
    [
      137,
      0.03420752565564424
    ],
    [
      138,
      0.10509554140127388
    ],
    [
      139,
      0.04101995565410199
    ],
    [
      140,
      0.04091754494730316
    ],
    [
      141,
      0.05838580423583285
    ],
    [
      142,
      0.07659574468085106
    ],
    [
      143,
      0.059113300492610835
    ],
    [
      144,
      0.054761904761904755
    ],
    [
      145,
      0.028768699654775604
    ],
    [
      146,
      0.08168316831683169
    ],
    [
      147,
      0.10052910052910054
    ],
    [
      148,
      0.02264600715137068
    ],
    [
      149,
      0.06557377049180328
    ],
    [
      150,
      0.05432098765432099
    ],
    [
      151,
      0.10070257611241218
    ],
    [
      152,
      0.026365348399246705
    ],
    [
      153,
      0.05563689604685212
    ],
    [
      154,
      0.036514522821576766
    ],
    [
      155,
      0.05925925925925926
    ],
    [
      156,
      0.07453416149068322
    ],
    [
      157,
