{
  "dataset": "QMSum",
  "num_samples": 200,
  "rouge1": 0.2655845215234691,
  "rouge2": 0.052506189264713315,
  "rougeL": 0.15398575800055647,
  "rougeLsum": 0.16026173642151778,
  "per_sample_rougeL": [
    [
      0,
      0.15596330275229356
    ],
    [
      1,
      0.17543859649122803
    ],
    [
      2,
      0.10864197530864197
    ],
    [
      3,
      0.02660989888238425
    ],
    [
      4,
      0.07100591715976332
    ],
    [
      5,
      0.35000000000000003
    ],
    [
      6,
      0.1352657004830918
    ],
    [
      7,
      0.1509433962264151
    ],
    [
      8,
      0.16091954022988506
    ],
    [
      9,
      0.1568627450980392
    ],
    [
      10,
      0.13924050632911394
    ],
    [
      11,
      0.17142857142857143
    ],
    [
      12,
      0.24074074074074073
    ],
    [
      13,
      0.20689655172413793
    ],
    [
      14,
      0.15517241379310348
    ],
    [
      15,
      0.1764705882352941
    ],
    [
      16,
      0.1496062992125984
    ],
    [
      17,
      0.13580246913580246
    ],
    [
      18,
      0.1797752808988764
    ],
    [
      19,
      0.13215859030837002
    ],
    [
      20,
      0.0927536231884058
    ],
    [
      21,
      0.2142857142857143
    ],
    [
      22,
      0.10687022900763359
    ],
    [
      23,
      0.1904761904761905
    ],
    [
      24,
      0
    ],
    [
      25,
      0.15246636771300448
    ],
    [
      26,
      0.19847328244274806
    ],
    [
      27,
      0.1134020618556701
    ],
    [
      28,
      0.13793103448275865
    ],
    [
      29,
      0.10344827586206896
    ],
    [
      30,
      0.14432989690721648
    ],
    [
      31,
      0.13986013986013987
    ],
    [
      32,
      0.15706806282722516
    ],
    [
      33,
      0.17431192660550457
    ],
    [
      34,
      0.2574257425742574
    ],
    [
      35,
      0.16184971098265893
    ],
    [
      36,
      0.17857142857142858
    ],
    [
      37,
      0.16037735849056606
    ],
    [
      38,
      0.12
    ],
    [
      39,
      0.202020202020202
    ],
    [
      40,
      0.15
    ],
    [
      41,
      0.12206572769953052
    ],
    [
      42,
      0.12844036697247707
    ],
    [
      43,
      0.18045112781954886
    ],
    [
      44,
      0.14379084967320263
    ],
    [
      45,
      0
    ],
    [
      46,
      0.14
    ],
    [
      47,
      0.1518987341772152
    ],
    [
      48,
      0.19108280254777069
    ],
    [
      49,
      0.25000000000000006
    ],
    [
      50,
      0.1506276150627615
    ],
    [
      51,
      0.2528735632183908
    ],
    [
      52,
      0.15706806282722516
    ],
    [
      53,
      0
    ],
    [
      54,
      0.19607843137254902
    ],
    [
      55,
      0.1487603305785124
    ],
    [
      56,
      0.1382978723404255
    ],
    [
      57,
      0.18032786885245902
    ],
    [
      58,
      0.03146303093864709
    ],
    [
      59,
      0.1754385964912281
    ],
    [
      60,
      0.15217391304347827
    ],
    [
      61,
      0.15555555555555556
    ],
    [
      62,
      0.03571428571428571
    ],
    [
      63,
      0.125
    ],
    [
      64,
      0.21428571428571427
    ],
    [
      65,
      0.2580645161290323
    ],
    [
      66,
      0.24299065420560745
    ],
    [
      67,
      0.1693121693121693
    ],
    [
      68,
      0.1592920353982301
    ],
    [
      69,
      0.12645161290322582
    ],
    [
      70,
      0.3614457831325302
    ],
    [
      71,
      0.14583333333333334
    ],
    [
      72,
      0.31249999999999994
    ],
    [
      73,
      0.15172413793103448
    ],
    [
      74,
      0.1652892561983471
    ],
    [
      75,
      0.20481927710843376
    ],
    [
      76,
      0.13953488372093023
    ],
    [
      77,
      0.08058608058608059
    ],
    [
      78,
      0.18803418803418806
    ],
    [
      79,
      0.15757575757575756
    ],
    [
      80,
      0.1461187214611872
    ],
    [
      81,
      0.125
    ],
    [
      82,
      0.12987012987012986
    ],
    [
      83,
      0.16513761467889906
    ],
    [
      84,
      0.19095477386934676
    ],
    [
      85,
      0.12686567164179105
    ],
    [
      86,
      0.25196850393700787
    ],
    [
      87,
      0.08144796380090498
    ],
    [
      88,
      0.15441176470588236
    ],
    [
      89,
      0.1929824561403509
    ],
    [
      90,
      0.16425120772946858
    ],
    [
      91,
      0.11494252873563218
    ],
    [
      92,
      0.1111111111111111
    ],
    [
      93,
      0.12142857142857143
    ],
    [
      94,
      0.08823529411764706
    ],
    [
      95,
      0.17346938775510204
    ],
    [
      96,
      0.16580310880829016
    ],
    [
      97,
      0.1686746987951807
    ],
    [
      98,
      0.1176470588235294
    ],
    [
      99,
      0.13533834586466167
    ],
    [
      100,
      0.17679558011049723
    ],
    [
      101,
      0.268041237113402
    ],
    [
      102,
      0.18348623853211007
    ],
    [
      103,
      0.1732283464566929
    ],
    [
      104,
      0.2558139534883721
    ],
    [
      105,
      0
    ],
    [
      106,
      0.1636363636363636
    ],
    [
      107,
      0.14285714285714285
    ],
    [
      108,
      0.20652173913043478
    ],
    [
      109,
      0.15384615384615383
    ],
    [
      110,
      0.14432989690721648
    ],
    [
      111,
      0
    ],
    [
      112,
      0.2389937106918239
    ],
    [
      113,
      0.2081447963800905
    ],
    [
      114,
      0.17674418604651163
    ],
    [
      115,
      0.1094890510948905
    ],
    [
      116,
      0.15873015873015875
    ],
    [
      117,
      0.18072289156626506
    ],
    [
      118,
      0.15602836879432624
    ],
    [
      119,
      0.2647058823529412
    ],
    [
      120,
      0.143646408839779
    ],
    [
      121,
      0.14942528735632182
    ],
    [
      122,
      0
    ],
    [
      123,
      0.10918114143920597
    ],
    [
      124,
      0.14285714285714285
    ],
    [
      125,
      0.12643678160919541
    ],
    [
      126,
      0.2117647058823529
    ],
    [
      127,
      0.130718954248366
    ],
    [
      128,
      0.24390243902439027
    ],
    [
      129,
      0.19512195121951217
    ],
    [
      130,
      0.16753926701570682
    ],
    [
      131,
      0.10526315789473682
    ],
    [
      132,
      0.2138364779874214
    ],
    [
      133,
      0
    ],
    [
      134,
      0.13592233009708737
    ],
    [
      135,
      0.3037974683544304
    ],
    [
      136,
      0.11678832116788321
    ],
    [
      137,
      0.21768707482993196
    ],
    [
      138,
      0.18055555555555555
    ],
    [
      139,
      0.11392405063291139
    ],
    [
      140,
      0.1509433962264151
    ],
    [
      141,
      0.2518518518518518
    ],
    [
      142,
      0.13872832369942198
    ],
    [
      143,
      0.12672176308539945
    ],
    [
      144,
      0.1840490797546012
    ],
    [
      145,
      0.09677419354838711
    ],
    [
      146,
      0
    ],
    [
      147,
      0.14084507042253522
    ],
    [
      148,
      0.16494845360824742
    ],
    [
      149,
      0.13071895424836602
    ],
    [
      150,
      0.1646090534979424
    ],
    [
      151,
      0.2162162162162162
    ],
    [
      152,
      0.2285714285714286
    ],
    [
      153,
      0.13533834586466165
    ],
    [
      154,
      0.2727272727272727
    ],
    [
      155,
      0.15602836879432624
    ],
    [
      156,
      0.1534090909090909
    ],
    [
      157,
      0.1095890410958904
    ],
    [
      158,
      0.15228426395939088
    ],
    [
      159,
      0.17600000000000002
    ],
    [
      160,
      0.19318181818181818
    ],
    [
      161,
      0.15384615384615385
    ],
    [
      162,
      0.152046783625731
    ],
    [
      163,
