{
  "dataset": "QMSum",
  "num_samples": 200,
  "rouge1": 0.05628303154943291,
  "rouge2": 0.012979112909340805,
  "rougeL": 0.041817030070680536,
  "rougeLsum": 0.04243460871803109,
  "per_sample_rougeL": [
    [
      0,
      0.10738255033557047
    ],
    [
      1,
      0.050673854447439354
    ],
    [
      2,
      0.050618672665916756
    ],
    [
      3,
      0.109375
    ],
    [
      4,
      0.01446051167964405
    ],
    [
      5,
      0.18686868686868688
    ],
    [
      6,
      0.029442691903259724
    ],
    [
      7,
      0.037076271186440676
    ],
    [
      8,
      0.02216358839050132
    ],
    [
      9,
      0.027484143763213533
    ],
    [
      10,
      0.02519167579408543
    ],
    [
      11,
      0.04955947136563876
    ],
    [
      12,
      0.017250673854447438
    ],
    [
      13,
      0.047545219638242896
    ],
    [
      14,
      0.05882352941176471
    ],
    [
      15,
      0.02903225806451613
    ],
    [
      16,
      0.052801724137931036
    ],
    [
      17,
      0.029629629629629634
    ],
    [
      18,
      0.046201232032854214
    ],
    [
      19,
      0.03796095444685466
    ],
    [
      20,
      0.024416135881104032
    ],
    [
      21,
      0.08588957055214726
    ],
    [
      22,
      0.020364415862808145
    ],
    [
      23,
      0.03590040532715692
    ],
    [
      24,
      0.03984921917070544
    ],
    [
      25,
      0.05830903790087463
    ],
    [
      26,
      0.03577235772357723
    ],
    [
      27,
      0.02303894679100384
    ],
    [
      28,
      0.04145658263305322
    ],
    [
      29,
      0.031476997578692496
    ],
    [
      30,
      0.03947368421052632
    ],
    [
      31,
      0.023783783783783784
    ],
    [
      32,
      0.053734551316496515
    ],
    [
      33,
      0.048142333856619576
    ],
    [
      34,
      0.02993348115299335
    ],
    [
      35,
      0.03808487486398259
    ],
    [
      36,
      0.038918918918918924
    ],
    [
      37,
      0.04208194905869324
    ],
    [
      38,
      0.0222104706504495
    ],
    [
      39,
      0.027233115468409584
    ],
    [
      40,
      0.04184100418410042
    ],
    [
      41,
      0.12085769980506822
    ],
    [
      42,
      0.03771551724137931
    ],
    [
      43,
      0.036204059243006036
    ],
    [
      44,
      0.06940874035989716
    ],
    [
      45,
      0.036223929747530186
    ],
    [
      46,
      0.031504065040650404
    ],
    [
      47,
      0.030565461029037188
    ],
    [
      48,
      0.03492957746478873
    ],
    [
      49,
      0.03356481481481482
    ],
    [
      50,
      0.0318331503841932
    ],
    [
      51,
      0.05693950177935943
    ],
    [
      52,
      0.06259314456035768
    ],
    [
      53,
      0.03429203539823009
    ],
    [
      54,
      0.03389830508474576
    ],
    [
      55,
      0.04113396331295164
    ],
    [
      56,
      0.02481389578163772
    ],
    [
      57,
      0.03028603477285474
    ],
    [
      58,
      0.04025301897642323
    ],
    [
      59,
      0.029189189189189193
    ],
    [
      60,
      0.03358613217768148
    ],
    [
      61,
      0.042358328563251293
    ],
    [
      62,
      0.07786885245901638
    ],
    [
      63,
      0.03728070175438596
    ],
    [
      64,
      0.027397260273972598
    ],
    [
      65,
      0.02904290429042904
    ],
    [
      66,
      0.043478260869565216
    ],
    [
      67,
      0.059598853868194836
    ],
    [
      68,
      0.03819628647214854
    ],
    [
      69,
      0.0438034188034188
    ],
    [
      70,
      0.025813113061435206
    ],
    [
      71,
      0.0392156862745098
    ],
    [
      72,
      0.0273972602739726
    ],
    [
      73,
      0.044204851752021566
    ],
    [
      74,
      0.025243832472748133
    ],
    [
      75,
      0.05319148936170213
    ],
    [
      76,
      0.044803982576228994
    ],
    [
      77,
      0.020585048754062838
    ],
    [
      78,
      0.04741379310344828
    ],
    [
      79,
      0.0389268805891636
    ],
    [
      80,
      0.053846153846153856
    ],
    [
      81,
      0.035199999999999995
    ],
    [
      82,
      0.05507394186639469
    ],
    [
      83,
      0.036860879904875146
    ],
    [
      84,
      0.049357326478149104
    ],
    [
      85,
      0.05338078291814946
    ],
    [
      86,
      0.06994535519125684
    ],
    [
      87,
      0.032926181625066386
    ],
    [
      88,
      0.058293587705352416
    ],
    [
      89,
      0.04734945959855893
    ],
    [
      90,
      0.035902851108764525
    ],
    [
      91,
      0.017897091722595078
    ],
    [
      92,
      0.03728070175438596
    ],
    [
      93,
      0.05664263645726056
    ],
    [
      94,
      0.022888283378746592
    ],
    [
      95,
      0.058201058201058205
    ],
    [
      96,
      0.04913748039728175
    ],
    [
      97,
      0.037673130193905814
    ],
    [
      98,
      0.038702928870292884
    ],
    [
      99,
      0.08681842244573848
    ],
    [
      100,
      0.03569303985722783
    ],
    [
      101,
      0.030075187969924817
    ],
    [
      102,
      0.04004329004329004
    ],
    [
      103,
      0.04051172707889126
    ],
    [
      104,
      0.025915492957746478
    ],
    [
      105,
      0.050688705234159775
    ],
    [
      106,
      0.04772004241781548
    ],
    [
      107,
      0.03539823008849558
    ],
    [
      108,
      0.04580152671755725
    ],
    [
      109,
      0.020629750271444085
    ],
    [
      110,
      0.04473219540906415
    ],
    [
      111,
      0.06295907660020987
    ],
    [
      112,
      0.047439353099730464
    ],
    [
      113,
      0.06737367436057391
    ],
    [
      114,
      0.06253687315634218
    ],
    [
      115,
      0.03204747774480712
    ],
    [
      116,
      0.04223064428803465
    ],
    [
      117,
      0.041731872717788214
    ],
    [
      118,
      0.025764895330112725
    ],
    [
      119,
      0.0356581017304667
    ],
    [
      120,
      0.04280618311533888
    ],
    [
      121,
      0.04099935938500961
    ],
    [
      122,
      0.048884165781083955
    ],
    [
      123,
      0.04616998950682056
    ],
    [
      124,
      0.014130434782608696
    ],
    [
      125,
      0.034820457018498376
    ],
    [
      126,
      0.030752333882482146
    ],
    [
      127,
      0.03001667593107282
    ],
    [
      128,
      0.058984161660294916
    ],
    [
      129,
      0.02735229759299781
    ],
    [
      130,
      0.037178786221979225
    ],
    [
      131,
      0.02374222724703222
    ],
    [
      132,
      0.032943676939426146
    ],
    [
      133,
      0.024070021881838075
    ],
    [
      134,
      0.06122448979591837
    ],
    [
      135,
      0.027012425715829284
    ],
    [
      136,
      0.05486284289276807
    ],
    [
      137,
      0.024905251759610177
    ],
    [
      138,
      0.0384204909284952
    ],
    [
      139,
      0.02386363636363636
    ],
    [
      140,
      0.03727369542066027
    ],
    [
      141,
      0.04815229563269877
    ],
    [
      142,
      0.04978813559322034
    ],
    [
      143,
      0.05534454693434617
    ],
    [
      144,
      0.0399002493765586
    ],
    [
      145,
      0.028745163073521283
    ],
    [
      146,
      0.05720228809152366
    ],
    [
      147,
      0.038482682792743264
    ],
    [
      148,
      0.02243409983174425
    ],
    [
      149,
      0.03693340794627868
    ],
    [
      150,
      0.03701626472237802
    ],
    [
      151,
      0.05691519635742743
    ],
    [
      152,
      0.021026592455163886
    ],
    [
      153,
      0.021134593993325915
    ],
    [
      154,
      0.0193029490616622
    ],
    [
      155,
      0.04393190554640308
    ],
    [
      156,
      0.03953871499176277
    ],
    [
