{
  "dataset": "QMSum",
  "num_samples": 200,
  "rouge1": 0.06527540776722968,
  "rouge2": 0.019181892133486696,
  "rougeL": 0.04610377496890984,
  "rougeLsum": 0.056899380607932606,
  "per_sample_rougeL": [
    [
      0,
      0.0608187134502924
    ],
    [
      1,
      0.044002095337873234
    ],
    [
      2,
      0.05780346820809249
    ],
    [
      3,
      0.032123735871505056
    ],
    [
      4,
      0.013698630136986302
    ],
    [
      5,
      0.04891304347826087
    ],
    [
      6,
      0.036676217765042984
    ],
    [
      7,
      0.032017075773746
    ],
    [
      8,
      0.029900332225913626
    ],
    [
      9,
      0.02555168408826946
    ],
    [
      10,
      0.02925687536571094
    ],
    [
      11,
      0.061521252796420595
    ],
    [
      12,
      0.0274914089347079
    ],
    [
      13,
      0.05359179019384264
    ],
    [
      14,
      0.06288601909039866
    ],
    [
      15,
      0.03405754550792719
    ],
    [
      16,
      0.0549386323787259
    ],
    [
      17,
      0.034159779614325064
    ],
    [
      18,
      0.10097719869706841
    ],
    [
      19,
      0.03790412486064659
    ],
    [
      20,
      0.0333909038572251
    ],
    [
      21,
      0.03315571343990527
    ],
    [
      22,
      0.03623188405797101
    ],
    [
      23,
      0.03536977491961414
    ],
    [
      24,
      0.04302261445118588
    ],
    [
      25,
      0.06620395088093965
    ],
    [
      26,
      0.0547945205479452
    ],
    [
      27,
      0.02902055622732769
    ],
    [
      28,
      0.047477744807121657
    ],
    [
      29,
      0.05263157894736842
    ],
    [
      30,
      0.041403105232892465
    ],
    [
      31,
      0.03003003003003003
    ],
    [
      32,
      0.06298276886512182
    ],
    [
      33,
      0.04769828064337215
    ],
    [
      34,
      0.039053254437869826
    ],
    [
      35,
      0.04806116876024031
    ],
    [
      36,
      0.041025641025641026
    ],
    [
      37,
      0.045328911000552786
    ],
    [
      38,
      0.028888888888888888
    ],
    [
      39,
      0.022415940224159405
    ],
    [
      40,
      0.050487664945496266
    ],
    [
      41,
      0.05864751645721125
    ],
    [
      42,
      0.05546311702717692
    ],
    [
      43,
      0.04692082111436951
    ],
    [
      44,
      0.04324324324324323
    ],
    [
      45,
      0.04418604651162791
    ],
    [
      46,
      0.04988399071925754
    ],
    [
      47,
      0.050245767340251234
    ],
    [
      48,
      0.04128440366972477
    ],
    [
      49,
      0.03608529250956807
    ],
    [
      50,
      0.04886561954624782
    ],
    [
      51,
      0.06437768240343349
    ],
    [
      52,
      0.03180011357183419
    ],
    [
      53,
      0.04592422502870264
    ],
    [
      54,
      0.04374240583232077
    ],
    [
      55,
      0.0386058981233244
    ],
    [
      56,
      0.030699260943718023
    ],
    [
      57,
      0.033351862145636464
    ],
    [
      58,
      0.04919016196760648
    ],
    [
      59,
      0.04592673592126845
    ],
    [
      60,
      0.041919470490899065
    ],
    [
      61,
      0.042577675489067886
    ],
    [
      62,
      0.08130081300813008
    ],
    [
      63,
      0.07555555555555554
    ],
    [
      64,
      0.036900369003690044
    ],
    [
      65,
      0.034521158129175944
    ],
    [
      66,
      0.048500319081046586
    ],
    [
      67,
      0.07160493827160494
    ],
    [
      68,
      0.048723897911832945
    ],
    [
      69,
      0.0478134110787172
    ],
    [
      70,
      0.031560490940970194
    ],
    [
      71,
      0.03914795624640184
    ],
    [
      72,
      0.0286697247706422
    ],
    [
      73,
      0.043995243757431635
    ],
    [
      74,
      0.029697315819531698
    ],
    [
      75,
      0.06409560021727322
    ],
    [
      76,
      0.04928366762177651
    ],
    [
      77,
      0.02173913043478261
    ],
    [
      78,
      0.0484314804623005
    ],
    [
      79,
      0.04009163802978236
    ],
    [
      80,
      0.05303867403314917
    ],
    [
      81,
      0.03758542141230068
    ],
    [
      82,
      0.06951026856240126
    ],
    [
      83,
      0.03636363636363636
    ],
    [
      84,
      0.05942857142857144
    ],
    [
      85,
      0.0539647577092511
    ],
    [
      86,
      0.08571428571428572
    ],
    [
      87,
      0.04234724742891712
    ],
    [
      88,
      0.12162162162162164
    ],
    [
      89,
      0.07713199348180337
    ],
    [
      90,
      0.10526315789473685
    ],
    [
      91,
      0.026533996683250415
    ],
    [
      92,
      0.03465623253214086
    ],
    [
      93,
      0.05673758865248227
    ],
    [
      94,
      0.03492433061699651
    ],
    [
      95,
      0.06469604015616286
    ],
    [
      96,
      0.06990715456034954
    ],
    [
      97,
      0.03777904979965655
    ],
    [
      98,
      0.0449561403508772
    ],
    [
      99,
      0.08413205537806177
    ],
    [
      100,
      0.04753623188405797
    ],
    [
      101,
      0.03676048248133256
    ],
    [
      102,
      0.04886561954624782
    ],
    [
      103,
      0.04864253393665159
    ],
    [
      104,
      0.032407407407407406
    ],
    [
      105,
      0.05613648871766649
    ],
    [
      106,
      0.05857294994675186
    ],
    [
      107,
      0.04825090470446321
    ],
    [
      108,
      0.04794520547945205
    ],
    [
      109,
      0.02537485582468281
    ],
    [
      110,
      0.041042706600110924
    ],
    [
      111,
      0.11991869918699186
    ],
    [
      112,
      0.06122448979591837
    ],
    [
      113,
      0.0675990675990676
    ],
    [
      114,
      0.057765667574931887
    ],
    [
      115,
      0.03051643192488263
    ],
    [
      116,
      0.05296343001261034
    ],
    [
      117,
      0.04601571268237935
    ],
    [
      118,
      0.028074115665356544
    ],
    [
      119,
      0.039119804400977995
    ],
    [
      120,
      0.0415464512406232
    ],
    [
      121,
      0.045819014891179836
    ],
    [
      122,
      0.04934210526315789
    ],
    [
      123,
      0.05562579013906447
    ],
    [
      124,
      0.026086956521739132
    ],
    [
      125,
      0.048163756773028296
    ],
    [
      126,
      0.03752131893121091
    ],
    [
      127,
      0.03830041891083184
    ],
    [
      128,
      0.0741190765492102
    ],
    [
      129,
      0.036322360953461974
    ],
    [
      130,
      0.04062681369704004
    ],
    [
      131,
      0.03476245654692932
    ],
    [
      132,
      0.0431328036322361
    ],
    [
      133,
      0.027155465037338768
    ],
    [
      134,
      0.07180694526191878
    ],
    [
      135,
      0.030023094688221712
    ],
    [
      136,
      0.0797752808988764
    ],
    [
      137,
      0.03470213996529786
    ],
    [
      138,
      0.0440771349862259
    ],
    [
      139,
      0.034197462768891344
    ],
    [
      140,
      0.03703703703703704
    ],
    [
      141,
      0.06132075471698114
    ],
    [
      142,
      0.06208425720620843
    ],
    [
      143,
      0.05643340857787811
    ],
    [
      144,
      0.057271195957327346
    ],
    [
      145,
      0.029902242668200112
    ],
    [
      146,
      0.051404662283323375
    ],
    [
      147,
      0.039298990971853416
    ],
    [
      148,
      0.0210896309314587
    ],
    [
      149,
      0.043304843304843306
    ],
    [
      150,
      0.05210183540556543
    ],
    [
      151,
      0.06403659233847912
    ],
    [
      152,
      0.026143790849673203
    ],
    [
      153,
      0.027042253521126755
    ],
    [
      154,
      0.024957458876914352
    ],
    [
      155,
      0.03901895206243033
    ],
    [
      156,
      0.050724637681159424
    ],
    [
      157,
