{
  "dataset": "QMSum",
  "num_samples": 200,
  "rouge1": 0.23023711077517894,
  "rouge2": 0.043972984412384064,
  "rougeL": 0.1352605653015305,
  "rougeLsum": 0.1438887005734543,
  "per_sample_rougeL": [
    [
      0,
      0.09935205183585313
    ],
    [
      1,
      0.13806706114398423
    ],
    [
      2,
      0.05225653206650831
    ],
    [
      3,
      0.067842605156038
    ],
    [
      4,
      0.08536585365853658
    ],
    [
      5,
      0.17433414043583537
    ],
    [
      6,
      0
    ],
    [
      7,
      0.13574660633484162
    ],
    [
      8,
      0.22222222222222224
    ],
    [
      9,
      0.1408450704225352
    ],
    [
      10,
      0.225
    ],
    [
      11,
      0.15311004784688995
    ],
    [
      12,
      0.2033898305084746
    ],
    [
      13,
      0.1782178217821782
    ],
    [
      14,
      0.14465408805031446
    ],
    [
      15,
      0.15483870967741933
    ],
    [
      16,
      0.13235294117647062
    ],
    [
      17,
      0.15555555555555556
    ],
    [
      18,
      0.11111111111111112
    ],
    [
      19,
      0.10682492581602374
    ],
    [
      20,
      0.10471204188481675
    ],
    [
      21,
      0.027762354247640203
    ],
    [
      22,
      0.13084112149532712
    ],
    [
      23,
      0.1857142857142857
    ],
    [
      24,
      0
    ],
    [
      25,
      0.1607717041800643
    ],
    [
      26,
      0.14457831325301204
    ],
    [
      27,
      0.1487603305785124
    ],
    [
      28,
      0.16286644951140067
    ],
    [
      29,
      0.10483870967741936
    ],
    [
      30,
      0.15165876777251183
    ],
    [
      31,
      0.1021276595744681
    ],
    [
      32,
      0.046126552335895916
    ],
    [
      33,
      0.1641025641025641
    ],
    [
      34,
      0.2105263157894737
    ],
    [
      35,
      0.19199999999999998
    ],
    [
      36,
      0.16071428571428573
    ],
    [
      37,
      0.056704980842911874
    ],
    [
      38,
      0.15254237288135591
    ],
    [
      39,
      0.2558139534883721
    ],
    [
      40,
      0.15151515151515152
    ],
    [
      41,
      0.16483516483516483
    ],
    [
      42,
      0.10666666666666667
    ],
    [
      43,
      0
    ],
    [
      44,
      0.12834224598930485
    ],
    [
      45,
      0.10207336523125997
    ],
    [
      46,
      0.14184397163120566
    ],
    [
      47,
      0
    ],
    [
      48,
      0.15517241379310345
    ],
    [
      49,
      0.1651376146788991
    ],
    [
      50,
      0.04410911201392919
    ],
    [
      51,
      0.1702127659574468
    ],
    [
      52,
      0.15789473684210528
    ],
    [
      53,
      0
    ],
    [
      54,
      0.16129032258064516
    ],
    [
      55,
      0.15384615384615383
    ],
    [
      56,
      0.10112359550561797
    ],
    [
      57,
      0.1463414634146341
    ],
    [
      58,
      0.18032786885245902
    ],
    [
      59,
      0.15037593984962408
    ],
    [
      60,
      0.1553398058252427
    ],
    [
      61,
      0.1507537688442211
    ],
    [
      62,
      0.0
    ],
    [
      63,
      0.14354066985645933
    ],
    [
      64,
      0.23437500000000003
    ],
    [
      65,
      0.2758620689655172
    ],
    [
      66,
      0.20689655172413793
    ],
    [
      67,
      0.13658536585365855
    ],
    [
      68,
      0.10894941634241244
    ],
    [
      69,
      0.1391304347826087
    ],
    [
      70,
      0.3278688524590164
    ],
    [
      71,
      0.16091954022988506
    ],
    [
      72,
      0.20338983050847456
    ],
    [
      73,
      0.176271186440678
    ],
    [
      74,
      0.196078431372549
    ],
    [
      75,
      0.17142857142857146
    ],
    [
      76,
      0.15028901734104047
    ],
    [
      77,
      0.1
    ],
    [
      78,
      0.22580645161290322
    ],
    [
      79,
      0.03879310344827586
    ],
    [
      80,
      0.18357487922705315
    ],
    [
      81,
      0.10759493670886078
    ],
    [
      82,
      0
    ],
    [
      83,
      0.38202247191011235
    ],
    [
      84,
      0.04250295159386069
    ],
    [
      85,
      0.1452145214521452
    ],
    [
      86,
      0.21052631578947367
    ],
    [
      87,
      0.1590909090909091
    ],
    [
      88,
      0.1405152224824356
    ],
    [
      89,
      0.34013605442176864
    ],
    [
      90,
      0.1904761904761905
    ],
    [
      91,
      0.025943396226415096
    ],
    [
      92,
      0.11956521739130435
    ],
    [
      93,
      0.12471131639722864
    ],
    [
      94,
      0.09655172413793102
    ],
    [
      95,
      0.1735159817351598
    ],
    [
      96,
      0.1797752808988764
    ],
    [
      97,
      0.23529411764705882
    ],
    [
      98,
      0.14035087719298245
    ],
    [
      99,
      0.15286624203821658
    ],
    [
      100,
      0.19653179190751446
    ],
    [
      101,
      0.06659505907626209
    ],
    [
      102,
      0.1471861471861472
    ],
    [
      103,
      0.04277516953573292
    ],
    [
      104,
      0
    ],
    [
      105,
      0
    ],
    [
      106,
      0.1568627450980392
    ],
    [
      107,
      0.14953271028037382
    ],
    [
      108,
      0.13818181818181818
    ],
    [
      109,
      0.1951219512195122
    ],
    [
      110,
      0.10570824524312897
    ],
    [
      111,
      0.16666666666666666
    ],
    [
      112,
      0.18320610687022904
    ],
    [
      113,
      0.19387755102040816
    ],
    [
      114,
      0.1680672268907563
    ],
    [
      115,
      0.0816326530612245
    ],
    [
      116,
      0.1643835616438356
    ],
    [
      117,
      0.19801980198019803
    ],
    [
      118,
      0.0755813953488372
    ],
    [
      119,
      0.2647058823529412
    ],
    [
      120,
      0.15476190476190477
    ],
    [
      121,
      0.13333333333333333
    ],
    [
      122,
      0.10426540284360189
    ],
    [
      123,
      0.04
    ],
    [
      124,
      0.1386138613861386
    ],
    [
      125,
      0.13259668508287295
    ],
    [
      126,
      0.2035928143712575
    ],
    [
      127,
      0.13793103448275862
    ],
    [
      128,
      0.06749156355455568
    ],
    [
      129,
      0.22857142857142856
    ],
    [
      130,
      0.2125
    ],
    [
      131,
      0.136986301369863
    ],
    [
      132,
      0.11898016997167139
    ],
    [
      133,
      0.23655913978494625
    ],
    [
      134,
      0.16603773584905662
    ],
    [
      135,
      0.2278481012658228
    ],
    [
      136,
      0
    ],
    [
      137,
      0.18309859154929575
    ],
    [
      138,
      0.14285714285714285
    ],
    [
      139,
      0.10294117647058824
    ],
    [
      140,
      0.125
    ],
    [
      141,
      0
    ],
    [
      142,
      0.1226993865030675
    ],
    [
      143,
      0.2
    ],
    [
      144,
      0.16393442622950818
    ],
    [
      145,
      0.111731843575419
    ],
    [
      146,
      0
    ],
    [
      147,
      0.042857142857142864
    ],
    [
      148,
      0.05831903945111492
    ],
    [
      149,
      0.028384279475982533
    ],
    [
      150,
      0.15228426395939088
    ],
    [
      151,
      0.18978102189781024
    ],
    [
      152,
      0.06896551724137931
    ],
    [
      153,
      0.13333333333333336
    ],
    [
      154,
      0
    ],
    [
      155,
      0.10410958904109589
    ],
    [
      156,
      0.11851851851851852
    ],
    [
      157,
      0.09523809523809523
    ],
    [
      158,
      0.15384615384615383
    ],
    [
      159,
      0.16
    ],
    [
      160,
      0.20304568527918782
    ],
    [
      161,
      0.15503875968992248
    ],
    [
      162,
      0.09133858267716535
    ],
    [
      163,
      0.08092485549132948
    ],
    [
      164,
      0.16666666666666666
    ],
    [
      165,
