{
  "dataset": "QMSum",
  "num_samples": 200,
  "rouge1": 0.1381403809586844,
  "rouge2": 0.03246889655267729,
  "rougeL": 0.08759686597381167,
  "rougeLsum": 0.09712759341802735,
  "per_sample_rougeL": [
    [
      0,
      0.06108597285067873
    ],
    [
      1,
      0.053017484489565704
    ],
    [
      2,
      0.05149210064365125
    ],
    [
      3,
      0.07111111111111111
    ],
    [
      4,
      0.10714285714285714
    ],
    [
      5,
      0.24999999999999994
    ],
    [
      6,
      0.07109004739336493
    ],
    [
      7,
      0.20253164556962025
    ],
    [
      8,
      0.20512820512820515
    ],
    [
      9,
      0.15384615384615385
    ],
    [
      10,
      0.20930232558139533
    ],
    [
      11,
      0.1836734693877551
    ],
    [
      12,
      0.21276595744680848
    ],
    [
      13,
      0.23333333333333334
    ],
    [
      14,
      0.16289592760180996
    ],
    [
      15,
      0.17699115044247787
    ],
    [
      16,
      0.12927756653992395
    ],
    [
      17,
      0
    ],
    [
      18,
      0.1473684210526316
    ],
    [
      19,
      0.10958904109589042
    ],
    [
      20,
      0.06466512702078522
    ],
    [
      21,
      0.2571428571428571
    ],
    [
      22,
      0.11155378486055777
    ],
    [
      23,
      0
    ],
    [
      24,
      0.09174311926605505
    ],
    [
      25,
      0.1460674157303371
    ],
    [
      26,
      0.14671814671814673
    ],
    [
      27,
      0.028933092224231467
    ],
    [
      28,
      0.11940298507462685
    ],
    [
      29,
      0.06044678055190538
    ],
    [
      30,
      0.192090395480226
    ],
    [
      31,
      0.13253012048192772
    ],
    [
      32,
      0.09371146732429099
    ],
    [
      33,
      0.1904761904761905
    ],
    [
      34,
      0.2444444444444445
    ],
    [
      35,
      0.14925373134328357
    ],
    [
      36,
      0.15
    ],
    [
      37,
      0.04043905257076834
    ],
    [
      38,
      0.0979591836734694
    ],
    [
      39,
      0.1951219512195122
    ],
    [
      40,
      0.1212121212121212
    ],
    [
      41,
      0.1627906976744186
    ],
    [
      42,
      0.13076923076923078
    ],
    [
      43,
      0.10526315789473684
    ],
    [
      44,
      0.14285714285714285
    ],
    [
      45,
      0
    ],
    [
      46,
      0.11764705882352942
    ],
    [
      47,
      0.16
    ],
    [
      48,
      0.0606060606060606
    ],
    [
      49,
      0.14285714285714285
    ],
    [
      50,
      0.12034383954154727
    ],
    [
      51,
      0.22099447513812157
    ],
    [
      52,
      0.15789473684210528
    ],
    [
      53,
      0.09206349206349208
    ],
    [
      54,
      0
    ],
    [
      55,
      0.16574585635359115
    ],
    [
      56,
      0.11320754716981134
    ],
    [
      57,
      0.036151603498542274
    ],
    [
      58,
      0.13953488372093023
    ],
    [
      59,
      0.14893617021276595
    ],
    [
      60,
      0.1437125748502994
    ],
    [
      61,
      0.16326530612244897
    ],
    [
      62,
      0.012269938650306747
    ],
    [
      63,
      0.11724137931034484
    ],
    [
      64,
      0.21714285714285717
    ],
    [
      65,
      0.2558139534883721
    ],
    [
      66,
      0.18633540372670807
    ],
    [
      67,
      0.1610738255033557
    ],
    [
      68,
      0.11483253588516745
    ],
    [
      69,
      0.13333333333333333
    ],
    [
      70,
      0.10021786492374729
    ],
    [
      71,
      0.2201834862385321
    ],
    [
      72,
      0.25974025974025977
    ],
    [
      73,
      0.043981481481481476
    ],
    [
      74,
      0.023504273504273508
    ],
    [
      75,
      0.058790904048807546
    ],
    [
      76,
      0.04336043360433605
    ],
    [
      77,
      0.05322128851540616
    ],
    [
      78,
      0.05101449275362319
    ],
    [
      79,
      0.04056338028169013
    ],
    [
      80,
      0.05309734513274336
    ],
    [
      81,
      0.04195804195804195
    ],
    [
      82,
      0.06885593220338983
    ],
    [
      83,
      0.06609195402298852
    ],
    [
      84,
      0.04669260700389105
    ],
    [
      85,
      0.08847736625514405
    ],
    [
      86,
      0.08018867924528303
    ],
    [
      87,
      0.043213296398891966
    ],
    [
      88,
      0.06080707573244886
    ],
    [
      89,
      0.16
    ],
    [
      90,
      0.047619047619047616
    ],
    [
      91,
      0.02644628099173554
    ],
    [
      92,
      0.039886039886039885
    ],
    [
      93,
      0.061572292468389224
    ],
    [
      94,
      0.02873204247345409
    ],
    [
      95,
      0.06847045831032578
    ],
    [
      96,
      0.07174887892376682
    ],
    [
      97,
      0.1206896551724138
    ],
    [
      98,
      0.03693931398416887
    ],
    [
      99,
      0.12412412412412413
    ],
    [
      100,
      0.09763779527559056
    ],
    [
      101,
      0.030525720746184284
    ],
    [
      102,
      0.04870301746956061
    ],
    [
      103,
      0.10894941634241245
    ],
    [
      104,
      0.08849557522123894
    ],
    [
      105,
      0.05029427501337613
    ],
    [
      106,
      0.05307855626326964
    ],
    [
      107,
      0.10830324909747292
    ],
    [
      108,
      0.052173913043478265
    ],
    [
      109,
      0.030606238964096522
    ],
    [
      110,
      0.044018058690744925
    ],
    [
      111,
      0.14323607427055704
    ],
    [
      112,
      0.05302226935312831
    ],
    [
      113,
      0.06700167504187604
    ],
    [
      114,
      0.0631578947368421
    ],
    [
      115,
      0.02823818293431553
    ],
    [
      116,
      0.11410459587955626
    ],
    [
      117,
      0.047182175622542594
    ],
    [
      118,
      0.06463195691202872
    ],
    [
      119,
      0.033937975424224685
    ],
    [
      120,
      0.03917301414581066
    ],
    [
      121,
      0.051513200257566
    ],
    [
      122,
      0.03599550056242969
    ],
    [
      123,
      0.051474530831099194
    ],
    [
      124,
      0.0641025641025641
    ],
    [
      125,
      0.0785413744740533
    ],
    [
      126,
      0.034763715372080395
    ],
    [
      127,
      0.07648183556405354
    ],
    [
      128,
      0.060968971148611856
    ],
    [
      129,
      0.03525264394829612
    ],
    [
      130,
      0.035181236673773986
    ],
    [
      131,
      0.028058361391694726
    ],
    [
      132,
      0.04605641911341393
    ],
    [
      133,
      0.05790108564535586
    ],
    [
      134,
      0.0639470782800441
    ],
    [
      135,
      0.027577937649880094
    ],
    [
      136,
      0.07547169811320754
    ],
    [
      137,
      0.09071274298056155
    ],
    [
      138,
      0.13279678068410464
    ],
    [
      139,
      0.06980273141122914
    ],
    [
      140,
      0.04105571847507331
    ],
    [
      141,
      0.05845272206303725
    ],
    [
      142,
      0.0940438871473354
    ],
    [
      143,
      0.051338066630256696
    ],
    [
      144,
      0.05433526011560693
    ],
    [
      145,
      0.028344671201814057
    ],
    [
      146,
      0.08786610878661089
    ],
    [
      147,
      0.09317803660565725
    ],
    [
      148,
      0.11604095563139932
    ],
    [
      149,
      0.035207268597387854
    ],
    [
      150,
      0.047678795483061476
    ],
    [
      151,
      0.12023460410557185
    ],
    [
      152,
      0.023735165521549032
    ],
    [
      153,
      0.022197558268590455
    ],
    [
      154,
      0.028053769725306838
    ],
    [
      155,
      0.08043478260869565
    ],
    [
      156,
      0.05217391304347826
    ],
    [
      157,
      0.03444034440344403
    ],
    [
      158,
      0.09777777777777777
    ],
    [
      159,
      0.09540636042402827
    ],
    [
      160,
