{
  "dataset": "QMSum",
  "num_samples": 200,
  "rouge1": 0.09425758593801298,
  "rouge2": 0.025569871606640884,
  "rougeL": 0.06364584186595071,
  "rougeLsum": 0.07273685318480061,
  "per_sample_rougeL": [
    [
      0,
      0.10319410319410319
    ],
    [
      1,
      0.046013911182450504
    ],
    [
      2,
      0.04578447794528197
    ],
    [
      3,
      0.07876712328767124
    ],
    [
      4,
      0.036011080332409975
    ],
    [
      5,
      0.13865546218487393
    ],
    [
      6,
      0.0679886685552408
    ],
    [
      7,
      0.03260258572231591
    ],
    [
      8,
      0.02678093197643278
    ],
    [
      9,
      0.06397306397306397
    ],
    [
      10,
      0.025761124121779864
    ],
    [
      11,
      0.04948897256589565
    ],
    [
      12,
      0.07465618860510807
    ],
    [
      13,
      0.14644351464435149
    ],
    [
      14,
      0.054024255788313116
    ],
    [
      15,
      0.06741573033707865
    ],
    [
      16,
      0.05748373101952278
    ],
    [
      17,
      0.08775137111517368
    ],
    [
      18,
      0.09337676438653637
    ],
    [
      19,
      0.07796101949025487
    ],
    [
      20,
      0.05882352941176471
    ],
    [
      21,
      0.07936507936507937
    ],
    [
      22,
      0.03198172472872644
    ],
    [
      23,
      0.08766233766233766
    ],
    [
      24,
      0.04850361197110422
    ],
    [
      25,
      0.11716621253405995
    ],
    [
      26,
      0.04640883977900552
    ],
    [
      27,
      0.10588235294117647
    ],
    [
      28,
      0.044931506849315066
    ],
    [
      29,
      0.0639269406392694
    ],
    [
      30,
      0.06066350710900474
    ],
    [
      31,
      0.02753303964757709
    ],
    [
      32,
      0.14601769911504425
    ],
    [
      33,
      0.04782146652497343
    ],
    [
      34,
      0.044307692307692305
    ],
    [
      35,
      0.08823529411764706
    ],
    [
      36,
      0.03773584905660378
    ],
    [
      37,
      0.0433996383363472
    ],
    [
      38,
      0.062402496099843996
    ],
    [
      39,
      0.025799214806505887
    ],
    [
      40,
      0.1021897810218978
    ],
    [
      41,
      0.04827586206896552
    ],
    [
      42,
      0.061693774537296686
    ],
    [
      43,
      0.04282407407407408
    ],
    [
      44,
      0.039812646370023415
    ],
    [
      45,
      0.04275534441805226
    ],
    [
      46,
      0.10943396226415095
    ],
    [
      47,
      0.044617958728388175
    ],
    [
      48,
      0.09872029250457039
    ],
    [
      49,
      0.03711790393013101
    ],
    [
      50,
      0.0371445153801509
    ],
    [
      51,
      0.06548577563070317
    ],
    [
      52,
      0.07218045112781954
    ],
    [
      53,
      0.1014799154334038
    ],
    [
      54,
      0.03626373626373627
    ],
    [
      55,
      0.041467304625199354
    ],
    [
      56,
      0.05501618122977346
    ],
    [
      57,
      0.06747638326585696
    ],
    [
      58,
      0.13725490196078433
    ],
    [
      59,
      0.0421377183967112
    ],
    [
      60,
      0.10297029702970296
    ],
    [
      61,
      0.06948356807511737
    ],
    [
      62,
      0.08531317494600432
    ],
    [
      63,
      0.060737527114967466
    ],
    [
      64,
      0.032667876588021776
    ],
    [
      65,
      0.03250145095763204
    ],
    [
      66,
      0.10930576070901034
    ],
    [
      67,
      0.0648095508811825
    ],
    [
      68,
      0.042322300596852956
    ],
    [
      69,
      0.046511627906976744
    ],
    [
      70,
      0.10810810810810811
    ],
    [
      71,
      0.1238938053097345
    ],
    [
      72,
      0.025974025974025972
    ],
    [
      73,
      0.04537908135030437
    ],
    [
      74,
      0.02607709750566893
    ],
    [
      75,
      0.14942528735632185
    ],
    [
      76,
      0.045769026077700906
    ],
    [
      77,
      0.05511811023622047
    ],
    [
      78,
      0.049425287356321845
    ],
    [
      79,
      0.07004830917874395
    ],
    [
      80,
      0.051918735891647846
    ],
    [
      81,
      0.075
    ],
    [
      82,
      0.06303418803418803
    ],
    [
      83,
      0.03380281690140845
    ],
    [
      84,
      0.05350454788657036
    ],
    [
      85,
      0.09447004608294932
    ],
    [
      86,
      0.16497829232995662
    ],
    [
      87,
      0.04377104377104377
    ],
    [
      88,
      0.0570813139472267
    ],
    [
      89,
      0.06462035541195477
    ],
    [
      90,
      0.0371900826446281
    ],
    [
      91,
      0.05864197530864198
    ],
    [
      92,
      0.08661417322834644
    ],
    [
      93,
      0.06455203116304953
    ],
    [
      94,
      0.08905380333951762
    ],
    [
      95,
      0.057569296375266525
    ],
    [
      96,
      0.07650273224043716
    ],
    [
      97,
      0.03480278422273782
    ],
    [
      98,
      0.08376963350785341
    ],
    [
      99,
      0.1704260651629073
    ],
    [
      100,
      0.039886039886039885
    ],
    [
      101,
      0.1020408163265306
    ],
    [
      102,
      0.11693548387096774
    ],
    [
      103,
      0.04421052631578947
    ],
    [
      104,
      0.04609218436873748
    ],
    [
      105,
      0.05543478260869565
    ],
    [
      106,
      0.057208237986270026
    ],
    [
      107,
      0.08157524613220815
    ],
    [
      108,
      0.14457831325301204
    ],
    [
      109,
      0.045838359469240045
    ],
    [
      110,
      0.04022346368715084
    ],
    [
      111,
      0.13924050632911392
    ],
    [
      112,
      0.049521665728756326
    ],
    [
      113,
      0.05353075170842824
    ],
    [
      114,
      0.06827084499160604
    ],
    [
      115,
      0.045016077170418015
    ],
    [
      116,
      0.07515657620041753
    ],
    [
      117,
      0.1200750469043152
    ],
    [
      118,
      0.0549618320610687
    ],
    [
      119,
      0.1024390243902439
    ],
    [
      120,
      0.07908163265306123
    ],
    [
      121,
      0.03573422668900056
    ],
    [
      122,
      0.05592841163310962
    ],
    [
      123,
      0.060849598163031
    ],
    [
      124,
      0.021158129175946547
    ],
    [
      125,
      0.04039301310043668
    ],
    [
      126,
      0.040632054176072234
    ],
    [
      127,
      0.033506643558636626
    ],
    [
      128,
      0.05300162249864791
    ],
    [
      129,
      0.035106382978723406
    ],
    [
      130,
      0.05781584582441114
    ],
    [
      131,
      0.031195840554592725
    ],
    [
      132,
      0.0379041248606466
    ],
    [
      133,
      0.030543677458766034
    ],
    [
      134,
      0.1138888888888889
    ],
    [
      135,
      0.028184892897406992
    ],
    [
      136,
      0.0720817643894567
    ],
    [
      137,
      0.0753623188405797
    ],
    [
      138,
      0.10509554140127388
    ],
    [
      139,
      0.07973421926910298
    ],
    [
      140,
      0.032806092560046865
    ],
    [
      141,
      0.08704883227176219
    ],
    [
      142,
      0.08426966292134831
    ],
    [
      143,
      0.05828571428571429
    ],
    [
      144,
      0.033482142857142856
    ],
    [
      145,
      0.04294478527607362
    ],
    [
      146,
      0.04899777282850779
    ],
    [
      147,
      0.040770101925254806
    ],
    [
      148,
      0.01961915753029429
    ],
    [
      149,
      0.0670926517571885
    ],
    [
      150,
      0.10014306151645207
    ],
    [
      151,
      0.060737527114967466
    ],
    [
      152,
      0.023958927552766685
    ],
    [
      153,
      0.02397260273972603
    ],
    [
      154,
      0.024137931034482762
    ],
    [
      155,
      0.040793825799338476
    ],
    [
      156,
      0.06978879706152435
    ],
    [
      157,
      0.022058823529411763
