{
  "dataset": "QMSum",
  "num_samples": 200,
  "rouge1": 0.16605005735101186,
  "rouge2": 0.035847069115677525,
  "rougeL": 0.10290658342686826,
  "rougeLsum": 0.11415767528400667,
  "per_sample_rougeL": [
    [
      0,
      0.1453900709219858
    ],
    [
      1,
      0.1320754716981132
    ],
    [
      2,
      0.12295081967213115
    ],
    [
      3,
      0.10599078341013826
    ],
    [
      4,
      0.055276381909547735
    ],
    [
      5,
      0.1366223908918406
    ],
    [
      6,
      0.09090909090909091
    ],
    [
      7,
      0.0829875518672199
    ],
    [
      8,
      0.0675944333996024
    ],
    [
      9,
      0.0814663951120163
    ],
    [
      10,
      0.0736196319018405
    ],
    [
      11,
      0.13805970149253732
    ],
    [
      12,
      0.07188160676532768
    ],
    [
      13,
      0.1299638989169675
    ],
    [
      14,
      0.11829944547134935
    ],
    [
      15,
      0.06896551724137931
    ],
    [
      16,
      0.1200750469043152
    ],
    [
      17,
      0.09248554913294799
    ],
    [
      18,
      0.1168831168831169
    ],
    [
      19,
      0.09465020576131686
    ],
    [
      20,
      0.07279693486590039
    ],
    [
      21,
      0.07127882599580714
    ],
    [
      22,
      0.07422680412371134
    ],
    [
      23,
      0.10671936758893281
    ],
    [
      24,
      0.10294117647058826
    ],
    [
      25,
      0.15717092337917485
    ],
    [
      26,
      0.11045364891518736
    ],
    [
      27,
      0.05555555555555556
    ],
    [
      28,
      0.09677419354838711
    ],
    [
      29,
      0.07127882599580712
    ],
    [
      30,
      0.10420841683366734
    ],
    [
      31,
      0.06097560975609756
    ],
    [
      32,
      0.11657559198542805
    ],
    [
      33,
      0.11918063314711358
    ],
    [
      34,
      0.0918580375782881
    ],
    [
      35,
      0.11090573012939003
    ],
    [
      36,
      0.09823182711198429
    ],
    [
      37,
      0.1054766734279919
    ],
    [
      38,
      0.06981519507186859
    ],
    [
      39,
      0.07346938775510203
    ],
    [
      40,
      0.09774436090225563
    ],
    [
      41,
      0.09660107334525939
    ],
    [
      42,
      0.09398496240601503
    ],
    [
      43,
      0.10953346855983774
    ],
    [
      44,
      0.08
    ],
    [
      45,
      0.08316831683168317
    ],
    [
      46,
      0.10207939508506615
    ],
    [
      47,
      0.0966542750929368
    ],
    [
      48,
      0.09600000000000002
    ],
    [
      49,
      0.08678500986193294
    ],
    [
      50,
      0.0841683366733467
    ],
    [
      51,
      0.15770609318996417
    ],
    [
      52,
      0.07589285714285715
    ],
    [
      53,
      0.07952286282306162
    ],
    [
      54,
      0.09861932938856015
    ],
    [
      55,
      0.08984375000000001
    ],
    [
      56,
      0.07083333333333333
    ],
    [
      57,
      0.07883817427385893
    ],
    [
      58,
      0.1195219123505976
    ],
    [
      59,
      0.11047619047619049
    ],
    [
      60,
      0.09022556390977444
    ],
    [
      61,
      0.10309278350515463
    ],
    [
      62,
      0.18181818181818182
    ],
    [
      63,
      0.0875
    ],
    [
      64,
      0.08641975308641976
    ],
    [
      65,
      0.0862422997946612
    ],
    [
      66,
      0.12669683257918554
    ],
    [
      67,
      0.138996138996139
    ],
    [
      68,
      0.0925925925925926
    ],
    [
      69,
      0.11472275334608031
    ],
    [
      70,
      0.09716599190283401
    ],
    [
      71,
      0.09055118110236221
    ],
    [
      72,
      0.07883817427385893
    ],
    [
      73,
      0.1044776119402985
    ],
    [
      74,
      0.10273972602739725
    ],
    [
      75,
      0.13503649635036497
    ],
    [
      76,
      0.09848484848484848
    ],
    [
      77,
      0.06047516198704103
    ],
    [
      78,
      0.125
    ],
    [
      79,
      0.09829867674858223
    ],
    [
      80,
      0.12549019607843137
    ],
    [
      81,
      0.07532956685499058
    ],
    [
      82,
      0.1399317406143345
    ],
    [
      83,
      0.07661290322580645
    ],
    [
      84,
      0.11272727272727273
    ],
    [
      85,
      0.1115702479338843
    ],
    [
      86,
      0.13793103448275862
    ],
    [
      87,
      0.10227272727272728
    ],
    [
      88,
      0.12411347517730496
    ],
    [
      89,
      0.1669626998223801
    ],
    [
      90,
      0.1111111111111111
    ],
    [
      91,
      0.07174887892376682
    ],
    [
      92,
      0.0973630831643002
    ],
    [
      93,
      0.1284722222222222
    ],
    [
      94,
      0.08677685950413222
    ],
    [
      95,
      0.13451327433628318
    ],
    [
      96,
      0.15625
    ],
    [
      97,
      0.07874015748031496
    ],
    [
      98,
      0.10820895522388059
    ],
    [
      99,
      0.1731748726655348
    ],
    [
      100,
      0.10256410256410256
    ],
    [
      101,
      0.09072978303747535
    ],
    [
      102,
      0.09719626168224299
    ],
    [
      103,
      0.12336448598130842
    ],
    [
      104,
      0.0860215053763441
    ],
    [
      105,
      0.14285714285714285
    ],
    [
      106,
      0.13380281690140847
    ],
    [
      107,
      0.10748560460652591
    ],
    [
      108,
      0.1306930693069307
    ],
    [
      109,
      0.08247422680412372
    ],
    [
      110,
      0.09671179883945841
    ],
    [
      111,
      0.15679442508710803
    ],
    [
      112,
      0.13011152416356875
    ],
    [
      113,
      0.16417910447761194
    ],
    [
      114,
      0.13743218806509944
    ],
    [
      115,
      0.08482142857142858
    ],
    [
      116,
      0.10526315789473685
    ],
    [
      117,
      0.10465116279069768
    ],
    [
      118,
      0.07676767676767678
    ],
    [
      119,
      0.09580838323353293
    ],
    [
      120,
      0.10084033613445378
    ],
    [
      121,
      0.1059322033898305
    ],
    [
      122,
      0.11047619047619049
    ],
    [
      123,
      0.13359528487229863
    ],
    [
      124,
      0.0709812108559499
    ],
    [
      125,
      0.09999999999999999
    ],
    [
      126,
      0.10351966873706005
    ],
    [
      127,
      0.08853118712273642
    ],
    [
      128,
      0.12290502793296089
    ],
    [
      129,
      0.09361702127659575
    ],
    [
      130,
      0.11262135922330097
    ],
    [
      131,
      0.08097165991902833
    ],
    [
      132,
      0.1117533718689788
    ],
    [
      133,
      0.09375
    ],
    [
      134,
      0.1436893203883495
    ],
    [
      135,
      0.07584830339321356
    ],
    [
      136,
      0.1281618887015177
    ],
    [
      137,
      0.08484848484848484
    ],
    [
      138,
      0.13272311212814647
    ],
    [
      139,
      0.06185567010309277
    ],
    [
      140,
      0.09333333333333334
    ],
    [
      141,
      0.1565217391304348
    ],
    [
      142,
      0.11406844106463877
    ],
    [
      143,
      0.16
    ],
    [
      144,
      0.10438413361169102
    ],
    [
      145,
      0.08528784648187633
    ],
    [
      146,
      0.12296564195298373
    ],
    [
      147,
      0.09652509652509653
    ],
    [
      148,
      0.06570841889117042
    ],
    [
      149,
      0.096579476861167
    ],
    [
      150,
      0.09876543209876544
    ],
    [
      151,
      0.14476190476190476
    ],
    [
      152,
      0.06864988558352403
    ],
    [
      153,
      0.07234042553191489
    ],
    [
      154,
      0.07035175879396986
    ],
    [
      155,
      0.13552361396303902
    ],
    [
      156,
      0.10937500000000001
    ],
    [
      157,
      0.07207207207207207
    ],
    [
      158,
      0.10121457489878541
    ],
    [
      159,
      0.08349900596421471
    ],
    [
      160,
