{
  "dataset": "QMSum",
  "num_samples": 200,
  "rouge1": 0.13305677192727217,
  "rouge2": 0.0352447953694701,
  "rougeL": 0.08395187637831539,
  "rougeLsum": 0.10354910231465096,
  "per_sample_rougeL": [
    [
      0,
      0.060433295324971485
    ],
    [
      1,
      0.1417004048582996
    ],
    [
      2,
      0.07307692307692307
    ],
    [
      3,
      0.07761194029850746
    ],
    [
      4,
      0.030624263839811542
    ],
    [
      5,
      0.15560640732265446
    ],
    [
      6,
      0.04968944099378882
    ],
    [
      7,
      0.03361344537815126
    ],
    [
      8,
      0.04315196998123827
    ],
    [
      9,
      0.024896265560165973
    ],
    [
      10,
      0.028831562974203334
    ],
    [
      11,
      0.11745513866231648
    ],
    [
      12,
      0.026916325336454067
    ],
    [
      13,
      0.060024009603841535
    ],
    [
      14,
      0.08706166868198306
    ],
    [
      15,
      0.06796116504854369
    ],
    [
      16,
      0.11226611226611227
    ],
    [
      17,
      0.0732519422863485
    ],
    [
      18,
      0.06900958466453674
    ],
    [
      19,
      0.08011444921316165
    ],
    [
      20,
      0.0453857791225416
    ],
    [
      21,
      0.037470725995316166
    ],
    [
      22,
      0.11458333333333333
    ],
    [
      23,
      0.12602739726027395
    ],
    [
      24,
      0.04182509505703422
    ],
    [
      25,
      0.13367609254498714
    ],
    [
      26,
      0.06496815286624204
    ],
    [
      27,
      0.06060606060606061
    ],
    [
      28,
      0.06979280261723009
    ],
    [
      29,
      0.07407407407407407
    ],
    [
      30,
      0.06510681586978635
    ],
    [
      31,
      0.05534591194968554
    ],
    [
      32,
      0.16119402985074627
    ],
    [
      33,
      0.14285714285714288
    ],
    [
      34,
      0.08846761453396526
    ],
    [
      35,
      0.05016949152542373
    ],
    [
      36,
      0.04487917146144994
    ],
    [
      37,
      0.06468305304010348
    ],
    [
      38,
      0.043868394815553345
    ],
    [
      39,
      0.09405940594059407
    ],
    [
      40,
      0.1179245283018868
    ],
    [
      41,
      0.12736660929432014
    ],
    [
      42,
      0.07912087912087912
    ],
    [
      43,
      0.07152682255845942
    ],
    [
      44,
      0.0750551876379691
    ],
    [
      45,
      0.05800922874093606
    ],
    [
      46,
      0.07799442896935933
    ],
    [
      47,
      0.11059907834101383
    ],
    [
      48,
      0.11135857461024501
    ],
    [
      49,
      0.03754831584759801
    ],
    [
      50,
      0.07639836289222374
    ],
    [
      51,
      0.06438213914849429
    ],
    [
      52,
      0.07657657657657657
    ],
    [
      53,
      0.12026726057906456
    ],
    [
      54,
      0.11958762886597937
    ],
    [
      55,
      0.09284332688588008
    ],
    [
      56,
      0.059602649006622516
    ],
    [
      57,
      0.040621266427718045
    ],
    [
      58,
      0.11428571428571427
    ],
    [
      59,
      0.09561752988047809
    ],
    [
      60,
      0.043272481406355645
    ],
    [
      61,
      0.10980392156862746
    ],
    [
      62,
      0.11297709923664122
    ],
    [
      63,
      0.06052269601100413
    ],
    [
      64,
      0.08349146110056928
    ],
    [
      65,
      0.04990403071017274
    ],
    [
      66,
      0.07373271889400922
    ],
    [
      67,
      0.1232604373757455
    ],
    [
      68,
      0.04938271604938271
    ],
    [
      69,
      0.2085661080074488
    ],
    [
      70,
      0.15503875968992248
    ],
    [
      71,
      0.04037854889589906
    ],
    [
      72,
      0.052830188679245285
    ],
    [
      73,
      0.035443037974683546
    ],
    [
      74,
      0.08315098468271336
    ],
    [
      75,
      0.16470588235294117
    ],
    [
      76,
      0.037060702875399365
    ],
    [
      77,
      0.06542056074766356
    ],
    [
      78,
      0.13793103448275862
    ],
    [
      79,
      0.03872579637726421
    ],
    [
      80,
      0.09829867674858224
    ],
    [
      81,
      0.08547008547008549
    ],
    [
      82,
      0.17333333333333334
    ],
    [
      83,
      0.07108239095315025
    ],
    [
      84,
      0.06606606606606608
    ],
    [
      85,
      0.10256410256410257
    ],
    [
      86,
      0.09158557527189468
    ],
    [
      87,
      0.04316546762589928
    ],
    [
      88,
      0.11512717536813923
    ],
    [
      89,
      0.2271062271062271
    ],
    [
      90,
      0.0661764705882353
    ],
    [
      91,
      0.06870229007633588
    ],
    [
      92,
      0.03455964325529543
    ],
    [
      93,
      0.06867671691792296
    ],
    [
      94,
      0.055309734513274325
    ],
    [
      95,
      0.0943952802359882
    ],
    [
      96,
      0.09378960709759188
    ],
    [
      97,
      0.029972752043596732
    ],
    [
      98,
      0.03627267041901189
    ],
    [
      99,
      0.09280742459396751
    ],
    [
      100,
      0.10989010989010987
    ],
    [
      101,
      0.1292134831460674
    ],
    [
      102,
      0.11822660098522167
    ],
    [
      103,
      0.047704233750745374
    ],
    [
      104,
      0.04180064308681672
    ],
    [
      105,
      0.10866372980910426
    ],
    [
      106,
      0.09677419354838711
    ],
    [
      107,
      0.1008130081300813
    ],
    [
      108,
      0.16666666666666666
    ],
    [
      109,
      0.06722689075630252
    ],
    [
      110,
      0.0960960960960961
    ],
    [
      111,
      0.1291759465478842
    ],
    [
      112,
      0.04700061842918985
    ],
    [
      113,
      0.08260105448154657
    ],
    [
      114,
      0.13486842105263158
    ],
    [
      115,
      0.07707910750507099
    ],
    [
      116,
      0.04769828064337216
    ],
    [
      117,
      0.045729657027572285
    ],
    [
      118,
      0.07037037037037036
    ],
    [
      119,
      0.025129342202512936
    ],
    [
      120,
      0.09547738693467338
    ],
    [
      121,
      0.111358574610245
    ],
    [
      122,
      0.09285714285714285
    ],
    [
      123,
      0.15633423180592992
    ],
    [
      124,
      0.04358353510895884
    ],
    [
      125,
      0.07666666666666666
    ],
    [
      126,
      0.08557844690966719
    ],
    [
      127,
      0.06633499170812604
    ],
    [
      128,
      0.12035661218424962
    ],
    [
      129,
      0.09574468085106383
    ],
    [
      130,
      0.061465721040189124
    ],
    [
      131,
      0.06375838926174497
    ],
    [
      132,
      0.05283018867924528
    ],
    [
      133,
      0.02455871066768995
    ],
    [
      134,
      0.12711864406779663
    ],
    [
      135,
      0.03643336529242569
    ],
    [
      136,
      0.1327433628318584
    ],
    [
      137,
      0.0266497461928934
    ],
    [
      138,
      0.07352941176470588
    ],
    [
      139,
      0.08950617283950618
    ],
    [
      140,
      0.08395061728395062
    ],
    [
      141,
      0.19399538106235567
    ],
    [
      142,
      0.10441767068273092
    ],
    [
      143,
      0.13778705636743216
    ],
    [
      144,
      0.0839454354669465
    ],
    [
      145,
      0.0693069306930693
    ],
    [
      146,
      0.13333333333333336
    ],
    [
      147,
      0.12041116005873716
    ],
    [
      148,
      0.06015037593984963
    ],
    [
      149,
      0.09966777408637874
    ],
    [
      150,
      0.11294117647058824
    ],
    [
      151,
      0.09238451935081149
    ],
    [
      152,
      0.09912536443148688
    ],
    [
      153,
      0.07472527472527474
    ],
    [
      154,
      0.03547297297297297
    ],
    [
      155,
      0.08685446009389672
    ],
    [
      156,
      0.10382513661202185
    ],
    [
      157,
      0.08695652173913045
    ],
