{
  "dataset": "QMSum",
  "num_samples": 200,
  "rouge1": 0.09068929942842605,
  "rouge2": 0.0242706207999795,
  "rougeL": 0.06151253671711742,
  "rougeLsum": 0.06964294890662304,
  "per_sample_rougeL": [
    [
      0,
      0.09443861490031479
    ],
    [
      1,
      0.13261648745519714
    ],
    [
      2,
      0.08104575163398693
    ],
    [
      3,
      0.07397260273972604
    ],
    [
      4,
      0.028985507246376812
    ],
    [
      5,
      0.13454545454545455
    ],
    [
      6,
      0.07070707070707072
    ],
    [
      7,
      0.03505045140732873
    ],
    [
      8,
      0.020768431983385252
    ],
    [
      9,
      0.02236609770453208
    ],
    [
      10,
      0.021965317919075147
    ],
    [
      11,
      0.04847207586933614
    ],
    [
      12,
      0.02726281352235551
    ],
    [
      13,
      0.04754358161648177
    ],
    [
      14,
      0.09195402298850575
    ],
    [
      15,
      0.0712166172106825
    ],
    [
      16,
      0.050521691378363535
    ],
    [
      17,
      0.10389610389610389
    ],
    [
      18,
      0.06655931293612452
    ],
    [
      19,
      0.038680318543799774
    ],
    [
      20,
      0.0273972602739726
    ],
    [
      21,
      0.029300054259359744
    ],
    [
      22,
      0.027262813522355506
    ],
    [
      23,
      0.03416856492027334
    ],
    [
      24,
      0.05319148936170212
    ],
    [
      25,
      0.11932555123216601
    ],
    [
      26,
      0.11588785046728974
    ],
    [
      27,
      0.02391799544419134
    ],
    [
      28,
      0.08547008547008547
    ],
    [
      29,
      0.07170294494238157
    ],
    [
      30,
      0.04756242568370987
    ],
    [
      31,
      0.02695115103874228
    ],
    [
      32,
      0.06350974930362116
    ],
    [
      33,
      0.048283261802575105
    ],
    [
      34,
      0.03834631515877771
    ],
    [
      35,
      0.08149010477299186
    ],
    [
      36,
      0.03983228511530398
    ],
    [
      37,
      0.047702152414194295
    ],
    [
      38,
      0.06119162640901771
    ],
    [
      39,
      0.025128498001142207
    ],
    [
      40,
      0.048298572996706916
    ],
    [
      41,
      0.04533189422558014
    ],
    [
      42,
      0.04586129753914989
    ],
    [
      43,
      0.10237659963436928
    ],
    [
      44,
      0.07202216066481994
    ],
    [
      45,
      0.037628278221208664
    ],
    [
      46,
      0.10207939508506615
    ],
    [
      47,
      0.11743119266055045
    ],
    [
      48,
      0.09090909090909091
    ],
    [
      49,
      0.03969957081545065
    ],
    [
      50,
      0.03429923122412774
    ],
    [
      51,
      0.06455083378160302
    ],
    [
      52,
      0.032132963988919676
    ],
    [
      53,
      0.11462450592885377
    ],
    [
      54,
      0.033631108775617445
    ],
    [
      55,
      0.03886729594669627
    ],
    [
      56,
      0.060413354531001585
    ],
    [
      57,
      0.07541899441340781
    ],
    [
      58,
      0.04390779363336992
    ],
    [
      59,
      0.11899313501144165
    ],
    [
      60,
      0.03571428571428572
    ],
    [
      61,
      0.03726027397260274
    ],
    [
      62,
      0.08413205537806177
    ],
    [
      63,
      0.062047569803516035
    ],
    [
      64,
      0.029886431560071727
    ],
    [
      65,
      0.030462184873949583
    ],
    [
      66,
      0.0433574207893274
    ],
    [
      67,
      0.06260118726389638
    ],
    [
      68,
      0.10444874274661509
    ],
    [
      69,
      0.050056882821387934
    ],
    [
      70,
      0.027412280701754384
    ],
    [
      71,
      0.03343653250773994
    ],
    [
      72,
      0.10222222222222223
    ],
    [
      73,
      0.04084084084084084
    ],
    [
      74,
      0.023706896551724137
    ],
    [
      75,
      0.14842300556586274
    ],
    [
      76,
      0.051118210862619806
    ],
    [
      77,
      0.02331002331002331
    ],
    [
      78,
      0.10027855153203344
    ],
    [
      79,
      0.0771513353115727
    ],
    [
      80,
      0.06139315230224321
    ],
    [
      81,
      0.038953811908736785
    ],
    [
      82,
      0.06870229007633587
    ],
    [
      83,
      0.07669616519174043
    ],
    [
      84,
      0.04986737400530504
    ],
    [
      85,
      0.10116731517509728
    ],
    [
      86,
      0.13384813384813385
    ],
    [
      87,
      0.04761904761904762
    ],
    [
      88,
      0.06140350877192982
    ],
    [
      89,
      0.06413682522715125
    ],
    [
      90,
      0.044420368364030335
    ],
    [
      91,
      0.025842696629213485
    ],
    [
      92,
      0.03448275862068966
    ],
    [
      93,
      0.06107717934480844
    ],
    [
      94,
      0.06524822695035461
    ],
    [
      95,
      0.13392857142857145
    ],
    [
      96,
      0.11779448621553885
    ],
    [
      97,
      0.03780068728522337
    ],
    [
      98,
      0.043673012318029114
    ],
    [
      99,
      0.15116279069767444
    ],
    [
      100,
      0.09239940387481371
    ],
    [
      101,
      0.03694874851013111
    ],
    [
      102,
      0.049840933191940606
    ],
    [
      103,
      0.04437400950871632
    ],
    [
      104,
      0.022459292532285235
    ],
    [
      105,
      0.05190102595051298
    ],
    [
      106,
      0.05593667546174142
    ],
    [
      107,
      0.03926096997690531
    ],
    [
      108,
      0.13693693693693695
    ],
    [
      109,
      0.021864211737629462
    ],
    [
      110,
      0.09018567639257294
    ],
    [
      111,
      0.06321525885558583
    ],
    [
      112,
      0.04906542056074766
    ],
    [
      113,
      0.09617271835132482
    ],
    [
      114,
      0.07079646017699115
    ],
    [
      115,
      0.020697167755991286
    ],
    [
      116,
      0.050136239782016354
    ],
    [
      117,
      0.0384204909284952
    ],
    [
      118,
      0.06963249516441007
    ],
    [
      119,
      0.08846153846153847
    ],
    [
      120,
      0.03791982665222102
    ],
    [
      121,
      0.029147982062780266
    ],
    [
      122,
      0.04261954261954262
    ],
    [
      123,
      0.049343832020997375
    ],
    [
      124,
      0.02127659574468085
    ],
    [
      125,
      0.10227272727272728
    ],
    [
      126,
      0.032432432432432434
    ],
    [
      127,
      0.02504268639726807
    ],
    [
      128,
      0.06476828587381352
    ],
    [
      129,
      0.08469055374592833
    ],
    [
      130,
      0.06441717791411043
    ],
    [
      131,
      0.03109383675735703
    ],
    [
      132,
      0.10766045548654243
    ],
    [
      133,
      0.06738131699846862
    ],
    [
      134,
      0.062464508801817156
    ],
    [
      135,
      0.024309392265193366
    ],
    [
      136,
      0.074934036939314
    ],
    [
      137,
      0.035256410256410256
    ],
    [
      138,
      0.11494252873563217
    ],
    [
      139,
      0.07309941520467836
    ],
    [
      140,
      0.05670665212649945
    ],
    [
      141,
      0.03588907014681893
    ],
    [
      142,
      0.09971509971509972
    ],
    [
      143,
      0.08904719501335707
    ],
    [
      144,
      0.09486166007905139
    ],
    [
      145,
      0.08061420345489442
    ],
    [
      146,
      0.05043859649122806
    ],
    [
      147,
      0.11042944785276075
    ],
    [
      148,
      0.06619385342789598
    ],
    [
      149,
      0.06684491978609625
    ],
    [
      150,
      0.0508574807806032
    ],
    [
      151,
      0.10761154855643043
    ],
    [
      152,
      0.021052631578947368
    ],
    [
      153,
      0.02190201729106628
    ],
    [
      154,
      0.07851239669421488
    ],
    [
      155,
      0.048670062252405215
    ],
    [
      156,
      0.08360128617363342
    ],
    [
      157,
