{
  "dataset": "QMSum",
  "num_samples": 200,
  "rouge1": 0.2627127898843617,
  "rouge2": 0.05013005268081225,
  "rougeL": 0.1506092357455479,
  "rougeLsum": 0.1578037823619465,
  "per_sample_rougeL": [
    [
      0,
      0.1618798955613577
    ],
    [
      1,
      0.17543859649122803
    ],
    [
      2,
      0.12140575079872204
    ],
    [
      3,
      0.1283422459893048
    ],
    [
      4,
      0.07547169811320754
    ],
    [
      5,
      0.19787985865724383
    ],
    [
      6,
      0.12000000000000002
    ],
    [
      7,
      0.14012738853503187
    ],
    [
      8,
      0.17582417582417587
    ],
    [
      9,
      0.2191780821917808
    ],
    [
      10,
      0.13043478260869565
    ],
    [
      11,
      0.1904761904761905
    ],
    [
      12,
      0.24074074074074073
    ],
    [
      13,
      0.18518518518518517
    ],
    [
      14,
      0.1588447653429603
    ],
    [
      15,
      0.2074074074074074
    ],
    [
      16,
      0.17164179104477614
    ],
    [
      17,
      0.15254237288135591
    ],
    [
      18,
      0.11504424778761062
    ],
    [
      19,
      0.14035087719298245
    ],
    [
      20,
      0.0794044665012407
    ],
    [
      21,
      0.24615384615384614
    ],
    [
      22,
      0.15483870967741936
    ],
    [
      23,
      0.2962962962962963
    ],
    [
      24,
      0
    ],
    [
      25,
      0.17167381974248927
    ],
    [
      26,
      0.2105263157894737
    ],
    [
      27,
      0.09734513274336284
    ],
    [
      28,
      0.19161676646706588
    ],
    [
      29,
      0.1019830028328612
    ],
    [
      30,
      0.12154696132596686
    ],
    [
      31,
      0.1388888888888889
    ],
    [
      32,
      0.18729096989966554
    ],
    [
      33,
      0.15609756097560976
    ],
    [
      34,
      0.2105263157894737
    ],
    [
      35,
      0.1807909604519774
    ],
    [
      36,
      0.18181818181818185
    ],
    [
      37,
      0.14285714285714285
    ],
    [
      38,
      0.16296296296296298
    ],
    [
      39,
      0.1836734693877551
    ],
    [
      40,
      0.16923076923076924
    ],
    [
      41,
      0.12037037037037038
    ],
    [
      42,
      0.13793103448275862
    ],
    [
      43,
      0.16342412451361868
    ],
    [
      44,
      0.1348314606741573
    ],
    [
      45,
      0
    ],
    [
      46,
      0.13872832369942198
    ],
    [
      47,
      0.1301775147928994
    ],
    [
      48,
      0.1782178217821782
    ],
    [
      49,
      0.21739130434782608
    ],
    [
      50,
      0.11834319526627218
    ],
    [
      51,
      0.23684210526315788
    ],
    [
      52,
      0.17751479289940827
    ],
    [
      53,
      0
    ],
    [
      54,
      0.17094017094017094
    ],
    [
      55,
      0.12903225806451613
    ],
    [
      56,
      0.1103448275862069
    ],
    [
      57,
      0.17475728155339806
    ],
    [
      58,
      0.20238095238095236
    ],
    [
      59,
      0.1754385964912281
    ],
    [
      60,
      0.15217391304347827
    ],
    [
      61,
      0.15053763440860216
    ],
    [
      62,
      0.03571428571428571
    ],
    [
      63,
      0.14084507042253522
    ],
    [
      64,
      0.18823529411764706
    ],
    [
      65,
      0.24742268041237114
    ],
    [
      66,
      0.19791666666666666
    ],
    [
      67,
      0.1693121693121693
    ],
    [
      68,
      0.1301775147928994
    ],
    [
      69,
      0.1320754716981132
    ],
    [
      70,
      0.3614457831325302
    ],
    [
      71,
      0.1590909090909091
    ],
    [
      72,
      0.31249999999999994
    ],
    [
      73,
      0.15277777777777776
    ],
    [
      74,
      0.20560747663551404
    ],
    [
      75,
      0.20481927710843376
    ],
    [
      76,
      0.14285714285714285
    ],
    [
      77,
      0.07692307692307693
    ],
    [
      78,
      0.1724137931034483
    ],
    [
      79,
      0.15544041450777205
    ],
    [
      80,
      0.15319148936170213
    ],
    [
      81,
      0.12138728323699424
    ],
    [
      82,
      0
    ],
    [
      83,
      0.20689655172413796
    ],
    [
      84,
      0.1616161616161616
    ],
    [
      85,
      0.14746543778801843
    ],
    [
      86,
      0.22310756972111556
    ],
    [
      87,
      0.10721649484536082
    ],
    [
      88,
      0.16589861751152074
    ],
    [
      89,
      0.16666666666666666
    ],
    [
      90,
      0.20202020202020204
    ],
    [
      91,
      0.14666666666666667
    ],
    [
      92,
      0.14285714285714285
    ],
    [
      93,
      0.14492753623188406
    ],
    [
      94,
      0.1020408163265306
    ],
    [
      95,
      0.16450216450216448
    ],
    [
      96,
      0.13872832369942198
    ],
    [
      97,
      0.12121212121212123
    ],
    [
      98,
      0.17391304347826086
    ],
    [
      99,
      0.1292517006802721
    ],
    [
      100,
      0.15662650602409636
    ],
    [
      101,
      0.17431192660550457
    ],
    [
      102,
      0.1684981684981685
    ],
    [
      103,
      0.1935483870967742
    ],
    [
      104,
      0.25974025974025977
    ],
    [
      105,
      0.19444444444444445
    ],
    [
      106,
      0.15151515151515152
    ],
    [
      107,
      0.18309859154929575
    ],
    [
      108,
      0.17241379310344826
    ],
    [
      109,
      0.171875
    ],
    [
      110,
      0.1497326203208556
    ],
    [
      111,
      0.21333333333333335
    ],
    [
      112,
      0.2557377049180328
    ],
    [
      113,
      0.19417475728155337
    ],
    [
      114,
      0.1864406779661017
    ],
    [
      115,
      0.10101010101010101
    ],
    [
      116,
      0.14285714285714285
    ],
    [
      117,
      0.21359223300970873
    ],
    [
      118,
      0.061757719714964354
    ],
    [
      119,
      0.273972602739726
    ],
    [
      120,
      0.13414634146341464
    ],
    [
      121,
      0.12154696132596686
    ],
    [
      122,
      0
    ],
    [
      123,
      0.15261044176706826
    ],
    [
      124,
      0.18018018018018017
    ],
    [
      125,
      0.12334801762114536
    ],
    [
      126,
      0.23999999999999996
    ],
    [
      127,
      0.13513513513513511
    ],
    [
      128,
      0.24390243902439027
    ],
    [
      129,
      0.1806451612903226
    ],
    [
      130,
      0.16
    ],
    [
      131,
      0.02780191138140747
    ],
    [
      132,
      0.19130434782608696
    ],
    [
      133,
      0
    ],
    [
      134,
      0.15909090909090912
    ],
    [
      135,
      0.27956989247311825
    ],
    [
      136,
      0.14754098360655737
    ],
    [
      137,
      0.20125786163522014
    ],
    [
      138,
      0.12799999999999997
    ],
    [
      139,
      0.10362694300518134
    ],
    [
      140,
      0.14457831325301204
    ],
    [
      141,
      0
    ],
    [
      142,
      0.13768115942028986
    ],
    [
      143,
      0.14634146341463414
    ],
    [
      144,
      0
    ],
    [
      145,
      0.08888888888888888
    ],
    [
      146,
      0
    ],
    [
      147,
      0.14634146341463414
    ],
    [
      148,
      0.09523809523809526
    ],
    [
      149,
      0.1306532663316583
    ],
    [
      150,
      0.14285714285714285
    ],
    [
      151,
      0.22485207100591717
    ],
    [
      152,
      0.07207207207207209
    ],
    [
      153,
      0.10989010989010987
    ],
    [
      154,
      0.25
    ],
    [
      155,
      0.14765100671140938
    ],
    [
      156,
      0.12979351032448377
    ],
    [
      157,
      0.11267605633802816
    ],
    [
      158,
      0.14814814814814817
    ],
    [
      159,
      0.13333333333333333
    ],
    [
      160,
      0.19318181818181818
    ],
    [
      161,
      0.1935483870967742
    ],
    [
      162,
      0.152046783625731
