{
  "dataset": "QMSum",
  "num_samples": 200,
  "rouge1": 0.14625537343611686,
  "rouge2": 0.034789732131605675,
  "rougeL": 0.08782223116788224,
  "rougeLsum": 0.11215375180646675,
  "per_sample_rougeL": [
    [
      0,
      0.12873563218390804
    ],
    [
      1,
      0.09113300492610837
    ],
    [
      2,
      0.08178438661710037
    ],
    [
      3,
      0.07505518763796909
    ],
    [
      4,
      0.02448210922787194
    ],
    [
      5,
      0.10714285714285715
    ],
    [
      6,
      0.07680000000000001
    ],
    [
      7,
      0.04204204204204204
    ],
    [
      8,
      0.05974842767295597
    ],
    [
      9,
      0.02813299232736573
    ],
    [
      10,
      0.07515657620041755
    ],
    [
      11,
      0.09815950920245399
    ],
    [
      12,
      0.10404624277456648
    ],
    [
      13,
      0.06464924346629987
    ],
    [
      14,
      0.08421052631578946
    ],
    [
      15,
      0.06310679611650485
    ],
    [
      16,
      0.11217948717948718
    ],
    [
      17,
      0.04126213592233009
    ],
    [
      18,
      0.09891435464414958
    ],
    [
      19,
      0.06472491909385113
    ],
    [
      20,
      0.061884669479606184
    ],
    [
      21,
      0.10443864229765012
    ],
    [
      22,
      0.06444683136412462
    ],
    [
      23,
      0.07569141193595343
    ],
    [
      24,
      0.06570048309178743
    ],
    [
      25,
      0.1222222222222222
    ],
    [
      26,
      0.15151515151515152
    ],
    [
      27,
      0.03839441535776614
    ],
    [
      28,
      0.09926470588235294
    ],
    [
      29,
      0.05393258426966292
    ],
    [
      30,
      0.08264462809917354
    ],
    [
      31,
      0.04700352526439483
    ],
    [
      32,
      0.16923076923076924
    ],
    [
      33,
      0.09903713892709766
    ],
    [
      34,
      0.12853470437017994
    ],
    [
      35,
      0.07172131147540985
    ],
    [
      36,
      0.10683760683760685
    ],
    [
      37,
      0.0665024630541872
    ],
    [
      38,
      0.07238095238095239
    ],
    [
      39,
      0.11074918566775242
    ],
    [
      40,
      0.10780669144981411
    ],
    [
      41,
      0.12032520325203251
    ],
    [
      42,
      0.10264900662251655
    ],
    [
      43,
      0.10945273631840795
    ],
    [
      44,
      0.08983451536643026
    ],
    [
      45,
      0.10401188707280831
    ],
    [
      46,
      0.08695652173913042
    ],
    [
      47,
      0.11594202898550725
    ],
    [
      48,
      0.10109890109890111
    ],
    [
      49,
      0.14678899082568805
    ],
    [
      50,
      0.08121827411167512
    ],
    [
      51,
      0.21404682274247494
    ],
    [
      52,
      0.06982543640897756
    ],
    [
      53,
      0.0791139240506329
    ],
    [
      54,
      0.10693069306930693
    ],
    [
      55,
      0.09606986899563318
    ],
    [
      56,
      0.07086614173228348
    ],
    [
      57,
      0.10045662100456622
    ],
    [
      58,
      0.10719754977029099
    ],
    [
      59,
      0.08020698576972833
    ],
    [
      60,
      0.04252577319587629
    ],
    [
      61,
      0.08463949843260186
    ],
    [
      62,
      0.10764262648008611
    ],
    [
      63,
      0.07202216066481994
    ],
    [
      64,
      0.15267175572519084
    ],
    [
      65,
      0.0335195530726257
    ],
    [
      66,
      0.04636973764490543
    ],
    [
      67,
      0.12476370510396975
    ],
    [
      68,
      0.04791238877481177
    ],
    [
      69,
      0.12797619047619047
    ],
    [
      70,
      0.1423728813559322
    ],
    [
      71,
      0.09090909090909091
    ],
    [
      72,
      0.061191626409017714
    ],
    [
      73,
      0.09469153515064563
    ],
    [
      74,
      0.036308623298033284
    ],
    [
      75,
      0.12162162162162163
    ],
    [
      76,
      0.04539877300613497
    ],
    [
      77,
      0.06970509383378017
    ],
    [
      78,
      0.09550561797752809
    ],
    [
      79,
      0.05185825410544512
    ],
    [
      80,
      0.08613728129205923
    ],
    [
      81,
      0.0749665327978581
    ],
    [
      82,
      0.13412816691505217
    ],
    [
      83,
      0.08284023668639054
    ],
    [
      84,
      0.12734082397003746
    ],
    [
      85,
      0.08530805687203791
    ],
    [
      86,
      0.17045454545454547
    ],
    [
      87,
      0.12449799196787148
    ],
    [
      88,
      0.10364145658263306
    ],
    [
      89,
      0.17229729729729729
    ],
    [
      90,
      0.10410094637223975
    ],
    [
      91,
      0.058119658119658114
    ],
    [
      92,
      0.030707610146862484
    ],
    [
      93,
      0.09468822170900693
    ],
    [
      94,
      0.06060606060606061
    ],
    [
      95,
      0.08979591836734693
    ],
    [
      96,
      0.11111111111111112
    ],
    [
      97,
      0.03168044077134986
    ],
    [
      98,
      0.03773584905660377
    ],
    [
      99,
      0.11421911421911422
    ],
    [
      100,
      0.1078838174273859
    ],
    [
      101,
      0.04175365344467641
    ],
    [
      102,
      0.10164424514200299
    ],
    [
      103,
      0.1169811320754717
    ],
    [
      104,
      0.029533372711163613
    ],
    [
      105,
      0.10691003911342895
    ],
    [
      106,
      0.09165687426556993
    ],
    [
      107,
      0.10267857142857141
    ],
    [
      108,
      0.05309734513274336
    ],
    [
      109,
      0.06168831168831169
    ],
    [
      110,
      0.09358752166377816
    ],
    [
      111,
      0.12569316081330867
    ],
    [
      112,
      0.05162144275314362
    ],
    [
      113,
      0.11006289308176098
    ],
    [
      114,
      0.1095890410958904
    ],
    [
      115,
      0.03513909224011713
    ],
    [
      116,
      0.07803468208092486
    ],
    [
      117,
      0.09897610921501707
    ],
    [
      118,
      0.10326086956521739
    ],
    [
      119,
      0.032009484291641965
    ],
    [
      120,
      0.07005253940455342
    ],
    [
      121,
      0.11320754716981134
    ],
    [
      122,
      0.08715596330275228
    ],
    [
      123,
      0.10794602698650675
    ],
    [
      124,
      0.024516129032258062
    ],
    [
      125,
      0.08062015503875969
    ],
    [
      126,
      0.09456264775413711
    ],
    [
      127,
      0.09137055837563451
    ],
    [
      128,
      0.09952925353059852
    ],
    [
      129,
      0.10810810810810811
    ],
    [
      130,
      0.08577878103837473
    ],
    [
      131,
      0.05561277033985582
    ],
    [
      132,
      0.12260536398467432
    ],
    [
      133,
      0.02469135802469136
    ],
    [
      134,
      0.12803532008830024
    ],
    [
      135,
      0.09819121447028424
    ],
    [
      136,
      0.145681581685744
    ],
    [
      137,
      0.049701789264413515
    ],
    [
      138,
      0.1423487544483986
    ],
    [
      139,
      0.08421052631578949
    ],
    [
      140,
      0.11552346570397111
    ],
    [
      141,
      0.2727272727272727
    ],
    [
      142,
      0.1297297297297297
    ],
    [
      143,
      0.12476370510396975
    ],
    [
      144,
      0.09051724137931033
    ],
    [
      145,
      0.056074766355140186
    ],
    [
      146,
      0.1399548532731377
    ],
    [
      147,
      0.057627118644067804
    ],
    [
      148,
      0.01848184818481848
    ],
    [
      149,
      0.09066666666666667
    ],
    [
      150,
      0.12149532710280375
    ],
    [
      151,
      0.09405255878284925
    ],
    [
      152,
      0.09424083769633508
    ],
    [
      153,
      0.09552238805970148
    ],
    [
      154,
      0.0650994575045208
    ],
    [
      155,
      0.05671392827356129
    ],
    [
      156,
      0.08566108007448789
    ],
    [
      157,
      0.1234567901234568
    ],
    [
