{
  "dataset": "QMSum",
  "num_samples": 200,
  "rouge1": 0.08825309021025689,
  "rouge2": 0.023778833848241032,
  "rougeL": 0.06019666824200291,
  "rougeLsum": 0.06937270029372994,
  "per_sample_rougeL": [
    [
      0,
      0.058604155567394775
    ],
    [
      1,
      0.04962243797195254
    ],
    [
      2,
      0.08599167822468794
    ],
    [
      3,
      0.07244501940491592
    ],
    [
      4,
      0.015513126491646776
    ],
    [
      5,
      0.1343570057581574
    ],
    [
      6,
      0.07507507507507508
    ],
    [
      7,
      0.031990521327014215
    ],
    [
      8,
      0.019978969505783383
    ],
    [
      9,
      0.06881720430107527
    ],
    [
      10,
      0.060606060606060615
    ],
    [
      11,
      0.05295091009376724
    ],
    [
      12,
      0.027842227378190254
    ],
    [
      13,
      0.052689352360043906
    ],
    [
      14,
      0.05749718151071026
    ],
    [
      15,
      0.06973058637083995
    ],
    [
      16,
      0.035437430786267994
    ],
    [
      17,
      0.030334728033472803
    ],
    [
      18,
      0.045548654244306416
    ],
    [
      19,
      0.034559643255295425
    ],
    [
      20,
      0.06329113924050633
    ],
    [
      21,
      0.034009873834339
    ],
    [
      22,
      0.03346346904629113
    ],
    [
      23,
      0.03160270880361174
    ],
    [
      24,
      0.05251875669882101
    ],
    [
      25,
      0.12553495007132667
    ],
    [
      26,
      0.028937117417918753
    ],
    [
      27,
      0.025551684088269456
    ],
    [
      28,
      0.03938730853391685
    ],
    [
      29,
      0.039262343842950624
    ],
    [
      30,
      0.041058887088060506
    ],
    [
      31,
      0.025386313465783662
    ],
    [
      32,
      0.14285714285714285
    ],
    [
      33,
      0.03906673901247965
    ],
    [
      34,
      0.10034602076124569
    ],
    [
      35,
      0.04929971988795518
    ],
    [
      36,
      0.04053333333333333
    ],
    [
      37,
      0.07263922518159806
    ],
    [
      38,
      0.024822695035460994
    ],
    [
      39,
      0.019813519813519816
    ],
    [
      40,
      0.04418103448275862
    ],
    [
      41,
      0.0551967116852613
    ],
    [
      42,
      0.11419249592169657
    ],
    [
      43,
      0.04020100502512563
    ],
    [
      44,
      0.07027027027027027
    ],
    [
      45,
      0.03891509433962264
    ],
    [
      46,
      0.09846153846153846
    ],
    [
      47,
      0.04787812840043525
    ],
    [
      48,
      0.09780775716694773
    ],
    [
      49,
      0.03644158628081457
    ],
    [
      50,
      0.03883495145631068
    ],
    [
      51,
      0.13263979193758127
    ],
    [
      52,
      0.06332453825857519
    ],
    [
      53,
      0.04015616285554936
    ],
    [
      54,
      0.07263294422827497
    ],
    [
      55,
      0.0390295358649789
    ],
    [
      56,
      0.05425400739827374
    ],
    [
      57,
      0.036275695284159616
    ],
    [
      58,
      0.13385826771653545
    ],
    [
      59,
      0.04031354983202688
    ],
    [
      60,
      0.04043715846994536
    ],
    [
      61,
      0.038938053097345125
    ],
    [
      62,
      0.08304498269896193
    ],
    [
      63,
      0.06666666666666667
    ],
    [
      64,
      0.03245192307692307
    ],
    [
      65,
      0.08924949290060852
    ],
    [
      66,
      0.09169054441260746
    ],
    [
      67,
      0.07032967032967033
    ],
    [
      68,
      0.0378657487091222
    ],
    [
      69,
      0.08695652173913042
    ],
    [
      70,
      0.026592797783933517
    ],
    [
      71,
      0.1011494252873563
    ],
    [
      72,
      0.0333091962346126
    ],
    [
      73,
      0.11340206185567012
    ],
    [
      74,
      0.023230088495575223
    ],
    [
      75,
      0.06112054329371816
    ],
    [
      76,
      0.11175337186897881
    ],
    [
      77,
      0.031007751937984496
    ],
    [
      78,
      0.04608294930875576
    ],
    [
      79,
      0.08666666666666666
    ],
    [
      80,
      0.095703125
    ],
    [
      81,
      0.06762028608582575
    ],
    [
      82,
      0.16733067729083664
    ],
    [
      83,
      0.06539509536784742
    ],
    [
      84,
      0.09554140127388534
    ],
    [
      85,
      0.11239193083573486
    ],
    [
      86,
      0.06885593220338983
    ],
    [
      87,
      0.04499437570303712
    ],
    [
      88,
      0.060402684563758385
    ],
    [
      89,
      0.06545064377682404
    ],
    [
      90,
      0.04930847865303669
    ],
    [
      91,
      0.06220839813374805
    ],
    [
      92,
      0.035776110790536636
    ],
    [
      93,
      0.0544069640914037
    ],
    [
      94,
      0.03143189755529686
    ],
    [
      95,
      0.06734006734006734
    ],
    [
      96,
      0.11912225705329152
    ],
    [
      97,
      0.02836879432624113
    ],
    [
      98,
      0.08547008547008547
    ],
    [
      99,
      0.08858057630736392
    ],
    [
      100,
      0.04307012700165654
    ],
    [
      101,
      0.036322360953461974
    ],
    [
      102,
      0.046958377801494124
    ],
    [
      103,
      0.04604918890633177
    ],
    [
      104,
      0.030769230769230767
    ],
    [
      105,
      0.05927835051546392
    ],
    [
      106,
      0.05492730210016156
    ],
    [
      107,
      0.04830917874396136
    ],
    [
      108,
      0.05442964678633469
    ],
    [
      109,
      0.033625730994152045
    ],
    [
      110,
      0.05887300252312868
    ],
    [
      111,
      0.14904679376083188
    ],
    [
      112,
      0.041884816753926704
    ],
    [
      113,
      0.058346839546191256
    ],
    [
      114,
      0.1164658634538153
    ],
    [
      115,
      0.02917152858809802
    ],
    [
      116,
      0.10628019323671498
    ],
    [
      117,
      0.09003215434083603
    ],
    [
      118,
      0.027554535017221587
    ],
    [
      119,
      0.04976303317535545
    ],
    [
      120,
      0.0864381520119225
    ],
    [
      121,
      0.05571565802113352
    ],
    [
      122,
      0.05331882480957563
    ],
    [
      123,
      0.044642857142857144
    ],
    [
      124,
      0.020430107526881718
    ],
    [
      125,
      0.08567208271787297
    ],
    [
      126,
      0.04113396331295164
    ],
    [
      127,
      0.06349206349206349
    ],
    [
      128,
      0.06794520547945206
    ],
    [
      129,
      0.034324942791762014
    ],
    [
      130,
      0.08708708708708708
    ],
    [
      131,
      0.02818489289740699
    ],
    [
      132,
      0.11089866156787762
    ],
    [
      133,
      0.030769230769230764
    ],
    [
      134,
      0.07237892496008516
    ],
    [
      135,
      0.027685492801771877
    ],
    [
      136,
      0.07547169811320756
    ],
    [
      137,
      0.0322234156820623
    ],
    [
      138,
      0.04612159329140461
    ],
    [
      139,
      0.08051529790660227
    ],
    [
      140,
      0.038305281485780614
    ],
    [
      141,
      0.0514354066985646
    ],
    [
      142,
      0.0951219512195122
    ],
    [
      143,
      0.05530973451327434
    ],
    [
      144,
      0.10568031704095111
    ],
    [
      145,
      0.0563758389261745
    ],
    [
      146,
      0.09817671809256663
    ],
    [
      147,
      0.047693105235873515
    ],
    [
      148,
      0.022170361726954493
    ],
    [
      149,
      0.03403755868544601
    ],
    [
      150,
      0.13257575757575757
    ],
    [
      151,
      0.06475984889368591
    ],
    [
      152,
      0.021397105097545624
    ],
    [
      153,
      0.023755656108597284
    ],
    [
      154,
      0.02660497397339503
    ],
    [
      155,
      0.10227272727272727
    ],
    [
      156,
      0.09523809523809523
    ],
    [
      157,
