{
  "dataset": "QMSum",
  "num_samples": 200,
  "rouge1": 0.23454410638333717,
  "rouge2": 0.04559289798827844,
  "rougeL": 0.13681614152411098,
  "rougeLsum": 0.1429989147564794,
  "per_sample_rougeL": [
    [
      0,
      0.06137566137566138
    ],
    [
      1,
      0.051054384017758046
    ],
    [
      2,
      0.08731241473396999
    ],
    [
      3,
      0.05671077504725897
    ],
    [
      4,
      0.07216494845360824
    ],
    [
      5,
      0
    ],
    [
      6,
      0
    ],
    [
      7,
      0.14814814814814814
    ],
    [
      8,
      0.17600000000000002
    ],
    [
      9,
      0.14545454545454545
    ],
    [
      10,
      0.19047619047619044
    ],
    [
      11,
      0.17877094972067037
    ],
    [
      12,
      0.3103448275862069
    ],
    [
      13,
      0.22018348623853212
    ],
    [
      14,
      0.15015015015015012
    ],
    [
      15,
      0.16417910447761194
    ],
    [
      16,
      0.15261044176706826
    ],
    [
      17,
      0.15555555555555556
    ],
    [
      18,
      0.12765957446808512
    ],
    [
      19,
      0.10980392156862745
    ],
    [
      20,
      0.09195402298850575
    ],
    [
      21,
      0.21276595744680854
    ],
    [
      22,
      0.12435233160621761
    ],
    [
      23,
      0.2077922077922078
    ],
    [
      24,
      0
    ],
    [
      25,
      0.16666666666666669
    ],
    [
      26,
      0.15894039735099338
    ],
    [
      27,
      0.08754208754208755
    ],
    [
      28,
      0.141025641025641
    ],
    [
      29,
      0.09289617486338797
    ],
    [
      30,
      0.17687074829931973
    ],
    [
      31,
      0.05365853658536585
    ],
    [
      32,
      0.20155038759689925
    ],
    [
      33,
      0.17355371900826447
    ],
    [
      34,
      0.2105263157894737
    ],
    [
      35,
      0.06538461538461539
    ],
    [
      36,
      0.022743425728500355
    ],
    [
      37,
      0.12093023255813953
    ],
    [
      38,
      0.1917808219178082
    ],
    [
      39,
      0.22916666666666669
    ],
    [
      40,
      0.1788617886178862
    ],
    [
      41,
      0.17073170731707316
    ],
    [
      42,
      0.12903225806451613
    ],
    [
      43,
      0.17142857142857143
    ],
    [
      44,
      0.13872832369942198
    ],
    [
      45,
      0.04498269896193771
    ],
    [
      46,
      0.13872832369942198
    ],
    [
      47,
      0.12598425196850394
    ],
    [
      48,
      0.15384615384615385
    ],
    [
      49,
      0.03065134099616858
    ],
    [
      50,
      0.036464088397790057
    ],
    [
      51,
      0.19607843137254902
    ],
    [
      52,
      0.1322314049586777
    ],
    [
      53,
      0.10894941634241245
    ],
    [
      54,
      0.16923076923076924
    ],
    [
      55,
      0.18
    ],
    [
      56,
      0.10843373493975904
    ],
    [
      57,
      0.03038829487900957
    ],
    [
      58,
      0.1923076923076923
    ],
    [
      59,
      0.1889763779527559
    ],
    [
      60,
      0.1267605633802817
    ],
    [
      61,
      0.17751479289940827
    ],
    [
      62,
      0.01212121212121212
    ],
    [
      63,
      0.1705426356589147
    ],
    [
      64,
      0.2054794520547945
    ],
    [
      65,
      0.1450381679389313
    ],
    [
      66,
      0.1896551724137931
    ],
    [
      67,
      0.13793103448275862
    ],
    [
      68,
      0.11049723756906078
    ],
    [
      69,
      0.10294117647058824
    ],
    [
      70,
      0.3278688524590164
    ],
    [
      71,
      0.2142857142857143
    ],
    [
      72,
      0.26229508196721313
    ],
    [
      73,
      0.20000000000000004
    ],
    [
      74,
      0.13592233009708737
    ],
    [
      75,
      0.17910447761194032
    ],
    [
      76,
      0.12698412698412698
    ],
    [
      77,
      0.10370370370370371
    ],
    [
      78,
      0.1946902654867257
    ],
    [
      79,
      0
    ],
    [
      80,
      0.1271186440677966
    ],
    [
      81,
      0.03982576228998133
    ],
    [
      82,
      0.06295907660020987
    ],
    [
      83,
      0.21666666666666667
    ],
    [
      84,
      0.1678321678321678
    ],
    [
      85,
      0.16080402010050251
    ],
    [
      86,
      0.23728813559322032
    ],
    [
      87,
      0.03705722070844686
    ],
    [
      88,
      0.13333333333333333
    ],
    [
      89,
      0.1739130434782609
    ],
    [
      90,
      0.2159090909090909
    ],
    [
      91,
      0.11578947368421053
    ],
    [
      92,
      0.14035087719298245
    ],
    [
      93,
      0.1352657004830918
    ],
    [
      94,
      0.08312958435207823
    ],
    [
      95,
      0.09795918367346938
    ],
    [
      96,
      0.07178354500276089
    ],
    [
      97,
      0.11131059245960503
    ],
    [
      98,
      0.17687074829931973
    ],
    [
      99,
      0.16342412451361868
    ],
    [
      100,
      0.17708333333333334
    ],
    [
      101,
      0.12269938650306747
    ],
    [
      102,
      0.1851851851851852
    ],
    [
      103,
      0.18867924528301885
    ],
    [
      104,
      0.22857142857142854
    ],
    [
      105,
      0
    ],
    [
      106,
      0.16049382716049382
    ],
    [
      107,
      0.09198813056379822
    ],
    [
      108,
      0.17341040462427748
    ],
    [
      109,
      0.1111111111111111
    ],
    [
      110,
      0.12941176470588237
    ],
    [
      111,
      0.16018306636155605
    ],
    [
      112,
      0.2653061224489796
    ],
    [
      113,
      0.21395348837209305
    ],
    [
      114,
      0.11283185840707963
    ],
    [
      115,
      0.11063829787234042
    ],
    [
      116,
      0.1782178217821782
    ],
    [
      117,
      0.19753086419753088
    ],
    [
      118,
      0.13698630136986303
    ],
    [
      119,
      0.2647058823529412
    ],
    [
      120,
      0.15028901734104047
    ],
    [
      121,
      0.14218009478672985
    ],
    [
      122,
      0
    ],
    [
      123,
      0.13043478260869565
    ],
    [
      124,
      0.11965811965811965
    ],
    [
      125,
      0.14285714285714288
    ],
    [
      126,
      0.2531645569620254
    ],
    [
      127,
      0.13978494623655913
    ],
    [
      128,
      0.20895522388059704
    ],
    [
      129,
      0.12121212121212122
    ],
    [
      130,
      0.192090395480226
    ],
    [
      131,
      0.1142857142857143
    ],
    [
      132,
      0.18064516129032257
    ],
    [
      133,
      0.07653910149750415
    ],
    [
      134,
      0.13664596273291926
    ],
    [
      135,
      0.22429906542056074
    ],
    [
      136,
      0.09162303664921466
    ],
    [
      137,
      0.1651376146788991
    ],
    [
      138,
      0.14516129032258066
    ],
    [
      139,
      0.126984126984127
    ],
    [
      140,
      0.034988713318284424
    ],
    [
      141,
      0
    ],
    [
      142,
      0.12307692307692308
    ],
    [
      143,
      0.14746543778801843
    ],
    [
      144,
      0.12099644128113879
    ],
    [
      145,
      0.16071428571428573
    ],
    [
      146,
      0
    ],
    [
      147,
      0.1081081081081081
    ],
    [
      148,
      0.24242424242424243
    ],
    [
      149,
      0.11920529801324503
    ],
    [
      150,
      0.09924812030075189
    ],
    [
      151,
      0.1830065359477124
    ],
    [
      152,
      0.10738255033557047
    ],
    [
      153,
      0.12413793103448276
    ],
    [
      154,
      0.26785714285714285
    ],
    [
      155,
      0.12903225806451613
    ],
    [
      156,
      0.138328530259366
    ],
    [
      157,
      0.12000000000000001
    ],
    [
      158,
      0.14864864864864863
    ],
    [
      159,
      0.15267175572519082
    ],
    [
      160,
      0.12389380530973451
    ],
    [
      161,
      0.18867924528301888
