{
  "dataset": "QMSum",
  "num_samples": 200,
  "rouge1": 0.09470970803329531,
  "rouge2": 0.026641763983288533,
  "rougeL": 0.06420050274041406,
  "rougeLsum": 0.07868261209237937,
  "per_sample_rougeL": [
    [
      0,
      0.06912181303116147
    ],
    [
      1,
      0.0893719806763285
    ],
    [
      2,
      0.05493273542600897
    ],
    [
      3,
      0.057649667405764965
    ],
    [
      4,
      0.01380897583429229
    ],
    [
      5,
      0.12238325281803543
    ],
    [
      6,
      0.038738240177089094
    ],
    [
      7,
      0.04370860927152318
    ],
    [
      8,
      0.055089820359281436
    ],
    [
      9,
      0.04136504653567735
    ],
    [
      10,
      0.028021015761821363
    ],
    [
      11,
      0.08600000000000001
    ],
    [
      12,
      0.024581005586592177
    ],
    [
      13,
      0.06171428571428572
    ],
    [
      14,
      0.10359712230215827
    ],
    [
      15,
      0.039262343842950624
    ],
    [
      16,
      0.0904645476772616
    ],
    [
      17,
      0.035426731078905
    ],
    [
      18,
      0.06837606837606837
    ],
    [
      19,
      0.05797101449275362
    ],
    [
      20,
      0.030839520274129065
    ],
    [
      21,
      0.07881773399014778
    ],
    [
      22,
      0.044191919191919185
    ],
    [
      23,
      0.09999999999999999
    ],
    [
      24,
      0.04997341839447103
    ],
    [
      25,
      0.06976744186046512
    ],
    [
      26,
      0.05700424499696786
    ],
    [
      27,
      0.05459057071960297
    ],
    [
      28,
      0.048263684520306056
    ],
    [
      29,
      0.03662138216184288
    ],
    [
      30,
      0.041294642857142856
    ],
    [
      31,
      0.050595238095238096
    ],
    [
      32,
      0.06855277475516865
    ],
    [
      33,
      0.11846689895470383
    ],
    [
      34,
      0.07333333333333333
    ],
    [
      35,
      0.04378818737270876
    ],
    [
      36,
      0.03903559127439725
    ],
    [
      37,
      0.04933586337760912
    ],
    [
      38,
      0.023732470334412083
    ],
    [
      39,
      0.07804878048780488
    ],
    [
      40,
      0.07079646017699115
    ],
    [
      41,
      0.10658307210031348
    ],
    [
      42,
      0.08615384615384615
    ],
    [
      43,
      0.04379562043795621
    ],
    [
      44,
      0.039925140361821584
    ],
    [
      45,
      0.14485981308411214
    ],
    [
      46,
      0.05108273181565798
    ],
    [
      47,
      0.09539473684210525
    ],
    [
      48,
      0.06933911159263273
    ],
    [
      49,
      0.0449438202247191
    ],
    [
      50,
      0.04306864064602961
    ],
    [
      51,
      0.11982881597717547
    ],
    [
      52,
      0.04867724867724867
    ],
    [
      53,
      0.10507880910683012
    ],
    [
      54,
      0.041926345609065156
    ],
    [
      55,
      0.060796645702306085
    ],
    [
      56,
      0.03229813664596273
    ],
    [
      57,
      0.0645933014354067
    ],
    [
      58,
      0.09212121212121212
    ],
    [
      59,
      0.08289054197662063
    ],
    [
      60,
      0.04597701149425287
    ],
    [
      61,
      0.046687697160883286
    ],
    [
      62,
      0.07555315704263357
    ],
    [
      63,
      0.04
    ],
    [
      64,
      0.03656059580230196
    ],
    [
      65,
      0.06857142857142857
    ],
    [
      66,
      0.08423913043478261
    ],
    [
      67,
      0.06424747174301011
    ],
    [
      68,
      0.1072463768115942
    ],
    [
      69,
      0.1568627450980392
    ],
    [
      70,
      0.07608695652173915
    ],
    [
      71,
      0.04372842347525892
    ],
    [
      72,
      0.03468208092485549
    ],
    [
      73,
      0.11040339702760085
    ],
    [
      74,
      0.06052269601100412
    ],
    [
      75,
      0.14141414141414144
    ],
    [
      76,
      0.10416666666666666
    ],
    [
      77,
      0.025912838633686694
    ],
    [
      78,
      0.08935611038107753
    ],
    [
      79,
      0.042746113989637305
    ],
    [
      80,
      0.08659450457951706
    ],
    [
      81,
      0.05714285714285714
    ],
    [
      82,
      0.05997931747673216
    ],
    [
      83,
      0.08469055374592833
    ],
    [
      84,
      0.057235421166306685
    ],
    [
      85,
      0.051932367149758456
    ],
    [
      86,
      0.08744186046511628
    ],
    [
      87,
      0.07571801566579635
    ],
    [
      88,
      0.1033492822966507
    ],
    [
      89,
      0.17537942664418213
    ],
    [
      90,
      0.0666066606660666
    ],
    [
      91,
      0.027842227378190254
    ],
    [
      92,
      0.08491947291361639
    ],
    [
      93,
      0.07015130674002751
    ],
    [
      94,
      0.04766839378238342
    ],
    [
      95,
      0.07609312890403179
    ],
    [
      96,
      0.0959040959040959
    ],
    [
      97,
      0.028457598178713715
    ],
    [
      98,
      0.04569420035149385
    ],
    [
      99,
      0.1222222222222222
    ],
    [
      100,
      0.04718066743383199
    ],
    [
      101,
      0.04537093807480074
    ],
    [
      102,
      0.04537719795802608
    ],
    [
      103,
      0.12850082372322902
    ],
    [
      104,
      0.06629834254143648
    ],
    [
      105,
      0.060140754958413305
    ],
    [
      106,
      0.058956916099773236
    ],
    [
      107,
      0.06218487394957984
    ],
    [
      108,
      0.09891808346213292
    ],
    [
      109,
      0.03811101905550954
    ],
    [
      110,
      0.06463878326996197
    ],
    [
      111,
      0.1
    ],
    [
      112,
      0.063794068270845
    ],
    [
      113,
      0.09836065573770492
    ],
    [
      114,
      0.0798035604665439
    ],
    [
      115,
      0.02782608695652174
    ],
    [
      116,
      0.051575931232091685
    ],
    [
      117,
      0.11131059245960502
    ],
    [
      118,
      0.027995520716685332
    ],
    [
      119,
      0.0365296803652968
    ],
    [
      120,
      0.04227053140096619
    ],
    [
      121,
      0.04908747640025173
    ],
    [
      122,
      0.05574912891986063
    ],
    [
      123,
      0.06128830519074421
    ],
    [
      124,
      0.0487106017191977
    ],
    [
      125,
      0.04088785046728972
    ],
    [
      126,
      0.044930875576036866
    ],
    [
      127,
      0.03246376811594203
    ],
    [
      128,
      0.09080590238365492
    ],
    [
      129,
      0.04223602484472049
    ],
    [
      130,
      0.0640176600441501
    ],
    [
      131,
      0.07082630691399663
    ],
    [
      132,
      0.08450704225352114
    ],
    [
      133,
      0.03676470588235294
    ],
    [
      134,
      0.09706774519716885
    ],
    [
      135,
      0.08983451536643026
    ],
    [
      136,
      0.0677570093457944
    ],
    [
      137,
      0.046553267681289166
    ],
    [
      138,
      0.07459207459207459
    ],
    [
      139,
      0.040322580645161296
    ],
    [
      140,
      0.051329055912007336
    ],
    [
      141,
      0.10389610389610389
    ],
    [
      142,
      0.05238095238095238
    ],
    [
      143,
      0.06512729425695679
    ],
    [
      144,
      0.055522027761013885
    ],
    [
      145,
      0.03606748109365911
    ],
    [
      146,
      0.08255933952528378
    ],
    [
      147,
      0.04500548847420417
    ],
    [
      148,
      0.020130254588513915
    ],
    [
      149,
      0.07008086253369272
    ],
    [
      150,
      0.09986130374479889
    ],
    [
      151,
      0.09471365638766518
    ],
    [
      152,
      0.06538461538461539
    ],
    [
      153,
      0.027114267269205943
    ],
    [
      154,
      0.07095343680709534
    ],
    [
      155,
      0.050179211469534045
    ],
    [
      156,
      0.07090719499478623
    ],
    [
      157,
      0.020891364902506964
    ],
    [
      158,
