{
  "dataset": "QMSum",
  "num_samples": 200,
  "rouge1": 0.08566043079635524,
  "rouge2": 0.02482807076803971,
  "rougeL": 0.05707530865970577,
  "rougeLsum": 0.07172265315222806,
  "per_sample_rougeL": [
    [
      0,
      0.09987515605493133
    ],
    [
      1,
      0.05224304372515617
    ],
    [
      2,
      0.07768924302788845
    ],
    [
      3,
      0.035650623885918005
    ],
    [
      4,
      0.017172295363480253
    ],
    [
      5,
      0.04991680532445924
    ],
    [
      6,
      0.038984051978735966
    ],
    [
      7,
      0.030973451327433628
    ],
    [
      8,
      0.03181818181818182
    ],
    [
      9,
      0.027672955974842768
    ],
    [
      10,
      0.02658610271903323
    ],
    [
      11,
      0.08835341365461846
    ],
    [
      12,
      0.0983606557377049
    ],
    [
      13,
      0.055618615209988655
    ],
    [
      14,
      0.1188118811881188
    ],
    [
      15,
      0.036210018105009054
    ],
    [
      16,
      0.05425935973955506
    ],
    [
      17,
      0.04142692750287687
    ],
    [
      18,
      0.07624113475177306
    ],
    [
      19,
      0.04545454545454546
    ],
    [
      20,
      0.04595185995623632
    ],
    [
      21,
      0.029429075927015894
    ],
    [
      22,
      0.03662138216184288
    ],
    [
      23,
      0.05703422053231939
    ],
    [
      24,
      0.08662420382165605
    ],
    [
      25,
      0.09466263846928501
    ],
    [
      26,
      0.07724601175482788
    ],
    [
      27,
      0.03918918918918919
    ],
    [
      28,
      0.07547169811320754
    ],
    [
      29,
      0.052451539338654506
    ],
    [
      30,
      0.07932011331444759
    ],
    [
      31,
      0.050802139037433164
    ],
    [
      32,
      0.07221006564551423
    ],
    [
      33,
      0.046585494970884066
    ],
    [
      34,
      0.07200000000000001
    ],
    [
      35,
      0.04266958424507659
    ],
    [
      36,
      0.043010752688172046
    ],
    [
      37,
      0.06624605678233439
    ],
    [
      38,
      0.027826086956521744
    ],
    [
      39,
      0.024760832864378166
    ],
    [
      40,
      0.09076682316118936
    ],
    [
      41,
      0.09042236763831053
    ],
    [
      42,
      0.060790273556231005
    ],
    [
      43,
      0.05809859154929577
    ],
    [
      44,
      0.04133738601823708
    ],
    [
      45,
      0.05316007088009451
    ],
    [
      46,
      0.0497787610619469
    ],
    [
      47,
      0.053837342497136315
    ],
    [
      48,
      0.03841676367869616
    ],
    [
      49,
      0.042358328563251293
    ],
    [
      50,
      0.04575556893437688
    ],
    [
      51,
      0.06010928961748635
    ],
    [
      52,
      0.0333539221741816
    ],
    [
      53,
      0.10894941634241245
    ],
    [
      54,
      0.10408921933085502
    ],
    [
      55,
      0.08089260808926081
    ],
    [
      56,
      0.05590851334180432
    ],
    [
      57,
      0.04286520022560632
    ],
    [
      58,
      0.14186851211072665
    ],
    [
      59,
      0.05910543130990416
    ],
    [
      60,
      0.09195402298850575
    ],
    [
      61,
      0.048780487804878044
    ],
    [
      62,
      0.07736720554272516
    ],
    [
      63,
      0.03344867358708189
    ],
    [
      64,
      0.048780487804878044
    ],
    [
      65,
      0.08416833667334668
    ],
    [
      66,
      0.045990566037735846
    ],
    [
      67,
      0.11305518169582772
    ],
    [
      68,
      0.09366391184573002
    ],
    [
      69,
      0.12203389830508475
    ],
    [
      70,
      0.039364118092354274
    ],
    [
      71,
      0.042606516290726815
    ],
    [
      72,
      0.11529933481152994
    ],
    [
      73,
      0.041103934233705224
    ],
    [
      74,
      0.02823818293431553
    ],
    [
      75,
      0.06919642857142856
    ],
    [
      76,
      0.06277533039647576
    ],
    [
      77,
      0.025500910746812384
    ],
    [
      78,
      0.08732394366197183
    ],
    [
      79,
      0.04036908881199539
    ],
    [
      80,
      0.07081174438687392
    ],
    [
      81,
      0.057569296375266525
    ],
    [
      82,
      0.07055050774986638
    ],
    [
      83,
      0.05665024630541871
    ],
    [
      84,
      0.11928429423459244
    ],
    [
      85,
      0.07976653696498055
    ],
    [
      86,
      0.09437386569872959
    ],
    [
      87,
      0.07017543859649124
    ],
    [
      88,
      0.06805074971164937
    ],
    [
      89,
      0.06983087834151665
    ],
    [
      90,
      0.04540295119182747
    ],
    [
      91,
      0.03536345776031434
    ],
    [
      92,
      0.04488778054862842
    ],
    [
      93,
      0.058791507893304305
    ],
    [
      94,
      0.028951939779965262
    ],
    [
      95,
      0.07521367521367521
    ],
    [
      96,
      0.09245283018867925
    ],
    [
      97,
      0.03873239436619718
    ],
    [
      98,
      0.04863925883034163
    ],
    [
      99,
      0.08430393788130892
    ],
    [
      100,
      0.061272584446190104
    ],
    [
      101,
      0.0347938144329897
    ],
    [
      102,
      0.09545983701979045
    ],
    [
      103,
      0.1023142509135201
    ],
    [
      104,
      0.02865329512893983
    ],
    [
      105,
      0.05878594249201277
    ],
    [
      106,
      0.11624834874504623
    ],
    [
      107,
      0.042700519330640514
    ],
    [
      108,
      0.13387423935091278
    ],
    [
      109,
      0.03861003861003861
    ],
    [
      110,
      0.05924412665985699
    ],
    [
      111,
      0.07134767836919592
    ],
    [
      112,
      0.06312292358803986
    ],
    [
      113,
      0.06060606060606061
    ],
    [
      114,
      0.10295728368017523
    ],
    [
      115,
      0.031413612565445025
    ],
    [
      116,
      0.09693053311793216
    ],
    [
      117,
      0.05113636363636364
    ],
    [
      118,
      0.027164685908319185
    ],
    [
      119,
      0.03535651149086624
    ],
    [
      120,
      0.05132591958939264
    ],
    [
      121,
      0.096875
    ],
    [
      122,
      0.06263498920086394
    ],
    [
      123,
      0.05930232558139535
    ],
    [
      124,
      0.027745664739884397
    ],
    [
      125,
      0.059925093632958795
    ],
    [
      126,
      0.04250430786904079
    ],
    [
      127,
      0.03878787878787879
    ],
    [
      128,
      0.15447154471544716
    ],
    [
      129,
      0.06516290726817042
    ],
    [
      130,
      0.07616361071932298
    ],
    [
      131,
      0.0359204618345093
    ],
    [
      132,
      0.07039337474120083
    ],
    [
      133,
      0.029357798165137613
    ],
    [
      134,
      0.07012987012987013
    ],
    [
      135,
      0.028335301062573794
    ],
    [
      136,
      0.07950028392958547
    ],
    [
      137,
      0.030668127053669218
    ],
    [
      138,
      0.0496969696969697
    ],
    [
      139,
      0.04049493813273341
    ],
    [
      140,
      0.052873563218390804
    ],
    [
      141,
      0.0515759312320917
    ],
    [
      142,
      0.05272206303724929
    ],
    [
      143,
      0.06351183063511831
    ],
    [
      144,
      0.057655349135169766
    ],
    [
      145,
      0.02306805074971165
    ],
    [
      146,
      0.061176470588235304
    ],
    [
      147,
      0.05436013590033975
    ],
    [
      148,
      0.037086092715231785
    ],
    [
      149,
      0.04135554279149914
    ],
    [
      150,
      0.04392156862745098
    ],
    [
      151,
      0.08029197080291972
    ],
    [
      152,
      0.027325959661678594
    ],
    [
      153,
      0.046896551724137925
    ],
    [
      154,
      0.026284348864994027
    ],
    [
      155,
      0.04971751412429379
    ],
    [
      156,
      0.047223994894703254
    ],
    [
      157,
