{
  "dataset": "QMSum",
  "num_samples": 200,
  "rouge1": 0.08944332323429538,
  "rouge2": 0.02517291479653065,
  "rougeL": 0.06058309545654386,
  "rougeLsum": 0.07435503885022193,
  "per_sample_rougeL": [
    [
      0,
      0.07692307692307693
    ],
    [
      1,
      0.05640711220110362
    ],
    [
      2,
      0.07875647668393783
    ],
    [
      3,
      0.0443307757885763
    ],
    [
      4,
      0.014951121334100058
    ],
    [
      5,
      0.1176470588235294
    ],
    [
      6,
      0.035654596100278546
    ],
    [
      7,
      0.03634298693923907
    ],
    [
      8,
      0.057273768613974804
    ],
    [
      9,
      0.025900900900900903
    ],
    [
      10,
      0.03082191780821918
    ],
    [
      11,
      0.08863636363636365
    ],
    [
      12,
      0.029082774049217004
    ],
    [
      13,
      0.059371362048894066
    ],
    [
      14,
      0.06121247792819306
    ],
    [
      15,
      0.04395604395604395
    ],
    [
      16,
      0.05239179954441913
    ],
    [
      17,
      0.07489597780859916
    ],
    [
      18,
      0.06191265892758431
    ],
    [
      19,
      0.06323185011709602
    ],
    [
      20,
      0.02860411899313501
    ],
    [
      21,
      0.06906474820143886
    ],
    [
      22,
      0.03523693803159174
    ],
    [
      23,
      0.10270270270270271
    ],
    [
      24,
      0.05066079295154185
    ],
    [
      25,
      0.06613594611145132
    ],
    [
      26,
      0.0610298792116974
    ],
    [
      27,
      0.05352798053527981
    ],
    [
      28,
      0.0469208211143695
    ],
    [
      29,
      0.032558139534883714
    ],
    [
      30,
      0.04062681369704005
    ],
    [
      31,
      0.02981366459627329
    ],
    [
      32,
      0.06117908787541713
    ],
    [
      33,
      0.04406233207952714
    ],
    [
      34,
      0.030413625304136247
    ],
    [
      35,
      0.049668874172185434
    ],
    [
      36,
      0.09523809523809523
    ],
    [
      37,
      0.04968062455642299
    ],
    [
      38,
      0.04736275565123788
    ],
    [
      39,
      0.023529411764705882
    ],
    [
      40,
      0.08294930875576037
    ],
    [
      41,
      0.10512483574244415
    ],
    [
      42,
      0.07543323139653414
    ],
    [
      43,
      0.08722741433021806
    ],
    [
      44,
      0.03731343283582089
    ],
    [
      45,
      0.1408450704225352
    ],
    [
      46,
      0.05030743432084964
    ],
    [
      47,
      0.058892815076560655
    ],
    [
      48,
      0.041128084606345476
    ],
    [
      49,
      0.09416195856873823
    ],
    [
      50,
      0.04063492063492063
    ],
    [
      51,
      0.05741626794258373
    ],
    [
      52,
      0.059627329192546596
    ],
    [
      53,
      0.04045211183819155
    ],
    [
      54,
      0.0758082497212932
    ],
    [
      55,
      0.07259953161592506
    ],
    [
      56,
      0.0308972073677956
    ],
    [
      57,
      0.03599550056242969
    ],
    [
      58,
      0.09959623149394348
    ],
    [
      59,
      0.09579100145137881
    ],
    [
      60,
      0.11392405063291139
    ],
    [
      61,
      0.0703030303030303
    ],
    [
      62,
      0.07906458797327394
    ],
    [
      63,
      0.040100250626566414
    ],
    [
      64,
      0.032335329341317366
    ],
    [
      65,
      0.09523809523809525
    ],
    [
      66,
      0.04750593824228029
    ],
    [
      67,
      0.09487666034155598
    ],
    [
      68,
      0.0490566037735849
    ],
    [
      69,
      0.14564369310793238
    ],
    [
      70,
      0.08566108007448789
    ],
    [
      71,
      0.046756282875511396
    ],
    [
      72,
      0.03953488372093024
    ],
    [
      73,
      0.04391691394658753
    ],
    [
      74,
      0.05844980940279542
    ],
    [
      75,
      0.14242424242424243
    ],
    [
      76,
      0.07537012113055182
    ],
    [
      77,
      0.047619047619047616
    ],
    [
      78,
      0.043230944254835035
    ],
    [
      79,
      0.04146919431279621
    ],
    [
      80,
      0.06028368794326241
    ],
    [
      81,
      0.05748865355521937
    ],
    [
      82,
      0.11270718232044198
    ],
    [
      83,
      0.057405281285878296
    ],
    [
      84,
      0.0761904761904762
    ],
    [
      85,
      0.05565217391304348
    ],
    [
      86,
      0.11874272409778813
    ],
    [
      87,
      0.04316546762589927
    ],
    [
      88,
      0.06711409395973154
    ],
    [
      89,
      0.1480484522207268
    ],
    [
      90,
      0.07359705611775529
    ],
    [
      91,
      0.044226044226044224
    ],
    [
      92,
      0.0715307582260372
    ],
    [
      93,
      0.07264296754250386
    ],
    [
      94,
      0.030418250950570342
    ],
    [
      95,
      0.06429780033840947
    ],
    [
      96,
      0.07301017354877319
    ],
    [
      97,
      0.04043905257076833
    ],
    [
      98,
      0.046796657381615606
    ],
    [
      99,
      0.11194029850746269
    ],
    [
      100,
      0.04332552693208431
    ],
    [
      101,
      0.031093836757357024
    ],
    [
      102,
      0.10112359550561797
    ],
    [
      103,
      0.05066079295154185
    ],
    [
      104,
      0.1005586592178771
    ],
    [
      105,
      0.06189555125725338
    ],
    [
      106,
      0.059853190287972896
    ],
    [
      107,
      0.043854587420657815
    ],
    [
      108,
      0.0574443141852286
    ],
    [
      109,
      0.05789473684210526
    ],
    [
      110,
      0.06451612903225805
    ],
    [
      111,
      0.10754912099276111
    ],
    [
      112,
      0.13154362416107382
    ],
    [
      113,
      0.06912991656734208
    ],
    [
      114,
      0.10615711252653927
    ],
    [
      115,
      0.0472972972972973
    ],
    [
      116,
      0.054533925174381735
    ],
    [
      117,
      0.09368191721132897
    ],
    [
      118,
      0.02981514609421586
    ],
    [
      119,
      0.03569303985722785
    ],
    [
      120,
      0.04358068315665489
    ],
    [
      121,
      0.09162717219589257
    ],
    [
      122,
      0.05385556915544675
    ],
    [
      123,
      0.05795454545454546
    ],
    [
      124,
      0.04230317273795534
    ],
    [
      125,
      0.04086265607264472
    ],
    [
      126,
      0.08915304606240713
    ],
    [
      127,
      0.030498533724340172
    ],
    [
      128,
      0.11111111111111109
    ],
    [
      129,
      0.03537735849056604
    ],
    [
      130,
      0.06946107784431138
    ],
    [
      131,
      0.029487179487179487
    ],
    [
      132,
      0.04393063583815029
    ],
    [
      133,
      0.027379400260756196
    ],
    [
      134,
      0.06573341448569689
    ],
    [
      135,
      0.05354330708661418
    ],
    [
      136,
      0.07421383647798742
    ],
    [
      137,
      0.02593010146561443
    ],
    [
      138,
      0.07090719499478625
    ],
    [
      139,
      0.039727582292849034
    ],
    [
      140,
      0.05242718446601942
    ],
    [
      141,
      0.047566371681415934
    ],
    [
      142,
      0.04328018223234625
    ],
    [
      143,
      0.07849829351535836
    ],
    [
      144,
      0.054711246200607896
    ],
    [
      145,
      0.02983425414364641
    ],
    [
      146,
      0.07721280602636535
    ],
    [
      147,
      0.053661263275572954
    ],
    [
      148,
      0.020499679692504803
    ],
    [
      149,
      0.04185161699429296
    ],
    [
      150,
      0.059659090909090905
    ],
    [
      151,
      0.05345211581291759
    ],
    [
      152,
      0.0677361853832442
    ],
    [
      153,
      0.03797468354430379
    ],
    [
      154,
      0.050746268656716415
    ],
    [
      155,
      0.0453771979580261
    ],
    [
      156,
      0.051407588739290085
    ],
    [
      157,
