{
  "dataset": "QMSum",
  "num_samples": 200,
  "rouge1": 0.06248900175981791,
  "rouge2": 0.01699021126567183,
  "rougeL": 0.046160444264008,
  "rougeLsum": 0.05256198981965087,
  "per_sample_rougeL": [
    [
      0,
      0.06872451951077461
    ],
    [
      1,
      0.05626034197462768
    ],
    [
      2,
      0.09438775510204081
    ],
    [
      3,
      0.027027027027027025
    ],
    [
      4,
      0.015195791934541203
    ],
    [
      5,
      0.05162064825930372
    ],
    [
      6,
      0.03365114974761638
    ],
    [
      7,
      0.024664879356568366
    ],
    [
      8,
      0.02403058438012015
    ],
    [
      9,
      0.025518341307814992
    ],
    [
      10,
      0.02213613724405091
    ],
    [
      11,
      0.0547798066595059
    ],
    [
      12,
      0.11076923076923076
    ],
    [
      13,
      0.05768164170826401
    ],
    [
      14,
      0.04826038159371492
    ],
    [
      15,
      0.032648125755743655
    ],
    [
      16,
      0.05217391304347826
    ],
    [
      17,
      0.03210272873194222
    ],
    [
      18,
      0.061780104712041886
    ],
    [
      19,
      0.03331542181622783
    ],
    [
      20,
      0.036855036855036855
    ],
    [
      21,
      0.036260623229461754
    ],
    [
      22,
      0.03165630299604297
    ],
    [
      23,
      0.03790924755887421
    ],
    [
      24,
      0.05036373810856183
    ],
    [
      25,
      0.06459054209919261
    ],
    [
      26,
      0.060141509433962265
    ],
    [
      27,
      0.02105263157894737
    ],
    [
      28,
      0.04719101123595506
    ],
    [
      29,
      0.036556603773584904
    ],
    [
      30,
      0.046975924838520255
    ],
    [
      31,
      0.02895193977996526
    ],
    [
      32,
      0.05449275362318841
    ],
    [
      33,
      0.0507446221731936
    ],
    [
      34,
      0.04229607250755287
    ],
    [
      35,
      0.04945054945054945
    ],
    [
      36,
      0.039495337356006584
    ],
    [
      37,
      0.04150308468872686
    ],
    [
      38,
      0.026497695852534565
    ],
    [
      39,
      0.025566531086577575
    ],
    [
      40,
      0.037940379403794036
    ],
    [
      41,
      0.06707317073170731
    ],
    [
      42,
      0.06345475910693302
    ],
    [
      43,
      0.045454545454545456
    ],
    [
      44,
      0.039503386004514675
    ],
    [
      45,
      0.041991601679664065
    ],
    [
      46,
      0.0447427293064877
    ],
    [
      47,
      0.04849137931034482
    ],
    [
      48,
      0.044345898004434586
    ],
    [
      49,
      0.03824521934758155
    ],
    [
      50,
      0.03685092127303183
    ],
    [
      51,
      0.06777837547068316
    ],
    [
      52,
      0.03629976580796253
    ],
    [
      53,
      0.037444933920704845
    ],
    [
      54,
      0.1797752808988764
    ],
    [
      55,
      0.04501607717041801
    ],
    [
      56,
      0.03201970443349754
    ],
    [
      57,
      0.03701626472237801
    ],
    [
      58,
      0.048834628190899
    ],
    [
      59,
      0.049189491335941866
    ],
    [
      60,
      0.034482758620689655
    ],
    [
      61,
      0.04355716878402904
    ],
    [
      62,
      0.07432057681641709
    ],
    [
      63,
      0.03861907548273844
    ],
    [
      64,
      0.03525835866261398
    ],
    [
      65,
      0.038128249566724434
    ],
    [
      66,
      0.04926686217008797
    ],
    [
      67,
      0.06670567583382095
    ],
    [
      68,
      0.04526503871351995
    ],
    [
      69,
      0.05456702253855279
    ],
    [
      70,
      0.03335250143760782
    ],
    [
      71,
      0.04028436018957345
    ],
    [
      72,
      0.0280046674445741
    ],
    [
      73,
      0.0466704610130905
    ],
    [
      74,
      0.02785838653511317
    ],
    [
      75,
      0.06002265005662514
    ],
    [
      76,
      0.04885820499203399
    ],
    [
      77,
      0.021264028352037806
    ],
    [
      78,
      0.11914893617021276
    ],
    [
      79,
      0.0388768898488121
    ],
    [
      80,
      0.05995203836930455
    ],
    [
      81,
      0.03604651162790697
    ],
    [
      82,
      0.06526548672566372
    ],
    [
      83,
      0.03557085484796328
    ],
    [
      84,
      0.05374499714122355
    ],
    [
      85,
      0.050659630606860157
    ],
    [
      86,
      0.06723646723646724
    ],
    [
      87,
      0.04190919674039581
    ],
    [
      88,
      0.07560543414057885
    ],
    [
      89,
      0.04602739726027398
    ],
    [
      90,
      0.049207217058501916
    ],
    [
      91,
      0.023958927552766685
    ],
    [
      92,
      0.04010840108401084
    ],
    [
      93,
      0.05627705627705627
    ],
    [
      94,
      0.029484029484029485
    ],
    [
      95,
      0.06960556844547564
    ],
    [
      96,
      0.06794520547945206
    ],
    [
      97,
      0.04059701492537313
    ],
    [
      98,
      0.041065482796892344
    ],
    [
      99,
      0.0868632707774799
    ],
    [
      100,
      0.045828437132784956
    ],
    [
      101,
      0.03397260273972603
    ],
    [
      102,
      0.049450549450549455
    ],
    [
      103,
      0.047149122807017545
    ],
    [
      104,
      0.03323076923076923
    ],
    [
      105,
      0.05633802816901409
    ],
    [
      106,
      0.06015037593984963
    ],
    [
      107,
      0.04810583283223091
    ],
    [
      108,
      0.04533189422558014
    ],
    [
      109,
      0.02393906420021763
    ],
    [
      110,
      0.043274853801169584
    ],
    [
      111,
      0.07940709370037058
    ],
    [
      112,
      0.057175528873642086
    ],
    [
      113,
      0.07238762405137186
    ],
    [
      114,
      0.0816847479259732
    ],
    [
      115,
      0.10774410774410775
    ],
    [
      116,
      0.041831543244771056
    ],
    [
      117,
      0.04449648711943794
    ],
    [
      118,
      0.023582257158899493
    ],
    [
      119,
      0.03452243958573072
    ],
    [
      120,
      0.041916167664670656
    ],
    [
      121,
      0.08344923504867874
    ],
    [
      122,
      0.07165437302423605
    ],
    [
      123,
      0.06064209274673009
    ],
    [
      124,
      0.01997780244173141
    ],
    [
      125,
      0.042626728110599074
    ],
    [
      126,
      0.039978390059427334
    ],
    [
      127,
      0.023115024766097964
    ],
    [
      128,
      0.06868918145392099
    ],
    [
      129,
      0.03956834532374101
    ],
    [
      130,
      0.0499001996007984
    ],
    [
      131,
      0.03629976580796253
    ],
    [
      132,
      0.038784067085953874
    ],
    [
      133,
      0.03013863773357444
    ],
    [
      134,
      0.06712839637719765
    ],
    [
      135,
      0.02742857142857143
    ],
    [
      136,
      0.07040572792362769
    ],
    [
      137,
      0.03265765765765766
    ],
    [
      138,
      0.04640883977900552
    ],
    [
      139,
      0.030933967876264127
    ],
    [
      140,
      0.03592814371257485
    ],
    [
      141,
      0.049342105263157895
    ],
    [
      142,
      0.04591265397536394
    ],
    [
      143,
      0.0616591928251121
    ],
    [
      144,
      0.05430387059503178
    ],
    [
      145,
      0.029069767441860468
    ],
    [
      146,
      0.05360134003350084
    ],
    [
      147,
      0.04458945078847199
    ],
    [
      148,
      0.018934911242603547
    ],
    [
      149,
      0.0369928400954654
    ],
    [
      150,
      0.05386819484240688
    ],
    [
      151,
      0.06494960806270997
    ],
    [
      152,
      0.024913494809688578
    ],
    [
      153,
      0.02192982456140351
    ],
    [
      154,
      0.025943396226415096
    ],
    [
      155,
      0.03682393555811277
    ],
    [
      156,
      0.054086538461538464
    ],
    [
      157,
