{
  "dataset": "QMSum",
  "num_samples": 200,
  "rouge1": 0.08140136419332064,
  "rouge2": 0.02243019007655151,
  "rougeL": 0.056770821279635564,
  "rougeLsum": 0.063338438124279,
  "per_sample_rougeL": [
    [
      0,
      0.05425531914893617
    ],
    [
      1,
      0.05668934240362813
    ],
    [
      2,
      0.04307012700165654
    ],
    [
      3,
      0.06858710562414266
    ],
    [
      4,
      0.016027475672581566
    ],
    [
      5,
      0.05257510729613733
    ],
    [
      6,
      0.05662285136501516
    ],
    [
      7,
      0.03505045140732873
    ],
    [
      8,
      0.018877818563188254
    ],
    [
      9,
      0.06844106463878327
    ],
    [
      10,
      0.021965317919075147
    ],
    [
      11,
      0.05112154407929056
    ],
    [
      12,
      0.08088235294117647
    ],
    [
      13,
      0.05114254624591948
    ],
    [
      14,
      0.0565410199556541
    ],
    [
      15,
      0.027729636048526865
    ],
    [
      16,
      0.11478260869565218
    ],
    [
      17,
      0.026607538802660754
    ],
    [
      18,
      0.06437994722955145
    ],
    [
      19,
      0.032329988851727984
    ],
    [
      20,
      0.023715415019762844
    ],
    [
      21,
      0.09978308026030369
    ],
    [
      22,
      0.07168458781362007
    ],
    [
      23,
      0.028368794326241138
    ],
    [
      24,
      0.04235044997353097
    ],
    [
      25,
      0.05885619100499722
    ],
    [
      26,
      0.11900191938579653
    ],
    [
      27,
      0.02763957987838585
    ],
    [
      28,
      0.04243743199129489
    ],
    [
      29,
      0.03139013452914798
    ],
    [
      30,
      0.0416210295728368
    ],
    [
      31,
      0.02802101576182137
    ],
    [
      32,
      0.06350974930362116
    ],
    [
      33,
      0.10221465076660988
    ],
    [
      34,
      0.03764974329720479
    ],
    [
      35,
      0.041117554032683176
    ],
    [
      36,
      0.03972088030059045
    ],
    [
      37,
      0.04800936768149883
    ],
    [
      38,
      0.02691065662002153
    ],
    [
      39,
      0.026519337016574586
    ],
    [
      40,
      0.04199772985244041
    ],
    [
      41,
      0.06335923490735205
    ],
    [
      42,
      0.09827357237715803
    ],
    [
      43,
      0.04033214709371293
    ],
    [
      44,
      0.03245942571785269
    ],
    [
      45,
      0.03736263736263736
    ],
    [
      46,
      0.11583011583011583
    ],
    [
      47,
      0.046386192017259985
    ],
    [
      48,
      0.08435374149659863
    ],
    [
      49,
      0.0411032990805841
    ],
    [
      50,
      0.044520547945205484
    ],
    [
      51,
      0.06624605678233438
    ],
    [
      52,
      0.029768467475192944
    ],
    [
      53,
      0.09807355516637478
    ],
    [
      54,
      0.035751840168243953
    ],
    [
      55,
      0.03936170212765957
    ],
    [
      56,
      0.024291497975708502
    ],
    [
      57,
      0.03459821428571429
    ],
    [
      58,
      0.04371584699453552
    ],
    [
      59,
      0.09746588693957114
    ],
    [
      60,
      0.09395973154362415
    ],
    [
      61,
      0.08119079837618405
    ],
    [
      62,
      0.07903402854006587
    ],
    [
      63,
      0.0286697247706422
    ],
    [
      64,
      0.07894736842105264
    ],
    [
      65,
      0.031513787281935844
    ],
    [
      66,
      0.1075268817204301
    ],
    [
      67,
      0.13655761024182075
    ],
    [
      68,
      0.10322580645161289
    ],
    [
      69,
      0.039560439560439566
    ],
    [
      70,
      0.10550458715596331
    ],
    [
      71,
      0.03343653250773994
    ],
    [
      72,
      0.10222222222222223
    ],
    [
      73,
      0.045676998368678626
    ],
    [
      74,
      0.08264462809917356
    ],
    [
      75,
      0.05649103747963063
    ],
    [
      76,
      0.11885245901639345
    ],
    [
      77,
      0.04903225806451613
    ],
    [
      78,
      0.12056737588652483
    ],
    [
      79,
      0.037847427557658186
    ],
    [
      80,
      0.05683060109289618
    ],
    [
      81,
      0.03829787234042553
    ],
    [
      82,
      0.06971904266389178
    ],
    [
      83,
      0.0764872521246459
    ],
    [
      84,
      0.04967602591792657
    ],
    [
      85,
      0.05093555093555093
    ],
    [
      86,
      0.12499999999999999
    ],
    [
      87,
      0.040336134453781515
    ],
    [
      88,
      0.06576819407008086
    ],
    [
      89,
      0.06210526315789473
    ],
    [
      90,
      0.04542996214169822
    ],
    [
      91,
      0.028152492668621697
    ],
    [
      92,
      0.036253776435045314
    ],
    [
      93,
      0.06288601909039865
    ],
    [
      94,
      0.029143897996357016
    ],
    [
      95,
      0.06542583192329385
    ],
    [
      96,
      0.06570155902004454
    ],
    [
      97,
      0.029735682819383265
    ],
    [
      98,
      0.03838174273858921
    ],
    [
      99,
      0.12620508326029797
    ],
    [
      100,
      0.035227272727272725
    ],
    [
      101,
      0.03192702394526795
    ],
    [
      102,
      0.042127435492364404
    ],
    [
      103,
      0.04880528723945094
    ],
    [
      104,
      0.02865329512893983
    ],
    [
      105,
      0.049072411729503294
    ],
    [
      106,
      0.05311653116531165
    ],
    [
      107,
      0.03786191536748329
    ],
    [
      108,
      0.041714947856315174
    ],
    [
      109,
      0.05046480743691899
    ],
    [
      110,
      0.03745743473325767
    ],
    [
      111,
      0.1380175658720201
    ],
    [
      112,
      0.044263249854397196
    ],
    [
      113,
      0.05988700564971752
    ],
    [
      114,
      0.0667025282409898
    ],
    [
      115,
      0.05495818399044205
    ],
    [
      116,
      0.08491620111731846
    ],
    [
      117,
      0.04685835995740149
    ],
    [
      118,
      0.0653061224489796
    ],
    [
      119,
      0.08846153846153847
    ],
    [
      120,
      0.07407407407407407
    ],
    [
      121,
      0.04735883424408015
    ],
    [
      122,
      0.04925053533190578
    ],
    [
      123,
      0.10292072322670374
    ],
    [
      124,
      0.055474452554744515
    ],
    [
      125,
      0.09861932938856016
    ],
    [
      126,
      0.03271537622682661
    ],
    [
      127,
      0.021360314783586288
    ],
    [
      128,
      0.05837004405286343
    ],
    [
      129,
      0.03487738419618528
    ],
    [
      130,
      0.035676810073452254
    ],
    [
      131,
      0.033526011560693646
    ],
    [
      132,
      0.03278688524590164
    ],
    [
      133,
      0.06376811594202898
    ],
    [
      134,
      0.10058479532163743
    ],
    [
      135,
      0.06885245901639345
    ],
    [
      136,
      0.07327586206896552
    ],
    [
      137,
      0.07705192629815746
    ],
    [
      138,
      0.03858520900321544
    ],
    [
      139,
      0.06770098730606489
    ],
    [
      140,
      0.05249343832020998
    ],
    [
      141,
      0.043991416309012876
    ],
    [
      142,
      0.04296212549462974
    ],
    [
      143,
      0.05396654074473826
    ],
    [
      144,
      0.04405286343612334
    ],
    [
      145,
      0.043103448275862065
    ],
    [
      146,
      0.04327176781002638
    ],
    [
      147,
      0.04329461457233369
    ],
    [
      148,
      0.019562715765247412
    ],
    [
      149,
      0.06763285024154589
    ],
    [
      150,
      0.11505922165820642
    ],
    [
      151,
      0.10449927431059507
    ],
    [
      152,
      0.015970515970515967
    ],
    [
      153,
      0.023028209556706966
    ],
    [
      154,
      0.02600339174674958
    ],
    [
      155,
      0.04759269507470946
    ],
    [
      156,
      0.08292682926829269
    ],
    [
      157,
