{
  "dataset": "QMSum",
  "num_samples": 200,
  "rouge1": 0.0895327743998333,
  "rouge2": 0.02520079733984988,
  "rougeL": 0.06011945496538477,
  "rougeLsum": 0.0750172578003636,
  "per_sample_rougeL": [
    [
      0,
      0.06689734717416379
    ],
    [
      1,
      0.07036059806508355
    ],
    [
      2,
      0.047244094488188976
    ],
    [
      3,
      0.06047032474804031
    ],
    [
      4,
      0.016156953260242354
    ],
    [
      5,
      0.05561861520998865
    ],
    [
      6,
      0.04016538688718251
    ],
    [
      7,
      0.03389830508474576
    ],
    [
      8,
      0.027180067950169876
    ],
    [
      9,
      0.03073420603301081
    ],
    [
      10,
      0.03252032520325203
    ],
    [
      11,
      0.11129296235679213
    ],
    [
      12,
      0.07210626185958255
    ],
    [
      13,
      0.061012812690665046
    ],
    [
      14,
      0.06381697772426248
    ],
    [
      15,
      0.03560830860534124
    ],
    [
      16,
      0.08198489751887811
    ],
    [
      17,
      0.039719626168224303
    ],
    [
      18,
      0.09190371991247265
    ],
    [
      19,
      0.04308797127468582
    ],
    [
      20,
      0.055944055944055944
    ],
    [
      21,
      0.042608134280180766
    ],
    [
      22,
      0.05721096543504172
    ],
    [
      23,
      0.08812260536398467
    ],
    [
      24,
      0.04782146652497343
    ],
    [
      25,
      0.08955223880597016
    ],
    [
      26,
      0.09492988133764832
    ],
    [
      27,
      0.06060606060606061
    ],
    [
      28,
      0.04962492787074437
    ],
    [
      29,
      0.03239352129574086
    ],
    [
      30,
      0.044009779951100246
    ],
    [
      31,
      0.025836758661186142
    ],
    [
      32,
      0.05580865603644646
    ],
    [
      33,
      0.04953219592735277
    ],
    [
      34,
      0.0811232449297972
    ],
    [
      35,
      0.0658578856152513
    ],
    [
      36,
      0.04081632653061224
    ],
    [
      37,
      0.044647967945048654
    ],
    [
      38,
      0.027413587604290825
    ],
    [
      39,
      0.02979737783075089
    ],
    [
      40,
      0.07390817469204927
    ],
    [
      41,
      0.1220472440944882
    ],
    [
      42,
      0.0850546780072904
    ],
    [
      43,
      0.04570722668313774
    ],
    [
      44,
      0.044444444444444446
    ],
    [
      45,
      0.13653136531365312
    ],
    [
      46,
      0.05331820760068065
    ],
    [
      47,
      0.05314846909300982
    ],
    [
      48,
      0.06398104265402843
    ],
    [
      49,
      0.04337631887456037
    ],
    [
      50,
      0.039925140361821584
    ],
    [
      51,
      0.06578249336870026
    ],
    [
      52,
      0.06470588235294118
    ],
    [
      53,
      0.11180124223602485
    ],
    [
      54,
      0.12015503875968993
    ],
    [
      55,
      0.09251101321585903
    ],
    [
      56,
      0.02877697841726618
    ],
    [
      57,
      0.048865619546247824
    ],
    [
      58,
      0.05465116279069768
    ],
    [
      59,
      0.0967238689547582
    ],
    [
      60,
      0.12030075187969924
    ],
    [
      61,
      0.078239608801956
    ],
    [
      62,
      0.09581749049429658
    ],
    [
      63,
      0.05136702568351284
    ],
    [
      64,
      0.03765971755211835
    ],
    [
      65,
      0.05588822355289422
    ],
    [
      66,
      0.04495747266099636
    ],
    [
      67,
      0.08265947888589398
    ],
    [
      68,
      0.05415617128463476
    ],
    [
      69,
      0.14429530201342283
    ],
    [
      70,
      0.02846195949644225
    ],
    [
      71,
      0.0396964389959136
    ],
    [
      72,
      0.027364663890541343
    ],
    [
      73,
      0.04600345025876941
    ],
    [
      74,
      0.03270440251572327
    ],
    [
      75,
      0.13559322033898305
    ],
    [
      76,
      0.04962243797195253
    ],
    [
      77,
      0.0392156862745098
    ],
    [
      78,
      0.049830124575311434
    ],
    [
      79,
      0.03990877993158495
    ],
    [
      80,
      0.05244755244755244
    ],
    [
      81,
      0.07971014492753624
    ],
    [
      82,
      0.06430517711171663
    ],
    [
      83,
      0.041019266625233065
    ],
    [
      84,
      0.12137931034482759
    ],
    [
      85,
      0.05808656036446469
    ],
    [
      86,
      0.0757020757020757
    ],
    [
      87,
      0.0418552036199095
    ],
    [
      88,
      0.06884057971014493
    ],
    [
      89,
      0.07085346215781
    ],
    [
      90,
      0.046301524562394135
    ],
    [
      91,
      0.029833620195065975
    ],
    [
      92,
      0.08305647840531562
    ],
    [
      93,
      0.056239015817223195
    ],
    [
      94,
      0.030045721750489876
    ],
    [
      95,
      0.06785137318255251
    ],
    [
      96,
      0.0703125
    ],
    [
      97,
      0.07425742574257425
    ],
    [
      98,
      0.04664391353811149
    ],
    [
      99,
      0.08274360370168753
    ],
    [
      100,
      0.04855491329479769
    ],
    [
      101,
      0.03756402959590211
    ],
    [
      102,
      0.09782608695652174
    ],
    [
      103,
      0.05248464544946958
    ],
    [
      104,
      0.030618493570116354
    ],
    [
      105,
      0.06738715829624921
    ],
    [
      106,
      0.07766990291262137
    ],
    [
      107,
      0.08266666666666667
    ],
    [
      108,
      0.05436668594563331
    ],
    [
      109,
      0.08474576271186442
    ],
    [
      110,
      0.05388760585065435
    ],
    [
      111,
      0.09688581314878891
    ],
    [
      112,
      0.057777777777777775
    ],
    [
      113,
      0.06572769953051642
    ],
    [
      114,
      0.07337278106508875
    ],
    [
      115,
      0.02896801448400724
    ],
    [
      116,
      0.05084745762711864
    ],
    [
      117,
      0.0496054114994363
    ],
    [
      118,
      0.030981067125645436
    ],
    [
      119,
      0.0647571606475716
    ],
    [
      120,
      0.04135554279149914
    ],
    [
      121,
      0.04695966285370259
    ],
    [
      122,
      0.059456040480708405
    ],
    [
      123,
      0.060472787245739415
    ],
    [
      124,
      0.04325699745547074
    ],
    [
      125,
      0.03837209302325581
    ],
    [
      126,
      0.1088929219600726
    ],
    [
      127,
      0.08785529715762275
    ],
    [
      128,
      0.06912991656734208
    ],
    [
      129,
      0.04016538688718251
    ],
    [
      130,
      0.03295454545454546
    ],
    [
      131,
      0.033532934131736525
    ],
    [
      132,
      0.04318181818181818
    ],
    [
      133,
      0.02595797280593325
    ],
    [
      134,
      0.09318996415770608
    ],
    [
      135,
      0.026225769669327256
    ],
    [
      136,
      0.09372236958443855
    ],
    [
      137,
      0.07272727272727274
    ],
    [
      138,
      0.045726728361458906
    ],
    [
      139,
      0.04203389830508474
    ],
    [
      140,
      0.037317784256559766
    ],
    [
      141,
      0.05005688282138794
    ],
    [
      142,
      0.05356055995130858
    ],
    [
      143,
      0.06790123456790123
    ],
    [
      144,
      0.05565638233514821
    ],
    [
      145,
      0.0273972602739726
    ],
    [
      146,
      0.041666666666666664
    ],
    [
      147,
      0.044956140350877194
    ],
    [
      148,
      0.020658489347966432
    ],
    [
      149,
      0.06299212598425197
    ],
    [
      150,
      0.06258322237017311
    ],
    [
      151,
      0.07290922087205147
    ],
    [
      152,
      0.08520179372197309
    ],
    [
      153,
      0.030026109660574413
    ],
    [
      154,
      0.028185554903112156
    ],
    [
      155,
      0.048752834467120185
    ],
    [
      156,
      0.06374501992031872
    ],
    [
      157,
      0.043256997455470736
