{
  "dataset": "QMSum",
  "num_samples": 200,
  "rouge1": 0.0909706074307823,
  "rouge2": 0.02533507452583693,
  "rougeL": 0.06105575533350577,
  "rougeLsum": 0.07513718072309036,
  "per_sample_rougeL": [
    [
      0,
      0.09329446064139942
    ],
    [
      1,
      0.09003215434083602
    ],
    [
      2,
      0.06557377049180328
    ],
    [
      3,
      0.044657097288676235
    ],
    [
      4,
      0.017751479289940825
    ],
    [
      5,
      0.05841121495327103
    ],
    [
      6,
      0.04101995565410199
    ],
    [
      7,
      0.028969359331476326
    ],
    [
      8,
      0.06695778748180496
    ],
    [
      9,
      0.02666666666666667
    ],
    [
      10,
      0.02699530516431925
    ],
    [
      11,
      0.10512129380053908
    ],
    [
      12,
      0.028605482717520853
    ],
    [
      13,
      0.05405405405405405
    ],
    [
      14,
      0.061843640606767794
    ],
    [
      15,
      0.07109004739336493
    ],
    [
      16,
      0.08121827411167512
    ],
    [
      17,
      0.03654485049833887
    ],
    [
      18,
      0.05908096280087527
    ],
    [
      19,
      0.05673758865248226
    ],
    [
      20,
      0.03356481481481481
    ],
    [
      21,
      0.06007509386733417
    ],
    [
      22,
      0.04007071302298173
    ],
    [
      23,
      0.1276595744680851
    ],
    [
      24,
      0.05035128805620609
    ],
    [
      25,
      0.06257668711656442
    ],
    [
      26,
      0.10434782608695653
    ],
    [
      27,
      0.026497695852534562
    ],
    [
      28,
      0.04715840386940749
    ],
    [
      29,
      0.0646153846153846
    ],
    [
      30,
      0.05704971475142624
    ],
    [
      31,
      0.02944640753828033
    ],
    [
      32,
      0.05803331542181623
    ],
    [
      33,
      0.11047619047619048
    ],
    [
      34,
      0.12552301255230128
    ],
    [
      35,
      0.04696886947023485
    ],
    [
      36,
      0.08528198074277854
    ],
    [
      37,
      0.04805194805194805
    ],
    [
      38,
      0.05371900826446281
    ],
    [
      39,
      0.07588075880758809
    ],
    [
      40,
      0.049704142011834325
    ],
    [
      41,
      0.08862275449101797
    ],
    [
      42,
      0.08737864077669903
    ],
    [
      43,
      0.04197530864197531
    ],
    [
      44,
      0.03703703703703703
    ],
    [
      45,
      0.13545816733067728
    ],
    [
      46,
      0.05076142131979696
    ],
    [
      47,
      0.05910735826296744
    ],
    [
      48,
      0.040068689181453926
    ],
    [
      49,
      0.04288266825491364
    ],
    [
      50,
      0.05856832971800434
    ],
    [
      51,
      0.05750798722044729
    ],
    [
      52,
      0.05217391304347826
    ],
    [
      53,
      0.04290822407628129
    ],
    [
      54,
      0.0797266514806378
    ],
    [
      55,
      0.05719237435008666
    ],
    [
      56,
      0.02875973636908328
    ],
    [
      57,
      0.041666666666666664
    ],
    [
      58,
      0.09462915601023018
    ],
    [
      59,
      0.08450704225352113
    ],
    [
      60,
      0.04786923525977816
    ],
    [
      61,
      0.049335863377609104
    ],
    [
      62,
      0.11046990931574609
    ],
    [
      63,
      0.04161073825503356
    ],
    [
      64,
      0.03813038130381304
    ],
    [
      65,
      0.03649205414949971
    ],
    [
      66,
      0.0478134110787172
    ],
    [
      67,
      0.062200956937799035
    ],
    [
      68,
      0.09944751381215468
    ],
    [
      69,
      0.057242990654205614
    ],
    [
      70,
      0.07653910149750416
    ],
    [
      71,
      0.025302530253025306
    ],
    [
      72,
      0.03678724708767628
    ],
    [
      73,
      0.11709601873536299
    ],
    [
      74,
      0.028696194635059267
    ],
    [
      75,
      0.11961057023643949
    ],
    [
      76,
      0.09813542688910698
    ],
    [
      77,
      0.026206075044669444
    ],
    [
      78,
      0.12705882352941178
    ],
    [
      79,
      0.03721488595438176
    ],
    [
      80,
      0.05594405594405594
    ],
    [
      81,
      0.06794682422451995
    ],
    [
      82,
      0.1411290322580645
    ],
    [
      83,
      0.03364269141531323
    ],
    [
      84,
      0.05756207674943567
    ],
    [
      85,
      0.0540208717004297
    ],
    [
      86,
      0.08227848101265822
    ],
    [
      87,
      0.04862444017914268
    ],
    [
      88,
      0.06455142231947483
    ],
    [
      89,
      0.1872791519434629
    ],
    [
      90,
      0.04548038658328595
    ],
    [
      91,
      0.05198776758409786
    ],
    [
      92,
      0.06906906906906907
    ],
    [
      93,
      0.07736943907156674
    ],
    [
      94,
      0.04618473895582329
    ],
    [
      95,
      0.09387755102040816
    ],
    [
      96,
      0.10273224043715845
    ],
    [
      97,
      0.037448800468110006
    ],
    [
      98,
      0.04827586206896552
    ],
    [
      99,
      0.0881057268722467
    ],
    [
      100,
      0.04662004662004662
    ],
    [
      101,
      0.038910505836575876
    ],
    [
      102,
      0.09610389610389611
    ],
    [
      103,
      0.10795454545454544
    ],
    [
      104,
      0.031177829099307157
    ],
    [
      105,
      0.060350877192982454
    ],
    [
      106,
      0.05638665132336018
    ],
    [
      107,
      0.0453153704837722
    ],
    [
      108,
      0.12274368231046932
    ],
    [
      109,
      0.04212860310421286
    ],
    [
      110,
      0.04149377593360996
    ],
    [
      111,
      0.07116564417177913
    ],
    [
      112,
      0.06340378197997776
    ],
    [
      113,
      0.08388157894736842
    ],
    [
      114,
      0.07279693486590039
    ],
    [
      115,
      0.03218116805721096
    ],
    [
      116,
      0.11557788944723617
    ],
    [
      117,
      0.08360128617363344
    ],
    [
      118,
      0.027964205816554812
    ],
    [
      119,
      0.027149321266968323
    ],
    [
      120,
      0.056210335448776065
    ],
    [
      121,
      0.051932367149758456
    ],
    [
      122,
      0.05494505494505495
    ],
    [
      123,
      0.05375754251234229
    ],
    [
      124,
      0.021454112038140644
    ],
    [
      125,
      0.058319039451114926
    ],
    [
      126,
      0.03777904979965655
    ],
    [
      127,
      0.03766478342749529
    ],
    [
      128,
      0.10979228486646884
    ],
    [
      129,
      0.041891083183722325
    ],
    [
      130,
      0.05326460481099656
    ],
    [
      131,
      0.03383458646616542
    ],
    [
      132,
      0.10084033613445378
    ],
    [
      133,
      0.030229746070133012
    ],
    [
      134,
      0.06410256410256411
    ],
    [
      135,
      0.05313092979127135
    ],
    [
      136,
      0.11378002528445005
    ],
    [
      137,
      0.030734206033010813
    ],
    [
      138,
      0.08293838862559241
    ],
    [
      139,
      0.050352467270896276
    ],
    [
      140,
      0.04227212681638045
    ],
    [
      141,
      0.056818181818181816
    ],
    [
      142,
      0.07875647668393781
    ],
    [
      143,
      0.06435643564356436
    ],
    [
      144,
      0.050677666470241606
    ],
    [
      145,
      0.03064699205448354
    ],
    [
      146,
      0.09771986970684039
    ],
    [
      147,
      0.12448132780082986
    ],
    [
      148,
      0.01593625498007968
    ],
    [
      149,
      0.06534090909090909
    ],
    [
      150,
      0.07324516785350967
    ],
    [
      151,
      0.06609547123623011
    ],
    [
      152,
      0.06625258799171843
    ],
    [
      153,
      0.024009603841536612
    ],
    [
      154,
      0.028385570668243643
    ],
    [
      155,
      0.06295399515738499
    ],
    [
      156,
      0.04874746106973595
    ],
    [
      157,
