{
  "dataset": "QMSum",
  "num_samples": 200,
  "rouge1": 0.12496994621593122,
  "rouge2": 0.027702235459227887,
  "rougeL": 0.07506942214942389,
  "rougeLsum": 0.08907903690942312,
  "per_sample_rougeL": [
    [
      0,
      0.1308411214953271
    ],
    [
      1,
      0.16231884057971016
    ],
    [
      2,
      0.04491413474240422
    ],
    [
      3,
      0.1095100864553314
    ],
    [
      4,
      0.014076881429344882
    ],
    [
      5,
      0.2235294117647059
    ],
    [
      6,
      0.03262642740619902
    ],
    [
      7,
      0.091324200913242
    ],
    [
      8,
      0.15189873417721517
    ],
    [
      9,
      0.127208480565371
    ],
    [
      10,
      0.0314070351758794
    ],
    [
      11,
      0.04640633842671194
    ],
    [
      12,
      0.14213197969543145
    ],
    [
      13,
      0.0540888602704443
    ],
    [
      14,
      0.05448354143019296
    ],
    [
      15,
      0.03272939801285797
    ],
    [
      16,
      0.13432835820895522
    ],
    [
      17,
      0.030998851894374284
    ],
    [
      18,
      0.049696969696969705
    ],
    [
      19,
      0.09813084112149532
    ],
    [
      20,
      0.0658682634730539
    ],
    [
      21,
      0.02781289506953224
    ],
    [
      22,
      0.09954751131221719
    ],
    [
      23,
      0.036585365853658534
    ],
    [
      24,
      0.1476510067114094
    ],
    [
      25,
      0.15151515151515152
    ],
    [
      26,
      0.041941282204913125
    ],
    [
      27,
      0.07024793388429751
    ],
    [
      28,
      0.11111111111111112
    ],
    [
      29,
      0.09254498714652958
    ],
    [
      30,
      0.04143814747105424
    ],
    [
      31,
      0.023877202956225127
    ],
    [
      32,
      0.05254332029066518
    ],
    [
      33,
      0.12103746397694526
    ],
    [
      34,
      0.12781954887218044
    ],
    [
      35,
      0.03048448557430594
    ],
    [
      36,
      0.038531005418422644
    ],
    [
      37,
      0.04590935844614479
    ],
    [
      38,
      0.02875816993464052
    ],
    [
      39,
      0.026119402985074626
    ],
    [
      40,
      0.12461059190031153
    ],
    [
      41,
      0.04594921402660218
    ],
    [
      42,
      0.051051051051051045
    ],
    [
      43,
      0.0328253223915592
    ],
    [
      44,
      0.04389928986442867
    ],
    [
      45,
      0.044314868804664724
    ],
    [
      46,
      0.041884816753926704
    ],
    [
      47,
      0.1168141592920354
    ],
    [
      48,
      0.1271676300578035
    ],
    [
      49,
      0.035550458715596325
    ],
    [
      50,
      0.08290155440414508
    ],
    [
      51,
      0.06096897114861186
    ],
    [
      52,
      0.02814919071076706
    ],
    [
      53,
      0.1568627450980392
    ],
    [
      54,
      0.1647940074906367
    ],
    [
      55,
      0.10966057441253264
    ],
    [
      56,
      0.02612671456564337
    ],
    [
      57,
      0.030897207367795602
    ],
    [
      58,
      0.1400560224089636
    ],
    [
      59,
      0.04174120453190221
    ],
    [
      60,
      0.13186813186813187
    ],
    [
      61,
      0.09333333333333332
    ],
    [
      62,
      0.12108559498956158
    ],
    [
      63,
      0.06527415143603134
    ],
    [
      64,
      0.032786885245901634
    ],
    [
      65,
      0.03182086034177961
    ],
    [
      66,
      0.07096774193548386
    ],
    [
      67,
      0.14396887159533076
    ],
    [
      68,
      0.1588785046728972
    ],
    [
      69,
      0.04651162790697674
    ],
    [
      70,
      0.029427792915531336
    ],
    [
      71,
      0.03329369797859691
    ],
    [
      72,
      0.021336327905670974
    ],
    [
      73,
      0.14414414414414414
    ],
    [
      74,
      0.027397260273972608
    ],
    [
      75,
      0.04935370152761457
    ],
    [
      76,
      0.1452991452991453
    ],
    [
      77,
      0.02435897435897436
    ],
    [
      78,
      0.04468599033816425
    ],
    [
      79,
      0.040932347924957355
    ],
    [
      80,
      0.0979020979020979
    ],
    [
      81,
      0.04011142061281337
    ],
    [
      82,
      0.059220779220779216
    ],
    [
      83,
      0.07495741056218058
    ],
    [
      84,
      0.05303476723629935
    ],
    [
      85,
      0.11598746081504702
    ],
    [
      86,
      0.058786741713570984
    ],
    [
      87,
      0.05292792792792793
    ],
    [
      88,
      0.16494845360824742
    ],
    [
      89,
      0.05399568034557235
    ],
    [
      90,
      0.08525345622119815
    ],
    [
      91,
      0.0268370607028754
    ],
    [
      92,
      0.08666666666666666
    ],
    [
      93,
      0.09268292682926829
    ],
    [
      94,
      0.023612750885478158
    ],
    [
      95,
      0.059782608695652176
    ],
    [
      96,
      0.07353906762967827
    ],
    [
      97,
      0.041273584905660375
    ],
    [
      98,
      0.04004576659038902
    ],
    [
      99,
      0.14920071047957373
    ],
    [
      100,
      0.04651162790697674
    ],
    [
      101,
      0.12734082397003746
    ],
    [
      102,
      0.04862444017914268
    ],
    [
      103,
      0.1923076923076923
    ],
    [
      104,
      0.1382488479262673
    ],
    [
      105,
      0.062182741116751275
    ],
    [
      106,
      0.06083178150217256
    ],
    [
      107,
      0.0411124546553809
    ],
    [
      108,
      0.13058419243986255
    ],
    [
      109,
      0.08556149732620322
    ],
    [
      110,
      0.1037567084078712
    ],
    [
      111,
      0.17484008528784648
    ],
    [
      112,
      0.056976744186046514
    ],
    [
      113,
      0.13417190775681342
    ],
    [
      114,
      0.07007125890736342
    ],
    [
      115,
      0.09364548494983278
    ],
    [
      116,
      0.1281138790035587
    ],
    [
      117,
      0.04287515762925599
    ],
    [
      118,
      0.029595902105862267
    ],
    [
      119,
      0.04215456674473068
    ],
    [
      120,
      0.04421768707482993
    ],
    [
      121,
      0.05942142298670837
    ],
    [
      122,
      0.07701283547257877
    ],
    [
      123,
      0.04968944099378882
    ],
    [
      124,
      0.022948938611589212
    ],
    [
      125,
      0.10416666666666667
    ],
    [
      126,
      0.03341584158415842
    ],
    [
      127,
      0.03285151116951379
    ],
    [
      128,
      0.1878787878787879
    ],
    [
      129,
      0.14516129032258066
    ],
    [
      130,
      0.036968576709796676
    ],
    [
      131,
      0.03575685339690107
    ],
    [
      132,
      0.14457831325301207
    ],
    [
      133,
      0.032313906520484714
    ],
    [
      134,
      0.09657947686116701
    ],
    [
      135,
      0.029339853300733493
    ],
    [
      136,
      0.053318207600680664
    ],
    [
      137,
      0.026427061310782242
    ],
    [
      138,
      0.039436619718309855
    ],
    [
      139,
      0.03236994219653179
    ],
    [
      140,
      0.07627118644067796
    ],
    [
      141,
      0.051933064050779
    ],
    [
      142,
      0.13191489361702127
    ],
    [
      143,
      0.15352697095435686
    ],
    [
      144,
      0.1407035175879397
    ],
    [
      145,
      0.03438713255684969
    ],
    [
      146,
      0.10613598673300166
    ],
    [
      147,
      0.14328358208955225
    ],
    [
      148,
      0.021683673469387755
    ],
    [
      149,
      0.03086816720257235
    ],
    [
      150,
      0.055319148936170216
    ],
    [
      151,
      0.16267942583732056
    ],
    [
      152,
      0.023778071334213998
    ],
    [
      153,
      0.06564551422319474
    ],
    [
      154,
      0.0879120879120879
    ],
    [
      155,
      0.1416893732970027
    ],
    [
      156,
      0.04878048780487805
    ],
    [
      157,
      0.059945504087193464
