{
  "dataset": "QMSum",
  "num_samples": 200,
  "rouge1": 0.10978887677799797,
  "rouge2": 0.023944831333896265,
  "rougeL": 0.06644874217865275,
  "rougeLsum": 0.08092902211362235,
  "per_sample_rougeL": [
    [
      0,
      0.12931034482758622
    ],
    [
      1,
      0.05302593659942363
    ],
    [
      2,
      0.04500865551067513
    ],
    [
      3,
      0.02852253280091272
    ],
    [
      4,
      0.056657223796033995
    ],
    [
      5,
      0.0494743351886209
    ],
    [
      6,
      0.03456221198156682
    ],
    [
      7,
      0.02869757174392936
    ],
    [
      8,
      0.18518518518518517
    ],
    [
      9,
      0.026391279403327594
    ],
    [
      10,
      0.02187120291616039
    ],
    [
      11,
      0.048578199052132696
    ],
    [
      12,
      0.02219626168224299
    ],
    [
      13,
      0.05187637969094922
    ],
    [
      14,
      0.05587301587301587
    ],
    [
      15,
      0.03443526170798899
    ],
    [
      16,
      0.13297872340425532
    ],
    [
      17,
      0.028486646884272996
    ],
    [
      18,
      0.08032128514056225
    ],
    [
      19,
      0.04022346368715084
    ],
    [
      20,
      0.04277381723914452
    ],
    [
      21,
      0.13698630136986303
    ],
    [
      22,
      0.1588447653429603
    ],
    [
      23,
      0.03558282208588957
    ],
    [
      24,
      0.04311543810848401
    ],
    [
      25,
      0.06596701649175413
    ],
    [
      26,
      0.03972602739726028
    ],
    [
      27,
      0.028413575374901343
    ],
    [
      28,
      0.04596191726854892
    ],
    [
      29,
      0.0347513481126423
    ],
    [
      30,
      0.09380863039399624
    ],
    [
      31,
      0.025200458190148912
    ],
    [
      32,
      0.047536231884057964
    ],
    [
      33,
      0.03923705722070845
    ],
    [
      34,
      0.033796016898008444
    ],
    [
      35,
      0.040603248259860794
    ],
    [
      36,
      0.02711864406779661
    ],
    [
      37,
      0.08376963350785341
    ],
    [
      38,
      0.0539152759948652
    ],
    [
      39,
      0.02199074074074074
    ],
    [
      40,
      0.051655629139072845
    ],
    [
      41,
      0.053085600530856
    ],
    [
      42,
      0.050333086602516654
    ],
    [
      43,
      0.1103448275862069
    ],
    [
      44,
      0.12500000000000003
    ],
    [
      45,
      0.03653506187389511
    ],
    [
      46,
      0.0376927470017133
    ],
    [
      47,
      0.04662576687116564
    ],
    [
      48,
      0.12258064516129032
    ],
    [
      49,
      0.11185682326621924
    ],
    [
      50,
      0.03551745254133496
    ],
    [
      51,
      0.04780433574207893
    ],
    [
      52,
      0.027991602519244225
    ],
    [
      53,
      0.14479638009049775
    ],
    [
      54,
      0.044590163934426226
    ],
    [
      55,
      0.1282798833819242
    ],
    [
      56,
      0.06787330316742081
    ],
    [
      57,
      0.03755299818291945
    ],
    [
      58,
      0.053050397877984094
    ],
    [
      59,
      0.04506065857885615
    ],
    [
      60,
      0.07211538461538461
    ],
    [
      61,
      0.0384122919334187
    ],
    [
      62,
      0.09010011123470522
    ],
    [
      63,
      0.03549571603427172
    ],
    [
      64,
      0.03054298642533937
    ],
    [
      65,
      0.032973280272882315
    ],
    [
      66,
      0.13105413105413105
    ],
    [
      67,
      0.0467502850627138
    ],
    [
      68,
      0.1732283464566929
    ],
    [
      69,
      0.04337631887456037
    ],
    [
      70,
      0.03068181818181818
    ],
    [
      71,
      0.03742690058479532
    ],
    [
      72,
      0.040983606557377046
    ],
    [
      73,
      0.04369747899159664
    ],
    [
      74,
      0.025624599615631006
    ],
    [
      75,
      0.21305841924398625
    ],
    [
      76,
      0.03715170278637771
    ],
    [
      77,
      0.0798004987531172
    ],
    [
      78,
      0.04807692307692309
    ],
    [
      79,
      0.0306178239475123
    ],
    [
      80,
      0.094316807738815
    ],
    [
      81,
      0.03099059214167128
    ],
    [
      82,
      0.16368286445012786
    ],
    [
      83,
      0.026822157434402336
    ],
    [
      84,
      0.04428044280442804
    ],
    [
      85,
      0.05717998700454842
    ],
    [
      86,
      0.07362703681351841
    ],
    [
      87,
      0.04293381037567084
    ],
    [
      88,
      0.05875299760191846
    ],
    [
      89,
      0.056745182012847964
    ],
    [
      90,
      0.07701564380264742
    ],
    [
      91,
      0.025641025641025644
    ],
    [
      92,
      0.11063829787234043
    ],
    [
      93,
      0.10306748466257669
    ],
    [
      94,
      0.10554089709762532
    ],
    [
      95,
      0.06318082788671024
    ],
    [
      96,
      0.15185185185185185
    ],
    [
      97,
      0.03248259860788864
    ],
    [
      98,
      0.04054054054054054
    ],
    [
      99,
      0.1556064073226545
    ],
    [
      100,
      0.12054794520547944
    ],
    [
      101,
      0.0401294498381877
    ],
    [
      102,
      0.045859872611464965
    ],
    [
      103,
      0.17699115044247787
    ],
    [
      104,
      0.025347012673506333
    ],
    [
      105,
      0.06265984654731457
    ],
    [
      106,
      0.058628318584070804
    ],
    [
      107,
      0.043854587420657815
    ],
    [
      108,
      0.19742489270386268
    ],
    [
      109,
      0.021264689423614997
    ],
    [
      110,
      0.1106719367588933
    ],
    [
      111,
      0.15286624203821655
    ],
    [
      112,
      0.05028571428571429
    ],
    [
      113,
      0.061519146264908973
    ],
    [
      114,
      0.17676767676767674
    ],
    [
      115,
      0.09195402298850575
    ],
    [
      116,
      0.11351351351351349
    ],
    [
      117,
      0.15772870662460567
    ],
    [
      118,
      0.032488628979857055
    ],
    [
      119,
      0.03990326481257557
    ],
    [
      120,
      0.09999999999999999
    ],
    [
      121,
      0.04114713216957606
    ],
    [
      122,
      0.05254515599343186
    ],
    [
      123,
      0.05633802816901408
    ],
    [
      124,
      0.09486166007905138
    ],
    [
      125,
      0.03617269544924154
    ],
    [
      126,
      0.03780487804878049
    ],
    [
      127,
      0.08735632183908046
    ],
    [
      128,
      0.05892751915144373
    ],
    [
      129,
      0.036236933797909404
    ],
    [
      130,
      0.09266409266409266
    ],
    [
      131,
      0.034423407917383825
    ],
    [
      132,
      0.16666666666666666
    ],
    [
      133,
      0.030769230769230767
    ],
    [
      134,
      0.12288135593220341
    ],
    [
      135,
      0.032825322391559206
    ],
    [
      136,
      0.058651026392961866
    ],
    [
      137,
      0.03381014304291287
    ],
    [
      138,
      0.08446866485013624
    ],
    [
      139,
      0.033444816053511704
    ],
    [
      140,
      0.05781865965834429
    ],
    [
      141,
      0.05405405405405406
    ],
    [
      142,
      0.1100196463654224
    ],
    [
      143,
      0.05738278516445066
    ],
    [
      144,
      0.1319796954314721
    ],
    [
      145,
      0.032520325203252036
    ],
    [
      146,
      0.07705192629815746
    ],
    [
      147,
      0.032589016294508145
    ],
    [
      148,
      0.015002885170225043
    ],
    [
      149,
      0.02981366459627329
    ],
    [
      150,
      0.03912363067292645
    ],
    [
      151,
      0.17365269461077845
    ],
    [
      152,
      0.023419203747072598
    ],
    [
      153,
      0.023749999999999997
    ],
    [
      154,
      0.027007818052594168
    ],
    [
      155,
      0.043575418994413403
    ],
    [
      156,
      0.06767586821015138
    ],
    [
      157,
