{
  "dataset": "QMSum",
  "num_samples": 200,
  "rouge1": 0.08668632026619927,
  "rouge2": 0.022995685094362832,
  "rougeL": 0.05987745092232558,
  "rougeLsum": 0.06756984895711962,
  "per_sample_rougeL": [
    [
      0,
      0.060043668122270744
    ],
    [
      1,
      0.03862660944206009
    ],
    [
      2,
      0.07758620689655173
    ],
    [
      3,
      0.029605263157894735
    ],
    [
      4,
      0.015999999999999997
    ],
    [
      5,
      0.14663951120162932
    ],
    [
      6,
      0.08645533141210376
    ],
    [
      7,
      0.033844526705446853
    ],
    [
      8,
      0.022988505747126436
    ],
    [
      9,
      0.07218683651804671
    ],
    [
      10,
      0.0936768149882904
    ],
    [
      11,
      0.10453920220082531
    ],
    [
      12,
      0.025454545454545455
    ],
    [
      13,
      0.046364594309799785
    ],
    [
      14,
      0.11379310344827587
    ],
    [
      15,
      0.08617594254937164
    ],
    [
      16,
      0.052378407268840195
    ],
    [
      17,
      0.08678500986193294
    ],
    [
      18,
      0.05856832971800434
    ],
    [
      19,
      0.041189931350114416
    ],
    [
      20,
      0.026715239829993933
    ],
    [
      21,
      0.0909090909090909
    ],
    [
      22,
      0.07628524046434494
    ],
    [
      23,
      0.034216335540838846
    ],
    [
      24,
      0.047493403693931395
    ],
    [
      25,
      0.056593095642331635
    ],
    [
      26,
      0.046052631578947366
    ],
    [
      27,
      0.032552083333333336
    ],
    [
      28,
      0.10328638497652583
    ],
    [
      29,
      0.028904947192884937
    ],
    [
      30,
      0.043697478991596636
    ],
    [
      31,
      0.027257240204429302
    ],
    [
      32,
      0.0550561797752809
    ],
    [
      33,
      0.0962406015037594
    ],
    [
      34,
      0.03664630760688506
    ],
    [
      35,
      0.10834553440702782
    ],
    [
      36,
      0.03846153846153846
    ],
    [
      37,
      0.08072916666666666
    ],
    [
      38,
      0.022629310344827586
    ],
    [
      39,
      0.024080267558528427
    ],
    [
      40,
      0.0410958904109589
    ],
    [
      41,
      0.060676779463243874
    ],
    [
      42,
      0.05431309904153355
    ],
    [
      43,
      0.04454597372929754
    ],
    [
      44,
      0.068259385665529
    ],
    [
      45,
      0.047979797979797977
    ],
    [
      46,
      0.08923076923076922
    ],
    [
      47,
      0.04628632938643703
    ],
    [
      48,
      0.08547008547008547
    ],
    [
      49,
      0.03416978109983983
    ],
    [
      50,
      0.042704626334519574
    ],
    [
      51,
      0.06649076517150396
    ],
    [
      52,
      0.07678883071553227
    ],
    [
      53,
      0.1024498886414254
    ],
    [
      54,
      0.04068522483940043
    ],
    [
      55,
      0.031487513572204126
    ],
    [
      56,
      0.02619589977220957
    ],
    [
      57,
      0.09677419354838711
    ],
    [
      58,
      0.04798255179934569
    ],
    [
      59,
      0.10176991150442477
    ],
    [
      60,
      0.03779877709838799
    ],
    [
      61,
      0.04604853764779091
    ],
    [
      62,
      0.0650319829424307
    ],
    [
      63,
      0.03386127799016931
    ],
    [
      64,
      0.0801457194899818
    ],
    [
      65,
      0.029252437703141933
    ],
    [
      66,
      0.10142630744849444
    ],
    [
      67,
      0.06699615595826468
    ],
    [
      68,
      0.036204059243006036
    ],
    [
      69,
      0.04150308468872686
    ],
    [
      70,
      0.10344827586206896
    ],
    [
      71,
      0.03346797461050202
    ],
    [
      72,
      0.0892193308550186
    ],
    [
      73,
      0.11218568665377177
    ],
    [
      74,
      0.02551303383250139
    ],
    [
      75,
      0.05449591280653951
    ],
    [
      76,
      0.10855263157894739
    ],
    [
      77,
      0.02030456852791878
    ],
    [
      78,
      0.05139920045688178
    ],
    [
      79,
      0.030883919062832797
    ],
    [
      80,
      0.08580858085808582
    ],
    [
      81,
      0.05805805805805806
    ],
    [
      82,
      0.06479481641468682
    ],
    [
      83,
      0.0813953488372093
    ],
    [
      84,
      0.060913705583756354
    ],
    [
      85,
      0.04994686503719448
    ],
    [
      86,
      0.14825581395348839
    ],
    [
      87,
      0.04314994606256742
    ],
    [
      88,
      0.059350503919372896
    ],
    [
      89,
      0.06318082788671024
    ],
    [
      90,
      0.10738255033557047
    ],
    [
      91,
      0.02185792349726776
    ],
    [
      92,
      0.033632286995515695
    ],
    [
      93,
      0.05598243688254665
    ],
    [
      94,
      0.02803738317757009
    ],
    [
      95,
      0.06695938529088913
    ],
    [
      96,
      0.1175213675213675
    ],
    [
      97,
      0.032511210762331835
    ],
    [
      98,
      0.04504504504504504
    ],
    [
      99,
      0.15292712066905614
    ],
    [
      100,
      0.10638297872340426
    ],
    [
      101,
      0.03619909502262444
    ],
    [
      102,
      0.1348747591522158
    ],
    [
      103,
      0.04878048780487805
    ],
    [
      104,
      0.02391304347826087
    ],
    [
      105,
      0.11512717536813924
    ],
    [
      106,
      0.057142857142857134
    ],
    [
      107,
      0.033084311632870865
    ],
    [
      108,
      0.12141652613827993
    ],
    [
      109,
      0.06112054329371817
    ],
    [
      110,
      0.09205020920502091
    ],
    [
      111,
      0.0778537611783272
    ],
    [
      112,
      0.0558659217877095
    ],
    [
      113,
      0.060022650056625125
    ],
    [
      114,
      0.12844036697247707
    ],
    [
      115,
      0.02756141402037148
    ],
    [
      116,
      0.05080066261733849
    ],
    [
      117,
      0.0423728813559322
    ],
    [
      118,
      0.06490872210953347
    ],
    [
      119,
      0.047619047619047616
    ],
    [
      120,
      0.0425764192139738
    ],
    [
      121,
      0.08841463414634146
    ],
    [
      122,
      0.04851752021563342
    ],
    [
      123,
      0.056034482758620684
    ],
    [
      124,
      0.050125313283208024
    ],
    [
      125,
      0.10526315789473684
    ],
    [
      126,
      0.12669683257918551
    ],
    [
      127,
      0.07248764415156507
    ],
    [
      128,
      0.12703101920236337
    ],
    [
      129,
      0.08710217755443886
    ],
    [
      130,
      0.0771513353115727
    ],
    [
      131,
      0.07317073170731708
    ],
    [
      132,
      0.039727582292849034
    ],
    [
      133,
      0.06433566433566433
    ],
    [
      134,
      0.05809575040344272
    ],
    [
      135,
      0.022447888829502938
    ],
    [
      136,
      0.07135135135135136
    ],
    [
      137,
      0.027042253521126762
    ],
    [
      138,
      0.04050355774493706
    ],
    [
      139,
      0.03342318059299191
    ],
    [
      140,
      0.03028467595396729
    ],
    [
      141,
      0.0427005193306405
    ],
    [
      142,
      0.09548387096774194
    ],
    [
      143,
      0.10018903591682418
    ],
    [
      144,
      0.04854881266490765
    ],
    [
      145,
      0.05912596401028278
    ],
    [
      146,
      0.09090909090909091
    ],
    [
      147,
      0.03781512605042017
    ],
    [
      148,
      0.01951779563719862
    ],
    [
      149,
      0.03516732841747022
    ],
    [
      150,
      0.055188962207558485
    ],
    [
      151,
      0.1099554234769688
    ],
    [
      152,
      0.024575775307197192
    ],
    [
      153,
      0.0633147113594041
    ],
    [
      154,
      0.059238363892806775
    ],
    [
      155,
      0.04265691651432054
    ],
    [
      156,
      0.05704882062534284
    ],
    [
      157,
