{
  "dataset": "QMSum",
  "num_samples": 200,
  "rouge1": 0.059862767750642004,
  "rouge2": 0.01555914158350534,
  "rougeL": 0.04584349975868639,
  "rougeLsum": 0.04769245727789427,
  "per_sample_rougeL": [
    [
      0,
      0.0642351660315732
    ],
    [
      1,
      0.05515719801434087
    ],
    [
      2,
      0.042600896860986545
    ],
    [
      3,
      0.03855721393034826
    ],
    [
      4,
      0.011337868480725623
    ],
    [
      5,
      0.15168539325842698
    ],
    [
      6,
      0.037628278221208664
    ],
    [
      7,
      0.03163444639718805
    ],
    [
      8,
      0.02459893048128342
    ],
    [
      9,
      0.022863364180729453
    ],
    [
      10,
      0.025433526011560695
    ],
    [
      11,
      0.05456453305351522
    ],
    [
      12,
      0.030552291421856642
    ],
    [
      13,
      0.05661538461538461
    ],
    [
      14,
      0.06288601909039866
    ],
    [
      15,
      0.03272727272727273
    ],
    [
      16,
      0.05181918412348402
    ],
    [
      17,
      0.04023926046764546
    ],
    [
      18,
      0.05714285714285714
    ],
    [
      19,
      0.03595505617977528
    ],
    [
      20,
      0.024030584380120148
    ],
    [
      21,
      0.030066815144766144
    ],
    [
      22,
      0.10714285714285715
    ],
    [
      23,
      0.03218390804597701
    ],
    [
      24,
      0.04235044997353097
    ],
    [
      25,
      0.07027649769585252
    ],
    [
      26,
      0.04223064428803465
    ],
    [
      27,
      0.0244852531997774
    ],
    [
      28,
      0.04684885666480758
    ],
    [
      29,
      0.04153555695405916
    ],
    [
      30,
      0.047387606318347514
    ],
    [
      31,
      0.02551303383250139
    ],
    [
      32,
      0.0587557603686636
    ],
    [
      33,
      0.051715039577836415
    ],
    [
      34,
      0.034722222222222224
    ],
    [
      35,
      0.050688705234159775
    ],
    [
      36,
      0.0407725321888412
    ],
    [
      37,
      0.04565083281924738
    ],
    [
      38,
      0.02741290691033695
    ],
    [
      39,
      0.025255562236921224
    ],
    [
      40,
      0.05157593123209169
    ],
    [
      41,
      0.11764705882352942
    ],
    [
      42,
      0.06407886629698091
    ],
    [
      43,
      0.04798127559976595
    ],
    [
      44,
      0.039466047591410335
    ],
    [
      45,
      0.046959662853702594
    ],
    [
      46,
      0.047191011235955066
    ],
    [
      47,
      0.041192411924119245
    ],
    [
      48,
      0.04332552693208431
    ],
    [
      49,
      0.03823870220162225
    ],
    [
      50,
      0.0425764192139738
    ],
    [
      51,
      0.06736842105263158
    ],
    [
      52,
      0.035523978685612786
    ],
    [
      53,
      0.03965014577259475
    ],
    [
      54,
      0.03864734299516908
    ],
    [
      55,
      0.0353887399463807
    ],
    [
      56,
      0.028604118993135006
    ],
    [
      57,
      0.0302013422818792
    ],
    [
      58,
      0.042437431991294884
    ],
    [
      59,
      0.044366608289550497
    ],
    [
      60,
      0.028634361233480173
    ],
    [
      61,
      0.04357541899441341
    ],
    [
      62,
      0.08412787436904094
    ],
    [
      63,
      0.0375366568914956
    ],
    [
      64,
      0.03117505995203837
    ],
    [
      65,
      0.03471444568868981
    ],
    [
      66,
      0.045934202358783364
    ],
    [
      67,
      0.06936416184971099
    ],
    [
      68,
      0.04389420371412494
    ],
    [
      69,
      0.04967474866942637
    ],
    [
      70,
      0.07969639468690702
    ],
    [
      71,
      0.02957283680175246
    ],
    [
      72,
      0.02583423035522067
    ],
    [
      73,
      0.04786324786324786
    ],
    [
      74,
      0.02670940170940171
    ],
    [
      75,
      0.0604099244875944
    ],
    [
      76,
      0.03938730853391685
    ],
    [
      77,
      0.01520086862106406
    ],
    [
      78,
      0.0528735632183908
    ],
    [
      79,
      0.03905013192612137
    ],
    [
      80,
      0.05510534846029174
    ],
    [
      81,
      0.10714285714285712
    ],
    [
      82,
      0.06634563937934725
    ],
    [
      83,
      0.032948929159802305
    ],
    [
      84,
      0.05245535714285714
    ],
    [
      85,
      0.05695142378559464
    ],
    [
      86,
      0.07777057679844458
    ],
    [
      87,
      0.04331683168316832
    ],
    [
      88,
      0.06106870229007634
    ],
    [
      89,
      0.07015590200445435
    ],
    [
      90,
      0.04861878453038673
    ],
    [
      91,
      0.026258205689277902
    ],
    [
      92,
      0.039955604883462816
    ],
    [
      93,
      0.05646036916395222
    ],
    [
      94,
      0.032066508313539195
    ],
    [
      95,
      0.07192575406032482
    ],
    [
      96,
      0.06603245663122552
    ],
    [
      97,
      0.0367170626349892
    ],
    [
      98,
      0.0374331550802139
    ],
    [
      99,
      0.08389435525634388
    ],
    [
      100,
      0.039832285115303984
    ],
    [
      101,
      0.03945008965929468
    ],
    [
      102,
      0.0616400660429279
    ],
    [
      103,
      0.04575892857142857
    ],
    [
      104,
      0.02999400119976005
    ],
    [
      105,
      0.06547619047619048
    ],
    [
      106,
      0.04967602591792657
    ],
    [
      107,
      0.04081632653061224
    ],
    [
      108,
      0.04305949008498584
    ],
    [
      109,
      0.026578073089700997
    ],
    [
      110,
      0.04345202172601086
    ],
    [
      111,
      0.08324439701173961
    ],
    [
      112,
      0.052689352360043906
    ],
    [
      113,
      0.07565011820330969
    ],
    [
      114,
      0.06759002770083103
    ],
    [
      115,
      0.02952433023510115
    ],
    [
      116,
      0.052412150089338895
    ],
    [
      117,
      0.04780433574207893
    ],
    [
      118,
      0.02462526766595289
    ],
    [
      119,
      0.034137728075338436
    ],
    [
      120,
      0.04092071611253197
    ],
    [
      121,
      0.03966005665722379
    ],
    [
      122,
      0.05203619909502262
    ],
    [
      123,
      0.05275229357798165
    ],
    [
      124,
      0.02127659574468085
    ],
    [
      125,
      0.04048140043763676
    ],
    [
      126,
      0.0418552036199095
    ],
    [
      127,
      0.030150753768844223
    ],
    [
      128,
      0.0633108458744162
    ],
    [
      129,
      0.027792624265098875
    ],
    [
      130,
      0.03794642857142857
    ],
    [
      131,
      0.03597122302158273
    ],
    [
      132,
      0.03632361034672537
    ],
    [
      133,
      0.029222676797194622
    ],
    [
      134,
      0.10363836824696804
    ],
    [
      135,
      0.02515723270440252
    ],
    [
      136,
      0.0748074807480748
    ],
    [
      137,
      0.033622559652928416
    ],
    [
      138,
      0.047217537942664416
    ],
    [
      139,
      0.029461756373937678
    ],
    [
      140,
      0.037383177570093455
    ],
    [
      141,
      0.05831903945111492
    ],
    [
      142,
      0.05246252676659529
    ],
    [
      143,
      0.06381766381766382
    ],
    [
      144,
      0.054380664652567974
    ],
    [
      145,
      0.02464985994397759
    ],
    [
      146,
      0.06539833531510109
    ],
    [
      147,
      0.04410143329658214
    ],
    [
      148,
      0.011806375442739079
    ],
    [
      149,
      0.03754266211604096
    ],
    [
      150,
      0.05638665132336018
    ],
    [
      151,
      0.06384284837323512
    ],
    [
      152,
      0.025074626865671645
    ],
    [
      153,
      0.025134649910233398
    ],
    [
      154,
      0.025715955581531266
    ],
    [
      155,
      0.045921450151057405
    ],
    [
      156,
      0.0480715483510341
    ],
    [
      157,
