{
  "dataset": "QMSum",
  "num_samples": 200,
  "rouge1": 0.057095886603214754,
  "rouge2": 0.014015008942059062,
  "rougeL": 0.04256172006870952,
  "rougeLsum": 0.042675988680413175,
  "per_sample_rougeL": [
    [
      0,
      0.0659090909090909
    ],
    [
      1,
      0.04385026737967915
    ],
    [
      2,
      0.048754062838569874
    ],
    [
      3,
      0.1004016064257028
    ],
    [
      4,
      0.014199890770071
    ],
    [
      5,
      0.04327176781002638
    ],
    [
      6,
      0.030188679245283016
    ],
    [
      7,
      0.03499469777306469
    ],
    [
      8,
      0.03146853146853147
    ],
    [
      9,
      0.022850924918389554
    ],
    [
      10,
      0.034682080924855495
    ],
    [
      11,
      0.0491273432449903
    ],
    [
      12,
      0.022187004754358166
    ],
    [
      13,
      0.046511627906976744
    ],
    [
      14,
      0.044364508393285366
    ],
    [
      15,
      0.029331884845192835
    ],
    [
      16,
      0.050739957716701915
    ],
    [
      17,
      0.025601638504864313
    ],
    [
      18,
      0.056671818650180325
    ],
    [
      19,
      0.03786191536748329
    ],
    [
      20,
      0.019088016967126194
    ],
    [
      21,
      0.0231335436382755
    ],
    [
      22,
      0.018720748829953202
    ],
    [
      23,
      0.024744486282947824
    ],
    [
      24,
      0.043583535108958835
    ],
    [
      25,
      0.054437869822485205
    ],
    [
      26,
      0.016345592527729134
    ],
    [
      27,
      0.02190201729106628
    ],
    [
      28,
      0.04131769960915689
    ],
    [
      29,
      0.03575832305795315
    ],
    [
      30,
      0.03559870550161812
    ],
    [
      31,
      0.02207505518763797
    ],
    [
      32,
      0.04114400401404917
    ],
    [
      33,
      0.17272727272727273
    ],
    [
      34,
      0.03403755868544601
    ],
    [
      35,
      0.03353163872363439
    ],
    [
      36,
      0.03243847874720358
    ],
    [
      37,
      0.04563233376792699
    ],
    [
      38,
      0.022185246810870772
    ],
    [
      39,
      0.016307513104251603
    ],
    [
      40,
      0.028242677824267783
    ],
    [
      41,
      0.03362200713194091
    ],
    [
      42,
      0.048066875653082555
    ],
    [
      43,
      0.030385241454150842
    ],
    [
      44,
      0.031197771587743735
    ],
    [
      45,
      0.031111111111111103
    ],
    [
      46,
      0.04343105320304018
    ],
    [
      47,
      0.04305705059203444
    ],
    [
      48,
      0.035733622089875475
    ],
    [
      49,
      0.026824034334763953
    ],
    [
      50,
      0.042068361086765996
    ],
    [
      51,
      0.06666666666666668
    ],
    [
      52,
      0.026081802015411975
    ],
    [
      53,
      0.02889576883384933
    ],
    [
      54,
      0.03091190108191654
    ],
    [
      55,
      0.0386058981233244
    ],
    [
      56,
      0.023543990086741018
    ],
    [
      57,
      0.030337078651685393
    ],
    [
      58,
      0.03767313019390582
    ],
    [
      59,
      0.04140127388535032
    ],
    [
      60,
      0.03161652218255992
    ],
    [
      61,
      0.03584607274644175
    ],
    [
      62,
      0.07365728900255754
    ],
    [
      63,
      0.036278525453481564
    ],
    [
      64,
      0.024883359253499222
    ],
    [
      65,
      0.034944670937682006
    ],
    [
      66,
      0.04342984409799554
    ],
    [
      67,
      0.06771745475773497
    ],
    [
      68,
      0.027720739219712524
    ],
    [
      69,
      0.026274303730951132
    ],
    [
      70,
      0.019340159271899887
    ],
    [
      71,
      0.05475040257648953
    ],
    [
      72,
      0.035117056856187295
    ],
    [
      73,
      0.04064171122994653
    ],
    [
      74,
      0.10273972602739725
    ],
    [
      75,
      0.05021367521367522
    ],
    [
      76,
      0.04460518384569018
    ],
    [
      77,
      0.024943310657596373
    ],
    [
      78,
      0.042071197411003236
    ],
    [
      79,
      0.029151483602290477
    ],
    [
      80,
      0.05849889624724062
    ],
    [
      81,
      0.024844720496894408
    ],
    [
      82,
      0.05903676851372346
    ],
    [
      83,
      0.020787746170678335
    ],
    [
      84,
      0.05307855626326963
    ],
    [
      85,
      0.05026300409117475
    ],
    [
      86,
      0.06469298245614034
    ],
    [
      87,
      0.029069767441860465
    ],
    [
      88,
      0.05786428195686481
    ],
    [
      89,
      0.04825737265415549
    ],
    [
      90,
      0.04368673415023975
    ],
    [
      91,
      0.02677532013969732
    ],
    [
      92,
      0.03520726859738785
    ],
    [
      93,
      0.059375
    ],
    [
      94,
      0.026072786529060296
    ],
    [
      95,
      0.05638134290107637
    ],
    [
      96,
      0.064034151547492
    ],
    [
      97,
      0.025331030512377662
    ],
    [
      98,
      0.031713554987212275
    ],
    [
      99,
      0.08165429480381761
    ],
    [
      100,
      0.03643461288223813
    ],
    [
      101,
      0.03283898305084745
    ],
    [
      102,
      0.04887218045112782
    ],
    [
      103,
      0.03939865215137377
    ],
    [
      104,
      0.021863612701717855
    ],
    [
      105,
      0.05393000573723465
    ],
    [
      106,
      0.04
    ],
    [
      107,
      0.034229828850855744
    ],
    [
      108,
      0.04596472474612507
    ],
    [
      109,
      0.021881838074398245
    ],
    [
      110,
      0.04241071428571429
    ],
    [
      111,
      0.07867494824016563
    ],
    [
      112,
      0.039381153305203934
    ],
    [
      113,
      0.06797853309481217
    ],
    [
      114,
      0.06892778993435449
    ],
    [
      115,
      0.02232142857142857
    ],
    [
      116,
      0.03299627461415647
    ],
    [
      117,
      0.041215868109222044
    ],
    [
      118,
      0.03177966101694916
    ],
    [
      119,
      0.026391279403327597
    ],
    [
      120,
      0.031340684852002317
    ],
    [
      121,
      0.042528056704075605
    ],
    [
      122,
      0.042819843342036555
    ],
    [
      123,
      0.04809200209095662
    ],
    [
      124,
      0.01335559265442404
    ],
    [
      125,
      0.04322614654717976
    ],
    [
      126,
      0.029904306220095694
    ],
    [
      127,
      0.028227914270778885
    ],
    [
      128,
      0.04754186925985954
    ],
    [
      129,
      0.026925148088314487
    ],
    [
      130,
      0.03882418191902385
    ],
    [
      131,
      0.02178649237472767
    ],
    [
      132,
      0.10211267605633803
    ],
    [
      133,
      0.029447852760736193
    ],
    [
      134,
      0.06023355869698833
    ],
    [
      135,
      0.020565552699228794
    ],
    [
      136,
      0.0593311758360302
    ],
    [
      137,
      0.02510460251046025
    ],
    [
      138,
      0.04239533651298357
    ],
    [
      139,
      0.022082018927444793
    ],
    [
      140,
      0.03421828908554572
    ],
    [
      141,
      0.23728813559322032
    ],
    [
      142,
      0.031055900621118012
    ],
    [
      143,
      0.05850487540628385
    ],
    [
      144,
      0.05141065830721002
    ],
    [
      145,
      0.02495745887691435
    ],
    [
      146,
      0.042042042042042045
    ],
    [
      147,
      0.061986084756483234
    ],
    [
      148,
      0.016833245660178853
    ],
    [
      149,
      0.02771855010660981
    ],
    [
      150,
      0.12607449856733527
    ],
    [
      151,
      0.06050420168067226
    ],
    [
      152,
      0.02213541666666667
    ],
    [
      153,
      0.019672131147540985
    ],
    [
      154,
      0.02053622361665716
    ],
    [
      155,
      0.044823906083244394
    ],
    [
      156,
      0.037317784256559766
    ],
    [
      157,
