{
  "dataset": "QMSum",
  "num_samples": 200,
  "rouge1": 0.13407837879089068,
  "rouge2": 0.028836305858812892,
  "rougeL": 0.07968674460998414,
  "rougeLsum": 0.0989812034858108,
  "per_sample_rougeL": [
    [
      0,
      0.05929586164298951
    ],
    [
      1,
      0.050061050061050064
    ],
    [
      2,
      0.04976303317535545
    ],
    [
      3,
      0.035308953341740223
    ],
    [
      4,
      0.015089959373186303
    ],
    [
      5,
      0.05389221556886227
    ],
    [
      6,
      0.030184460592509784
    ],
    [
      7,
      0.03197353914002205
    ],
    [
      8,
      0.08290155440414507
    ],
    [
      9,
      0.02910855063674955
    ],
    [
      10,
      0.027861901877649912
    ],
    [
      11,
      0.1042654028436019
    ],
    [
      12,
      0.08414239482200646
    ],
    [
      13,
      0.13056379821958458
    ],
    [
      14,
      0.1322751322751323
    ],
    [
      15,
      0.03909590714722053
    ],
    [
      16,
      0.15743440233236153
    ],
    [
      17,
      0.12698412698412698
    ],
    [
      18,
      0.05393000573723465
    ],
    [
      19,
      0.04095962551199532
    ],
    [
      20,
      0.0272108843537415
    ],
    [
      21,
      0.10315186246418338
    ],
    [
      22,
      0.12923076923076923
    ],
    [
      23,
      0.198019801980198
    ],
    [
      24,
      0.04508670520231214
    ],
    [
      25,
      0.12251655629139073
    ],
    [
      26,
      0.2222222222222222
    ],
    [
      27,
      0.028925619834710745
    ],
    [
      28,
      0.09442060085836909
    ],
    [
      29,
      0.02918855808523059
    ],
    [
      30,
      0.10212765957446808
    ],
    [
      31,
      0.056105610561056105
    ],
    [
      32,
      0.04919908466819222
    ],
    [
      33,
      0.0474040632054176
    ],
    [
      34,
      0.04562737642585551
    ],
    [
      35,
      0.04493207941483803
    ],
    [
      36,
      0.11695906432748539
    ],
    [
      37,
      0.04389086595492289
    ],
    [
      38,
      0.03068712474983322
    ],
    [
      39,
      0.09154929577464788
    ],
    [
      40,
      0.05161290322580645
    ],
    [
      41,
      0.04194128220491312
    ],
    [
      42,
      0.14379084967320263
    ],
    [
      43,
      0.058041112454655375
    ],
    [
      44,
      0.10697674418604651
    ],
    [
      45,
      0.07777777777777777
    ],
    [
      46,
      0.10106382978723404
    ],
    [
      47,
      0.04625684723067559
    ],
    [
      48,
      0.13559322033898305
    ],
    [
      49,
      0.07252440725244072
    ],
    [
      50,
      0.06666666666666667
    ],
    [
      51,
      0.16507936507936508
    ],
    [
      52,
      0.054862842892768084
    ],
    [
      53,
      0.15238095238095237
    ],
    [
      54,
      0.16176470588235292
    ],
    [
      55,
      0.03716216216216217
    ],
    [
      56,
      0.10909090909090909
    ],
    [
      57,
      0.10315186246418338
    ],
    [
      58,
      0.05034013605442177
    ],
    [
      59,
      0.09429280397022334
    ],
    [
      60,
      0.1532258064516129
    ],
    [
      61,
      0.04134366925064599
    ],
    [
      62,
      0.08179723502304147
    ],
    [
      63,
      0.12
    ],
    [
      64,
      0.03164556962025316
    ],
    [
      65,
      0.032917139614074914
    ],
    [
      66,
      0.10546875000000001
    ],
    [
      67,
      0.06289308176100629
    ],
    [
      68,
      0.13793103448275862
    ],
    [
      69,
      0.04656577415599534
    ],
    [
      70,
      0.13651877133105803
    ],
    [
      71,
      0.03577817531305904
    ],
    [
      72,
      0.0332739156268568
    ],
    [
      73,
      0.14792899408284024
    ],
    [
      74,
      0.026270702455739578
    ],
    [
      75,
      0.05652911249293386
    ],
    [
      76,
      0.04861503674392311
    ],
    [
      77,
      0.0266844563042028
    ],
    [
      78,
      0.12159329140461214
    ],
    [
      79,
      0.03671830177854274
    ],
    [
      80,
      0.06406685236768803
    ],
    [
      81,
      0.03535083020889127
    ],
    [
      82,
      0.06996113270405332
    ],
    [
      83,
      0.12167300380228135
    ],
    [
      84,
      0.1191806331471136
    ],
    [
      85,
      0.10801393728222995
    ],
    [
      86,
      0.06307775965198477
    ],
    [
      87,
      0.047999999999999994
    ],
    [
      88,
      0.1973094170403587
    ],
    [
      89,
      0.05356186395286556
    ],
    [
      90,
      0.0419889502762431
    ],
    [
      91,
      0.030418250950570346
    ],
    [
      92,
      0.10421836228287841
    ],
    [
      93,
      0.07776049766718507
    ],
    [
      94,
      0.10632911392405063
    ],
    [
      95,
      0.05770340450086554
    ],
    [
      96,
      0.06926406926406926
    ],
    [
      97,
      0.03773584905660377
    ],
    [
      98,
      0.039999999999999994
    ],
    [
      99,
      0.1675213675213675
    ],
    [
      100,
      0.046410442349528645
    ],
    [
      101,
      0.040145985401459854
    ],
    [
      102,
      0.1417910447761194
    ],
    [
      103,
      0.04692737430167598
    ],
    [
      104,
      0.04867724867724867
    ],
    [
      105,
      0.055299539170506916
    ],
    [
      106,
      0.12478336221837089
    ],
    [
      107,
      0.09248554913294799
    ],
    [
      108,
      0.04767580452920143
    ],
    [
      109,
      0.08743169398907102
    ],
    [
      110,
      0.07346938775510205
    ],
    [
      111,
      0.13295615275813297
    ],
    [
      112,
      0.05606407322654462
    ],
    [
      113,
      0.14453125
    ],
    [
      114,
      0.11721611721611722
    ],
    [
      115,
      0.06126126126126125
    ],
    [
      116,
      0.12972972972972974
    ],
    [
      117,
      0.04638833664678595
    ],
    [
      118,
      0.030624263839811542
    ],
    [
      119,
      0.029484029484029485
    ],
    [
      120,
      0.09865470852017937
    ],
    [
      121,
      0.041509433962264156
    ],
    [
      122,
      0.08333333333333333
    ],
    [
      123,
      0.09022556390977444
    ],
    [
      124,
      0.026219956300072834
    ],
    [
      125,
      0.04097894137734775
    ],
    [
      126,
      0.17793594306049823
    ],
    [
      127,
      0.030456852791878174
    ],
    [
      128,
      0.21176470588235294
    ],
    [
      129,
      0.1422924901185771
    ],
    [
      130,
      0.15510204081632653
    ],
    [
      131,
      0.0813953488372093
    ],
    [
      132,
      0.044211751018033735
    ],
    [
      133,
      0.13385826771653542
    ],
    [
      134,
      0.11164274322169059
    ],
    [
      135,
      0.0767590618336887
    ],
    [
      136,
      0.0684505289359054
    ],
    [
      137,
      0.11019283746556473
    ],
    [
      138,
      0.04618345093008338
    ],
    [
      139,
      0.10582010582010581
    ],
    [
      140,
      0.08450704225352113
    ],
    [
      141,
      0.05576679340937896
    ],
    [
      142,
      0.04703115814226925
    ],
    [
      143,
      0.11974110032362459
    ],
    [
      144,
      0.07399103139013453
    ],
    [
      145,
      0.029498525073746312
    ],
    [
      146,
      0.04878048780487805
    ],
    [
      147,
      0.04449789536981359
    ],
    [
      148,
      0.07365439093484419
    ],
    [
      149,
      0.0931372549019608
    ],
    [
      150,
      0.08244680851063829
    ],
    [
      151,
      0.06433721575152523
    ],
    [
      152,
      0.018064516129032256
    ],
    [
      153,
      0.09688581314878891
    ],
    [
      154,
      0.02679830747531735
    ],
    [
      155,
      0.04985835694050991
    ],
    [
      156,
      0.051552431165787935
    ],
    [
      157,
      0.05619834710743802
    ],
    [
      158,
