{
  "dataset": "QMSum",
  "num_samples": 200,
  "rouge1": 0.056273384186085115,
  "rouge2": 0.012920336348066101,
  "rougeL": 0.04121818680006974,
  "rougeLsum": 0.04200006920245365,
  "per_sample_rougeL": [
    [
      0,
      0.11562115621156212
    ],
    [
      1,
      0.044257112750263436
    ],
    [
      2,
      0.03775680177679067
    ],
    [
      3,
      0.027886224205242612
    ],
    [
      4,
      0.014002333722287047
    ],
    [
      5,
      0.052830188679245285
    ],
    [
      6,
      0.031082529474812434
    ],
    [
      7,
      0.035902851108764525
    ],
    [
      8,
      0.019118428040361124
    ],
    [
      9,
      0.024432809773123912
    ],
    [
      10,
      0.020975353959098064
    ],
    [
      11,
      0.04751847940865893
    ],
    [
      12,
      0.022896393817973665
    ],
    [
      13,
      0.048755186721991695
    ],
    [
      14,
      0.10271041369472185
    ],
    [
      15,
      0.021111111111111112
    ],
    [
      16,
      0.039979497693490525
    ],
    [
      17,
      0.030975735673722245
    ],
    [
      18,
      0.05383848454636092
    ],
    [
      19,
      0.03422459893048128
    ],
    [
      20,
      0.02869757174392936
    ],
    [
      21,
      0.02757158006362672
    ],
    [
      22,
      0.07378640776699028
    ],
    [
      23,
      0.03147835862844294
    ],
    [
      24,
      0.04511278195488722
    ],
    [
      25,
      0.06268136970400465
    ],
    [
      26,
      0.03565640194489465
    ],
    [
      27,
      0.026853473438412146
    ],
    [
      28,
      0.050450450450450456
    ],
    [
      29,
      0.033527696793002916
    ],
    [
      30,
      0.038751345532831
    ],
    [
      31,
      0.025191675794085433
    ],
    [
      32,
      0.04919786096256684
    ],
    [
      33,
      0.04804177545691905
    ],
    [
      34,
      0.034344590726960514
    ],
    [
      35,
      0.037578288100208766
    ],
    [
      36,
      0.031199569661108123
    ],
    [
      37,
      0.04775124930594114
    ],
    [
      38,
      0.022234574763757644
    ],
    [
      39,
      0.025669642857142856
    ],
    [
      40,
      0.04232804232804233
    ],
    [
      41,
      0.043544303797468355
    ],
    [
      42,
      0.04189636163175303
    ],
    [
      43,
      0.0907563025210084
    ],
    [
      44,
      0.034311012728278925
    ],
    [
      45,
      0.033185840707964605
    ],
    [
      46,
      0.08142493638676845
    ],
    [
      47,
      0.0407955124936257
    ],
    [
      48,
      0.03844100373731981
    ],
    [
      49,
      0.03482045701849836
    ],
    [
      50,
      0.028892455858747997
    ],
    [
      51,
      0.05642973412913728
    ],
    [
      52,
      0.02678571428571428
    ],
    [
      53,
      0.03320420586607638
    ],
    [
      54,
      0.03683640303358613
    ],
    [
      55,
      0.04092622509423802
    ],
    [
      56,
      0.02199074074074074
    ],
    [
      57,
      0.02745744096650192
    ],
    [
      58,
      0.03754831584759801
    ],
    [
      59,
      0.032511798636601995
    ],
    [
      60,
      0.03199174406604747
    ],
    [
      61,
      0.040721349621873175
    ],
    [
      62,
      0.0744092508798391
    ],
    [
      63,
      0.03697478991596638
    ],
    [
      64,
      0.01994750656167979
    ],
    [
      65,
      0.03497267759562841
    ],
    [
      66,
      0.04630152456239413
    ],
    [
      67,
      0.06053412462908012
    ],
    [
      68,
      0.03798155181768856
    ],
    [
      69,
      0.039408866995073885
    ],
    [
      70,
      0.025437201907790138
    ],
    [
      71,
      0.027571580063626724
    ],
    [
      72,
      0.024594745667970933
    ],
    [
      73,
      0.04271222637479979
    ],
    [
      74,
      0.12996389891696752
    ],
    [
      75,
      0.05699208443271767
    ],
    [
      76,
      0.044042913608131
    ],
    [
      77,
      0.019894675248683436
    ],
    [
      78,
      0.0471749862863412
    ],
    [
      79,
      0.04193548387096774
    ],
    [
      80,
      0.058595909342177996
    ],
    [
      81,
      0.024742268041237112
    ],
    [
      82,
      0.060856111397627644
    ],
    [
      83,
      0.08108108108108109
    ],
    [
      84,
      0.05098855359001041
    ],
    [
      85,
      0.05328798185941043
    ],
    [
      86,
      0.06907378335949765
    ],
    [
      87,
      0.035509138381201046
    ],
    [
      88,
      0.055789473684210535
    ],
    [
      89,
      0.06218144750254842
    ],
    [
      90,
      0.04425256341068537
    ],
    [
      91,
      0.02235294117647059
    ],
    [
      92,
      0.03773584905660377
    ],
    [
      93,
      0.0495199595755432
    ],
    [
      94,
      0.03035610040863981
    ],
    [
      95,
      0.055036344755970926
    ],
    [
      96,
      0.06239554317548747
    ],
    [
      97,
      0.032943676939426146
    ],
    [
      98,
      0.0405616224648986
    ],
    [
      99,
      0.08921513269339357
    ],
    [
      100,
      0.07469879518072288
    ],
    [
      101,
      0.028425241614553724
    ],
    [
      102,
      0.0403611258629846
    ],
    [
      103,
      0.045356371490280774
    ],
    [
      104,
      0.026406429391504015
    ],
    [
      105,
      0.051362683438155136
    ],
    [
      106,
      0.04497907949790794
    ],
    [
      107,
      0.028242677824267787
    ],
    [
      108,
      0.04575892857142857
    ],
    [
      109,
      0.020474137931034482
    ],
    [
      110,
      0.03901319563970167
    ],
    [
      111,
      0.07470651013874066
    ],
    [
      112,
      0.05296610169491526
    ],
    [
      113,
      0.0694195092758827
    ],
    [
      114,
      0.05020920502092051
    ],
    [
      115,
      0.029239766081871343
    ],
    [
      116,
      0.04230989136649514
    ],
    [
      117,
      0.04261954261954262
    ],
    [
      118,
      0.022352315061202763
    ],
    [
      119,
      0.033690658499234305
    ],
    [
      120,
      0.09022556390977443
    ],
    [
      121,
      0.03705848291835553
    ],
    [
      122,
      0.04359383306751728
    ],
    [
      123,
      0.0539647577092511
    ],
    [
      124,
      0.02315325248070562
    ],
    [
      125,
      0.038115404976177866
    ],
    [
      126,
      0.01900739176346357
    ],
    [
      127,
      0.027733333333333336
    ],
    [
      128,
      0.06184291898577614
    ],
    [
      129,
      0.020364415862808145
    ],
    [
      130,
      0.03391626921038685
    ],
    [
      131,
      0.02502844141069397
    ],
    [
      132,
      0.03948772678762006
    ],
    [
      133,
      0.023887079261672096
    ],
    [
      134,
      0.05896226415094339
    ],
    [
      135,
      0.022863364180729453
    ],
    [
      136,
      0.053784860557768925
    ],
    [
      137,
      0.027892561983471075
    ],
    [
      138,
      0.030165912518853696
    ],
    [
      139,
      0.02540033130866924
    ],
    [
      140,
      0.03198172472872644
    ],
    [
      141,
      0.04014791336502905
    ],
    [
      142,
      0.048651507139079855
    ],
    [
      143,
      0.06086956521739131
    ],
    [
      144,
      0.0534351145038168
    ],
    [
      145,
      0.02505446623093682
    ],
    [
      146,
      0.05196128374936322
    ],
    [
      147,
      0.038002171552660155
    ],
    [
      148,
      0.020529443544030256
    ],
    [
      149,
      0.03900325027085591
    ],
    [
      150,
      0.042847270214236344
    ],
    [
      151,
      0.03943044906900329
    ],
    [
      152,
      0.024281150159744407
    ],
    [
      153,
      0.023281596452328163
    ],
    [
      154,
      0.019015659955257273
    ],
    [
      155,
      0.04418103448275862
    ],
    [
      156,
      0.03489026449071469
    ],
