{
  "dataset": "QMSum",
  "num_samples": 200,
  "rouge1": 0.08828987633270119,
  "rouge2": 0.024481435958632704,
  "rougeL": 0.06090254105309778,
  "rougeLsum": 0.07061954762396742,
  "per_sample_rougeL": [
    [
      0,
      0.10237203495630463
    ],
    [
      1,
      0.05144694533762058
    ],
    [
      2,
      0.07179487179487179
    ],
    [
      3,
      0.0452418096723869
    ],
    [
      4,
      0.014865637507146942
    ],
    [
      5,
      0.05228758169934641
    ],
    [
      6,
      0.08363636363636363
    ],
    [
      7,
      0.07046070460704608
    ],
    [
      8,
      0.030718595721338452
    ],
    [
      9,
      0.0495049504950495
    ],
    [
      10,
      0.026682134570765664
    ],
    [
      11,
      0.05328983143012506
    ],
    [
      12,
      0.030998851894374284
    ],
    [
      13,
      0.15167548500881833
    ],
    [
      14,
      0.0623229461756374
    ],
    [
      15,
      0.03412553321145642
    ],
    [
      16,
      0.0927960927960928
    ],
    [
      17,
      0.07625649913344887
    ],
    [
      18,
      0.059829059829059825
    ],
    [
      19,
      0.03714124929656725
    ],
    [
      20,
      0.05834683954619124
    ],
    [
      21,
      0.02768549280177187
    ],
    [
      22,
      0.03207964601769912
    ],
    [
      23,
      0.07974481658692185
    ],
    [
      24,
      0.13333333333333333
    ],
    [
      25,
      0.12164073550212164
    ],
    [
      26,
      0.0957095709570957
    ],
    [
      27,
      0.08658008658008658
    ],
    [
      28,
      0.047409040793825796
    ],
    [
      29,
      0.03473053892215569
    ],
    [
      30,
      0.08761329305135952
    ],
    [
      31,
      0.025498891352549888
    ],
    [
      32,
      0.05223447475333721
    ],
    [
      33,
      0.10543657331136737
    ],
    [
      34,
      0.03923766816143498
    ],
    [
      35,
      0.053964757709251104
    ],
    [
      36,
      0.03681645912290201
    ],
    [
      37,
      0.06729758149316509
    ],
    [
      38,
      0.02659279778393352
    ],
    [
      39,
      0.024124066628374494
    ],
    [
      40,
      0.0457267283614589
    ],
    [
      41,
      0.05673758865248227
    ],
    [
      42,
      0.10787172011661807
    ],
    [
      43,
      0.04093234792495737
    ],
    [
      44,
      0.07308160779537148
    ],
    [
      45,
      0.0427299703264095
    ],
    [
      46,
      0.08343868520859671
    ],
    [
      47,
      0.051425377305757414
    ],
    [
      48,
      0.0396039603960396
    ],
    [
      49,
      0.037199124726477024
    ],
    [
      50,
      0.03575547866205306
    ],
    [
      51,
      0.06827731092436976
    ],
    [
      52,
      0.054919908466819226
    ],
    [
      53,
      0.04441846873173583
    ],
    [
      54,
      0.03622802344166223
    ],
    [
      55,
      0.0390032502708559
    ],
    [
      56,
      0.03182086034177961
    ],
    [
      57,
      0.032985156679494226
    ],
    [
      58,
      0.039735099337748346
    ],
    [
      59,
      0.04022346368715084
    ],
    [
      60,
      0.1473087818696884
    ],
    [
      61,
      0.04434337691870381
    ],
    [
      62,
      0.07950727883538633
    ],
    [
      63,
      0.036823935558112766
    ],
    [
      64,
      0.034834834834834835
    ],
    [
      65,
      0.03263927968486213
    ],
    [
      66,
      0.04713804713804714
    ],
    [
      67,
      0.0659090909090909
    ],
    [
      68,
      0.03602556653108658
    ],
    [
      69,
      0.051094890510948905
    ],
    [
      70,
      0.11138014527845036
    ],
    [
      71,
      0.03982576228998133
    ],
    [
      72,
      0.02236609770453208
    ],
    [
      73,
      0.044160371876815804
    ],
    [
      74,
      0.05373134328358209
    ],
    [
      75,
      0.15734989648033124
    ],
    [
      76,
      0.049396267837541155
    ],
    [
      77,
      0.0392156862745098
    ],
    [
      78,
      0.0513106525376464
    ],
    [
      79,
      0.04077365394668061
    ],
    [
      80,
      0.08097928436911488
    ],
    [
      81,
      0.03915171288743882
    ],
    [
      82,
      0.07000538502961767
    ],
    [
      83,
      0.052889324191968665
    ],
    [
      84,
      0.08390022675736962
    ],
    [
      85,
      0.05448717948717949
    ],
    [
      86,
      0.07457627118644068
    ],
    [
      87,
      0.10789980732177265
    ],
    [
      88,
      0.05592105263157894
    ],
    [
      89,
      0.13134328358208955
    ],
    [
      90,
      0.048458149779735685
    ],
    [
      91,
      0.025596276905177427
    ],
    [
      92,
      0.03859250851305335
    ],
    [
      93,
      0.056353591160221
    ],
    [
      94,
      0.05497382198952879
    ],
    [
      95,
      0.06692265496434449
    ],
    [
      96,
      0.10752688172043011
    ],
    [
      97,
      0.12419700214132762
    ],
    [
      98,
      0.09201623815967525
    ],
    [
      99,
      0.08804347826086957
    ],
    [
      100,
      0.04171364148816235
    ],
    [
      101,
      0.07500000000000001
    ],
    [
      102,
      0.04968287526427061
    ],
    [
      103,
      0.0418230563002681
    ],
    [
      104,
      0.031746031746031744
    ],
    [
      105,
      0.10606060606060605
    ],
    [
      106,
      0.05466237942122187
    ],
    [
      107,
      0.09411764705882354
    ],
    [
      108,
      0.1364522417153996
    ],
    [
      109,
      0.030594900849858355
    ],
    [
      110,
      0.046917621385706494
    ],
    [
      111,
      0.07937395192845165
    ],
    [
      112,
      0.0578368999421631
    ],
    [
      113,
      0.05813953488372093
    ],
    [
      114,
      0.06469002695417789
    ],
    [
      115,
      0.03008423586040914
    ],
    [
      116,
      0.05055849500293945
    ],
    [
      117,
      0.1073345259391771
    ],
    [
      118,
      0.029359953024075163
    ],
    [
      119,
      0.06994535519125684
    ],
    [
      120,
      0.040768782760629
    ],
    [
      121,
      0.03520726859738784
    ],
    [
      122,
      0.043710021321961626
    ],
    [
      123,
      0.11299435028248588
    ],
    [
      124,
      0.04491413474240422
    ],
    [
      125,
      0.07258064516129031
    ],
    [
      126,
      0.0368921185019564
    ],
    [
      127,
      0.05693069306930693
    ],
    [
      128,
      0.1818181818181818
    ],
    [
      129,
      0.07516339869281045
    ],
    [
      130,
      0.034140969162995596
    ],
    [
      131,
      0.03099885189437428
    ],
    [
      132,
      0.12756264236902048
    ],
    [
      133,
      0.06956521739130435
    ],
    [
      134,
      0.06365740740740743
    ],
    [
      135,
      0.027855153203342625
    ],
    [
      136,
      0.06943713834823777
    ],
    [
      137,
      0.029818956336528216
    ],
    [
      138,
      0.039999999999999994
    ],
    [
      139,
      0.09580838323353293
    ],
    [
      140,
      0.03818615751789976
    ],
    [
      141,
      0.04852686308492201
    ],
    [
      142,
      0.04746835443037975
    ],
    [
      143,
      0.06239737274220032
    ],
    [
      144,
      0.09819121447028424
    ],
    [
      145,
      0.027457440966501923
    ],
    [
      146,
      0.05133806663025669
    ],
    [
      147,
      0.11284046692607004
    ],
    [
      148,
      0.021479713603818618
    ],
    [
      149,
      0.034227039361095266
    ],
    [
      150,
      0.03916272788656313
    ],
    [
      151,
      0.11046511627906977
    ],
    [
      152,
      0.023091725465041693
    ],
    [
      153,
      0.019169329073482427
    ],
    [
      154,
      0.07339449541284403
    ],
    [
      155,
      0.06050420168067227
    ],
    [
      156,
      0.040707016604177824
    ],
    [
      157,
