{
  "dataset": "QMSum",
  "num_samples": 200,
  "rouge1": 0.13570050967049252,
  "rouge2": 0.02927482710601697,
  "rougeL": 0.08070637051736426,
  "rougeLsum": 0.09917488553143308,
  "per_sample_rougeL": [
    [
      0,
      0.06081081081081081
    ],
    [
      1,
      0.15426997245179064
    ],
    [
      2,
      0.08556149732620322
    ],
    [
      3,
      0.05714285714285715
    ],
    [
      4,
      0.06295399515738498
    ],
    [
      5,
      0.04816639299397921
    ],
    [
      6,
      0.12844036697247704
    ],
    [
      7,
      0.0585480093676815
    ],
    [
      8,
      0.17857142857142858
    ],
    [
      9,
      0.036053130929791274
    ],
    [
      10,
      0.027906976744186046
    ],
    [
      11,
      0.05180722891566265
    ],
    [
      12,
      0.1218274111675127
    ],
    [
      13,
      0.17525773195876285
    ],
    [
      14,
      0.06204620462046205
    ],
    [
      15,
      0.033796016898008444
    ],
    [
      16,
      0.08865710560625815
    ],
    [
      17,
      0.03537735849056604
    ],
    [
      18,
      0.10344827586206898
    ],
    [
      19,
      0.04394299287410927
    ],
    [
      20,
      0.028953229398663693
    ],
    [
      21,
      0.07727272727272727
    ],
    [
      22,
      0.077834179357022
    ],
    [
      23,
      0.036105738233397806
    ],
    [
      24,
      0.10973451327433628
    ],
    [
      25,
      0.0643985419198056
    ],
    [
      26,
      0.044707429322813935
    ],
    [
      27,
      0.059149722735674676
    ],
    [
      28,
      0.13404825737265416
    ],
    [
      29,
      0.10060362173038229
    ],
    [
      30,
      0.10325047801147226
    ],
    [
      31,
      0.05582922824302135
    ],
    [
      32,
      0.05134189031505251
    ],
    [
      33,
      0.04524886877828054
    ],
    [
      34,
      0.14393939393939395
    ],
    [
      35,
      0.124
    ],
    [
      36,
      0.16071428571428573
    ],
    [
      37,
      0.057279236276849645
    ],
    [
      38,
      0.09947643979057592
    ],
    [
      39,
      0.02822085889570552
    ],
    [
      40,
      0.08695652173913043
    ],
    [
      41,
      0.04640095181439619
    ],
    [
      42,
      0.12043010752688173
    ],
    [
      43,
      0.09243697478991597
    ],
    [
      44,
      0.04679972470750172
    ],
    [
      45,
      0.04151838671411625
    ],
    [
      46,
      0.07792207792207793
    ],
    [
      47,
      0.15849056603773584
    ],
    [
      48,
      0.044915782907049284
    ],
    [
      49,
      0.20481927710843376
    ],
    [
      50,
      0.03871748336358137
    ],
    [
      51,
      0.059405940594059396
    ],
    [
      52,
      0.060514372163388806
    ],
    [
      53,
      0.0421172453044963
    ],
    [
      54,
      0.06408839779005525
    ],
    [
      55,
      0.04291845493562232
    ],
    [
      56,
      0.0662251655629139
    ],
    [
      57,
      0.09999999999999999
    ],
    [
      58,
      0.04339502233567326
    ],
    [
      59,
      0.13846153846153844
    ],
    [
      60,
      0.07061790668348046
    ],
    [
      61,
      0.11707317073170734
    ],
    [
      62,
      0.19374068554396423
    ],
    [
      63,
      0.0327653997378768
    ],
    [
      64,
      0.12162162162162163
    ],
    [
      65,
      0.029647930821494747
    ],
    [
      66,
      0.0477770404777704
    ],
    [
      67,
      0.09706774519716885
    ],
    [
      68,
      0.0746268656716418
    ],
    [
      69,
      0.05432722678458623
    ],
    [
      70,
      0.0325
    ],
    [
      71,
      0.03450258769407706
    ],
    [
      72,
      0.14150943396226418
    ],
    [
      73,
      0.04643261608154021
    ],
    [
      74,
      0.031725888324873094
    ],
    [
      75,
      0.07448494453248812
    ],
    [
      76,
      0.0411663807890223
    ],
    [
      77,
      0.040914560770156434
    ],
    [
      78,
      0.05282112845138055
    ],
    [
      79,
      0.04020100502512563
    ],
    [
      80,
      0.05472636815920398
    ],
    [
      81,
      0.0376249265138154
    ],
    [
      82,
      0.11544461778471139
    ],
    [
      83,
      0.054878048780487805
    ],
    [
      84,
      0.053721320649132626
    ],
    [
      85,
      0.13412228796844183
    ],
    [
      86,
      0.06804238706079196
    ],
    [
      87,
      0.08182912154031287
    ],
    [
      88,
      0.06211869107043815
    ],
    [
      89,
      0.0594916170903191
    ],
    [
      90,
      0.04535637149028078
    ],
    [
      91,
      0.09606986899563318
    ],
    [
      92,
      0.07334273624823695
    ],
    [
      93,
      0.10970464135021096
    ],
    [
      94,
      0.035087719298245605
    ],
    [
      95,
      0.05277329025309639
    ],
    [
      96,
      0.06334841628959276
    ],
    [
      97,
      0.034944670937682006
    ],
    [
      98,
      0.04331348132106118
    ],
    [
      99,
      0.13844252163164403
    ],
    [
      100,
      0.1253731343283582
    ],
    [
      101,
      0.03824091778202677
    ],
    [
      102,
      0.04466501240694789
    ],
    [
      103,
      0.1708185053380783
    ],
    [
      104,
      0.02586206896551724
    ],
    [
      105,
      0.08571428571428572
    ],
    [
      106,
      0.05242165242165242
    ],
    [
      107,
      0.03850509626274066
    ],
    [
      108,
      0.052948255114320095
    ],
    [
      109,
      0.09798270893371759
    ],
    [
      110,
      0.0933572710951526
    ],
    [
      111,
      0.1596958174904943
    ],
    [
      112,
      0.05596801827527127
    ],
    [
      113,
      0.13559322033898305
    ],
    [
      114,
      0.06604866743916571
    ],
    [
      115,
      0.032722513089005235
    ],
    [
      116,
      0.04734484964811261
    ],
    [
      117,
      0.1586206896551724
    ],
    [
      118,
      0.03335471456061578
    ],
    [
      119,
      0.03952095808383234
    ],
    [
      120,
      0.03896848137535817
    ],
    [
      121,
      0.03975903614457831
    ],
    [
      122,
      0.04946599213041034
    ],
    [
      123,
      0.0734632683658171
    ],
    [
      124,
      0.03730569948186528
    ],
    [
      125,
      0.07881773399014778
    ],
    [
      126,
      0.21621621621621623
    ],
    [
      127,
      0.10133333333333333
    ],
    [
      128,
      0.17672413793103445
    ],
    [
      129,
      0.1292517006802721
    ],
    [
      130,
      0.126984126984127
    ],
    [
      131,
      0.03321799307958477
    ],
    [
      132,
      0.14
    ],
    [
      133,
      0.029867256637168143
    ],
    [
      134,
      0.14068441064638784
    ],
    [
      135,
      0.03049124788255223
    ],
    [
      136,
      0.09080841638981173
    ],
    [
      137,
      0.06830601092896174
    ],
    [
      138,
      0.13753581661891118
    ],
    [
      139,
      0.08
    ],
    [
      140,
      0.08932038834951456
    ],
    [
      141,
      0.2
    ],
    [
      142,
      0.1488673139158576
    ],
    [
      143,
      0.0681951793062904
    ],
    [
      144,
      0.1449275362318841
    ],
    [
      145,
      0.030427150380339378
    ],
    [
      146,
      0.05609616485403549
    ],
    [
      147,
      0.10094637223974763
    ],
    [
      148,
      0.02456367162249515
    ],
    [
      149,
      0.12206572769953052
    ],
    [
      150,
      0.08955223880597016
    ],
    [
      151,
      0.17508417508417512
    ],
    [
      152,
      0.07719298245614034
    ],
    [
      153,
      0.03286034353995519
    ],
    [
      154,
      0.1048951048951049
    ],
    [
      155,
      0.14432989690721648
    ],
    [
      156,
      0.10902255639097745
    ],
    [
      157,
      0.05865102639296187
    ],
    [
      158,
      0.05131414267834794
    ],
    [
      159,
