{
  "dataset": "QMSum",
  "num_samples": 200,
  "rouge1": 0.14111577194513913,
  "rouge2": 0.03523155204618552,
  "rougeL": 0.08679733283011379,
  "rougeLsum": 0.10549373747505289,
  "per_sample_rougeL": [
    [
      0,
      0.13544018058690746
    ],
    [
      1,
      0.16413373860182373
    ],
    [
      2,
      0.1021671826625387
    ],
    [
      3,
      0.06807131280388978
    ],
    [
      4,
      0.04395604395604396
    ],
    [
      5,
      0.18507462686567164
    ],
    [
      6,
      0.08869179600886917
    ],
    [
      7,
      0.06572769953051644
    ],
    [
      8,
      0.0546448087431694
    ],
    [
      9,
      0.024913494809688585
    ],
    [
      10,
      0.018440905280804696
    ],
    [
      11,
      0.12903225806451613
    ],
    [
      12,
      0.034255599472990776
    ],
    [
      13,
      0.05405405405405405
    ],
    [
      14,
      0.09971509971509972
    ],
    [
      15,
      0.026243093922651936
    ],
    [
      16,
      0.15384615384615388
    ],
    [
      17,
      0.04189189189189189
    ],
    [
      18,
      0.1619047619047619
    ],
    [
      19,
      0.028469750889679717
    ],
    [
      20,
      0.057324840764331204
    ],
    [
      21,
      0.03533568904593639
    ],
    [
      22,
      0.029304029304029307
    ],
    [
      23,
      0.11185682326621925
    ],
    [
      24,
      0.1275862068965517
    ],
    [
      25,
      0.09763313609467456
    ],
    [
      26,
      0.14729950900163666
    ],
    [
      27,
      0.07594936708860758
    ],
    [
      28,
      0.10766045548654245
    ],
    [
      29,
      0.0692410119840213
    ],
    [
      30,
      0.09183673469387754
    ],
    [
      31,
      0.05697151424287856
    ],
    [
      32,
      0.1560693641618497
    ],
    [
      33,
      0.09770114942528735
    ],
    [
      34,
      0.15635179153094458
    ],
    [
      35,
      0.11177644710578842
    ],
    [
      36,
      0.12923076923076923
    ],
    [
      37,
      0.07384615384615384
    ],
    [
      38,
      0.1005586592178771
    ],
    [
      39,
      0.025814382298709283
    ],
    [
      40,
      0.1322314049586777
    ],
    [
      41,
      0.09893048128342244
    ],
    [
      42,
      0.08236808236808237
    ],
    [
      43,
      0.0990990990990991
    ],
    [
      44,
      0.06367583212735166
    ],
    [
      45,
      0.187683284457478
    ],
    [
      46,
      0.1045045045045045
    ],
    [
      47,
      0.16199376947040497
    ],
    [
      48,
      0.03324468085106383
    ],
    [
      49,
      0.1056910569105691
    ],
    [
      50,
      0.03831417624521073
    ],
    [
      51,
      0.05549510337323177
    ],
    [
      52,
      0.07392197125256673
    ],
    [
      53,
      0.14150943396226415
    ],
    [
      54,
      0.1111111111111111
    ],
    [
      55,
      0.10096153846153846
    ],
    [
      56,
      0.10483870967741936
    ],
    [
      57,
      0.030612244897959183
    ],
    [
      58,
      0.1023720349563046
    ],
    [
      59,
      0.073510773130545
    ],
    [
      60,
      0.11834319526627218
    ],
    [
      61,
      0.11704834605597965
    ],
    [
      62,
      0.08172706245181187
    ],
    [
      63,
      0.07938931297709922
    ],
    [
      64,
      0.09523809523809523
    ],
    [
      65,
      0.08376963350785341
    ],
    [
      66,
      0.032362459546925564
    ],
    [
      67,
      0.12072434607645875
    ],
    [
      68,
      0.03928266438941076
    ],
    [
      69,
      0.053169734151329244
    ],
    [
      70,
      0.05327413984461709
    ],
    [
      71,
      0.09722222222222222
    ],
    [
      72,
      0.03422982885085575
    ],
    [
      73,
      0.04557786218122626
    ],
    [
      74,
      0.07196969696969696
    ],
    [
      75,
      0.1760722347629797
    ],
    [
      76,
      0.10699588477366255
    ],
    [
      77,
      0.07323943661971831
    ],
    [
      78,
      0.05273069679849341
    ],
    [
      79,
      0.030716723549488054
    ],
    [
      80,
      0.0840764331210191
    ],
    [
      81,
      0.03485576923076923
    ],
    [
      82,
      0.17959183673469387
    ],
    [
      83,
      0.05575757575757576
    ],
    [
      84,
      0.1524163568773234
    ],
    [
      85,
      0.10909090909090909
    ],
    [
      86,
      0.18503937007874016
    ],
    [
      87,
      0.03982777179763186
    ],
    [
      88,
      0.04705882352941176
    ],
    [
      89,
      0.21673003802281368
    ],
    [
      90,
      0.04034582132564842
    ],
    [
      91,
      0.0903225806451613
    ],
    [
      92,
      0.06862745098039215
    ],
    [
      93,
      0.12454212454212456
    ],
    [
      94,
      0.031016657093624354
    ],
    [
      95,
      0.1455160744500846
    ],
    [
      96,
      0.10865191146881288
    ],
    [
      97,
      0.021249999999999998
    ],
    [
      98,
      0.02988505747126437
    ],
    [
      99,
      0.13227513227513227
    ],
    [
      100,
      0.13538461538461538
    ],
    [
      101,
      0.09454545454545456
    ],
    [
      102,
      0.1012311901504788
    ],
    [
      103,
      0.1492537313432836
    ],
    [
      104,
      0.019393939393939394
    ],
    [
      105,
      0.09798994974874371
    ],
    [
      106,
      0.1164179104477612
    ],
    [
      107,
      0.058767772511848344
    ],
    [
      108,
      0.13822894168466524
    ],
    [
      109,
      0.03511338697878566
    ],
    [
      110,
      0.0703030303030303
    ],
    [
      111,
      0.1297071129707113
    ],
    [
      112,
      0.18
    ],
    [
      113,
      0.10828025477707007
    ],
    [
      114,
      0.1440329218106996
    ],
    [
      115,
      0.024250159540523293
    ],
    [
      116,
      0.1040650406504065
    ],
    [
      117,
      0.04433497536945813
    ],
    [
      118,
      0.07590132827324478
    ],
    [
      119,
      0.09563409563409563
    ],
    [
      120,
      0.06728971962616823
    ],
    [
      121,
      0.08233276157804462
    ],
    [
      122,
      0.0980392156862745
    ],
    [
      123,
      0.14699331848552338
    ],
    [
      124,
      0.016069221260815822
    ],
    [
      125,
      0.02396644697423607
    ],
    [
      126,
      0.02554278416347382
    ],
    [
      127,
      0.016563146997929608
    ],
    [
      128,
      0.1507402422611036
    ],
    [
      129,
      0.15920398009950248
    ],
    [
      130,
      0.06382978723404255
    ],
    [
      131,
      0.025793650793650792
    ],
    [
      132,
      0.12135922330097088
    ],
    [
      133,
      0.015559545182525435
    ],
    [
      134,
      0.1523809523809524
    ],
    [
      135,
      0.1166180758017493
    ],
    [
      136,
      0.11161731207289294
    ],
    [
      137,
      0.026940346375881975
    ],
    [
      138,
      0.046250875963559916
    ],
    [
      139,
      0.07569141193595341
    ],
    [
      140,
      0.09480812641083522
    ],
    [
      141,
      0.2671232876712329
    ],
    [
      142,
      0.12470023980815348
    ],
    [
      143,
      0.16977225672877846
    ],
    [
      144,
      0.16501650165016502
    ],
    [
      145,
      0.10723860589812333
    ],
    [
      146,
      0.11451398135818909
    ],
    [
      147,
      0.09914529914529914
    ],
    [
      148,
      0.02354399008674102
    ],
    [
      149,
      0.03899721448467967
    ],
    [
      150,
      0.1263157894736842
    ],
    [
      151,
      0.11956521739130435
    ],
    [
      152,
      0.11149825783972127
    ],
    [
      153,
      0.09302325581395349
    ],
    [
      154,
      0.05891472868217054
    ],
    [
      155,
      0.06666666666666667
    ],
    [
      156,
      0.08876560332871013
    ],
    [
      157,
      0.09691629955947137
    ],
    [
      158,
