{
  "dataset": "QMSum",
  "num_samples": 200,
  "rouge1": 0.12425707703542932,
  "rouge2": 0.027034068532356337,
  "rougeL": 0.07466234563261286,
  "rougeLsum": 0.09182004023100604,
  "per_sample_rougeL": [
    [
      0,
      0.06138735420503376
    ],
    [
      1,
      0.1508515815085158
    ],
    [
      2,
      0.09507640067911714
    ],
    [
      3,
      0.025418833044482954
    ],
    [
      4,
      0.015936254980079678
    ],
    [
      5,
      0.0558139534883721
    ],
    [
      6,
      0.03229166666666667
    ],
    [
      7,
      0.0302853814793244
    ],
    [
      8,
      0.06966618287373003
    ],
    [
      9,
      0.1382488479262673
    ],
    [
      10,
      0.02743142144638404
    ],
    [
      11,
      0.05144694533762058
    ],
    [
      12,
      0.02590673575129534
    ],
    [
      13,
      0.1983471074380165
    ],
    [
      14,
      0.058146577831617204
    ],
    [
      15,
      0.10140845070422536
    ],
    [
      16,
      0.125
    ],
    [
      17,
      0.112
    ],
    [
      18,
      0.06423982869379015
    ],
    [
      19,
      0.04873949579831933
    ],
    [
      20,
      0.027700831024930747
    ],
    [
      21,
      0.029869321717486002
    ],
    [
      22,
      0.019704433497536943
    ],
    [
      23,
      0.038484666265784735
    ],
    [
      24,
      0.039886039886039885
    ],
    [
      25,
      0.1320450885668277
    ],
    [
      26,
      0.11650485436893206
    ],
    [
      27,
      0.028079132099553285
    ],
    [
      28,
      0.0931899641577061
    ],
    [
      29,
      0.033760972316002696
    ],
    [
      30,
      0.04637336504161712
    ],
    [
      31,
      0.08547008547008549
    ],
    [
      32,
      0.2186234817813765
    ],
    [
      33,
      0.07628865979381443
    ],
    [
      34,
      0.12269938650306748
    ],
    [
      35,
      0.10752688172043012
    ],
    [
      36,
      0.03764705882352941
    ],
    [
      37,
      0.042001235330450894
    ],
    [
      38,
      0.10566037735849058
    ],
    [
      39,
      0.06993006993006994
    ],
    [
      40,
      0.14043583535108958
    ],
    [
      41,
      0.051743532058492685
    ],
    [
      42,
      0.10826210826210828
    ],
    [
      43,
      0.11347517730496455
    ],
    [
      44,
      0.03815580286168521
    ],
    [
      45,
      0.04315659679408138
    ],
    [
      46,
      0.03949730700179533
    ],
    [
      47,
      0.11254019292604502
    ],
    [
      48,
      0.03945745992601726
    ],
    [
      49,
      0.039421813403416564
    ],
    [
      50,
      0.029714285714285714
    ],
    [
      51,
      0.060133630289532294
    ],
    [
      52,
      0.02962962962962963
    ],
    [
      53,
      0.031113876789047912
    ],
    [
      54,
      0.14678899082568808
    ],
    [
      55,
      0.0396732788798133
    ],
    [
      56,
      0.05797101449275362
    ],
    [
      57,
      0.032766990291262135
    ],
    [
      58,
      0.1839080459770115
    ],
    [
      59,
      0.037897310513447434
    ],
    [
      60,
      0.07655502392344497
    ],
    [
      61,
      0.08032128514056225
    ],
    [
      62,
      0.08372641509433963
    ],
    [
      63,
      0.03806015960712093
    ],
    [
      64,
      0.027517886626307102
    ],
    [
      65,
      0.04162895927601809
    ],
    [
      66,
      0.14177215189873418
    ],
    [
      67,
      0.1267605633802817
    ],
    [
      68,
      0.039783001808318265
    ],
    [
      69,
      0.06811989100817438
    ],
    [
      70,
      0.030269058295964126
    ],
    [
      71,
      0.03462686567164179
    ],
    [
      72,
      0.03195266272189349
    ],
    [
      73,
      0.04363636363636363
    ],
    [
      74,
      0.05504587155963303
    ],
    [
      75,
      0.1813031161473088
    ],
    [
      76,
      0.0496054114994363
    ],
    [
      77,
      0.025798525798525797
    ],
    [
      78,
      0.04826368452030606
    ],
    [
      79,
      0.03987408184679958
    ],
    [
      80,
      0.11286089238845144
    ],
    [
      81,
      0.05022831050228311
    ],
    [
      82,
      0.07501589319771138
    ],
    [
      83,
      0.1081081081081081
    ],
    [
      84,
      0.1322314049586777
    ],
    [
      85,
      0.06607369758576874
    ],
    [
      86,
      0.15903614457831325
    ],
    [
      87,
      0.0707269155206287
    ],
    [
      88,
      0.05771495877502945
    ],
    [
      89,
      0.1592920353982301
    ],
    [
      90,
      0.04512820512820513
    ],
    [
      91,
      0.0279557367501456
    ],
    [
      92,
      0.039850560398505604
    ],
    [
      93,
      0.12094395280235988
    ],
    [
      94,
      0.0332667997338656
    ],
    [
      95,
      0.1487279843444227
    ],
    [
      96,
      0.13682092555331993
    ],
    [
      97,
      0.02810304449648712
    ],
    [
      98,
      0.042810098792535674
    ],
    [
      99,
      0.08405172413793104
    ],
    [
      100,
      0.10256410256410256
    ],
    [
      101,
      0.03725961538461539
    ],
    [
      102,
      0.048417132216014895
    ],
    [
      103,
      0.14105793450881612
    ],
    [
      104,
      0.15165876777251186
    ],
    [
      105,
      0.05871559633027523
    ],
    [
      106,
      0.04803493449781659
    ],
    [
      107,
      0.08445945945945946
    ],
    [
      108,
      0.046369737644905436
    ],
    [
      109,
      0.020369191597708468
    ],
    [
      110,
      0.1099290780141844
    ],
    [
      111,
      0.09212481426448736
    ],
    [
      112,
      0.051889452904681325
    ],
    [
      113,
      0.14339622641509434
    ],
    [
      114,
      0.06694560669456068
    ],
    [
      115,
      0.04941482444733421
    ],
    [
      116,
      0.11793611793611793
    ],
    [
      117,
      0.04083885209713024
    ],
    [
      118,
      0.031475409836065574
    ],
    [
      119,
      0.04128440366972477
    ],
    [
      120,
      0.11538461538461536
    ],
    [
      121,
      0.0758169934640523
    ],
    [
      122,
      0.05402087170042971
    ],
    [
      123,
      0.04973357015985791
    ],
    [
      124,
      0.026086956521739132
    ],
    [
      125,
      0.1142857142857143
    ],
    [
      126,
      0.03731343283582089
    ],
    [
      127,
      0.05660377358490566
    ],
    [
      128,
      0.06582278481012657
    ],
    [
      129,
      0.1691542288557214
    ],
    [
      130,
      0.16194331983805668
    ],
    [
      131,
      0.07561436672967865
    ],
    [
      132,
      0.04329524954900782
    ],
    [
      133,
      0.029394473838918286
    ],
    [
      134,
      0.13664596273291926
    ],
    [
      135,
      0.03329369797859691
    ],
    [
      136,
      0.06978119455943228
    ],
    [
      137,
      0.11038961038961038
    ],
    [
      138,
      0.04665438919582566
    ],
    [
      139,
      0.03848620910840282
    ],
    [
      140,
      0.09523809523809525
    ],
    [
      141,
      0.05862457722660654
    ],
    [
      142,
      0.08036739380022961
    ],
    [
      143,
      0.06716417910447761
    ],
    [
      144,
      0.09046849757673667
    ],
    [
      145,
      0.024312896405919656
    ],
    [
      146,
      0.05346426623022368
    ],
    [
      147,
      0.13076923076923078
    ],
    [
      148,
      0.017772511848341235
    ],
    [
      149,
      0.10218978102189781
    ],
    [
      150,
      0.11731843575418995
    ],
    [
      151,
      0.14732142857142858
    ],
    [
      152,
      0.2553191489361702
    ],
    [
      153,
      0.061176470588235284
    ],
    [
      154,
      0.03962264150943396
    ],
    [
      155,
      0.1297539149888143
    ],
    [
      156,
      0.11133200795228629
    ],
    [
      157,
      0.02201834862385321
    ],
    [
      158,
