{
  "dataset": "QMSum",
  "num_samples": 200,
  "rouge1": 0.09029642032942363,
  "rouge2": 0.023977988367807658,
  "rougeL": 0.06076258738897758,
  "rougeLsum": 0.06967115115215022,
  "per_sample_rougeL": [
    [
      0,
      0.09426229508196722
    ],
    [
      1,
      0.1285444234404537
    ],
    [
      2,
      0.08968609865470853
    ],
    [
      3,
      0.06695778748180496
    ],
    [
      4,
      0.013460459899046552
    ],
    [
      5,
      0.05002605523710266
    ],
    [
      6,
      0.07969639468690702
    ],
    [
      7,
      0.02794857462269424
    ],
    [
      8,
      0.024325753569539924
    ],
    [
      9,
      0.025240384615384616
    ],
    [
      10,
      0.021839080459770118
    ],
    [
      11,
      0.050660792951541855
    ],
    [
      12,
      0.029034059184812954
    ],
    [
      13,
      0.04896221394358701
    ],
    [
      14,
      0.1075581395348837
    ],
    [
      15,
      0.028312570781426957
    ],
    [
      16,
      0.048699501936912006
    ],
    [
      17,
      0.07008760951188986
    ],
    [
      18,
      0.08944099378881988
    ],
    [
      19,
      0.0725907384230288
    ],
    [
      20,
      0.020810514786418398
    ],
    [
      21,
      0.03198172472872644
    ],
    [
      22,
      0.028077753779697626
    ],
    [
      23,
      0.03525264394829612
    ],
    [
      24,
      0.04945904173106645
    ],
    [
      25,
      0.06488332384746727
    ],
    [
      26,
      0.10291595197255575
    ],
    [
      27,
      0.09137055837563451
    ],
    [
      28,
      0.049189491335941866
    ],
    [
      29,
      0.03457590491626148
    ],
    [
      30,
      0.043333333333333335
    ],
    [
      31,
      0.027366020524515398
    ],
    [
      32,
      0.055865921787709494
    ],
    [
      33,
      0.11272727272727273
    ],
    [
      34,
      0.03375527426160337
    ],
    [
      35,
      0.05549510337323177
    ],
    [
      36,
      0.08517887563884156
    ],
    [
      37,
      0.07621009268795058
    ],
    [
      38,
      0.050331125827814564
    ],
    [
      39,
      0.026790914385556204
    ],
    [
      40,
      0.1092150170648464
    ],
    [
      41,
      0.0548258138206739
    ],
    [
      42,
      0.11529933481152994
    ],
    [
      43,
      0.08053691275167786
    ],
    [
      44,
      0.03750689464975179
    ],
    [
      45,
      0.04667444574095683
    ],
    [
      46,
      0.10069444444444445
    ],
    [
      47,
      0.10650887573964496
    ],
    [
      48,
      0.08030112923462987
    ],
    [
      49,
      0.03533123028391168
    ],
    [
      50,
      0.03462204270051933
    ],
    [
      51,
      0.06253256904637831
    ],
    [
      52,
      0.02888888888888889
    ],
    [
      53,
      0.12244897959183675
    ],
    [
      54,
      0.03598971722365039
    ],
    [
      55,
      0.04
    ],
    [
      56,
      0.05255474452554744
    ],
    [
      57,
      0.07124681933842239
    ],
    [
      58,
      0.04041507373020207
    ],
    [
      59,
      0.0930232558139535
    ],
    [
      60,
      0.040525739320920046
    ],
    [
      61,
      0.040563380281690146
    ],
    [
      62,
      0.0856338028169014
    ],
    [
      63,
      0.03089244851258581
    ],
    [
      64,
      0.07787610619469026
    ],
    [
      65,
      0.03284258210645526
    ],
    [
      66,
      0.04759071980963712
    ],
    [
      67,
      0.0694288913773796
    ],
    [
      68,
      0.11914893617021276
    ],
    [
      69,
      0.04002287021154946
    ],
    [
      70,
      0.10457516339869281
    ],
    [
      71,
      0.03005635566687539
    ],
    [
      72,
      0.025229357798165136
    ],
    [
      73,
      0.11231884057971014
    ],
    [
      74,
      0.023770934629929765
    ],
    [
      75,
      0.11388888888888889
    ],
    [
      76,
      0.05520169851380042
    ],
    [
      77,
      0.053412462908011875
    ],
    [
      78,
      0.04772727272727273
    ],
    [
      79,
      0.036101083032490974
    ],
    [
      80,
      0.09456264775413711
    ],
    [
      81,
      0.06904761904761904
    ],
    [
      82,
      0.07457983193277311
    ],
    [
      83,
      0.027548209366391185
    ],
    [
      84,
      0.05025125628140703
    ],
    [
      85,
      0.03795466526093832
    ],
    [
      86,
      0.07082630691399662
    ],
    [
      87,
      0.0413268080478521
    ],
    [
      88,
      0.06419479800774765
    ],
    [
      89,
      0.0636604774535809
    ],
    [
      90,
      0.04628632938643702
    ],
    [
      91,
      0.02480270574971815
    ],
    [
      92,
      0.03682393555811278
    ],
    [
      93,
      0.06060606060606061
    ],
    [
      94,
      0.06722689075630252
    ],
    [
      95,
      0.0569586243954863
    ],
    [
      96,
      0.11646136618141097
    ],
    [
      97,
      0.03579676674364896
    ],
    [
      98,
      0.04567180031864046
    ],
    [
      99,
      0.13521695257315844
    ],
    [
      100,
      0.04132680804785209
    ],
    [
      101,
      0.057815845824411134
    ],
    [
      102,
      0.11693548387096774
    ],
    [
      103,
      0.14074074074074075
    ],
    [
      104,
      0.028604118993135006
    ],
    [
      105,
      0.11299435028248589
    ],
    [
      106,
      0.05379236148466917
    ],
    [
      107,
      0.08964451313755797
    ],
    [
      108,
      0.045023696682464455
    ],
    [
      109,
      0.050666666666666665
    ],
    [
      110,
      0.04376108811354228
    ],
    [
      111,
      0.06434316353887398
    ],
    [
      112,
      0.04956772334293948
    ],
    [
      113,
      0.05233219567690557
    ],
    [
      114,
      0.12483399734395752
    ],
    [
      115,
      0.02787068004459309
    ],
    [
      116,
      0.08706166868198308
    ],
    [
      117,
      0.04192634560906516
    ],
    [
      118,
      0.08372093023255814
    ],
    [
      119,
      0.033218785796105384
    ],
    [
      120,
      0.03479236812570145
    ],
    [
      121,
      0.09287925696594426
    ],
    [
      122,
      0.04918890633176348
    ],
    [
      123,
      0.0647719762062128
    ],
    [
      124,
      0.021040974529346623
    ],
    [
      125,
      0.09145129224652088
    ],
    [
      126,
      0.11059907834101382
    ],
    [
      127,
      0.060221870047543584
    ],
    [
      128,
      0.04906666666666666
    ],
    [
      129,
      0.035378662244333885
    ],
    [
      130,
      0.05815831987075928
    ],
    [
      131,
      0.07165109034267914
    ],
    [
      132,
      0.04281690140845071
    ],
    [
      133,
      0.09615384615384615
    ],
    [
      134,
      0.07268464243845252
    ],
    [
      135,
      0.07155635062611806
    ],
    [
      136,
      0.06015831134564644
    ],
    [
      137,
      0.07692307692307693
    ],
    [
      138,
      0.04357298474945534
    ],
    [
      139,
      0.06481481481481481
    ],
    [
      140,
      0.0486223662884927
    ],
    [
      141,
      0.045454545454545456
    ],
    [
      142,
      0.04372722540343571
    ],
    [
      143,
      0.09242144177449167
    ],
    [
      144,
      0.05342237061769617
    ],
    [
      145,
      0.05082872928176796
    ],
    [
      146,
      0.09677419354838708
    ],
    [
      147,
      0.03848153926157046
    ],
    [
      148,
      0.023407022106631988
    ],
    [
      149,
      0.03850782190132371
    ],
    [
      150,
      0.11467116357504216
    ],
    [
      151,
      0.11634349030470915
    ],
    [
      152,
      0.02367531003382187
    ],
    [
      153,
      0.02185163887291547
    ],
    [
      154,
      0.06369426751592358
    ],
    [
      155,
      0.04004711425206125
    ],
    [
      156,
      0.041489361702127664
    ],
    [
      157,
      0.03896103896103896
