{
  "dataset": "QMSum",
  "num_samples": 200,
  "rouge1": 0.13672177891164425,
  "rouge2": 0.03442765893494221,
  "rougeL": 0.0853463747623586,
  "rougeLsum": 0.103094343365462,
  "per_sample_rougeL": [
    [
      0,
      0.0903954802259887
    ],
    [
      1,
      0.15894039735099336
    ],
    [
      2,
      0.0708502024291498
    ],
    [
      3,
      0.06936416184971099
    ],
    [
      4,
      0.03669724770642202
    ],
    [
      5,
      0.11521418020679469
    ],
    [
      6,
      0.02871410736579276
    ],
    [
      7,
      0.022556390977443608
    ],
    [
      8,
      0.04334975369458129
    ],
    [
      9,
      0.061016949152542375
    ],
    [
      10,
      0.0174496644295302
    ],
    [
      11,
      0.1286307053941909
    ],
    [
      12,
      0.03587443946188341
    ],
    [
      13,
      0.05295566502463054
    ],
    [
      14,
      0.08764940239043825
    ],
    [
      15,
      0.11253196930946292
    ],
    [
      16,
      0.13382899628252787
    ],
    [
      17,
      0.034031413612565446
    ],
    [
      18,
      0.09846153846153846
    ],
    [
      19,
      0.07232267037552156
    ],
    [
      20,
      0.05202913631633715
    ],
    [
      21,
      0.0773286467486819
    ],
    [
      22,
      0.06391270459859703
    ],
    [
      23,
      0.08333333333333333
    ],
    [
      24,
      0.03498190591073582
    ],
    [
      25,
      0.1366120218579235
    ],
    [
      26,
      0.14838709677419354
    ],
    [
      27,
      0.04422604422604423
    ],
    [
      28,
      0.0670995670995671
    ],
    [
      29,
      0.07986111111111112
    ],
    [
      30,
      0.07282913165266106
    ],
    [
      31,
      0.0641025641025641
    ],
    [
      32,
      0.09882747068676717
    ],
    [
      33,
      0.12854442344045366
    ],
    [
      34,
      0.07481296758104738
    ],
    [
      35,
      0.03632589517384536
    ],
    [
      36,
      0.08756567425569177
    ],
    [
      37,
      0.07680945347119646
    ],
    [
      38,
      0.05333333333333334
    ],
    [
      39,
      0.12413793103448276
    ],
    [
      40,
      0.09345794392523366
    ],
    [
      41,
      0.1542056074766355
    ],
    [
      42,
      0.08027923211169284
    ],
    [
      43,
      0.08270676691729324
    ],
    [
      44,
      0.07045009784735812
    ],
    [
      45,
      0.18390804597701152
    ],
    [
      46,
      0.10772833723653395
    ],
    [
      47,
      0.1619047619047619
    ],
    [
      48,
      0.10874704491725769
    ],
    [
      49,
      0.11585365853658536
    ],
    [
      50,
      0.05386620330147697
    ],
    [
      51,
      0.13179190751445086
    ],
    [
      52,
      0.06563039723661486
    ],
    [
      53,
      0.03760913364674279
    ],
    [
      54,
      0.1087866108786611
    ],
    [
      55,
      0.10823529411764705
    ],
    [
      56,
      0.05906040268456375
    ],
    [
      57,
      0.10849909584086799
    ],
    [
      58,
      0.04280363830925629
    ],
    [
      59,
      0.08465608465608465
    ],
    [
      60,
      0.03682393555811277
    ],
    [
      61,
      0.08181818181818183
    ],
    [
      62,
      0.10572687224669604
    ],
    [
      63,
      0.0749185667752443
    ],
    [
      64,
      0.03028603477285474
    ],
    [
      65,
      0.06270270270270269
    ],
    [
      66,
      0.034759358288770054
    ],
    [
      67,
      0.1241970021413276
    ],
    [
      68,
      0.17621145374449337
    ],
    [
      69,
      0.16233766233766236
    ],
    [
      70,
      0.030303030303030307
    ],
    [
      71,
      0.08653846153846154
    ],
    [
      72,
      0.0872093023255814
    ],
    [
      73,
      0.04635761589403973
    ],
    [
      74,
      0.06167400881057269
    ],
    [
      75,
      0.12278308321964528
    ],
    [
      76,
      0.03669724770642201
    ],
    [
      77,
      0.07272727272727272
    ],
    [
      78,
      0.23076923076923078
    ],
    [
      79,
      0.034419176398279044
    ],
    [
      80,
      0.12481426448737
    ],
    [
      81,
      0.046313223644119446
    ],
    [
      82,
      0.18226600985221678
    ],
    [
      83,
      0.0801186943620178
    ],
    [
      84,
      0.1465076660988075
    ],
    [
      85,
      0.09020618556701032
    ],
    [
      86,
      0.11419753086419754
    ],
    [
      87,
      0.15346534653465346
    ],
    [
      88,
      0.06551518761167363
    ],
    [
      89,
      0.1708683473389356
    ],
    [
      90,
      0.11372549019607842
    ],
    [
      91,
      0.08115942028985507
    ],
    [
      92,
      0.02599179206566347
    ],
    [
      93,
      0.0835030549898167
    ],
    [
      94,
      0.047717842323651456
    ],
    [
      95,
      0.13957446808510637
    ],
    [
      96,
      0.14744801512287334
    ],
    [
      97,
      0.07561436672967864
    ],
    [
      98,
      0.07520325203252032
    ],
    [
      99,
      0.11866501854140914
    ],
    [
      100,
      0.07407407407407408
    ],
    [
      101,
      0.11442786069651742
    ],
    [
      102,
      0.08030592734225621
    ],
    [
      103,
      0.048929663608562685
    ],
    [
      104,
      0.02101769911504425
    ],
    [
      105,
      0.10209424083769635
    ],
    [
      106,
      0.1106612685560054
    ],
    [
      107,
      0.07389749702026222
    ],
    [
      108,
      0.14414414414414414
    ],
    [
      109,
      0.08743169398907102
    ],
    [
      110,
      0.0900900900900901
    ],
    [
      111,
      0.12180746561886051
    ],
    [
      112,
      0.038392321535692865
    ],
    [
      113,
      0.10061349693251534
    ],
    [
      114,
      0.12692307692307692
    ],
    [
      115,
      0.06230529595015576
    ],
    [
      116,
      0.09282700421940927
    ],
    [
      117,
      0.03460207612456748
    ],
    [
      118,
      0.07459207459207459
    ],
    [
      119,
      0.19101123595505615
    ],
    [
      120,
      0.050235478806907374
    ],
    [
      121,
      0.05734767025089606
    ],
    [
      122,
      0.10628019323671499
    ],
    [
      123,
      0.055865921787709494
    ],
    [
      124,
      0.030008826125330977
    ],
    [
      125,
      0.1061571125265393
    ],
    [
      126,
      0.05925925925925927
    ],
    [
      127,
      0.08536585365853658
    ],
    [
      128,
      0.1776061776061776
    ],
    [
      129,
      0.08970099667774087
    ],
    [
      130,
      0.11607142857142858
    ],
    [
      131,
      0.09137055837563451
    ],
    [
      132,
      0.13372093023255816
    ],
    [
      133,
      0.015058179329226557
    ],
    [
      134,
      0.1085972850678733
    ],
    [
      135,
      0.01675257731958763
    ],
    [
      136,
      0.1372854914196568
    ],
    [
      137,
      0.06993006993006992
    ],
    [
      138,
      0.044444444444444446
    ],
    [
      139,
      0.032767700409596257
    ],
    [
      140,
      0.07355516637478109
    ],
    [
      141,
      0.22424242424242424
    ],
    [
      142,
      0.13157894736842107
    ],
    [
      143,
      0.12416107382550336
    ],
    [
      144,
      0.09538461538461537
    ],
    [
      145,
      0.08695652173913045
    ],
    [
      146,
      0.057337883959044364
    ],
    [
      147,
      0.16216216216216217
    ],
    [
      148,
      0.04269293924466338
    ],
    [
      149,
      0.09230769230769231
    ],
    [
      150,
      0.10131332082551595
    ],
    [
      151,
      0.09553158705701077
    ],
    [
      152,
      0.08192771084337348
    ],
    [
      153,
      0.07766990291262137
    ],
    [
      154,
      0.0996168582375479
    ],
    [
      155,
      0.08542713567839195
    ],
    [
      156,
      0.0785413744740533
    ],
    [
      157,
      0.0565149136577708
    ],
    [
      158,
