{
  "dataset": "QMSum",
  "num_samples": 200,
  "rouge1": 0.1287150679686489,
  "rouge2": 0.02797596909178253,
  "rougeL": 0.07702619579782927,
  "rougeLsum": 0.09372032944828781,
  "per_sample_rougeL": [
    [
      0,
      0.056490384615384616
    ],
    [
      1,
      0.1588235294117647
    ],
    [
      2,
      0.05746408494690818
    ],
    [
      3,
      0.039850560398505604
    ],
    [
      4,
      0.09345794392523363
    ],
    [
      5,
      0.05072046109510086
    ],
    [
      6,
      0.03659976387249114
    ],
    [
      7,
      0.145748987854251
    ],
    [
      8,
      0.15476190476190477
    ],
    [
      9,
      0.02510917030567686
    ],
    [
      10,
      0.027110289587184228
    ],
    [
      11,
      0.10740203193033382
    ],
    [
      12,
      0.15584415584415587
    ],
    [
      13,
      0.21402214022140223
    ],
    [
      14,
      0.05737704918032787
    ],
    [
      15,
      0.02587800369685767
    ],
    [
      16,
      0.11284046692607004
    ],
    [
      17,
      0.02906651760760201
    ],
    [
      18,
      0.06050420168067227
    ],
    [
      19,
      0.042528056704075605
    ],
    [
      20,
      0.0335195530726257
    ],
    [
      21,
      0.025735294117647058
    ],
    [
      22,
      0.0322354590049054
    ],
    [
      23,
      0.10412147505422994
    ],
    [
      24,
      0.042382588774341354
    ],
    [
      25,
      0.15346534653465346
    ],
    [
      26,
      0.11286681715575621
    ],
    [
      27,
      0.03329065300896287
    ],
    [
      28,
      0.04216867469879518
    ],
    [
      29,
      0.04196816208393632
    ],
    [
      30,
      0.04266958424507659
    ],
    [
      31,
      0.027186761229314425
    ],
    [
      32,
      0.052847915443335294
    ],
    [
      33,
      0.04743083003952569
    ],
    [
      34,
      0.03717472118959108
    ],
    [
      35,
      0.1443298969072165
    ],
    [
      36,
      0.03522012578616352
    ],
    [
      37,
      0.09787928221859706
    ],
    [
      38,
      0.02957486136783734
    ],
    [
      39,
      0.01888888888888889
    ],
    [
      40,
      0.14067278287461774
    ],
    [
      41,
      0.051224944320712694
    ],
    [
      42,
      0.11872146118721462
    ],
    [
      43,
      0.0421994884910486
    ],
    [
      44,
      0.040955631399317405
    ],
    [
      45,
      0.055970149253731345
    ],
    [
      46,
      0.13953488372093023
    ],
    [
      47,
      0.055164319248826296
    ],
    [
      48,
      0.08595041322314051
    ],
    [
      49,
      0.04732080723729993
    ],
    [
      50,
      0.03425076452599388
    ],
    [
      51,
      0.06130268199233716
    ],
    [
      52,
      0.0583941605839416
    ],
    [
      53,
      0.1032258064516129
    ],
    [
      54,
      0.04021289178001183
    ],
    [
      55,
      0.039687312086590494
    ],
    [
      56,
      0.0623229461756374
    ],
    [
      57,
      0.03838245373543523
    ],
    [
      58,
      0.04700352526439483
    ],
    [
      59,
      0.12356979405034324
    ],
    [
      60,
      0.04112405757368061
    ],
    [
      61,
      0.044242029928432014
    ],
    [
      62,
      0.07935595169637723
    ],
    [
      63,
      0.07769784172661871
    ],
    [
      64,
      0.03699284009546539
    ],
    [
      65,
      0.03005780346820809
    ],
    [
      66,
      0.04669703872437357
    ],
    [
      67,
      0.14606741573033707
    ],
    [
      68,
      0.12658227848101267
    ],
    [
      69,
      0.1288135593220339
    ],
    [
      70,
      0.03210463733650416
    ],
    [
      71,
      0.10557184750733138
    ],
    [
      72,
      0.07987711213517666
    ],
    [
      73,
      0.045398773006134964
    ],
    [
      74,
      0.2040816326530612
    ],
    [
      75,
      0.19484240687679083
    ],
    [
      76,
      0.15384615384615383
    ],
    [
      77,
      0.02457956015523933
    ],
    [
      78,
      0.049557522123893805
    ],
    [
      79,
      0.12307692307692308
    ],
    [
      80,
      0.11229135053110775
    ],
    [
      81,
      0.03693017888055395
    ],
    [
      82,
      0.050867052023121376
    ],
    [
      83,
      0.03091013165426445
    ],
    [
      84,
      0.05463858850313034
    ],
    [
      85,
      0.05516356638871071
    ],
    [
      86,
      0.1140142517814727
    ],
    [
      87,
      0.04077134986225895
    ],
    [
      88,
      0.13533834586466165
    ],
    [
      89,
      0.05659369994660972
    ],
    [
      90,
      0.044717719396310786
    ],
    [
      91,
      0.026574234546504913
    ],
    [
      92,
      0.05272727272727273
    ],
    [
      93,
      0.10558069381598792
    ],
    [
      94,
      0.025594149908592323
    ],
    [
      95,
      0.1343873517786561
    ],
    [
      96,
      0.11689961880559084
    ],
    [
      97,
      0.03123192596876808
    ],
    [
      98,
      0.04243119266055046
    ],
    [
      99,
      0.08888888888888889
    ],
    [
      100,
      0.11842105263157894
    ],
    [
      101,
      0.03578038247995064
    ],
    [
      102,
      0.1610169491525424
    ],
    [
      103,
      0.1875
    ],
    [
      104,
      0.03076923076923077
    ],
    [
      105,
      0.051598429613011774
    ],
    [
      106,
      0.040865384615384616
    ],
    [
      107,
      0.03759398496240601
    ],
    [
      108,
      0.08395061728395062
    ],
    [
      109,
      0.0881542699724518
    ],
    [
      110,
      0.09061488673139159
    ],
    [
      111,
      0.18118466898954702
    ],
    [
      112,
      0.1921708185053381
    ],
    [
      113,
      0.14643545279383427
    ],
    [
      114,
      0.14106583072100315
    ],
    [
      115,
      0.05134474327628361
    ],
    [
      116,
      0.05170387779083431
    ],
    [
      117,
      0.11546391752577319
    ],
    [
      118,
      0.09090909090909093
    ],
    [
      119,
      0.040715607649599014
    ],
    [
      120,
      0.04851752021563343
    ],
    [
      121,
      0.05898617511520737
    ],
    [
      122,
      0.07166123778501629
    ],
    [
      123,
      0.11440677966101694
    ],
    [
      124,
      0.01906898485698261
    ],
    [
      125,
      0.03430531732418525
    ],
    [
      126,
      0.20657276995305163
    ],
    [
      127,
      0.03493449781659388
    ],
    [
      128,
      0.1266233766233766
    ],
    [
      129,
      0.11111111111111112
    ],
    [
      130,
      0.13138686131386862
    ],
    [
      131,
      0.030625832223701733
    ],
    [
      132,
      0.08868501529051988
    ],
    [
      133,
      0.03227734608487746
    ],
    [
      134,
      0.11314475873544094
    ],
    [
      135,
      0.026711185308848077
    ],
    [
      136,
      0.06655386350817824
    ],
    [
      137,
      0.03601440576230492
    ],
    [
      138,
      0.04456824512534819
    ],
    [
      139,
      0.11864406779661016
    ],
    [
      140,
      0.0851063829787234
    ],
    [
      141,
      0.059317291550083945
    ],
    [
      142,
      0.15432098765432098
    ],
    [
      143,
      0.11538461538461539
    ],
    [
      144,
      0.04274611398963731
    ],
    [
      145,
      0.026599113362887904
    ],
    [
      146,
      0.050606220347917764
    ],
    [
      147,
      0.09259259259259259
    ],
    [
      148,
      0.02053915275994865
    ],
    [
      149,
      0.03325688073394495
    ],
    [
      150,
      0.11557788944723617
    ],
    [
      151,
      0.13725490196078433
    ],
    [
      152,
      0.025192442267319804
    ],
    [
      153,
      0.10416666666666667
    ],
    [
      154,
      0.02567237163814181
    ],
    [
      155,
      0.046883933676386505
    ],
    [
      156,
      0.11015490533562823
    ],
    [
      157,
      0.019417475728155338
    ],
    [
