{
  "dataset": "QMSum",
  "num_samples": 200,
  "rouge1": 0.05583562876504937,
  "rouge2": 0.01293596516578873,
  "rougeL": 0.04085357176504959,
  "rougeLsum": 0.041390915508058665,
  "per_sample_rougeL": [
    [
      0,
      0.06183115338882283
    ],
    [
      1,
      0.0457690260777009
    ],
    [
      2,
      0.04585721730067743
    ],
    [
      3,
      0.03382433169667213
    ],
    [
      4,
      0.01377848436671966
    ],
    [
      5,
      0.04852320675105485
    ],
    [
      6,
      0.03348214285714286
    ],
    [
      7,
      0.03422703936109526
    ],
    [
      8,
      0.0256553262688232
    ],
    [
      9,
      0.026681489716509174
    ],
    [
      10,
      0.020986358866736624
    ],
    [
      11,
      0.040021633315305574
    ],
    [
      12,
      0.020022246941045603
    ],
    [
      13,
      0.05136106831022085
    ],
    [
      14,
      0.05664488017429194
    ],
    [
      15,
      0.02791736460078169
    ],
    [
      16,
      0.04936917169500822
    ],
    [
      17,
      0.031099195710455763
    ],
    [
      18,
      0.053670886075949366
    ],
    [
      19,
      0.03908431044109436
    ],
    [
      20,
      0.030451332245785757
    ],
    [
      21,
      0.022598870056497175
    ],
    [
      22,
      0.07476635514018692
    ],
    [
      23,
      0.030867482703565728
    ],
    [
      24,
      0.04333694474539545
    ],
    [
      25,
      0.06184428492545555
    ],
    [
      26,
      0.04039301310043668
    ],
    [
      27,
      0.0293288212069938
    ],
    [
      28,
      0.04857316332726169
    ],
    [
      29,
      0.0343558282208589
    ],
    [
      30,
      0.043653072946582425
    ],
    [
      31,
      0.021252796420581657
    ],
    [
      32,
      0.05257623554153522
    ],
    [
      33,
      0.04528699315429173
    ],
    [
      34,
      0.03269447576099211
    ],
    [
      35,
      0.03844155844155844
    ],
    [
      36,
      0.035908596300326445
    ],
    [
      37,
      0.03791982665222101
    ],
    [
      38,
      0.02041912950026867
    ],
    [
      39,
      0.018028169014084508
    ],
    [
      40,
      0.040625
    ],
    [
      41,
      0.048245614035087724
    ],
    [
      42,
      0.04246053347849755
    ],
    [
      43,
      0.03865267807840971
    ],
    [
      44,
      0.037361354349095155
    ],
    [
      45,
      0.03539823008849558
    ],
    [
      46,
      0.03465078505684894
    ],
    [
      47,
      0.041401273885350316
    ],
    [
      48,
      0.038106945298094656
    ],
    [
      49,
      0.03382663847780127
    ],
    [
      50,
      0.031868131868131866
    ],
    [
      51,
      0.058231868713605084
    ],
    [
      52,
      0.028119507908611598
    ],
    [
      53,
      0.033750680457267285
    ],
    [
      54,
      0.034688346883468835
    ],
    [
      55,
      0.03446418955304254
    ],
    [
      56,
      0.021541950113378682
    ],
    [
      57,
      0.025246981339187707
    ],
    [
      58,
      0.04008667388949079
    ],
    [
      59,
      0.03177966101694915
    ],
    [
      60,
      0.03751954142782699
    ],
    [
      61,
      0.03729024238657551
    ],
    [
      62,
      0.06882591093117409
    ],
    [
      63,
      0.03348729792147805
    ],
    [
      64,
      0.026954177897574125
    ],
    [
      65,
      0.030801911842804036
    ],
    [
      66,
      0.04479283314669653
    ],
    [
      67,
      0.06610576923076922
    ],
    [
      68,
      0.03431635388739946
    ],
    [
      69,
      0.04194260485651214
    ],
    [
      70,
      0.027239392352016764
    ],
    [
      71,
      0.03109919571045576
    ],
    [
      72,
      0.022535211267605635
    ],
    [
      73,
      0.04343105320304017
    ],
    [
      74,
      0.026115342763873776
    ],
    [
      75,
      0.05232247730912973
    ],
    [
      76,
      0.041357370095440084
    ],
    [
      77,
      0.01765030336458908
    ],
    [
      78,
      0.03426791277258567
    ],
    [
      79,
      0.03335126412049489
    ],
    [
      80,
      0.06429391504018371
    ],
    [
      81,
      0.03970741901776384
    ],
    [
      82,
      0.05347043701799486
    ],
    [
      83,
      0.028457598178713718
    ],
    [
      84,
      0.04898828541001066
    ],
    [
      85,
      0.05838580423583285
    ],
    [
      86,
      0.07724301841948901
    ],
    [
      87,
      0.032511798636601995
    ],
    [
      88,
      0.05122843700993205
    ],
    [
      89,
      0.05656565656565657
    ],
    [
      90,
      0.038772213247172865
    ],
    [
      91,
      0.0552995391705069
    ],
    [
      92,
      0.0334075723830735
    ],
    [
      93,
      0.05815160955347871
    ],
    [
      94,
      0.026345933562428408
    ],
    [
      95,
      0.05235042735042735
    ],
    [
      96,
      0.05
    ],
    [
      97,
      0.037606837606837605
    ],
    [
      98,
      0.030984507746126936
    ],
    [
      99,
      0.0896174863387978
    ],
    [
      100,
      0.03640500568828214
    ],
    [
      101,
      0.029914529914529912
    ],
    [
      102,
      0.04754358161648177
    ],
    [
      103,
      0.042202779207411216
    ],
    [
      104,
      0.02923976608187134
    ],
    [
      105,
      0.049079754601226995
    ],
    [
      106,
      0.04822986146741919
    ],
    [
      107,
      0.03144016227180527
    ],
    [
      108,
      0.04506437768240342
    ],
    [
      109,
      0.02782819116757411
    ],
    [
      110,
      0.0358695652173913
    ],
    [
      111,
      0.06492815327301756
    ],
    [
      112,
      0.05221097496004262
    ],
    [
      113,
      0.10638297872340426
    ],
    [
      114,
      0.0632768361581921
    ],
    [
      115,
      0.02650469353948095
    ],
    [
      116,
      0.04436229205175601
    ],
    [
      117,
      0.0410958904109589
    ],
    [
      118,
      0.0277623542476402
    ],
    [
      119,
      0.02663825253063399
    ],
    [
      120,
      0.04065040650406505
    ],
    [
      121,
      0.05445026178010472
    ],
    [
      122,
      0.0481283422459893
    ],
    [
      123,
      0.04829396325459317
    ],
    [
      124,
      0.059027777777777776
    ],
    [
      125,
      0.04518558364712211
    ],
    [
      126,
      0.028815368196371396
    ],
    [
      127,
      0.029258098223615466
    ],
    [
      128,
      0.06941431670281996
    ],
    [
      129,
      0.03155603917301414
    ],
    [
      130,
      0.033155080213903745
    ],
    [
      131,
      0.029784886927744073
    ],
    [
      132,
      0.0433001755412522
    ],
    [
      133,
      0.029189189189189193
    ],
    [
      134,
      0.12987012987012989
    ],
    [
      135,
      0.026315789473684213
    ],
    [
      136,
      0.05939580133128519
    ],
    [
      137,
      0.033392963625521764
    ],
    [
      138,
      0.04051948051948052
    ],
    [
      139,
      0.022964509394572025
    ],
    [
      140,
      0.03540833809251856
    ],
    [
      141,
      0.04641350210970464
    ],
    [
      142,
      0.05089334055224688
    ],
    [
      143,
      0.05555555555555555
    ],
    [
      144,
      0.05091383812010444
    ],
    [
      145,
      0.02556976097832129
    ],
    [
      146,
      0.055150884495317375
    ],
    [
      147,
      0.03755364806866953
    ],
    [
      148,
      0.01674515960230246
    ],
    [
      149,
      0.022259321090706736
    ],
    [
      150,
      0.04794952681388012
    ],
    [
      151,
      0.05840995132504056
    ],
    [
      152,
      0.020821283979178717
    ],
    [
      153,
      0.021356113187399894
    ],
    [
      154,
      0.020212765957446806
    ],
    [
      155,
      0.045720361509835196
    ],
    [
      156,
      0.0313005936319482
    ],
    [
      157,
