{
  "dataset": "QMSum",
  "num_samples": 200,
  "rouge1": 0.09441766994456227,
  "rouge2": 0.0270803089956917,
  "rougeL": 0.06360340954441801,
  "rougeLsum": 0.07794140935824076,
  "per_sample_rougeL": [
    [
      0,
      0.07849829351535835
    ],
    [
      1,
      0.08342245989304813
    ],
    [
      2,
      0.050933786078098474
    ],
    [
      3,
      0.06481481481481483
    ],
    [
      4,
      0.01374570446735395
    ],
    [
      5,
      0.12645590682196342
    ],
    [
      6,
      0.0388457269700333
    ],
    [
      7,
      0.03579676674364896
    ],
    [
      8,
      0.031674208144796386
    ],
    [
      9,
      0.027611044417767107
    ],
    [
      10,
      0.03026481715006305
    ],
    [
      11,
      0.05724098454493418
    ],
    [
      12,
      0.030040439052570766
    ],
    [
      13,
      0.12048192771084336
    ],
    [
      14,
      0.0659077291791492
    ],
    [
      15,
      0.03651856360316494
    ],
    [
      16,
      0.07910750507099391
    ],
    [
      17,
      0.035045317220543805
    ],
    [
      18,
      0.06752037252619325
    ],
    [
      19,
      0.036281179138321996
    ],
    [
      20,
      0.0472972972972973
    ],
    [
      21,
      0.06839945280437755
    ],
    [
      22,
      0.03678724708767628
    ],
    [
      23,
      0.10653753026634383
    ],
    [
      24,
      0.10338680926916222
    ],
    [
      25,
      0.06710605152786099
    ],
    [
      26,
      0.0498220640569395
    ],
    [
      27,
      0.029816513761467888
    ],
    [
      28,
      0.06042296072507553
    ],
    [
      29,
      0.03419811320754716
    ],
    [
      30,
      0.04329004329004329
    ],
    [
      31,
      0.02447163515016685
    ],
    [
      32,
      0.15885947046843177
    ],
    [
      33,
      0.12017167381974247
    ],
    [
      34,
      0.09375
    ],
    [
      35,
      0.04919786096256685
    ],
    [
      36,
      0.03678929765886288
    ],
    [
      37,
      0.04553624925104854
    ],
    [
      38,
      0.028742514970059883
    ],
    [
      39,
      0.023003194888178913
    ],
    [
      40,
      0.08906882591093118
    ],
    [
      41,
      0.06253988513082324
    ],
    [
      42,
      0.061538461538461535
    ],
    [
      43,
      0.03948180135718692
    ],
    [
      44,
      0.037920489296636085
    ],
    [
      45,
      0.15130023640661938
    ],
    [
      46,
      0.054414214325374785
    ],
    [
      47,
      0.05266307600239377
    ],
    [
      48,
      0.043942992874109264
    ],
    [
      49,
      0.04313960455362492
    ],
    [
      50,
      0.05042016806722689
    ],
    [
      51,
      0.06309859154929577
    ],
    [
      52,
      0.03010234798314269
    ],
    [
      53,
      0.04026050917702782
    ],
    [
      54,
      0.10264385692068428
    ],
    [
      55,
      0.058972198820556015
    ],
    [
      56,
      0.032608695652173905
    ],
    [
      57,
      0.06464250734573947
    ],
    [
      58,
      0.10150891632373113
    ],
    [
      59,
      0.045828437132784956
    ],
    [
      60,
      0.044541010320478
    ],
    [
      61,
      0.06291706387035272
    ],
    [
      62,
      0.07222222222222223
    ],
    [
      63,
      0.03510895883777239
    ],
    [
      64,
      0.03446075303126994
    ],
    [
      65,
      0.06506024096385543
    ],
    [
      66,
      0.10328638497652583
    ],
    [
      67,
      0.09107142857142858
    ],
    [
      68,
      0.10937499999999999
    ],
    [
      69,
      0.12485549132947976
    ],
    [
      70,
      0.08897485493230174
    ],
    [
      71,
      0.0486646884272997
    ],
    [
      72,
      0.03489771359807461
    ],
    [
      73,
      0.11160714285714288
    ],
    [
      74,
      0.06201550387596899
    ],
    [
      75,
      0.1331168831168831
    ],
    [
      76,
      0.0951048951048951
    ],
    [
      77,
      0.04822695035460992
    ],
    [
      78,
      0.12293144208037826
    ],
    [
      79,
      0.04088785046728972
    ],
    [
      80,
      0.057142857142857134
    ],
    [
      81,
      0.057356608478802994
    ],
    [
      82,
      0.14893617021276595
    ],
    [
      83,
      0.06080347448425625
    ],
    [
      84,
      0.05506607929515418
    ],
    [
      85,
      0.05714285714285714
    ],
    [
      86,
      0.07466340269277845
    ],
    [
      87,
      0.07217694994179279
    ],
    [
      88,
      0.11895910780669146
    ],
    [
      89,
      0.1642651296829971
    ],
    [
      90,
      0.049013747758517634
    ],
    [
      91,
      0.028457598178713718
    ],
    [
      92,
      0.08856088560885608
    ],
    [
      93,
      0.05918481295365718
    ],
    [
      94,
      0.05045871559633027
    ],
    [
      95,
      0.08054452637549632
    ],
    [
      96,
      0.10084033613445378
    ],
    [
      97,
      0.037349397590361454
    ],
    [
      98,
      0.04184100418410042
    ],
    [
      99,
      0.12291666666666667
    ],
    [
      100,
      0.0834355828220859
    ],
    [
      101,
      0.03685092127303183
    ],
    [
      102,
      0.10198300283286119
    ],
    [
      103,
      0.10904255319148937
    ],
    [
      104,
      0.033720930232558136
    ],
    [
      105,
      0.05763335377069283
    ],
    [
      106,
      0.06050420168067226
    ],
    [
      107,
      0.04545454545454546
    ],
    [
      108,
      0.1167608286252354
    ],
    [
      109,
      0.03069053708439898
    ],
    [
      110,
      0.04174120453190221
    ],
    [
      111,
      0.07630057803468207
    ],
    [
      112,
      0.05217391304347826
    ],
    [
      113,
      0.06682867557715673
    ],
    [
      114,
      0.06410256410256411
    ],
    [
      115,
      0.05389221556886228
    ],
    [
      116,
      0.09666666666666666
    ],
    [
      117,
      0.09456264775413711
    ],
    [
      118,
      0.06028833551769331
    ],
    [
      119,
      0.0954356846473029
    ],
    [
      120,
      0.051089406461307295
    ],
    [
      121,
      0.05079365079365079
    ],
    [
      122,
      0.06331877729257643
    ],
    [
      123,
      0.0907258064516129
    ],
    [
      124,
      0.025522041763341066
    ],
    [
      125,
      0.04922515952597995
    ],
    [
      126,
      0.04288939051918736
    ],
    [
      127,
      0.03659976387249114
    ],
    [
      128,
      0.07376561570493753
    ],
    [
      129,
      0.04313960455362492
    ],
    [
      130,
      0.06896551724137931
    ],
    [
      131,
      0.03726708074534161
    ],
    [
      132,
      0.08142493638676845
    ],
    [
      133,
      0.0285204991087344
    ],
    [
      134,
      0.09793253536452666
    ],
    [
      135,
      0.05390070921985815
    ],
    [
      136,
      0.11528150134048258
    ],
    [
      137,
      0.04537815126050421
    ],
    [
      138,
      0.04431137724550899
    ],
    [
      139,
      0.04444444444444444
    ],
    [
      140,
      0.055658627087198514
    ],
    [
      141,
      0.06546080964685615
    ],
    [
      142,
      0.05828571428571428
    ],
    [
      143,
      0.06602641056422569
    ],
    [
      144,
      0.06042296072507552
    ],
    [
      145,
      0.0289210233592881
    ],
    [
      146,
      0.10218978102189781
    ],
    [
      147,
      0.05558643690939412
    ],
    [
      148,
      0.021844660194174755
    ],
    [
      149,
      0.05078597339782346
    ],
    [
      150,
      0.10030395136778116
    ],
    [
      151,
      0.06621704475781728
    ],
    [
      152,
      0.09729729729729729
    ],
    [
      153,
      0.05187319884726225
    ],
    [
      154,
      0.024376088218224026
    ],
    [
      155,
      0.05270655270655271
    ],
    [
      156,
      0.04747413268411443
    ],
    [
      157,
      0.035437430786268
    ],
    [
