{
  "dataset": "QMSum",
  "num_samples": 200,
  "rouge1": 0.14383891355944306,
  "rouge2": 0.03744816673672595,
  "rougeL": 0.08805691452389408,
  "rougeLsum": 0.11073602577939085,
  "per_sample_rougeL": [
    [
      0,
      0.09727164887307237
    ],
    [
      1,
      0.1203883495145631
    ],
    [
      2,
      0.08208955223880597
    ],
    [
      3,
      0.05381165919282511
    ],
    [
      4,
      0.03190184049079754
    ],
    [
      5,
      0.09668508287292818
    ],
    [
      6,
      0.03400121432908318
    ],
    [
      7,
      0.07465618860510805
    ],
    [
      8,
      0.05134189031505251
    ],
    [
      9,
      0.028589993502274202
    ],
    [
      10,
      0.06044678055190538
    ],
    [
      11,
      0.15447154471544716
    ],
    [
      12,
      0.09523809523809523
    ],
    [
      13,
      0.08677685950413225
    ],
    [
      14,
      0.09651474530831099
    ],
    [
      15,
      0.03935860058309038
    ],
    [
      16,
      0.13186813186813187
    ],
    [
      17,
      0.036635006784260515
    ],
    [
      18,
      0.0847322142286171
    ],
    [
      19,
      0.09185803757828812
    ],
    [
      20,
      0.05898123324396782
    ],
    [
      21,
      0.10918114143920596
    ],
    [
      22,
      0.12462908011869435
    ],
    [
      23,
      0.09210526315789473
    ],
    [
      24,
      0.04372267332916927
    ],
    [
      25,
      0.12765957446808512
    ],
    [
      26,
      0.11390728476821192
    ],
    [
      27,
      0.04491978609625668
    ],
    [
      28,
      0.09784735812133072
    ],
    [
      29,
      0.0668693009118541
    ],
    [
      30,
      0.062370062370062374
    ],
    [
      31,
      0.05787781350482315
    ],
    [
      32,
      0.1855287569573284
    ],
    [
      33,
      0.11619718309859156
    ],
    [
      34,
      0.0994671403197158
    ],
    [
      35,
      0.05242463958060289
    ],
    [
      36,
      0.11358024691358024
    ],
    [
      37,
      0.0746268656716418
    ],
    [
      38,
      0.0296695886716116
    ],
    [
      39,
      0.03221649484536083
    ],
    [
      40,
      0.0939334637964775
    ],
    [
      41,
      0.1093525179856115
    ],
    [
      42,
      0.09831824062095731
    ],
    [
      43,
      0.09363295880149813
    ],
    [
      44,
      0.06906906906906908
    ],
    [
      45,
      0.10671256454388985
    ],
    [
      46,
      0.08169014084507042
    ],
    [
      47,
      0.10411622276029056
    ],
    [
      48,
      0.10120481927710843
    ],
    [
      49,
      0.07956104252400549
    ],
    [
      50,
      0.0830564784053156
    ],
    [
      51,
      0.07407407407407407
    ],
    [
      52,
      0.06363636363636363
    ],
    [
      53,
      0.1559322033898305
    ],
    [
      54,
      0.08611111111111111
    ],
    [
      55,
      0.05920444033302498
    ],
    [
      56,
      0.07484407484407485
    ],
    [
      57,
      0.1890547263681592
    ],
    [
      58,
      0.07961399276236429
    ],
    [
      59,
      0.09034267912772585
    ],
    [
      60,
      0.04036697247706422
    ],
    [
      61,
      0.06243902439024391
    ],
    [
      62,
      0.12035010940919039
    ],
    [
      63,
      0.07375886524822696
    ],
    [
      64,
      0.12186379928315412
    ],
    [
      65,
      0.07407407407407407
    ],
    [
      66,
      0.13445378151260504
    ],
    [
      67,
      0.11129848229342329
    ],
    [
      68,
      0.04597701149425288
    ],
    [
      69,
      0.13942307692307693
    ],
    [
      70,
      0.13861386138613863
    ],
    [
      71,
      0.08780487804878048
    ],
    [
      72,
      0.032078103207810314
    ],
    [
      73,
      0.07014028056112223
    ],
    [
      74,
      0.10256410256410256
    ],
    [
      75,
      0.17164179104477612
    ],
    [
      76,
      0.13636363636363635
    ],
    [
      77,
      0.044515103338632754
    ],
    [
      78,
      0.12164579606440071
    ],
    [
      79,
      0.037664783427495296
    ],
    [
      80,
      0.10299003322259137
    ],
    [
      81,
      0.05982053838484546
    ],
    [
      82,
      0.2012987012987013
    ],
    [
      83,
      0.10552763819095477
    ],
    [
      84,
      0.05908233815210561
    ],
    [
      85,
      0.0669527896995708
    ],
    [
      86,
      0.16342412451361865
    ],
    [
      87,
      0.0823045267489712
    ],
    [
      88,
      0.14696485623003194
    ],
    [
      89,
      0.081267217630854
    ],
    [
      90,
      0.09756097560975609
    ],
    [
      91,
      0.047954866008462625
    ],
    [
      92,
      0.030064423765211172
    ],
    [
      93,
      0.09534368070953438
    ],
    [
      94,
      0.03496973772696704
    ],
    [
      95,
      0.10887573964497041
    ],
    [
      96,
      0.09509202453987729
    ],
    [
      97,
      0.035758323057953144
    ],
    [
      98,
      0.07260726072607261
    ],
    [
      99,
      0.12380952380952381
    ],
    [
      100,
      0.13071895424836602
    ],
    [
      101,
      0.06872852233676975
    ],
    [
      102,
      0.128060263653484
    ],
    [
      103,
      0.1004566210045662
    ],
    [
      104,
      0.029562982005141392
    ],
    [
      105,
      0.10914454277286137
    ],
    [
      106,
      0.09823677581863978
    ],
    [
      107,
      0.09933774834437087
    ],
    [
      108,
      0.09361702127659575
    ],
    [
      109,
      0.09350649350649351
    ],
    [
      110,
      0.07749077490774907
    ],
    [
      111,
      0.13848631239935588
    ],
    [
      112,
      0.043557168784029036
    ],
    [
      113,
      0.09533468559837728
    ],
    [
      114,
      0.14595660749506903
    ],
    [
      115,
      0.04933196300102775
    ],
    [
      116,
      0.06069578090303478
    ],
    [
      117,
      0.14646464646464646
    ],
    [
      118,
      0.027568922305764413
    ],
    [
      119,
      0.11204481792717087
    ],
    [
      120,
      0.06734006734006734
    ],
    [
      121,
      0.09263157894736843
    ],
    [
      122,
      0.07874015748031496
    ],
    [
      123,
      0.08302583025830258
    ],
    [
      124,
      0.02663284717818643
    ],
    [
      125,
      0.08576329331046312
    ],
    [
      126,
      0.0563063063063063
    ],
    [
      127,
      0.0792393026941363
    ],
    [
      128,
      0.14350590372388736
    ],
    [
      129,
      0.09523809523809525
    ],
    [
      130,
      0.07334273624823696
    ],
    [
      131,
      0.07744107744107745
    ],
    [
      132,
      0.11563169164882227
    ],
    [
      133,
      0.022006472491909387
    ],
    [
      134,
      0.10201342281879196
    ],
    [
      135,
      0.09068010075566751
    ],
    [
      136,
      0.14022140221402213
    ],
    [
      137,
      0.051111111111111114
    ],
    [
      138,
      0.04981320049813201
    ],
    [
      139,
      0.071301247771836
    ],
    [
      140,
      0.06972477064220184
    ],
    [
      141,
      0.2743682310469314
    ],
    [
      142,
      0.13141683778234087
    ],
    [
      143,
      0.09718670076726343
    ],
    [
      144,
      0.1197411003236246
    ],
    [
      145,
      0.05687203791469194
    ],
    [
      146,
      0.05077399380804954
    ],
    [
      147,
      0.0765143464399575
    ],
    [
      148,
      0.05054151624548736
    ],
    [
      149,
      0.09429280397022333
    ],
    [
      150,
      0.10000000000000002
    ],
    [
      151,
      0.09216589861751151
    ],
    [
      152,
      0.13023255813953485
    ],
    [
      153,
      0.07494145199063232
    ],
    [
      154,
      0.07167235494880546
    ],
    [
      155,
      0.06493506493506493
    ],
    [
      156,
      0.0675818373812038
    ],
    [
      157,
      0.06103286384976526
    ],
    [
      158,
