{
  "dataset": "QMSum",
  "num_samples": 200,
  "rouge1": 0.06200591082266727,
  "rouge2": 0.017113385190960888,
  "rougeL": 0.04614675946994774,
  "rougeLsum": 0.051421527742863925,
  "per_sample_rougeL": [
    [
      0,
      0.06528189910979229
    ],
    [
      1,
      0.05263157894736842
    ],
    [
      2,
      0.05522208883553422
    ],
    [
      3,
      0.03575547866205306
    ],
    [
      4,
      0.012021857923497267
    ],
    [
      5,
      0.05645645645645646
    ],
    [
      6,
      0.033659066232356136
    ],
    [
      7,
      0.07266982622432859
    ],
    [
      8,
      0.03188775510204082
    ],
    [
      9,
      0.019989479221462384
    ],
    [
      10,
      0.027180067950169876
    ],
    [
      11,
      0.04665629860031104
    ],
    [
      12,
      0.03011001737116387
    ],
    [
      13,
      0.055172413793103454
    ],
    [
      14,
      0.06465753424657535
    ],
    [
      15,
      0.03444034440344404
    ],
    [
      16,
      0.0524261015058561
    ],
    [
      17,
      0.0359955005624297
    ],
    [
      18,
      0.06655386350817824
    ],
    [
      19,
      0.03062426383981154
    ],
    [
      20,
      0.031213872832369947
    ],
    [
      21,
      0.03512747875354107
    ],
    [
      22,
      0.03640776699029127
    ],
    [
      23,
      0.024269167126309985
    ],
    [
      24,
      0.0467706013363029
    ],
    [
      25,
      0.06352683461117196
    ],
    [
      26,
      0.05497861942577886
    ],
    [
      27,
      0.028486646884273
    ],
    [
      28,
      0.041462084015275506
    ],
    [
      29,
      0.02944507361268403
    ],
    [
      30,
      0.04370939161252215
    ],
    [
      31,
      0.05517241379310344
    ],
    [
      32,
      0.06775832862789384
    ],
    [
      33,
      0.04861878453038674
    ],
    [
      34,
      0.040889957907396274
    ],
    [
      35,
      0.046224961479198766
    ],
    [
      36,
      0.041831543244771056
    ],
    [
      37,
      0.04749679075738126
    ],
    [
      38,
      0.030023094688221712
    ],
    [
      39,
      0.027160493827160497
    ],
    [
      40,
      0.050797401063201415
    ],
    [
      41,
      0.0562429696287964
    ],
    [
      42,
      0.05425400739827373
    ],
    [
      43,
      0.04248183342649525
    ],
    [
      44,
      0.040370976541189305
    ],
    [
      45,
      0.045050385299347954
    ],
    [
      46,
      0.043478260869565216
    ],
    [
      47,
      0.049943246311010214
    ],
    [
      48,
      0.042735042735042736
    ],
    [
      49,
      0.03718309859154929
    ],
    [
      50,
      0.047503045066991476
    ],
    [
      51,
      0.07154297917778964
    ],
    [
      52,
      0.030059044551798177
    ],
    [
      53,
      0.04086265607264472
    ],
    [
      54,
      0.041965764770844835
    ],
    [
      55,
      0.04350314825414997
    ],
    [
      56,
      0.030804335424985743
    ],
    [
      57,
      0.03875513799177921
    ],
    [
      58,
      0.04604154969118473
    ],
    [
      59,
      0.04211663066954644
    ],
    [
      60,
      0.03649635036496351
    ],
    [
      61,
      0.04169381107491857
    ],
    [
      62,
      0.0861968549796156
    ],
    [
      63,
      0.03712035995500562
    ],
    [
      64,
      0.03303684879288437
    ],
    [
      65,
      0.03324099722991689
    ],
    [
      66,
      0.03912543153049482
    ],
    [
      67,
      0.05902777777777778
    ],
    [
      68,
      0.04886769964243147
    ],
    [
      69,
      0.055035773252614203
    ],
    [
      70,
      0.03165298944900352
    ],
    [
      71,
      0.04452466907340554
    ],
    [
      72,
      0.02638812534359538
    ],
    [
      73,
      0.05142857142857143
    ],
    [
      74,
      0.026726057906458794
    ],
    [
      75,
      0.057471264367816084
    ],
    [
      76,
      0.0508274231678487
    ],
    [
      77,
      0.029481132075471702
    ],
    [
      78,
      0.049616066154754876
    ],
    [
      79,
      0.03683640303358613
    ],
    [
      80,
      0.0562429696287964
    ],
    [
      81,
      0.04186046511627906
    ],
    [
      82,
      0.06048180420297283
    ],
    [
      83,
      0.03901319563970166
    ],
    [
      84,
      0.05187637969094923
    ],
    [
      85,
      0.051934287228404874
    ],
    [
      86,
      0.06969026548672566
    ],
    [
      87,
      0.0417607223476298
    ],
    [
      88,
      0.13282732447817835
    ],
    [
      89,
      0.06079664570230608
    ],
    [
      90,
      0.05166475315729048
    ],
    [
      91,
      0.017838405036726127
    ],
    [
      92,
      0.033988316516197555
    ],
    [
      93,
      0.05805350028457598
    ],
    [
      94,
      0.028089887640449437
    ],
    [
      95,
      0.06639954207212363
    ],
    [
      96,
      0.06662965019433648
    ],
    [
      97,
      0.04004449388209121
    ],
    [
      98,
      0.04670912951167728
    ],
    [
      99,
      0.08607863974495218
    ],
    [
      100,
      0.05046480743691899
    ],
    [
      101,
      0.04371584699453552
    ],
    [
      102,
      0.04791666666666667
    ],
    [
      103,
      0.03872318158032444
    ],
    [
      104,
      0.024336283185840704
    ],
    [
      105,
      0.058925476603119586
    ],
    [
      106,
      0.050261780104712044
    ],
    [
      107,
      0.03878406708595388
    ],
    [
      108,
      0.048458149779735685
    ],
    [
      109,
      0.021226415094339625
    ],
    [
      110,
      0.03577417551704863
    ],
    [
      111,
      0.07986501687289088
    ],
    [
      112,
      0.05682451253481893
    ],
    [
      113,
      0.0625
    ],
    [
      114,
      0.07713498622589532
    ],
    [
      115,
      0.027412280701754388
    ],
    [
      116,
      0.04767184035476719
    ],
    [
      117,
      0.045479755962285075
    ],
    [
      118,
      0.02521929824561404
    ],
    [
      119,
      0.035167328417470216
    ],
    [
      120,
      0.04129793510324484
    ],
    [
      121,
      0.04860699466508595
    ],
    [
      122,
      0.06602641056422569
    ],
    [
      123,
      0.048359240069084625
    ],
    [
      124,
      0.02378378378378378
    ],
    [
      125,
      0.04684684684684684
    ],
    [
      126,
      0.03664302600472813
    ],
    [
      127,
      0.03778040141676505
    ],
    [
      128,
      0.06485234510712219
    ],
    [
      129,
      0.037076271186440676
    ],
    [
      130,
      0.037756801776790666
    ],
    [
      131,
      0.036550542547115934
    ],
    [
      132,
      0.03130059363194819
    ],
    [
      133,
      0.021652421652421656
    ],
    [
      134,
      0.0668859649122807
    ],
    [
      135,
      0.020719738276990182
    ],
    [
      136,
      0.0827250608272506
    ],
    [
      137,
      0.03176341730558598
    ],
    [
      138,
      0.04056338028169014
    ],
    [
      139,
      0.045989904655075714
    ],
    [
      140,
      0.038976857490864804
    ],
    [
      141,
      0.05944055944055944
    ],
    [
      142,
      0.053610503282275714
    ],
    [
      143,
      0.06318082788671023
    ],
    [
      144,
      0.05548996458087367
    ],
    [
      145,
      0.026570048309178747
    ],
    [
      146,
      0.05537459283387622
    ],
    [
      147,
      0.044444444444444446
    ],
    [
      148,
      0.017814726840855107
    ],
    [
      149,
      0.04335090802577622
    ],
    [
      150,
      0.049162011173184354
    ],
    [
      151,
      0.054840514829322895
    ],
    [
      152,
      0.02028985507246377
    ],
    [
      153,
      0.02337228714524207
    ],
    [
      154,
      0.11461318051575929
    ],
    [
      155,
      0.04914285714285715
    ],
    [
      156,
      0.04519119351100811
    ],
    [
      157,
