{
  "dataset": "QMSum",
  "num_samples": 200,
  "rouge1": 0.05536880218777594,
  "rouge2": 0.012710976580623104,
  "rougeL": 0.0406808310805847,
  "rougeLsum": 0.04173591989678678,
  "per_sample_rougeL": [
    [
      0,
      0.1271186440677966
    ],
    [
      1,
      0.05055292259083728
    ],
    [
      2,
      0.04328523862375139
    ],
    [
      3,
      0.026869158878504676
    ],
    [
      4,
      0.014722536806342017
    ],
    [
      5,
      0.03353658536585366
    ],
    [
      6,
      0.031099195710455763
    ],
    [
      7,
      0.03426791277258567
    ],
    [
      8,
      0.024403771491957847
    ],
    [
      9,
      0.02548476454293629
    ],
    [
      10,
      0.025288620120945574
    ],
    [
      11,
      0.04528699315429173
    ],
    [
      12,
      0.026417171161254815
    ],
    [
      13,
      0.049630411826821534
    ],
    [
      14,
      0.05555555555555555
    ],
    [
      15,
      0.026101141924959215
    ],
    [
      16,
      0.04925053533190578
    ],
    [
      17,
      0.029411764705882353
    ],
    [
      18,
      0.053598014888337465
    ],
    [
      19,
      0.038614423622941506
    ],
    [
      20,
      0.02668148971650917
    ],
    [
      21,
      0.02213613724405091
    ],
    [
      22,
      0.03223949337938976
    ],
    [
      23,
      0.03218116805721096
    ],
    [
      24,
      0.04366812227074236
    ],
    [
      25,
      0.0486794407042983
    ],
    [
      26,
      0.030752916224814422
    ],
    [
      27,
      0.026651860077734593
    ],
    [
      28,
      0.04447268106734435
    ],
    [
      29,
      0.060422960725075525
    ],
    [
      30,
      0.04117974401780746
    ],
    [
      31,
      0.021917808219178086
    ],
    [
      32,
      0.04403481822836661
    ],
    [
      33,
      0.04716981132075472
    ],
    [
      34,
      0.034988713318284424
    ],
    [
      35,
      0.03917301414581067
    ],
    [
      36,
      0.03441084462982274
    ],
    [
      37,
      0.041410184667039725
    ],
    [
      38,
      0.029345372460496615
    ],
    [
      39,
      0.024096385542168676
    ],
    [
      40,
      0.04611923509561305
    ],
    [
      41,
      0.051364365971107544
    ],
    [
      42,
      0.03538873994638069
    ],
    [
      43,
      0.040563380281690146
    ],
    [
      44,
      0.08225108225108226
    ],
    [
      45,
      0.03285870755750274
    ],
    [
      46,
      0.04164256795835743
    ],
    [
      47,
      0.044187269857969495
    ],
    [
      48,
      0.03431635388739946
    ],
    [
      49,
      0.029866666666666666
    ],
    [
      50,
      0.03485838779956426
    ],
    [
      51,
      0.061408152461619896
    ],
    [
      52,
      0.029393753827311696
    ],
    [
      53,
      0.029147982062780266
    ],
    [
      54,
      0.03608529250956807
    ],
    [
      55,
      0.04057017543859649
    ],
    [
      56,
      0.026589595375722544
    ],
    [
      57,
      0.027427317608337907
    ],
    [
      58,
      0.04014167650531287
    ],
    [
      59,
      0.03825136612021858
    ],
    [
      60,
      0.033351862145636464
    ],
    [
      61,
      0.04195804195804196
    ],
    [
      62,
      0.07613168724279834
    ],
    [
      63,
      0.04192021636240703
    ],
    [
      64,
      0.026413100898045435
    ],
    [
      65,
      0.03337041156840934
    ],
    [
      66,
      0.046857142857142854
    ],
    [
      67,
      0.06451612903225808
    ],
    [
      68,
      0.040671072699542454
    ],
    [
      69,
      0.03638368246968027
    ],
    [
      70,
      0.028421052631578944
    ],
    [
      71,
      0.03434903047091412
    ],
    [
      72,
      0.028604118993135006
    ],
    [
      73,
      0.04516129032258064
    ],
    [
      74,
      0.025484764542936286
    ],
    [
      75,
      0.05856832971800434
    ],
    [
      76,
      0.040022234574763754
    ],
    [
      77,
      0.01412275936990766
    ],
    [
      78,
      0.0425531914893617
    ],
    [
      79,
      0.03785488958990536
    ],
    [
      80,
      0.05425531914893617
    ],
    [
      81,
      0.025104602510460247
    ],
    [
      82,
      0.06243496357960459
    ],
    [
      83,
      0.028002154011847066
    ],
    [
      84,
      0.047071129707112976
    ],
    [
      85,
      0.05465116279069768
    ],
    [
      86,
      0.07082452431289642
    ],
    [
      87,
      0.034810126582278486
    ],
    [
      88,
      0.0556745182012848
    ],
    [
      89,
      0.06525116519937857
    ],
    [
      90,
      0.045328911000552786
    ],
    [
      91,
      0.019925280199252802
    ],
    [
      92,
      0.031496062992125984
    ],
    [
      93,
      0.049570055639858376
    ],
    [
      94,
      0.028723404255319152
    ],
    [
      95,
      0.05544147843942505
    ],
    [
      96,
      0.06125738850080602
    ],
    [
      97,
      0.03808487486398259
    ],
    [
      98,
      0.03891891891891891
    ],
    [
      99,
      0.0805084745762712
    ],
    [
      100,
      0.09219858156028368
    ],
    [
      101,
      0.02912621359223301
    ],
    [
      102,
      0.040637012630422846
    ],
    [
      103,
      0.0427578834847675
    ],
    [
      104,
      0.02847380410022779
    ],
    [
      105,
      0.05517241379310345
    ],
    [
      106,
      0.048205677557579
    ],
    [
      107,
      0.03905013192612137
    ],
    [
      108,
      0.03594771241830066
    ],
    [
      109,
      0.022641509433962266
    ],
    [
      110,
      0.03276955602536998
    ],
    [
      111,
      0.1340941512125535
    ],
    [
      112,
      0.050673854447439354
    ],
    [
      113,
      0.0648202710665881
    ],
    [
      114,
      0.05965109735509285
    ],
    [
      115,
      0.03195266272189349
    ],
    [
      116,
      0.04291845493562231
    ],
    [
      117,
      0.035620743844945
    ],
    [
      118,
      0.02306079664570231
    ],
    [
      119,
      0.022963367960634227
    ],
    [
      120,
      0.038461538461538464
    ],
    [
      121,
      0.0920245398773006
    ],
    [
      122,
      0.04668838219326819
    ],
    [
      123,
      0.05622932745314223
    ],
    [
      124,
      0.016120365394948953
    ],
    [
      125,
      0.041552761071623846
    ],
    [
      126,
      0.03506787330316743
    ],
    [
      127,
      0.02798708288482239
    ],
    [
      128,
      0.0621379673512375
    ],
    [
      129,
      0.037589828634604756
    ],
    [
      130,
      0.0326619488296135
    ],
    [
      131,
      0.030892448512585817
    ],
    [
      132,
      0.04215196894065447
    ],
    [
      133,
      0.029204975662520283
    ],
    [
      134,
      0.07259528130671507
    ],
    [
      135,
      0.025504782146652496
    ],
    [
      136,
      0.05457301667508843
    ],
    [
      137,
      0.021705426356589144
    ],
    [
      138,
      0.04056162246489859
    ],
    [
      139,
      0.022210470650449496
    ],
    [
      140,
      0.0346175321049693
    ],
    [
      141,
      0.04271222637479978
    ],
    [
      142,
      0.046267087276550996
    ],
    [
      143,
      0.06070640176600442
    ],
    [
      144,
      0.04969778374748153
    ],
    [
      145,
      0.028137310073157007
    ],
    [
      146,
      0.0513083632632119
    ],
    [
      147,
      0.03605514316012725
    ],
    [
      148,
      0.014760147601476014
    ],
    [
      149,
      0.025903939557474366
    ],
    [
      150,
      0.044984802431610946
    ],
    [
      151,
      0.055109070034443174
    ],
    [
      152,
      0.021753908905506457
    ],
    [
      153,
      0.02548476454293629
    ],
    [
      154,
      0.019767441860465116
    ],
    [
      155,
      0.04444444444444444
    ],
    [
      156,
      0.03634232121922626
    ],
