{
  "dataset": "QMSum",
  "num_samples": 200,
  "rouge1": 0.06504432538950455,
  "rouge2": 0.0189630883272847,
  "rougeL": 0.04591807910941159,
  "rougeLsum": 0.056116451027434296,
  "per_sample_rougeL": [
    [
      0,
      0.06165494862087616
    ],
    [
      1,
      0.05837711617046118
    ],
    [
      2,
      0.049367850692354005
    ],
    [
      3,
      0.03178206583427923
    ],
    [
      4,
      0.014536644457904301
    ],
    [
      5,
      0.04731679169070976
    ],
    [
      6,
      0.03699551569506726
    ],
    [
      7,
      0.030823947836395967
    ],
    [
      8,
      0.034009873834339004
    ],
    [
      9,
      0.02843083652269
    ],
    [
      10,
      0.027874564459930314
    ],
    [
      11,
      0.04919908466819222
    ],
    [
      12,
      0.026884862653419057
    ],
    [
      13,
      0.0526027397260274
    ],
    [
      14,
      0.05399325084364454
    ],
    [
      15,
      0.030714707619610156
    ],
    [
      16,
      0.04935501962983735
    ],
    [
      17,
      0.04048582995951417
    ],
    [
      18,
      0.06920415224913495
    ],
    [
      19,
      0.0430984274898078
    ],
    [
      20,
      0.03953057442865966
    ],
    [
      21,
      0.027777777777777776
    ],
    [
      22,
      0.029919447640966625
    ],
    [
      23,
      0.03758542141230068
    ],
    [
      24,
      0.04410143329658214
    ],
    [
      25,
      0.07160493827160494
    ],
    [
      26,
      0.07717569786535304
    ],
    [
      27,
      0.02699662542182227
    ],
    [
      28,
      0.0443213296398892
    ],
    [
      29,
      0.06504065040650406
    ],
    [
      30,
      0.046818727490996394
    ],
    [
      31,
      0.028409090909090905
    ],
    [
      32,
      0.07159353348729793
    ],
    [
      33,
      0.05105920695274307
    ],
    [
      34,
      0.0423412204234122
    ],
    [
      35,
      0.05433526011560694
    ],
    [
      36,
      0.041049030786773084
    ],
    [
      37,
      0.04419263456090651
    ],
    [
      38,
      0.030102347983142683
    ],
    [
      39,
      0.02720283855706682
    ],
    [
      40,
      0.05142231947483588
    ],
    [
      41,
      0.05922551252847381
    ],
    [
      42,
      0.05558840922531047
    ],
    [
      43,
      0.04208065458796026
    ],
    [
      44,
      0.037575757575757575
    ],
    [
      45,
      0.04280618311533888
    ],
    [
      46,
      0.051807228915662654
    ],
    [
      47,
      0.05232558139534884
    ],
    [
      48,
      0.04392922513727883
    ],
    [
      49,
      0.03965702036441586
    ],
    [
      50,
      0.03978935049736688
    ],
    [
      51,
      0.06588735387885228
    ],
    [
      52,
      0.033670033670033676
    ],
    [
      53,
      0.04654011022657685
    ],
    [
      54,
      0.03614457831325301
    ],
    [
      55,
      0.0428807036833425
    ],
    [
      56,
      0.0335530257639305
    ],
    [
      57,
      0.036088474970896386
    ],
    [
      58,
      0.05108273181565797
    ],
    [
      59,
      0.04604154969118473
    ],
    [
      60,
      0.043981481481481476
    ],
    [
      61,
      0.04384485666104554
    ],
    [
      62,
      0.0741989881956155
    ],
    [
      63,
      0.03723094822571263
    ],
    [
      64,
      0.02810304449648712
    ],
    [
      65,
      0.04009433962264151
    ],
    [
      66,
      0.047225501770956316
    ],
    [
      67,
      0.06531531531531531
    ],
    [
      68,
      0.05082872928176796
    ],
    [
      69,
      0.05793742757821553
    ],
    [
      70,
      0.032078963602714373
    ],
    [
      71,
      0.03841536614645859
    ],
    [
      72,
      0.030660377358490563
    ],
    [
      73,
      0.04819277108433735
    ],
    [
      74,
      0.028930817610062894
    ],
    [
      75,
      0.055105348460291734
    ],
    [
      76,
      0.046959662853702594
    ],
    [
      77,
      0.040983606557377046
    ],
    [
      78,
      0.05322294500295683
    ],
    [
      79,
      0.042372881355932215
    ],
    [
      80,
      0.05993340732519422
    ],
    [
      81,
      0.03534777651083238
    ],
    [
      82,
      0.06772009029345373
    ],
    [
      83,
      0.03743618831537153
    ],
    [
      84,
      0.05632247377139702
    ],
    [
      85,
      0.050838290968090866
    ],
    [
      86,
      0.07314410480349345
    ],
    [
      87,
      0.044524669073405534
    ],
    [
      88,
      0.06293706293706294
    ],
    [
      89,
      0.07741190063547083
    ],
    [
      90,
      0.0471976401179941
    ],
    [
      91,
      0.02665121668597914
    ],
    [
      92,
      0.03496503496503497
    ],
    [
      93,
      0.061988304093567245
    ],
    [
      94,
      0.030588235294117645
    ],
    [
      95,
      0.06197183098591549
    ],
    [
      96,
      0.07495538370017846
    ],
    [
      97,
      0.03673938002296211
    ],
    [
      98,
      0.04257583821181479
    ],
    [
      99,
      0.07951070336391436
    ],
    [
      100,
      0.04600345025876942
    ],
    [
      101,
      0.03709949409780775
    ],
    [
      102,
      0.053691275167785234
    ],
    [
      103,
      0.04451682953311618
    ],
    [
      104,
      0.03078677309007982
    ],
    [
      105,
      0.05813303521520402
    ],
    [
      106,
      0.051336898395721926
    ],
    [
      107,
      0.04178757980266976
    ],
    [
      108,
      0.048919226393629126
    ],
    [
      109,
      0.02279202279202279
    ],
    [
      110,
      0.04122562674094707
    ],
    [
      111,
      0.08168316831683169
    ],
    [
      112,
      0.060402684563758385
    ],
    [
      113,
      0.06960556844547564
    ],
    [
      114,
      0.07495926127104834
    ],
    [
      115,
      0.02860548271752086
    ],
    [
      116,
      0.09379727685325265
    ],
    [
      117,
      0.05250596658711218
    ],
    [
      118,
      0.028425241614553728
    ],
    [
      119,
      0.0317258883248731
    ],
    [
      120,
      0.03983596953719977
    ],
    [
      121,
      0.04381290704558911
    ],
    [
      122,
      0.050521691378363535
    ],
    [
      123,
      0.05330102967898243
    ],
    [
      124,
      0.023755656108597287
    ],
    [
      125,
      0.04426787741203178
    ],
    [
      126,
      0.041031652989449004
    ],
    [
      127,
      0.03961584633853541
    ],
    [
      128,
      0.07163489312536106
    ],
    [
      129,
      0.03928170594837262
    ],
    [
      130,
      0.04100227790432801
    ],
    [
      131,
      0.07933884297520662
    ],
    [
      132,
      0.04141689373297003
    ],
    [
      133,
      0.02554278416347382
    ],
    [
      134,
      0.07103490508266994
    ],
    [
      135,
      0.023542600896860992
    ],
    [
      136,
      0.07092198581560284
    ],
    [
      137,
      0.03274985883681536
    ],
    [
      138,
      0.04405286343612335
    ],
    [
      139,
      0.03688760806916426
    ],
    [
      140,
      0.037060702875399365
    ],
    [
      141,
      0.05778301886792453
    ],
    [
      142,
      0.05068870523415978
    ],
    [
      143,
      0.06473988439306358
    ],
    [
      144,
      0.052972336668628606
    ],
    [
      145,
      0.025492468134414834
    ],
    [
      146,
      0.05230244457077885
    ],
    [
      147,
      0.04843918191603875
    ],
    [
      148,
      0.05952380952380952
    ],
    [
      149,
      0.039503386004514675
    ],
    [
      150,
      0.05813234384662957
    ],
    [
      151,
      0.0631929046563193
    ],
    [
      152,
      0.02445302445302445
    ],
    [
      153,
      0.027257240204429305
    ],
    [
      154,
      0.02505446623093682
    ],
    [
      155,
      0.04800936768149883
    ],
    [
      156,
      0.046953605366126326
    ],
    [
      157,
