{
  "dataset": "QMSum",
  "num_samples": 200,
  "rouge1": 0.06289071012393532,
  "rouge2": 0.015429312403236676,
  "rougeL": 0.04278244342511907,
  "rougeLsum": 0.047323683084135426,
  "per_sample_rougeL": [
    [
      0,
      0.05592705167173252
    ],
    [
      1,
      0.1836734693877551
    ],
    [
      2,
      0.03790924755887421
    ],
    [
      3,
      0.07604562737642587
    ],
    [
      4,
      0.012244897959183673
    ],
    [
      5,
      0.05417867435158502
    ],
    [
      6,
      0.029459901800327332
    ],
    [
      7,
      0.027777777777777776
    ],
    [
      8,
      0.022900763358778626
    ],
    [
      9,
      0.019473081328751432
    ],
    [
      10,
      0.020253164556962026
    ],
    [
      11,
      0.04795321637426901
    ],
    [
      12,
      0.023255813953488372
    ],
    [
      13,
      0.05051546391752577
    ],
    [
      14,
      0.04220277920741123
    ],
    [
      15,
      0.02757715036112935
    ],
    [
      16,
      0.040141676505312876
    ],
    [
      17,
      0.025014212620807275
    ],
    [
      18,
      0.04987277353689567
    ],
    [
      19,
      0.031545741324921134
    ],
    [
      20,
      0.023173803526448367
    ],
    [
      21,
      0.0279441117764471
    ],
    [
      22,
      0.021321961620469083
    ],
    [
      23,
      0.029313790806129246
    ],
    [
      24,
      0.02793296089385475
    ],
    [
      25,
      0.053164556962025315
    ],
    [
      26,
      0.04107031736154325
    ],
    [
      27,
      0.02165242165242165
    ],
    [
      28,
      0.048249027237354095
    ],
    [
      29,
      0.03284671532846716
    ],
    [
      30,
      0.046811000585137506
    ],
    [
      31,
      0.021608643457382955
    ],
    [
      32,
      0.04581005586592179
    ],
    [
      33,
      0.032948929159802305
    ],
    [
      34,
      0.039408866995073885
    ],
    [
      35,
      0.03397027600849257
    ],
    [
      36,
      0.03535353535353536
    ],
    [
      37,
      0.04101457096600108
    ],
    [
      38,
      0.022750775594622543
    ],
    [
      39,
      0.017931858936043037
    ],
    [
      40,
      0.13142857142857142
    ],
    [
      41,
      0.039639639639639644
    ],
    [
      42,
      0.03233532934131736
    ],
    [
      43,
      0.04364569961489089
    ],
    [
      44,
      0.04031551270815075
    ],
    [
      45,
      0.031945236737022244
    ],
    [
      46,
      0.03464566929133858
    ],
    [
      47,
      0.04067402672864613
    ],
    [
      48,
      0.032066508313539195
    ],
    [
      49,
      0.0329605650382578
    ],
    [
      50,
      0.033582089552238806
    ],
    [
      51,
      0.057385759829968117
    ],
    [
      52,
      0.030851777330650577
    ],
    [
      53,
      0.03815261044176707
    ],
    [
      54,
      0.037825059101654845
    ],
    [
      55,
      0.13192612137203166
    ],
    [
      56,
      0.01991150442477876
    ],
    [
      57,
      0.03089887640449438
    ],
    [
      58,
      0.04513399153737658
    ],
    [
      59,
      0.04166666666666667
    ],
    [
      60,
      0.031270358306188926
    ],
    [
      61,
      0.03564608529598981
    ],
    [
      62,
      0.08319088319088319
    ],
    [
      63,
      0.023218997361477575
    ],
    [
      64,
      0.023268112109994715
    ],
    [
      65,
      0.02528735632183908
    ],
    [
      66,
      0.04103802051901025
    ],
    [
      67,
      0.06098249576510446
    ],
    [
      68,
      0.035949670461354104
    ],
    [
      69,
      0.029045643153526972
    ],
    [
      70,
      0.027579162410623085
    ],
    [
      71,
      0.032767700409596257
    ],
    [
      72,
      0.030150753768844223
    ],
    [
      73,
      0.04125950054288816
    ],
    [
      74,
      0.021939953810623553
    ],
    [
      75,
      0.05112960760998811
    ],
    [
      76,
      0.028452874925903975
    ],
    [
      77,
      0.0208078335373317
    ],
    [
      78,
      0.044444444444444446
    ],
    [
      79,
      0.02976846747519294
    ],
    [
      80,
      0.06047032474804032
    ],
    [
      81,
      0.030033370411568408
    ],
    [
      82,
      0.05375139977603583
    ],
    [
      83,
      0.022426095820591234
    ],
    [
      84,
      0.05133806663025669
    ],
    [
      85,
      0.05465191932335719
    ],
    [
      86,
      0.06695938529088913
    ],
    [
      87,
      0.04517906336088154
    ],
    [
      88,
      0.04984802431610942
    ],
    [
      89,
      0.048929663608562685
    ],
    [
      90,
      0.03836446239273095
    ],
    [
      91,
      0.025274725274725275
    ],
    [
      92,
      0.03710353081986834
    ],
    [
      93,
      0.059751972942502826
    ],
    [
      94,
      0.032171581769437
    ],
    [
      95,
      0.03828715365239294
    ],
    [
      96,
      0.05974683544303797
    ],
    [
      97,
      0.03187250996015936
    ],
    [
      98,
      0.03656509695290859
    ],
    [
      99,
      0.09075244112578978
    ],
    [
      100,
      0.040194884287454324
    ],
    [
      101,
      0.022031823745410038
    ],
    [
      102,
      0.030480656506447833
    ],
    [
      103,
      0.035339591385974596
    ],
    [
      104,
      0.01992252351964582
    ],
    [
      105,
      0.04289544235924933
    ],
    [
      106,
      0.041666666666666664
    ],
    [
      107,
      0.03532008830022075
    ],
    [
      108,
      0.04556962025316456
    ],
    [
      109,
      0.025270758122743684
    ],
    [
      110,
      0.04220558202859088
    ],
    [
      111,
      0.06175514626218851
    ],
    [
      112,
      0.06364359586316627
    ],
    [
      113,
      0.06224310041103934
    ],
    [
      114,
      0.07258587167854828
    ],
    [
      115,
      0.023442319555829736
    ],
    [
      116,
      0.03861517976031958
    ],
    [
      117,
      0.03512747875354108
    ],
    [
      118,
      0.02554550292708888
    ],
    [
      119,
      0.03306797305572566
    ],
    [
      120,
      0.03165630299604296
    ],
    [
      121,
      0.027440633245382585
    ],
    [
      122,
      0.03953057442865966
    ],
    [
      123,
      0.045720361509835196
    ],
    [
      124,
      0.019112627986348125
    ],
    [
      125,
      0.035331905781584586
    ],
    [
      126,
      0.02918855808523059
    ],
    [
      127,
      0.025109855618330196
    ],
    [
      128,
      0.044238683127572016
    ],
    [
      129,
      0.1386861313868613
    ],
    [
      130,
      0.03199052132701422
    ],
    [
      131,
      0.11718749999999999
    ],
    [
      132,
      0.03575418994413408
    ],
    [
      133,
      0.024185068349106206
    ],
    [
      134,
      0.13179571663920922
    ],
    [
      135,
      0.032679738562091505
    ],
    [
      136,
      0.05408112168252379
    ],
    [
      137,
      0.024458032240133407
    ],
    [
      138,
      0.03781512605042017
    ],
    [
      139,
      0.019596541786743516
    ],
    [
      140,
      0.03534136546184739
    ],
    [
      141,
      0.05611672278338946
    ],
    [
      142,
      0.05054151624548737
    ],
    [
      143,
      0.056063375990249846
    ],
    [
      144,
      0.04345047923322684
    ],
    [
      145,
      0.018161180476730984
    ],
    [
      146,
      0.047331319234642504
    ],
    [
      147,
      0.034899328859060406
    ],
    [
      148,
      0.017993079584775088
    ],
    [
      149,
      0.11888111888111887
    ],
    [
      150,
      0.04199855177407676
    ],
    [
      151,
      0.06524822695035462
    ],
    [
      152,
      0.021844660194174758
    ],
    [
      153,
      0.023446658851113716
    ],
    [
      154,
      0.02685421994884911
    ],
    [
      155,
      0.04216216216216216
    ],
    [
      156,
