{
  "dataset": "QMSum",
  "num_samples": 200,
  "rouge1": 0.12782733872615812,
  "rouge2": 0.03220055676997213,
  "rougeL": 0.08127870147580915,
  "rougeLsum": 0.09849139269694945,
  "per_sample_rougeL": [
    [
      0,
      0.060679611650485445
    ],
    [
      1,
      0.11705685618729099
    ],
    [
      2,
      0.08200455580865604
    ],
    [
      3,
      0.0502092050209205
    ],
    [
      4,
      0.03106332138590203
    ],
    [
      5,
      0.14035087719298245
    ],
    [
      6,
      0.07228915662650602
    ],
    [
      7,
      0.027184466019417475
    ],
    [
      8,
      0.04909284951974386
    ],
    [
      9,
      0.024645717806531114
    ],
    [
      10,
      0.06881720430107527
    ],
    [
      11,
      0.10278372591006422
    ],
    [
      12,
      0.07809110629067245
    ],
    [
      13,
      0.055591467356173235
    ],
    [
      14,
      0.0576271186440678
    ],
    [
      15,
      0.06919275123558483
    ],
    [
      16,
      0.17613636363636365
    ],
    [
      17,
      0.04720692368214005
    ],
    [
      18,
      0.05619834710743801
    ],
    [
      19,
      0.08695652173913042
    ],
    [
      20,
      0.0544
    ],
    [
      21,
      0.048672566371681415
    ],
    [
      22,
      0.12056737588652482
    ],
    [
      23,
      0.030592734225621414
    ],
    [
      24,
      0.1272727272727273
    ],
    [
      25,
      0.12560386473429952
    ],
    [
      26,
      0.11254396248534583
    ],
    [
      27,
      0.07238095238095238
    ],
    [
      28,
      0.08163265306122447
    ],
    [
      29,
      0.06296851574212893
    ],
    [
      30,
      0.05673758865248227
    ],
    [
      31,
      0.02990033222591362
    ],
    [
      32,
      0.06900328587075576
    ],
    [
      33,
      0.1016042780748663
    ],
    [
      34,
      0.09063444108761329
    ],
    [
      35,
      0.042222222222222223
    ],
    [
      36,
      0.03615098351940457
    ],
    [
      37,
      0.0739884393063584
    ],
    [
      38,
      0.030637254901960786
    ],
    [
      39,
      0.09921671018276762
    ],
    [
      40,
      0.11530815109343938
    ],
    [
      41,
      0.09390862944162437
    ],
    [
      42,
      0.11047619047619048
    ],
    [
      43,
      0.07165109034267912
    ],
    [
      44,
      0.09059233449477351
    ],
    [
      45,
      0.04070096099491238
    ],
    [
      46,
      0.09608540925266904
    ],
    [
      47,
      0.04120267260579064
    ],
    [
      48,
      0.07008760951188987
    ],
    [
      49,
      0.13680781758957655
    ],
    [
      50,
      0.03593486805165637
    ],
    [
      51,
      0.05919661733615222
    ],
    [
      52,
      0.05964912280701755
    ],
    [
      53,
      0.09026798307475317
    ],
    [
      54,
      0.0856353591160221
    ],
    [
      55,
      0.0418552036199095
    ],
    [
      56,
      0.10596026490066225
    ],
    [
      57,
      0.09897610921501707
    ],
    [
      58,
      0.09411764705882351
    ],
    [
      59,
      0.08549618320610688
    ],
    [
      60,
      0.04641122504047491
    ],
    [
      61,
      0.10563380281690142
    ],
    [
      62,
      0.11017964071856286
    ],
    [
      63,
      0.08441558441558443
    ],
    [
      64,
      0.06031128404669261
    ],
    [
      65,
      0.0628637951105937
    ],
    [
      66,
      0.14367816091954022
    ],
    [
      67,
      0.17066666666666666
    ],
    [
      68,
      0.04387827317763624
    ],
    [
      69,
      0.05430932703659977
    ],
    [
      70,
      0.20930232558139536
    ],
    [
      71,
      0.032639279684862126
    ],
    [
      72,
      0.06873977086743044
    ],
    [
      73,
      0.10126582278481013
    ],
    [
      74,
      0.05698778833107191
    ],
    [
      75,
      0.19047619047619047
    ],
    [
      76,
      0.16363636363636366
    ],
    [
      77,
      0.0611764705882353
    ],
    [
      78,
      0.1640378548895899
    ],
    [
      79,
      0.07062146892655367
    ],
    [
      80,
      0.09711286089238845
    ],
    [
      81,
      0.056530214424951264
    ],
    [
      82,
      0.07319698600645856
    ],
    [
      83,
      0.08058608058608059
    ],
    [
      84,
      0.12618296529968454
    ],
    [
      85,
      0.09102402022756007
    ],
    [
      86,
      0.07338444687842278
    ],
    [
      87,
      0.15294117647058822
    ],
    [
      88,
      0.05535924617196702
    ],
    [
      89,
      0.03838245373543523
    ],
    [
      90,
      0.07956989247311827
    ],
    [
      91,
      0.08379888268156425
    ],
    [
      92,
      0.032989690721649485
    ],
    [
      93,
      0.09069212410501193
    ],
    [
      94,
      0.0686427457098284
    ],
    [
      95,
      0.19324796274738068
    ],
    [
      96,
      0.11532625189681338
    ],
    [
      97,
      0.03467561521252796
    ],
    [
      98,
      0.040992448759439054
    ],
    [
      99,
      0.13243243243243244
    ],
    [
      100,
      0.12284069097888677
    ],
    [
      101,
      0.04976958525345622
    ],
    [
      102,
      0.12121212121212123
    ],
    [
      103,
      0.051787916152897656
    ],
    [
      104,
      0.02889447236180905
    ],
    [
      105,
      0.11419753086419755
    ],
    [
      106,
      0.11081794195250659
    ],
    [
      107,
      0.08454810495626823
    ],
    [
      108,
      0.18064516129032257
    ],
    [
      109,
      0.023316062176165806
    ],
    [
      110,
      0.06814814814814814
    ],
    [
      111,
      0.12655367231638417
    ],
    [
      112,
      0.03768844221105527
    ],
    [
      113,
      0.07017543859649124
    ],
    [
      114,
      0.1135646687697161
    ],
    [
      115,
      0.046511627906976744
    ],
    [
      116,
      0.07478632478632478
    ],
    [
      117,
      0.04481792717086835
    ],
    [
      118,
      0.027332144979203804
    ],
    [
      119,
      0.03247143716175586
    ],
    [
      120,
      0.08041958041958042
    ],
    [
      121,
      0.1237785016286645
    ],
    [
      122,
      0.11809045226130654
    ],
    [
      123,
      0.05242463958060289
    ],
    [
      124,
      0.024437299035369772
    ],
    [
      125,
      0.0859106529209622
    ],
    [
      126,
      0.1367088607594937
    ],
    [
      127,
      0.06459948320413436
    ],
    [
      128,
      0.0631697687535251
    ],
    [
      129,
      0.041339985744832504
    ],
    [
      130,
      0.07150837988826815
    ],
    [
      131,
      0.05858854860186418
    ],
    [
      132,
      0.11218568665377177
    ],
    [
      133,
      0.023989898989898988
    ],
    [
      134,
      0.08967391304347824
    ],
    [
      135,
      0.028387096774193547
    ],
    [
      136,
      0.06462395543175488
    ],
    [
      137,
      0.028368794326241134
    ],
    [
      138,
      0.12213740458015265
    ],
    [
      139,
      0.031363088057901084
    ],
    [
      140,
      0.03889585947302384
    ],
    [
      141,
      0.26666666666666666
    ],
    [
      142,
      0.11952191235059761
    ],
    [
      143,
      0.15267175572519084
    ],
    [
      144,
      0.05671296296296296
    ],
    [
      145,
      0.07857142857142857
    ],
    [
      146,
      0.11684782608695651
    ],
    [
      147,
      0.15053763440860216
    ],
    [
      148,
      0.023660403618649965
    ],
    [
      149,
      0.08923884514435695
    ],
    [
      150,
      0.135678391959799
    ],
    [
      151,
      0.11842105263157894
    ],
    [
      152,
      0.07203389830508475
    ],
    [
      153,
      0.07349081364829396
    ],
    [
      154,
      0.06773618538324422
    ],
    [
      155,
      0.03873050026896181
    ],
    [
      156,
      0.11787819253438114
    ],
    [
      157,
      0.04333333333333333
    ],
    [
