{
  "dataset": "QMSum",
  "num_samples": 200,
  "rouge1": 0.05613571014776037,
  "rouge2": 0.014568484387401673,
  "rougeL": 0.03980679644115616,
  "rougeLsum": 0.04316346469644815,
  "per_sample_rougeL": [
    [
      0,
      0.05720695457094784
    ],
    [
      1,
      0.048514251061249236
    ],
    [
      2,
      0.04952830188679245
    ],
    [
      3,
      0.027475672581568404
    ],
    [
      4,
      0.011506276150627616
    ],
    [
      5,
      0.04656084656084656
    ],
    [
      6,
      0.02873869079297499
    ],
    [
      7,
      0.02767749699157641
    ],
    [
      8,
      0.023959646910466578
    ],
    [
      9,
      0.015376166941241075
    ],
    [
      10,
      0.02379535990481856
    ],
    [
      11,
      0.04324956165984804
    ],
    [
      12,
      0.02342786683107275
    ],
    [
      13,
      0.044534412955465584
    ],
    [
      14,
      0.05971896955503513
    ],
    [
      15,
      0.029357798165137613
    ],
    [
      16,
      0.039879154078549854
    ],
    [
      17,
      0.03481012658227848
    ],
    [
      18,
      0.04793472718001019
    ],
    [
      19,
      0.029504741833508954
    ],
    [
      20,
      0.02785838653511318
    ],
    [
      21,
      0.0356839422259983
    ],
    [
      22,
      0.022012578616352203
    ],
    [
      23,
      0.029429075927015894
    ],
    [
      24,
      0.03031943692474283
    ],
    [
      25,
      0.06521739130434782
    ],
    [
      26,
      0.03814064362336114
    ],
    [
      27,
      0.024420024420024417
    ],
    [
      28,
      0.041103934233705224
    ],
    [
      29,
      0.03343283582089552
    ],
    [
      30,
      0.045191193511008115
    ],
    [
      31,
      0.022140221402214024
    ],
    [
      32,
      0.04926108374384237
    ],
    [
      33,
      0.042529378847229994
    ],
    [
      34,
      0.04100227790432802
    ],
    [
      35,
      0.036565096952908584
    ],
    [
      36,
      0.041745730550284625
    ],
    [
      37,
      0.03346346904629113
    ],
    [
      38,
      0.021966527196652718
    ],
    [
      39,
      0.016441573693482092
    ],
    [
      40,
      0.0546218487394958
    ],
    [
      41,
      0.051196438508625486
    ],
    [
      42,
      0.03600654664484451
    ],
    [
      43,
      0.03924050632911392
    ],
    [
      44,
      0.04189294026377037
    ],
    [
      45,
      0.03338718362950996
    ],
    [
      46,
      0.03800217155266015
    ],
    [
      47,
      0.16117216117216118
    ],
    [
      48,
      0.030232558139534883
    ],
    [
      49,
      0.0329605650382578
    ],
    [
      50,
      0.04290822407628128
    ],
    [
      51,
      0.058885383806519455
    ],
    [
      52,
      0.02822865208186309
    ],
    [
      53,
      0.03506208911614317
    ],
    [
      54,
      0.034522439585730716
    ],
    [
      55,
      0.03837209302325581
    ],
    [
      56,
      0.021064950263311875
    ],
    [
      57,
      0.03389830508474577
    ],
    [
      58,
      0.056833558863328824
    ],
    [
      59,
      0.03528670447385004
    ],
    [
      60,
      0.03326935380678183
    ],
    [
      61,
      0.028153762858689767
    ],
    [
      62,
      0.0818330605564648
    ],
    [
      63,
      0.025988088792636706
    ],
    [
      64,
      0.025599999999999998
    ],
    [
      65,
      0.02660753880266075
    ],
    [
      66,
      0.0389321468298109
    ],
    [
      67,
      0.05506736965436439
    ],
    [
      68,
      0.034278180619644036
    ],
    [
      69,
      0.0407239819004525
    ],
    [
      70,
      0.027565084226646247
    ],
    [
      71,
      0.03548196333530455
    ],
    [
      72,
      0.03178807947019867
    ],
    [
      73,
      0.032274331820474025
    ],
    [
      74,
      0.02415458937198068
    ],
    [
      75,
      0.048093841642228734
    ],
    [
      76,
      0.034934497816593885
    ],
    [
      77,
      0.01767676767676768
    ],
    [
      78,
      0.044815007816571134
    ],
    [
      79,
      0.026780931976432783
    ],
    [
      80,
      0.04658227848101266
    ],
    [
      81,
      0.032044198895027624
    ],
    [
      82,
      0.060053619302949064
    ],
    [
      83,
      0.02202643171806167
    ],
    [
      84,
      0.05352266521026762
    ],
    [
      85,
      0.05502063273727648
    ],
    [
      86,
      0.07118644067796612
    ],
    [
      87,
      0.045428072218986607
    ],
    [
      88,
      0.05480984340044743
    ],
    [
      89,
      0.050333846944016436
    ],
    [
      90,
      0.03677932405566601
    ],
    [
      91,
      0.0193842645381984
    ],
    [
      92,
      0.03676470588235294
    ],
    [
      93,
      0.060398860398860395
    ],
    [
      94,
      0.029609690444145357
    ],
    [
      95,
      0.048453608247422675
    ],
    [
      96,
      0.06697459584295612
    ],
    [
      97,
      0.030337078651685393
    ],
    [
      98,
      0.03818369453044376
    ],
    [
      99,
      0.08303061754021797
    ],
    [
      100,
      0.0347179169249845
    ],
    [
      101,
      0.02501488981536629
    ],
    [
      102,
      0.048674959437533805
    ],
    [
      103,
      0.036978341257263604
    ],
    [
      104,
      0.019675925925925927
    ],
    [
      105,
      0.06304493628437291
    ],
    [
      106,
      0.04671374253123303
    ],
    [
      107,
      0.028469750889679714
    ],
    [
      108,
      0.043137254901960784
    ],
    [
      109,
      0.031625553447185324
    ],
    [
      110,
      0.04556962025316456
    ],
    [
      111,
      0.05723204994797086
    ],
    [
      112,
      0.0550755939524838
    ],
    [
      113,
      0.1354723707664884
    ],
    [
      114,
      0.06916764361078546
    ],
    [
      115,
      0.023044269254093388
    ],
    [
      116,
      0.038487060384870604
    ],
    [
      117,
      0.03319977103606182
    ],
    [
      118,
      0.021578648495173196
    ],
    [
      119,
      0.03977272727272727
    ],
    [
      120,
      0.03276836158192091
    ],
    [
      121,
      0.028008298755186723
    ],
    [
      122,
      0.047217537942664416
    ],
    [
      123,
      0.034
    ],
    [
      124,
      0.01989389920424403
    ],
    [
      125,
      0.03852327447833066
    ],
    [
      126,
      0.029003021148036254
    ],
    [
      127,
      0.08653846153846154
    ],
    [
      128,
      0.05531914893617021
    ],
    [
      129,
      0.03211303789338471
    ],
    [
      130,
      0.03198172472872644
    ],
    [
      131,
      0.029294274300932087
    ],
    [
      132,
      0.03546099290780142
    ],
    [
      133,
      0.02280974598237429
    ],
    [
      134,
      0.06225165562913908
    ],
    [
      135,
      0.02627257799671593
    ],
    [
      136,
      0.053079619429143715
    ],
    [
      137,
      0.03231390652048471
    ],
    [
      138,
      0.04035608308605341
    ],
    [
      139,
      0.024269167126309988
    ],
    [
      140,
      0.03742981908920774
    ],
    [
      141,
      0.056085249579360626
    ],
    [
      142,
      0.05739514348785872
    ],
    [
      143,
      0.07004377736085055
    ],
    [
      144,
      0.043316831683168314
    ],
    [
      145,
      0.019285309132161088
    ],
    [
      146,
      0.046585494970884066
    ],
    [
      147,
      0.028473804100227793
    ],
    [
      148,
      0.01700060716454159
    ],
    [
      149,
      0.02533172496984319
    ],
    [
      150,
      0.029395138496325607
    ],
    [
      151,
      0.06970509383378015
    ],
    [
      152,
      0.020014295925661185
    ],
    [
      153,
      0.018626309662398137
    ],
    [
      154,
      0.028694404591104734
    ],
    [
      155,
      0.03670745272525028
    ],
    [
      156,
      0.0440738534842168
    ],
    [
