{
  "dataset": "QMSum",
  "num_samples": 200,
  "rouge1": 0.2692985584571179,
  "rouge2": 0.05304251159885734,
  "rougeL": 0.15561947502453147,
  "rougeLsum": 0.16084162618872672,
  "per_sample_rougeL": [
    [
      0,
      0.17272727272727273
    ],
    [
      1,
      0.18404907975460125
    ],
    [
      2,
      0.10869565217391304
    ],
    [
      3,
      0.14166666666666666
    ],
    [
      4,
      0.06666666666666665
    ],
    [
      5,
      0.356687898089172
    ],
    [
      6,
      0.10619469026548672
    ],
    [
      7,
      0.21621621621621623
    ],
    [
      8,
      0.1904761904761905
    ],
    [
      9,
      0.18421052631578944
    ],
    [
      10,
      0.19130434782608696
    ],
    [
      11,
      0.19895287958115182
    ],
    [
      12,
      0.225
    ],
    [
      13,
      0.23622047244094488
    ],
    [
      14,
      0.1680672268907563
    ],
    [
      15,
      0.18571428571428572
    ],
    [
      16,
      0.15028901734104044
    ],
    [
      17,
      0.17821782178217824
    ],
    [
      18,
      0.12546125461254612
    ],
    [
      19,
      0.1103896103896104
    ],
    [
      20,
      0.10108303249097472
    ],
    [
      21,
      0.24000000000000005
    ],
    [
      22,
      0.08928571428571429
    ],
    [
      23,
      0.18181818181818182
    ],
    [
      24,
      0
    ],
    [
      25,
      0.17834394904458598
    ],
    [
      26,
      0.1643835616438356
    ],
    [
      27,
      0.11594202898550725
    ],
    [
      28,
      0.16589861751152074
    ],
    [
      29,
      0.10461538461538461
    ],
    [
      30,
      0.14693877551020407
    ],
    [
      31,
      0
    ],
    [
      32,
      0.2134387351778656
    ],
    [
      33,
      0.16580310880829016
    ],
    [
      34,
      0.21374045801526714
    ],
    [
      35,
      0.17045454545454547
    ],
    [
      36,
      0.18181818181818185
    ],
    [
      37,
      0.18045112781954883
    ],
    [
      38,
      0.12269938650306748
    ],
    [
      39,
      0.18556701030927836
    ],
    [
      40,
      0.15503875968992248
    ],
    [
      41,
      0.12807881773399016
    ],
    [
      42,
      0.14107883817427386
    ],
    [
      43,
      0.1793103448275862
    ],
    [
      44,
      0.13333333333333333
    ],
    [
      45,
      0
    ],
    [
      46,
      0.15873015873015872
    ],
    [
      47,
      0.13793103448275862
    ],
    [
      48,
      0.17886178861788618
    ],
    [
      49,
      0.21782178217821782
    ],
    [
      50,
      0.10795454545454544
    ],
    [
      51,
      0.2038216560509554
    ],
    [
      52,
      0.1923076923076923
    ],
    [
      53,
      0
    ],
    [
      54,
      0.19607843137254902
    ],
    [
      55,
      0.1111111111111111
    ],
    [
      56,
      0.14285714285714288
    ],
    [
      57,
      0.1754385964912281
    ],
    [
      58,
      0.19847328244274806
    ],
    [
      59,
      0.16666666666666663
    ],
    [
      60,
      0.15384615384615385
    ],
    [
      61,
      0.13333333333333336
    ],
    [
      62,
      0.1448140900195695
    ],
    [
      63,
      0.13071895424836602
    ],
    [
      64,
      0.20270270270270271
    ],
    [
      65,
      0.26966292134831465
    ],
    [
      66,
      0.1764705882352941
    ],
    [
      67,
      0.14285714285714285
    ],
    [
      68,
      0.16783216783216784
    ],
    [
      69,
      0.08674698795180723
    ],
    [
      70,
      0.43478260869565216
    ],
    [
      71,
      0.13186813186813187
    ],
    [
      72,
      0.3283582089552239
    ],
    [
      73,
      0
    ],
    [
      74,
      0.20618556701030927
    ],
    [
      75,
      0.22580645161290322
    ],
    [
      76,
      0.16793893129770993
    ],
    [
      77,
      0.072992700729927
    ],
    [
      78,
      0.22018348623853212
    ],
    [
      79,
      0
    ],
    [
      80,
      0.1496062992125984
    ],
    [
      81,
      0.11320754716981131
    ],
    [
      82,
      0
    ],
    [
      83,
      0.18749999999999997
    ],
    [
      84,
      0.18404907975460125
    ],
    [
      85,
      0.1340782122905028
    ],
    [
      86,
      0.25352112676056343
    ],
    [
      87,
      0.03431952662721894
    ],
    [
      88,
      0.13617021276595745
    ],
    [
      89,
      0.1929824561403509
    ],
    [
      90,
      0.208955223880597
    ],
    [
      91,
      0.1257142857142857
    ],
    [
      92,
      0.12962962962962962
    ],
    [
      93,
      0.1646090534979424
    ],
    [
      94,
      0.15000000000000002
    ],
    [
      95,
      0.16417910447761194
    ],
    [
      96,
      0.13114754098360656
    ],
    [
      97,
      0.18181818181818182
    ],
    [
      98,
      0.15827338129496404
    ],
    [
      99,
      0.12698412698412698
    ],
    [
      100,
      0.19883040935672516
    ],
    [
      101,
      0.08379888268156424
    ],
    [
      102,
      0.16666666666666666
    ],
    [
      103,
      0.18487394957983194
    ],
    [
      104,
      0.2558139534883721
    ],
    [
      105,
      0.21359223300970875
    ],
    [
      106,
      0.13861386138613863
    ],
    [
      107,
      0.16969696969696968
    ],
    [
      108,
      0.19867549668874174
    ],
    [
      109,
      0.22641509433962262
    ],
    [
      110,
      0.14634146341463417
    ],
    [
      111,
      0
    ],
    [
      112,
      0.2236024844720497
    ],
    [
      113,
      0.24137931034482757
    ],
    [
      114,
      0.1806853582554517
    ],
    [
      115,
      0.11940298507462686
    ],
    [
      116,
      0.15476190476190477
    ],
    [
      117,
      0.20183486238532108
    ],
    [
      118,
      0.08333333333333334
    ],
    [
      119,
      0.2647058823529412
    ],
    [
      120,
      0.13526570048309178
    ],
    [
      121,
      0.14207650273224043
    ],
    [
      122,
      0
    ],
    [
      123,
      0.1476510067114094
    ],
    [
      124,
      0.15503875968992248
    ],
    [
      125,
      0.16568047337278108
    ],
    [
      126,
      0.20689655172413796
    ],
    [
      127,
      0.07650273224043716
    ],
    [
      128,
      0.19867549668874174
    ],
    [
      129,
      0.23999999999999996
    ],
    [
      130,
      0.18421052631578944
    ],
    [
      131,
      0.09523809523809525
    ],
    [
      132,
      0.19157088122605362
    ],
    [
      133,
      0.2388059701492537
    ],
    [
      134,
      0.15053763440860216
    ],
    [
      135,
      0.28235294117647053
    ],
    [
      136,
      0.14876033057851243
    ],
    [
      137,
      0.2238805970149254
    ],
    [
      138,
      0.17177914110429449
    ],
    [
      139,
      0.11111111111111112
    ],
    [
      140,
      0.1306122448979592
    ],
    [
      141,
      0
    ],
    [
      142,
      0.13793103448275862
    ],
    [
      143,
      0.14977973568281938
    ],
    [
      144,
      0.16822429906542055
    ],
    [
      145,
      0.14473684210526316
    ],
    [
      146,
      0
    ],
    [
      147,
      0.15555555555555553
    ],
    [
      148,
      0.09756097560975609
    ],
    [
      149,
      0.1103448275862069
    ],
    [
      150,
      0.14906832298136646
    ],
    [
      151,
      0.24657534246575344
    ],
    [
      152,
      0.1754385964912281
    ],
    [
      153,
      0.1553398058252427
    ],
    [
      154,
      0.20915032679738563
    ],
    [
      155,
      0.125
    ],
    [
      156,
      0.10983981693363845
    ],
    [
      157,
      0.11023622047244093
    ],
    [
      158,
      0.14218009478672985
    ],
    [
      159,
      0.1415929203539823
    ],
    [
      160,
      0.19883040935672514
    ],
    [
      161,
      0.13986013986013984
    ],
    [
      162,
      0.12269938650306748
    ],
    [
      163,
