{
  "dataset": "QMSum",
  "num_samples": 200,
  "rouge1": 0.06502333713145841,
  "rouge2": 0.0182339881422396,
  "rougeL": 0.04597195862665936,
  "rougeLsum": 0.05562277460705985,
  "per_sample_rougeL": [
    [
      0,
      0.06772255598033862
    ],
    [
      1,
      0.048703017469560614
    ],
    [
      2,
      0.052545155993431854
    ],
    [
      3,
      0.040496407576747225
    ],
    [
      4,
      0.01545253863134658
    ],
    [
      5,
      0.05022321428571428
    ],
    [
      6,
      0.036056338028169016
    ],
    [
      7,
      0.03433984606275903
    ],
    [
      8,
      0.02906350914962325
    ],
    [
      9,
      0.024864864864864864
    ],
    [
      10,
      0.027870680044593088
    ],
    [
      11,
      0.046511627906976744
    ],
    [
      12,
      0.031746031746031744
    ],
    [
      13,
      0.05139420448332421
    ],
    [
      14,
      0.0663850331925166
    ],
    [
      15,
      0.03180011357183418
    ],
    [
      16,
      0.05087620124364047
    ],
    [
      17,
      0.04002354326074162
    ],
    [
      18,
      0.06324972737186478
    ],
    [
      19,
      0.037383177570093455
    ],
    [
      20,
      0.0356937248128958
    ],
    [
      21,
      0.03496503496503497
    ],
    [
      22,
      0.03229527104959631
    ],
    [
      23,
      0.03640500568828214
    ],
    [
      24,
      0.04612850082372323
    ],
    [
      25,
      0.07346938775510205
    ],
    [
      26,
      0.04154302670623145
    ],
    [
      27,
      0.025930101465614433
    ],
    [
      28,
      0.04405797101449275
    ],
    [
      29,
      0.03721488595438175
    ],
    [
      30,
      0.043403769274700174
    ],
    [
      31,
      0.02780996523754345
    ],
    [
      32,
      0.07151095732410612
    ],
    [
      33,
      0.09369369369369371
    ],
    [
      34,
      0.04159021406727829
    ],
    [
      35,
      0.047592695074709465
    ],
    [
      36,
      0.03701687534022864
    ],
    [
      37,
      0.05333333333333334
    ],
    [
      38,
      0.02860411899313501
    ],
    [
      39,
      0.02042042042042042
    ],
    [
      40,
      0.046857142857142854
    ],
    [
      41,
      0.06067816775728732
    ],
    [
      42,
      0.062461726883037354
    ],
    [
      43,
      0.046426389737324374
    ],
    [
      44,
      0.038150289017341035
    ],
    [
      45,
      0.04296212549462974
    ],
    [
      46,
      0.04436860068259386
    ],
    [
      47,
      0.043763676148796504
    ],
    [
      48,
      0.043993231810490696
    ],
    [
      49,
      0.041690140845070424
    ],
    [
      50,
      0.04154302670623145
    ],
    [
      51,
      0.0633245382585752
    ],
    [
      52,
      0.030427150380339385
    ],
    [
      53,
      0.04020100502512563
    ],
    [
      54,
      0.0448642266824085
    ],
    [
      55,
      0.044647967945048654
    ],
    [
      56,
      0.05961251862891207
    ],
    [
      57,
      0.0396964389959136
    ],
    [
      58,
      0.04245283018867924
    ],
    [
      59,
      0.05002908667830134
    ],
    [
      60,
      0.039800995024875614
    ],
    [
      61,
      0.038857142857142854
    ],
    [
      62,
      0.0861573808156232
    ],
    [
      63,
      0.037429819089207735
    ],
    [
      64,
      0.037259615384615384
    ],
    [
      65,
      0.037628278221208664
    ],
    [
      66,
      0.04560622914349277
    ],
    [
      67,
      0.0693900391717963
    ],
    [
      68,
      0.05878674171357098
    ],
    [
      69,
      0.04342857142857143
    ],
    [
      70,
      0.031212484993997598
    ],
    [
      71,
      0.03272939801285798
    ],
    [
      72,
      0.03152364273204904
    ],
    [
      73,
      0.047619047619047616
    ],
    [
      74,
      0.02916432978126753
    ],
    [
      75,
      0.05855855855855856
    ],
    [
      76,
      0.047103755569700825
    ],
    [
      77,
      0.020833333333333332
    ],
    [
      78,
      0.04905875641756988
    ],
    [
      79,
      0.04060324825986079
    ],
    [
      80,
      0.052135330005546314
    ],
    [
      81,
      0.03880070546737214
    ],
    [
      82,
      0.0656934306569343
    ],
    [
      83,
      0.04632310364794441
    ],
    [
      84,
      0.05664739884393063
    ],
    [
      85,
      0.051308900523560214
    ],
    [
      86,
      0.08352941176470587
    ],
    [
      87,
      0.041884816753926704
    ],
    [
      88,
      0.06533575317604357
    ],
    [
      89,
      0.047126436781609195
    ],
    [
      90,
      0.0472972972972973
    ],
    [
      91,
      0.026270702455739578
    ],
    [
      92,
      0.03746556473829201
    ],
    [
      93,
      0.0572057205720572
    ],
    [
      94,
      0.03750756200846945
    ],
    [
      95,
      0.07089765580331618
    ],
    [
      96,
      0.06264236902050113
    ],
    [
      97,
      0.035854341736694675
    ],
    [
      98,
      0.04452054794520548
    ],
    [
      99,
      0.08431163287086446
    ],
    [
      100,
      0.0440324449594438
    ],
    [
      101,
      0.043023970497848806
    ],
    [
      102,
      0.1415929203539823
    ],
    [
      103,
      0.036939313984168866
    ],
    [
      104,
      0.03049124788255223
    ],
    [
      105,
      0.05823068309070549
    ],
    [
      106,
      0.05891980360065466
    ],
    [
      107,
      0.04616272360069244
    ],
    [
      108,
      0.04419889502762431
    ],
    [
      109,
      0.025712688652878703
    ],
    [
      110,
      0.04742625795257374
    ],
    [
      111,
      0.07704485488126647
    ],
    [
      112,
      0.053077357425183505
    ],
    [
      113,
      0.06369426751592355
    ],
    [
      114,
      0.06808035714285714
    ],
    [
      115,
      0.029629629629629627
    ],
    [
      116,
      0.04936854190585534
    ],
    [
      117,
      0.05117038649972782
    ],
    [
      118,
      0.025454545454545455
    ],
    [
      119,
      0.03477218225419664
    ],
    [
      120,
      0.040978941377347755
    ],
    [
      121,
      0.041666666666666664
    ],
    [
      122,
      0.05030071077091307
    ],
    [
      123,
      0.05336426914153133
    ],
    [
      124,
      0.026592797783933517
    ],
    [
      125,
      0.04202157864849517
    ],
    [
      126,
      0.04095962551199532
    ],
    [
      127,
      0.03278688524590164
    ],
    [
      128,
      0.06694560669456066
    ],
    [
      129,
      0.03937007874015748
    ],
    [
      130,
      0.03581421376608841
    ],
    [
      131,
      0.03215077605321508
    ],
    [
      132,
      0.043224299065420566
    ],
    [
      133,
      0.028340080971659923
    ],
    [
      134,
      0.06217616580310881
    ],
    [
      135,
      0.027946537059538274
    ],
    [
      136,
      0.06791569086651053
    ],
    [
      137,
      0.0335946248600224
    ],
    [
      138,
      0.04739336492890995
    ],
    [
      139,
      0.03321878579610539
    ],
    [
      140,
      0.031076581576026635
    ],
    [
      141,
      0.05751173708920188
    ],
    [
      142,
      0.051847766133480425
    ],
    [
      143,
      0.057770075101097634
    ],
    [
      144,
      0.04728950403690888
    ],
    [
      145,
      0.029595902105862267
    ],
    [
      146,
      0.06389391199517781
    ],
    [
      147,
      0.04138702460850112
    ],
    [
      148,
      0.019464720194647202
    ],
    [
      149,
      0.030451332245785754
    ],
    [
      150,
      0.053918495297805645
    ],
    [
      151,
      0.06503137478608101
    ],
    [
      152,
      0.024983563445101907
    ],
    [
      153,
      0.027226318774815655
    ],
    [
      154,
      0.029205607476635514
    ],
    [
      155,
      0.04255319148936171
    ],
    [
      156,
      0.04777777777777779
    ],
    [
