{
  "dataset": "QMSum",
  "num_samples": 200,
  "rouge1": 0.050154837828865775,
  "rouge2": 0.011302176955690878,
  "rougeL": 0.039515377293476206,
  "rougeLsum": 0.03633631697781125,
  "per_sample_rougeL": [
    [
      0,
      0.11186903137789905
    ],
    [
      1,
      0.05018686599038975
    ],
    [
      2,
      0.04842342342342343
    ],
    [
      3,
      0.10599078341013826
    ],
    [
      4,
      0.015292190060076462
    ],
    [
      5,
      0.03508771929824561
    ],
    [
      6,
      0.0314192849404117
    ],
    [
      7,
      0.03105590062111801
    ],
    [
      8,
      0.02450229709035222
    ],
    [
      9,
      0.013948497854077252
    ],
    [
      10,
      0.020309994655264563
    ],
    [
      11,
      0.04490861618798956
    ],
    [
      12,
      0.02054054054054054
    ],
    [
      13,
      0.059490084985835696
    ],
    [
      14,
      0.04448938321536906
    ],
    [
      15,
      0.02433628318584071
    ],
    [
      16,
      0.050739957716701915
    ],
    [
      17,
      0.032563025210084036
    ],
    [
      18,
      0.052736318407960205
    ],
    [
      19,
      0.03786191536748329
    ],
    [
      20,
      0.01613770844540075
    ],
    [
      21,
      0.025
    ],
    [
      22,
      0.01707455890722823
    ],
    [
      23,
      0.03225806451612903
    ],
    [
      24,
      0.0335707019328586
    ],
    [
      25,
      0.0641025641025641
    ],
    [
      26,
      0.03679653679653679
    ],
    [
      27,
      0.025284450063211124
    ],
    [
      28,
      0.04131769960915689
    ],
    [
      29,
      0.03575832305795315
    ],
    [
      30,
      0.03559870550161812
    ],
    [
      31,
      0.02207505518763797
    ],
    [
      32,
      0.04114400401404917
    ],
    [
      33,
      0.046511627906976744
    ],
    [
      34,
      0.03368893879842785
    ],
    [
      35,
      0.042328042328042326
    ],
    [
      36,
      0.02897102897102897
    ],
    [
      37,
      0.04202719406674907
    ],
    [
      38,
      0.01991150442477876
    ],
    [
      39,
      0.020419739081111745
    ],
    [
      40,
      0.035620743844945
    ],
    [
      41,
      0.03400637619553666
    ],
    [
      42,
      0.038695411829740185
    ],
    [
      43,
      0.030385241454150842
    ],
    [
      44,
      0.031197771587743735
    ],
    [
      45,
      0.03118040089086859
    ],
    [
      46,
      0.04343105320304018
    ],
    [
      47,
      0.04305705059203444
    ],
    [
      48,
      0.035733622089875475
    ],
    [
      49,
      0.026824034334763953
    ],
    [
      50,
      0.026651860077734596
    ],
    [
      51,
      0.03739316239316239
    ],
    [
      52,
      0.03189066059225512
    ],
    [
      53,
      0.02990033222591362
    ],
    [
      54,
      0.02416918429003021
    ],
    [
      55,
      0.0345352971051295
    ],
    [
      56,
      0.026035502958579877
    ],
    [
      57,
      0.027917364600781685
    ],
    [
      58,
      0.03097573567372225
    ],
    [
      59,
      0.04140127388535032
    ],
    [
      60,
      0.03161652218255992
    ],
    [
      61,
      0.04243439419318817
    ],
    [
      62,
      0.07365728900255754
    ],
    [
      63,
      0.04079184163167366
    ],
    [
      64,
      0.024883359253499222
    ],
    [
      65,
      0.034944670937682006
    ],
    [
      66,
      0.037755637126376515
    ],
    [
      67,
      0.06033010813887307
    ],
    [
      68,
      0.031443009545199324
    ],
    [
      69,
      0.034151547491995726
    ],
    [
      70,
      0.02057390362750406
    ],
    [
      71,
      0.028002154011847066
    ],
    [
      72,
      0.02675227394328518
    ],
    [
      73,
      0.04095185390149419
    ],
    [
      74,
      0.10273972602739725
    ],
    [
      75,
      0.05021367521367522
    ],
    [
      76,
      0.04403866809881847
    ],
    [
      77,
      0.022556390977443608
    ],
    [
      78,
      0.039361702127659576
    ],
    [
      79,
      0.029151483602290477
    ],
    [
      80,
      0.05849889624724062
    ],
    [
      81,
      0.02692905230450544
    ],
    [
      82,
      0.058379466532461
    ],
    [
      83,
      0.0256547300908605
    ],
    [
      84,
      0.04673393520977164
    ],
    [
      85,
      0.06296048225050233
    ],
    [
      86,
      0.0664167113015533
    ],
    [
      87,
      0.0356581017304667
    ],
    [
      88,
      0.05502645502645502
    ],
    [
      89,
      0.056468172484599594
    ],
    [
      90,
      0.04387372926698769
    ],
    [
      91,
      0.02677532013969732
    ],
    [
      92,
      0.03820598006644518
    ],
    [
      93,
      0.043222003929273084
    ],
    [
      94,
      0.026072786529060296
    ],
    [
      95,
      0.056185845488924906
    ],
    [
      96,
      0.06473594548551959
    ],
    [
      97,
      0.0367170626349892
    ],
    [
      98,
      0.035940803382663845
    ],
    [
      99,
      0.0720081135902637
    ],
    [
      100,
      0.03213296398891967
    ],
    [
      101,
      0.021786492374727667
    ],
    [
      102,
      0.03264876250658241
    ],
    [
      103,
      0.04347826086956522
    ],
    [
      104,
      0.022058823529411766
    ],
    [
      105,
      0.05393000573723465
    ],
    [
      106,
      0.04986737400530505
    ],
    [
      107,
      0.03549639489739324
    ],
    [
      108,
      0.04159640247329961
    ],
    [
      109,
      0.021881838074398245
    ],
    [
      110,
      0.03267211201866978
    ],
    [
      111,
      0.05876288659793815
    ],
    [
      112,
      0.05268703898840885
    ],
    [
      113,
      0.060021436227224015
    ],
    [
      114,
      0.06497341996455995
    ],
    [
      115,
      0.023676012461059187
    ],
    [
      116,
      0.04668304668304668
    ],
    [
      117,
      0.041215868109222044
    ],
    [
      118,
      0.03177966101694916
    ],
    [
      119,
      0.02583423035522067
    ],
    [
      120,
      0.03952095808383234
    ],
    [
      121,
      0.032463768115942024
    ],
    [
      122,
      0.04558737580362362
    ],
    [
      123,
      0.04478427089022392
    ],
    [
      124,
      0.02170374389582203
    ],
    [
      125,
      0.03738317757009346
    ],
    [
      126,
      0.03088326127239037
    ],
    [
      127,
      0.026867275658248254
    ],
    [
      128,
      0.05932629462041226
    ],
    [
      129,
      0.025527192008879023
    ],
    [
      130,
      0.02348136804492088
    ],
    [
      131,
      0.030892448512585817
    ],
    [
      132,
      0.10211267605633803
    ],
    [
      133,
      0.029447852760736193
    ],
    [
      134,
      0.06023355869698833
    ],
    [
      135,
      0.027654867256637166
    ],
    [
      136,
      0.05942622950819672
    ],
    [
      137,
      0.034169781099839834
    ],
    [
      138,
      0.04359383306751728
    ],
    [
      139,
      0.027892561983471075
    ],
    [
      140,
      0.03479304139172166
    ],
    [
      141,
      0.04113924050632911
    ],
    [
      142,
      0.03594771241830066
    ],
    [
      143,
      0.05238649592549476
    ],
    [
      144,
      0.035398230088495575
    ],
    [
      145,
      0.020844761382336808
    ],
    [
      146,
      0.05376910911966263
    ],
    [
      147,
      0.03691639522258415
    ],
    [
      148,
      0.016833245660178853
    ],
    [
      149,
      0.02771855010660981
    ],
    [
      150,
      0.12607449856733527
    ],
    [
      151,
      0.05793602896801448
    ],
    [
      152,
      0.02180496668685645
    ],
    [
      153,
      0.022172949002217297
    ],
    [
      154,
      0.023501762632197415
    ],
    [
      155,
      0.050458715596330285
    ],
    [
      156,
      0.033426183844011144
    ],
    [
      157,
