{
  "dataset": "QMSum",
  "num_samples": 200,
  "rouge1": 0.13991336962655637,
  "rouge2": 0.036350227690793616,
  "rougeL": 0.08794917327694184,
  "rougeLsum": 0.1071382790555517,
  "per_sample_rougeL": [
    [
      0,
      0.12797074954296161
    ],
    [
      1,
      0.16666666666666666
    ],
    [
      2,
      0.09337349397590362
    ],
    [
      3,
      0.06628242074927955
    ],
    [
      4,
      0.05741626794258373
    ],
    [
      5,
      0.10824742268041236
    ],
    [
      6,
      0.06907894736842105
    ],
    [
      7,
      0.023084994753410283
    ],
    [
      8,
      0.05150214592274679
    ],
    [
      9,
      0.023496890117484452
    ],
    [
      10,
      0.01740294511378849
    ],
    [
      11,
      0.13994169096209913
    ],
    [
      12,
      0.033163265306122444
    ],
    [
      13,
      0.04930046635576283
    ],
    [
      14,
      0.10964083175803403
    ],
    [
      15,
      0.025087108013937282
    ],
    [
      16,
      0.08100289296046287
    ],
    [
      17,
      0.042416452442159386
    ],
    [
      18,
      0.08960270498732037
    ],
    [
      19,
      0.09259259259259259
    ],
    [
      20,
      0.05217391304347826
    ],
    [
      21,
      0.14225941422594143
    ],
    [
      22,
      0.08333333333333334
    ],
    [
      23,
      0.13157894736842107
    ],
    [
      24,
      0.03365695792880259
    ],
    [
      25,
      0.0995260663507109
    ],
    [
      26,
      0.156794425087108
    ],
    [
      27,
      0.07669616519174041
    ],
    [
      28,
      0.06697459584295612
    ],
    [
      29,
      0.07142857142857144
    ],
    [
      30,
      0.0882800608828006
    ],
    [
      31,
      0.051987767584097865
    ],
    [
      32,
      0.06873614190687362
    ],
    [
      33,
      0.07851690294438386
    ],
    [
      34,
      0.1543026706231454
    ],
    [
      35,
      0.040959625511995314
    ],
    [
      36,
      0.08011049723756906
    ],
    [
      37,
      0.08571428571428572
    ],
    [
      38,
      0.08494208494208494
    ],
    [
      39,
      0.024647887323943664
    ],
    [
      40,
      0.03650884198516828
    ],
    [
      41,
      0.08249496981891348
    ],
    [
      42,
      0.10683760683760685
    ],
    [
      43,
      0.08888888888888888
    ],
    [
      44,
      0.10191082802547771
    ],
    [
      45,
      0.12048192771084336
    ],
    [
      46,
      0.102880658436214
    ],
    [
      47,
      0.11900826446280992
    ],
    [
      48,
      0.06722689075630252
    ],
    [
      49,
      0.11382113821138211
    ],
    [
      50,
      0.09800918836140889
    ],
    [
      51,
      0.17110266159695817
    ],
    [
      52,
      0.06101694915254236
    ],
    [
      53,
      0.13404825737265416
    ],
    [
      54,
      0.13157894736842105
    ],
    [
      55,
      0.02990033222591362
    ],
    [
      56,
      0.08227848101265822
    ],
    [
      57,
      0.12149532710280374
    ],
    [
      58,
      0.0595980595980596
    ],
    [
      59,
      0.09226190476190475
    ],
    [
      60,
      0.11570247933884296
    ],
    [
      61,
      0.11428571428571428
    ],
    [
      62,
      0.1486310299869622
    ],
    [
      63,
      0.07344632768361582
    ],
    [
      64,
      0.03240223463687151
    ],
    [
      65,
      0.0459016393442623
    ],
    [
      66,
      0.11214953271028039
    ],
    [
      67,
      0.13301662707838482
    ],
    [
      68,
      0.055299539170506916
    ],
    [
      69,
      0.23655913978494622
    ],
    [
      70,
      0.0755287009063444
    ],
    [
      71,
      0.087248322147651
    ],
    [
      72,
      0.02530120481927711
    ],
    [
      73,
      0.07414634146341464
    ],
    [
      74,
      0.0535475234270415
    ],
    [
      75,
      0.14910025706940871
    ],
    [
      76,
      0.09295774647887324
    ],
    [
      77,
      0.018384766907419567
    ],
    [
      78,
      0.035611717403790925
    ],
    [
      79,
      0.03654080389768575
    ],
    [
      80,
      0.09919571045576409
    ],
    [
      81,
      0.07483870967741935
    ],
    [
      82,
      0.06505888951205833
    ],
    [
      83,
      0.09523809523809523
    ],
    [
      84,
      0.15693430656934304
    ],
    [
      85,
      0.08435374149659865
    ],
    [
      86,
      0.1357615894039735
    ],
    [
      87,
      0.14035087719298245
    ],
    [
      88,
      0.12682926829268296
    ],
    [
      89,
      0.19653179190751446
    ],
    [
      90,
      0.09672830725462306
    ],
    [
      91,
      0.08580858085808582
    ],
    [
      92,
      0.03195352214960058
    ],
    [
      93,
      0.09462915601023018
    ],
    [
      94,
      0.04481792717086835
    ],
    [
      95,
      0.15932521087160262
    ],
    [
      96,
      0.10492845786963435
    ],
    [
      97,
      0.02648171500630517
    ],
    [
      98,
      0.09286898839137644
    ],
    [
      99,
      0.11141304347826086
    ],
    [
      100,
      0.10266940451745381
    ],
    [
      101,
      0.13450292397660818
    ],
    [
      102,
      0.12520064205457462
    ],
    [
      103,
      0.12873563218390804
    ],
    [
      104,
      0.025746050321825628
    ],
    [
      105,
      0.09957325746799432
    ],
    [
      106,
      0.11233211233211234
    ],
    [
      107,
      0.09747292418772563
    ],
    [
      108,
      0.14463840399002492
    ],
    [
      109,
      0.10112359550561797
    ],
    [
      110,
      0.07521367521367521
    ],
    [
      111,
      0.14537444933920704
    ],
    [
      112,
      0.2113821138211382
    ],
    [
      113,
      0.11161387631975869
    ],
    [
      114,
      0.13358070500927643
    ],
    [
      115,
      0.03216200119118523
    ],
    [
      116,
      0.10835214446952597
    ],
    [
      117,
      0.09635036496350365
    ],
    [
      118,
      0.015174506828528073
    ],
    [
      119,
      0.13533834586466165
    ],
    [
      120,
      0.08994708994708993
    ],
    [
      121,
      0.06996381182147166
    ],
    [
      122,
      0.048806941431670275
    ],
    [
      123,
      0.04950495049504951
    ],
    [
      124,
      0.05263157894736842
    ],
    [
      125,
      0.04938271604938271
    ],
    [
      126,
      0.07128712871287128
    ],
    [
      127,
      0.06842923794712287
    ],
    [
      128,
      0.1616871704745167
    ],
    [
      129,
      0.13054830287206268
    ],
    [
      130,
      0.065359477124183
    ],
    [
      131,
      0.1
    ],
    [
      132,
      0.15841584158415842
    ],
    [
      133,
      0.07116104868913857
    ],
    [
      134,
      0.1188811188811189
    ],
    [
      135,
      0.035685320356853206
    ],
    [
      136,
      0.12437311935807421
    ],
    [
      137,
      0.017423771001866838
    ],
    [
      138,
      0.0485502360080917
    ],
    [
      139,
      0.07132667617689016
    ],
    [
      140,
      0.0817051509769094
    ],
    [
      141,
      0.21983914209115282
    ],
    [
      142,
      0.125
    ],
    [
      143,
      0.14590747330960854
    ],
    [
      144,
      0.09216589861751151
    ],
    [
      145,
      0.019370460048426148
    ],
    [
      146,
      0.12991452991452992
    ],
    [
      147,
      0.2116788321167883
    ],
    [
      148,
      0.018900343642611686
    ],
    [
      149,
      0.08878504672897196
    ],
    [
      150,
      0.11566265060240963
    ],
    [
      151,
      0.09496402877697843
    ],
    [
      152,
      0.12987012987012986
    ],
    [
      153,
      0.08115942028985508
    ],
    [
      154,
      0.07285974499089254
    ],
    [
      155,
      0.03773584905660377
    ],
    [
      156,
      0.06160616061606162
    ],
    [
      157,
      0.04524886877828055
    ],
    [
      158,
