{
  "dataset": "QMSum",
  "num_samples": 200,
  "rouge1": 0.05455320494918829,
  "rouge2": 0.012906780719562246,
  "rougeL": 0.04040796899198798,
  "rougeLsum": 0.041278516150988945,
  "per_sample_rougeL": [
    [
      0,
      0.10232558139534882
    ],
    [
      1,
      0.0416
    ],
    [
      2,
      0.04858757062146893
    ],
    [
      3,
      0.027979854504756575
    ],
    [
      4,
      0.015918135304150087
    ],
    [
      5,
      0.05155746509129968
    ],
    [
      6,
      0.03229166666666667
    ],
    [
      7,
      0.027368421052631577
    ],
    [
      8,
      0.02530311017395888
    ],
    [
      9,
      0.024122807017543862
    ],
    [
      10,
      0.024771136241249325
    ],
    [
      11,
      0.051114736269711795
    ],
    [
      12,
      0.027257240204429302
    ],
    [
      13,
      0.04880581516095535
    ],
    [
      14,
      0.05543710021321961
    ],
    [
      15,
      0.035611717403790925
    ],
    [
      16,
      0.050053248136315225
    ],
    [
      17,
      0.03172924378635642
    ],
    [
      18,
      0.05239294710327456
    ],
    [
      19,
      0.042675893886966555
    ],
    [
      20,
      0.025414364640883983
    ],
    [
      21,
      0.025109170305676855
    ],
    [
      22,
      0.02262443438914027
    ],
    [
      23,
      0.031128404669260704
    ],
    [
      24,
      0.04446797247220752
    ],
    [
      25,
      0.061797752808988755
    ],
    [
      26,
      0.0336231884057971
    ],
    [
      27,
      0.02252252252252252
    ],
    [
      28,
      0.04919786096256685
    ],
    [
      29,
      0.032418952618453865
    ],
    [
      30,
      0.04350132625994695
    ],
    [
      31,
      0.022483940042826552
    ],
    [
      32,
      0.04614577871001573
    ],
    [
      33,
      0.04789172306090578
    ],
    [
      34,
      0.03565267395054629
    ],
    [
      35,
      0.04460966542750929
    ],
    [
      36,
      0.024520255863539443
    ],
    [
      37,
      0.03724604966139955
    ],
    [
      38,
      0.024242424242424242
    ],
    [
      39,
      0.02585722315907813
    ],
    [
      40,
      0.02608242044861763
    ],
    [
      41,
      0.047337278106508875
    ],
    [
      42,
      0.052730696798493404
    ],
    [
      43,
      0.03923766816143498
    ],
    [
      44,
      0.07582938388625592
    ],
    [
      45,
      0.03897550111358575
    ],
    [
      46,
      0.04537521815008726
    ],
    [
      47,
      0.040632054176072234
    ],
    [
      48,
      0.03810560696788241
    ],
    [
      49,
      0.03595980962453728
    ],
    [
      50,
      0.03284258210645526
    ],
    [
      51,
      0.05996843766438717
    ],
    [
      52,
      0.02320185614849188
    ],
    [
      53,
      0.03174603174603174
    ],
    [
      54,
      0.034718569174118884
    ],
    [
      55,
      0.03952991452991453
    ],
    [
      56,
      0.01915492957746479
    ],
    [
      57,
      0.029361942405420664
    ],
    [
      58,
      0.04235832856325129
    ],
    [
      59,
      0.0368921185019564
    ],
    [
      60,
      0.03829787234042553
    ],
    [
      61,
      0.04046242774566475
    ],
    [
      62,
      0.07570977917981071
    ],
    [
      63,
      0.05073649754500818
    ],
    [
      64,
      0.026357406431207174
    ],
    [
      65,
      0.11111111111111109
    ],
    [
      66,
      0.04970414201183432
    ],
    [
      67,
      0.051734273956496185
    ],
    [
      68,
      0.03742432581177765
    ],
    [
      69,
      0.036830357142857144
    ],
    [
      70,
      0.026748971193415638
    ],
    [
      71,
      0.027011817670230726
    ],
    [
      72,
      0.026711185308848084
    ],
    [
      73,
      0.0416221985058698
    ],
    [
      74,
      0.024444444444444442
    ],
    [
      75,
      0.0536986301369863
    ],
    [
      76,
      0.11979166666666666
    ],
    [
      77,
      0.017467248908296942
    ],
    [
      78,
      0.03398558187435633
    ],
    [
      79,
      0.034169781099839834
    ],
    [
      80,
      0.0616937745372967
    ],
    [
      81,
      0.032703117015840576
    ],
    [
      82,
      0.05679513184584179
    ],
    [
      83,
      0.02760084925690021
    ],
    [
      84,
      0.047293746715712036
    ],
    [
      85,
      0.05359179019384265
    ],
    [
      86,
      0.041082164328657314
    ],
    [
      87,
      0.0380952380952381
    ],
    [
      88,
      0.04936974789915966
    ],
    [
      89,
      0.06521739130434782
    ],
    [
      90,
      0.04144527098831031
    ],
    [
      91,
      0.02621082621082621
    ],
    [
      92,
      0.029121164846593866
    ],
    [
      93,
      0.05834186284544525
    ],
    [
      94,
      0.028425241614553724
    ],
    [
      95,
      0.056004308023694126
    ],
    [
      96,
      0.0653016048699502
    ],
    [
      97,
      0.03512506652474721
    ],
    [
      98,
      0.0372863801139306
    ],
    [
      99,
      0.08392315470171892
    ],
    [
      100,
      0.07005649717514124
    ],
    [
      101,
      0.03246753246753247
    ],
    [
      102,
      0.04831932773109244
    ],
    [
      103,
      0.04253112033195021
    ],
    [
      104,
      0.0269209197980931
    ],
    [
      105,
      0.052785923753665684
    ],
    [
      106,
      0.0550357732526142
    ],
    [
      107,
      0.04022346368715084
    ],
    [
      108,
      0.04834905660377358
    ],
    [
      109,
      0.02707275803722504
    ],
    [
      110,
      0.035914702581369244
    ],
    [
      111,
      0.07466973004020679
    ],
    [
      112,
      0.04479166666666667
    ],
    [
      113,
      0.06416464891041163
    ],
    [
      114,
      0.06611570247933884
    ],
    [
      115,
      0.03156565656565656
    ],
    [
      116,
      0.03937947494033413
    ],
    [
      117,
      0.0361125862984599
    ],
    [
      118,
      0.01895734597156398
    ],
    [
      119,
      0.03943661971830986
    ],
    [
      120,
      0.04803843074459567
    ],
    [
      121,
      0.043902439024390234
    ],
    [
      122,
      0.04734350341925302
    ],
    [
      123,
      0.04989604989604989
    ],
    [
      124,
      0.013584117032392897
    ],
    [
      125,
      0.04449152542372881
    ],
    [
      126,
      0.02266872746007213
    ],
    [
      127,
      0.02230897936419409
    ],
    [
      128,
      0.06393180607352157
    ],
    [
      129,
      0.03183023872679045
    ],
    [
      130,
      0.028123309897241752
    ],
    [
      131,
      0.027886224205242612
    ],
    [
      132,
      0.04019554589896795
    ],
    [
      133,
      0.025504782146652492
    ],
    [
      134,
      0.05679287305122494
    ],
    [
      135,
      0.026101141924959218
    ],
    [
      136,
      0.05682394723490614
    ],
    [
      137,
      0.034242910647405034
    ],
    [
      138,
      0.03751954142782699
    ],
    [
      139,
      0.0334051724137931
    ],
    [
      140,
      0.03636363636363636
    ],
    [
      141,
      0.04784130688448075
    ],
    [
      142,
      0.047804335742078936
    ],
    [
      143,
      0.060439560439560454
    ],
    [
      144,
      0.049801924165251844
    ],
    [
      145,
      0.020719738276990186
    ],
    [
      146,
      0.05534034311012729
    ],
    [
      147,
      0.03486529318541997
    ],
    [
      148,
      0.016025641025641024
    ],
    [
      149,
      0.03638368246968026
    ],
    [
      150,
      0.048477315102548164
    ],
    [
      151,
      0.058587018954623774
    ],
    [
      152,
      0.021176470588235293
    ],
    [
      153,
      0.024430871737923375
    ],
    [
      154,
      0.021701884637350084
    ],
    [
      155,
      0.04784688995215311
    ],
    [
      156,
      0.09505703422053233
    ],
    [
      157,
