{
  "dataset": "QMSum",
  "num_samples": 200,
  "rouge1": 0.15629364726587786,
  "rouge2": 0.03215841927173162,
  "rougeL": 0.11169769245141503,
  "rougeLsum": 0.1090523119050465,
  "per_sample_rougeL": [
    [
      0,
      0.013333333333333334
    ],
    [
      1,
      0.0
    ],
    [
      2,
      0.1497326203208556
    ],
    [
      3,
      0.19480519480519481
    ],
    [
      4,
      0.08064516129032259
    ],
    [
      5,
      0.1702127659574468
    ],
    [
      6,
      0.0547945205479452
    ],
    [
      7,
      0.016528925619834708
    ],
    [
      8,
      0.18867924528301885
    ],
    [
      9,
      0.14814814814814814
    ],
    [
      10,
      0.1793103448275862
    ],
    [
      11,
      0.15625
    ],
    [
      12,
      0.1940298507462687
    ],
    [
      13,
      0.23036649214659688
    ],
    [
      14,
      0.061728395061728385
    ],
    [
      15,
      0.13513513513513511
    ],
    [
      16,
      0.14141414141414144
    ],
    [
      17,
      0.16149068322981366
    ],
    [
      18,
      0.17692307692307693
    ],
    [
      19,
      0.09696969696969696
    ],
    [
      20,
      0.11428571428571427
    ],
    [
      21,
      0.09917355371900825
    ],
    [
      22,
      0.0
    ],
    [
      23,
      0.0
    ],
    [
      24,
      0.12422360248447203
    ],
    [
      25,
      0.21367521367521367
    ],
    [
      26,
      0.10465116279069768
    ],
    [
      27,
      0.0
    ],
    [
      28,
      0.08888888888888889
    ],
    [
      29,
      0.10434782608695653
    ],
    [
      30,
      0.09302325581395349
    ],
    [
      31,
      0.17391304347826086
    ],
    [
      32,
      0.0
    ],
    [
      33,
      0.0
    ],
    [
      34,
      0.1761006289308176
    ],
    [
      35,
      0.0
    ],
    [
      36,
      0.13872832369942198
    ],
    [
      37,
      0.15300546448087432
    ],
    [
      38,
      0.12121212121212122
    ],
    [
      39,
      0.15384615384615383
    ],
    [
      40,
      0.24489795918367346
    ],
    [
      41,
      0.18090452261306533
    ],
    [
      42,
      0.14883720930232558
    ],
    [
      43,
      0.15384615384615385
    ],
    [
      44,
      0.17054263565891473
    ],
    [
      45,
      0.07741935483870967
    ],
    [
      46,
      0.0
    ],
    [
      47,
      0.07960199004975124
    ],
    [
      48,
      0.0
    ],
    [
      49,
      0.10884353741496598
    ],
    [
      50,
      0.10909090909090909
    ],
    [
      51,
      0.0
    ],
    [
      52,
      0.14666666666666664
    ],
    [
      53,
      0.0
    ],
    [
      54,
      0.07462686567164178
    ],
    [
      55,
      0.017543859649122806
    ],
    [
      56,
      0.0
    ],
    [
      57,
      0.0759493670886076
    ],
    [
      58,
      0.0967741935483871
    ],
    [
      59,
      0.16216216216216214
    ],
    [
      60,
      0.1787709497206704
    ],
    [
      61,
      0.12500000000000003
    ],
    [
      62,
      0.15827338129496402
    ],
    [
      63,
      0.09302325581395349
    ],
    [
      64,
      0.22695035460992907
    ],
    [
      65,
      0.1830065359477124
    ],
    [
      66,
      0.23529411764705885
    ],
    [
      67,
      0.0
    ],
    [
      68,
      0.0
    ],
    [
      69,
      0.03389830508474576
    ],
    [
      70,
      0.20588235294117646
    ],
    [
      71,
      0.26315789473684215
    ],
    [
      72,
      0.08450704225352111
    ],
    [
      73,
      0.0
    ],
    [
      74,
      0.13157894736842105
    ],
    [
      75,
      0.1346153846153846
    ],
    [
      76,
      0.0
    ],
    [
      77,
      0.09333333333333335
    ],
    [
      78,
      0.0
    ],
    [
      79,
      0.1019108280254777
    ],
    [
      80,
      0.1188118811881188
    ],
    [
      81,
      0.16374269005847955
    ],
    [
      82,
      0.1721311475409836
    ],
    [
      83,
      0.0
    ],
    [
      84,
      0.0
    ],
    [
      85,
      0.0
    ],
    [
      86,
      0.11926605504587155
    ],
    [
      87,
      0.034482758620689655
    ],
    [
      88,
      0.0710059171597633
    ],
    [
      89,
      0.16585365853658537
    ],
    [
      90,
      0.016666666666666666
    ],
    [
      91,
      0.13333333333333333
    ],
    [
      92,
      0.09230769230769231
    ],
    [
      93,
      0.0
    ],
    [
      94,
      0.09333333333333334
    ],
    [
      95,
      0.09815950920245399
    ],
    [
      96,
      0.19834710743801653
    ],
    [
      97,
      0.17073170731707316
    ],
    [
      98,
      0.1675977653631285
    ],
    [
      99,
      0.19858156028368792
    ],
    [
      100,
      0.16666666666666666
    ],
    [
      101,
      0.23684210526315794
    ],
    [
      102,
      0.17297297297297298
    ],
    [
      103,
      0.14285714285714285
    ],
    [
      104,
      0.19736842105263158
    ],
    [
      105,
      0.09090909090909091
    ],
    [
      106,
      0.01360544217687075
    ],
    [
      107,
      0.12195121951219512
    ],
    [
      108,
      0.18079096045197743
    ],
    [
      109,
      0.020618556701030927
    ],
    [
      110,
      0.18604651162790697
    ],
    [
      111,
      0.0
    ],
    [
      112,
      0.09448818897637797
    ],
    [
      113,
      0.18518518518518517
    ],
    [
      114,
      0.0710059171597633
    ],
    [
      115,
      0.14012738853503184
    ],
    [
      116,
      0.09876543209876544
    ],
    [
      117,
      0.0
    ],
    [
      118,
      0.12903225806451615
    ],
    [
      119,
      0.18604651162790697
    ],
    [
      120,
      0.07272727272727274
    ],
    [
      121,
      0.20454545454545456
    ],
    [
      122,
      0.10526315789473685
    ],
    [
      123,
      0.23414634146341462
    ],
    [
      124,
      0.10596026490066225
    ],
    [
      125,
      0.10457516339869283
    ],
    [
      126,
      0.15286624203821655
    ],
    [
      127,
      0.14814814814814817
    ],
    [
      128,
      0.18627450980392157
    ],
    [
      129,
      0.10852713178294575
    ],
    [
      130,
      0.0
    ],
    [
      131,
      0.13580246913580246
    ],
    [
      132,
      0.17857142857142855
    ],
    [
      133,
      0.10738255033557045
    ],
    [
      134,
      0.0
    ],
    [
      135,
      0.057692307692307696
    ],
    [
      136,
      0.03960396039603961
    ],
    [
      137,
      0.0
    ],
    [
      138,
      0.14102564102564105
    ],
    [
      139,
      0.0
    ],
    [
      140,
      0.058823529411764705
    ],
    [
      141,
      0.3386243386243386
    ],
    [
      142,
      0.08988764044943821
    ],
    [
      143,
      0.1111111111111111
    ],
    [
      144,
      0.12162162162162161
    ],
    [
      145,
      0.08275862068965517
    ],
    [
      146,
      0.2685185185185185
    ],
    [
      147,
      0.11428571428571427
    ],
    [
      148,
      0.07518796992481203
    ],
    [
      149,
      0.0
    ],
    [
      150,
      0.20994475138121546
    ],
    [
      151,
      0.17582417582417584
    ],
    [
      152,
      0.09375
    ],
    [
      153,
      0.14473684210526314
    ],
    [
      154,
      0.12000000000000001
    ],
    [
      155,
      0.2245989304812834
    ],
    [
      156,
      0.12080536912751678
    ],
    [
      157,
      0.09589041095890412
    ],
    [
      158,
      0.1797752808988764
    ],
    [
      159,
      0.18840579710144925
    ],
    [
      160,
      0.21256038647342998
    ],
    [
      161,
      0.125
    ],
    [
      162,
      0.08955223880597014
    ],
    [
      163,
      0.13924050632911392
    ],
    [
      164,
      0.07100591715976332
    ],
    [
      165,
      0.12949640287769784
    ],
    [
      166,
      0.17449664429530198
    ],
    [
      167,
      0.12587412587412586
    ],
