{
  "dataset": "QMSum",
  "num_samples": 200,
  "rouge1": 0.2754841393390295,
  "rouge2": 0.06337115954400137,
  "rougeL": 0.18501603396488409,
  "rougeLsum": 0.1804660230221692,
  "per_sample_rougeL": [
    [
      0,
      0.24669603524229075
    ],
    [
      1,
      0.18652849740932645
    ],
    [
      2,
      0.19900497512437812
    ],
    [
      3,
      0.2033898305084746
    ],
    [
      4,
      0.14814814814814817
    ],
    [
      5,
      0.23036649214659688
    ],
    [
      6,
      0.13173652694610777
    ],
    [
      7,
      0.09638554216867469
    ],
    [
      8,
      0.22368421052631582
    ],
    [
      9,
      0.14814814814814814
    ],
    [
      10,
      0.22818791946308725
    ],
    [
      11,
      0.20792079207920794
    ],
    [
      12,
      0.20689655172413793
    ],
    [
      13,
      0.21649484536082475
    ],
    [
      14,
      0.25
    ],
    [
      15,
      0.19736842105263155
    ],
    [
      16,
      0.17
    ],
    [
      17,
      0.175
    ],
    [
      18,
      0.18115942028985504
    ],
    [
      19,
      0.15555555555555556
    ],
    [
      20,
      0.14457831325301204
    ],
    [
      21,
      0.19607843137254902
    ],
    [
      22,
      0.11695906432748537
    ],
    [
      23,
      0.22641509433962265
    ],
    [
      24,
      0.12765957446808512
    ],
    [
      25,
      0.22222222222222224
    ],
    [
      26,
      0.11111111111111112
    ],
    [
      27,
      0.15789473684210528
    ],
    [
      28,
      0.08791208791208792
    ],
    [
      29,
      0.19277108433734938
    ],
    [
      30,
      0.21951219512195122
    ],
    [
      31,
      0.2097902097902098
    ],
    [
      32,
      0.29508196721311475
    ],
    [
      33,
      0.19095477386934673
    ],
    [
      34,
      0.17283950617283947
    ],
    [
      35,
      0.21348314606741572
    ],
    [
      36,
      0.1807909604519774
    ],
    [
      37,
      0.1752577319587629
    ],
    [
      38,
      0.16993464052287582
    ],
    [
      39,
      0.19444444444444445
    ],
    [
      40,
      0.18947368421052632
    ],
    [
      41,
      0.19905213270142183
    ],
    [
      42,
      0.1851851851851852
    ],
    [
      43,
      0.2222222222222222
    ],
    [
      44,
      0.1954022988505747
    ],
    [
      45,
      0.2289156626506024
    ],
    [
      46,
      0.1435406698564593
    ],
    [
      47,
      0.1739130434782609
    ],
    [
      48,
      0.2105263157894737
    ],
    [
      49,
      0.20740740740740743
    ],
    [
      50,
      0.1839080459770115
    ],
    [
      51,
      0.17560975609756097
    ],
    [
      52,
      0.1699346405228758
    ],
    [
      53,
      0.13924050632911392
    ],
    [
      54,
      0.22988505747126434
    ],
    [
      55,
      0.13483146067415733
    ],
    [
      56,
      0.13793103448275862
    ],
    [
      57,
      0.18848167539267016
    ],
    [
      58,
      0.15476190476190477
    ],
    [
      59,
      0.16483516483516483
    ],
    [
      60,
      0.20238095238095238
    ],
    [
      61,
      0.17543859649122806
    ],
    [
      62,
      0.24087591240875914
    ],
    [
      63,
      0.16049382716049382
    ],
    [
      64,
      0.1794871794871795
    ],
    [
      65,
      0.20731707317073172
    ],
    [
      66,
      0.2857142857142857
    ],
    [
      67,
      0.29090909090909084
    ],
    [
      68,
      0.1595744680851064
    ],
    [
      69,
      0.2874251497005988
    ],
    [
      70,
      0.21428571428571427
    ],
    [
      71,
      0.16374269005847952
    ],
    [
      72,
      0.1923076923076923
    ],
    [
      73,
      0.20408163265306123
    ],
    [
      74,
      0.12162162162162161
    ],
    [
      75,
      0.2181818181818182
    ],
    [
      76,
      0.14778325123152708
    ],
    [
      77,
      0.12080536912751677
    ],
    [
      78,
      0.19780219780219782
    ],
    [
      79,
      0.14942528735632185
    ],
    [
      80,
      0.19469026548672563
    ],
    [
      81,
      0.1761658031088083
    ],
    [
      82,
      0.25941422594142255
    ],
    [
      83,
      0.14814814814814814
    ],
    [
      84,
      0.20618556701030927
    ],
    [
      85,
      0.21212121212121213
    ],
    [
      86,
      0.19672131147540983
    ],
    [
      87,
      0.2159090909090909
    ],
    [
      88,
      0.1921397379912664
    ],
    [
      89,
      0.1626794258373206
    ],
    [
      90,
      0.189873417721519
    ],
    [
      91,
      0.16438356164383564
    ],
    [
      92,
      0.16666666666666669
    ],
    [
      93,
      0.24786324786324784
    ],
    [
      94,
      0.14379084967320263
    ],
    [
      95,
      0.23318385650224213
    ],
    [
      96,
      0.08333333333333333
    ],
    [
      97,
      0.15853658536585366
    ],
    [
      98,
      0.1643835616438356
    ],
    [
      99,
      0.21830985915492956
    ],
    [
      100,
      0.19767441860465118
    ],
    [
      101,
      0.2207792207792208
    ],
    [
      102,
      0.15217391304347827
    ],
    [
      103,
      0.21164021164021163
    ],
    [
      104,
      0.23448275862068965
    ],
    [
      105,
      0.22797927461139897
    ],
    [
      106,
      0.2347417840375587
    ],
    [
      107,
      0.20430107526881722
    ],
    [
      108,
      0.1904761904761905
    ],
    [
      109,
      0.12244897959183672
    ],
    [
      110,
      0.2033898305084746
    ],
    [
      111,
      0.21951219512195122
    ],
    [
      112,
      0.18784530386740333
    ],
    [
      113,
      0.19534883720930232
    ],
    [
      114,
      0.2612244897959184
    ],
    [
      115,
      0.1568627450980392
    ],
    [
      116,
      0.1641025641025641
    ],
    [
      117,
      0.1851851851851852
    ],
    [
      118,
      0.12578616352201258
    ],
    [
      119,
      0.20606060606060608
    ],
    [
      120,
      0.1264367816091954
    ],
    [
      121,
      0.18713450292397663
    ],
    [
      122,
      0.16289592760180996
    ],
    [
      123,
      0.2559241706161137
    ],
    [
      124,
      0.07142857142857142
    ],
    [
      125,
      0.2
    ],
    [
      126,
      0.19512195121951217
    ],
    [
      127,
      0.14201183431952663
    ],
    [
      128,
      0.21904761904761902
    ],
    [
      129,
      0.18072289156626506
    ],
    [
      130,
      0.18181818181818182
    ],
    [
      131,
      0.12048192771084336
    ],
    [
      132,
      0.20111731843575417
    ],
    [
      133,
      0.16666666666666666
    ],
    [
      134,
      0.2986425339366516
    ],
    [
      135,
      0.18439716312056736
    ],
    [
      136,
      0.17100371747211898
    ],
    [
      137,
      0.17073170731707318
    ],
    [
      138,
      0.23076923076923078
    ],
    [
      139,
      0.0670391061452514
    ],
    [
      140,
      0.16184971098265896
    ],
    [
      141,
      0.32258064516129037
    ],
    [
      142,
      0.17674418604651165
    ],
    [
      143,
      0.21524663677130043
    ],
    [
      144,
      0.18085106382978725
    ],
    [
      145,
      0.16455696202531644
    ],
    [
      146,
      0.24644549763033177
    ],
    [
      147,
      0.13612565445026178
    ],
    [
      148,
      0.1515151515151515
    ],
    [
      149,
      0.12865497076023394
    ],
    [
      150,
      0.1530054644808743
    ],
    [
      151,
      0.21164021164021166
    ],
    [
      152,
      0.15037593984962405
    ],
    [
      153,
      0.17105263157894737
    ],
    [
      154,
      0.15068493150684933
    ],
    [
      155,
      0.20430107526881724
    ],
    [
      156,
      0.16666666666666666
    ],
    [
      157,
      0.17647058823529413
    ],
    [
      158,
      0.21348314606741575
    ],
    [
      159,
      0.2077922077922078
    ],
    [
