{
  "dataset": "QMSum",
  "num_samples": 200,
  "rouge1": 0.24879761154211694,
  "rouge2": 0.05812926634584035,
  "rougeL": 0.1722207212762383,
  "rougeLsum": 0.1683883845719129,
  "per_sample_rougeL": [
    [
      0,
      0.013333333333333334
    ],
    [
      1,
      0.13930348258706468
    ],
    [
      2,
      0.19704433497536947
    ],
    [
      3,
      0.21951219512195122
    ],
    [
      4,
      0.11940298507462686
    ],
    [
      5,
      0.1884816753926702
    ],
    [
      6,
      0.1437125748502994
    ],
    [
      7,
      0.12048192771084336
    ],
    [
      8,
      0.20512820512820515
    ],
    [
      9,
      0.15483870967741936
    ],
    [
      10,
      0.17333333333333334
    ],
    [
      11,
      0.19704433497536944
    ],
    [
      12,
      0.20833333333333334
    ],
    [
      13,
      0.2842639593908629
    ],
    [
      14,
      0.061728395061728385
    ],
    [
      15,
      0.15483870967741933
    ],
    [
      16,
      0.19801980198019803
    ],
    [
      17,
      0.17045454545454547
    ],
    [
      18,
      0.18978102189781024
    ],
    [
      19,
      0.15730337078651685
    ],
    [
      20,
      0.1016949152542373
    ],
    [
      21,
      0.1927710843373494
    ],
    [
      22,
      0.09411764705882351
    ],
    [
      23,
      0.18181818181818182
    ],
    [
      24,
      0.17142857142857143
    ],
    [
      25,
      0.1792452830188679
    ],
    [
      26,
      0.1564245810055866
    ],
    [
      27,
      0.17721518987341772
    ],
    [
      28,
      0.08888888888888889
    ],
    [
      29,
      0.12658227848101264
    ],
    [
      30,
      0.11214953271028037
    ],
    [
      31,
      0.16
    ],
    [
      32,
      0.17708333333333334
    ],
    [
      33,
      0.2198952879581152
    ],
    [
      34,
      0.21250000000000002
    ],
    [
      35,
      0.19354838709677416
    ],
    [
      36,
      0.1714285714285714
    ],
    [
      37,
      0.18652849740932642
    ],
    [
      38,
      0.1282051282051282
    ],
    [
      39,
      0.12080536912751677
    ],
    [
      40,
      0.22222222222222224
    ],
    [
      41,
      0.1509433962264151
    ],
    [
      42,
      0.13333333333333333
    ],
    [
      43,
      0.15384615384615385
    ],
    [
      44,
      0.1925925925925926
    ],
    [
      45,
      0.21794871794871792
    ],
    [
      46,
      0.175609756097561
    ],
    [
      47,
      0.1836734693877551
    ],
    [
      48,
      0.18292682926829268
    ],
    [
      49,
      0.20118343195266272
    ],
    [
      50,
      0.1797752808988764
    ],
    [
      51,
      0.29245283018867924
    ],
    [
      52,
      0.17218543046357615
    ],
    [
      53,
      0.12345679012345678
    ],
    [
      54,
      0.23121387283236997
    ],
    [
      55,
      0.16184971098265896
    ],
    [
      56,
      0.11764705882352942
    ],
    [
      57,
      0.12565445026178013
    ],
    [
      58,
      0.16
    ],
    [
      59,
      0.16393442622950818
    ],
    [
      60,
      0.18994413407821228
    ],
    [
      61,
      0.2303030303030303
    ],
    [
      62,
      0.23220973782771537
    ],
    [
      63,
      0.1951219512195122
    ],
    [
      64,
      0.23611111111111116
    ],
    [
      65,
      0.22641509433962267
    ],
    [
      66,
      0.3191489361702128
    ],
    [
      67,
      0.17937219730941706
    ],
    [
      68,
      0.15217391304347827
    ],
    [
      69,
      0.15894039735099338
    ],
    [
      70,
      0.2312925170068027
    ],
    [
      71,
      0.10062893081761007
    ],
    [
      72,
      0.16666666666666666
    ],
    [
      73,
      0.2153846153846154
    ],
    [
      74,
      0.14193548387096772
    ],
    [
      75,
      0.16981132075471697
    ],
    [
      76,
      0.18719211822660098
    ],
    [
      77,
      0.12162162162162161
    ],
    [
      78,
      0.1847826086956522
    ],
    [
      79,
      0.15204678362573099
    ],
    [
      80,
      0.1188118811881188
    ],
    [
      81,
      0.15873015873015872
    ],
    [
      82,
      0.24369747899159666
    ],
    [
      83,
      0.12903225806451615
    ],
    [
      84,
      0.1990049751243781
    ],
    [
      85,
      0.24390243902439024
    ],
    [
      86,
      0.18106995884773663
    ],
    [
      87,
      0.227027027027027
    ],
    [
      88,
      0.17543859649122806
    ],
    [
      89,
      0.1951219512195122
    ],
    [
      90,
      0.2807017543859649
    ],
    [
      91,
      0.12000000000000001
    ],
    [
      92,
      0.18497109826589597
    ],
    [
      93,
      0.25862068965517243
    ],
    [
      94,
      0.12578616352201258
    ],
    [
      95,
      0.07960199004975124
    ],
    [
      96,
      0.15254237288135594
    ],
    [
      97,
      0.14634146341463417
    ],
    [
      98,
      0.18848167539267013
    ],
    [
      99,
      0.1793103448275862
    ],
    [
      100,
      0.13953488372093023
    ],
    [
      101,
      0.17391304347826086
    ],
    [
      102,
      0.1473684210526316
    ],
    [
      103,
      0.21621621621621623
    ],
    [
      104,
      0.1986754966887417
    ],
    [
      105,
      0.22916666666666669
    ],
    [
      106,
      0.15525114155251143
    ],
    [
      107,
      0.2185792349726776
    ],
    [
      108,
      0.1939393939393939
    ],
    [
      109,
      0.16666666666666669
    ],
    [
      110,
      0.17341040462427748
    ],
    [
      111,
      0.2105263157894737
    ],
    [
      112,
      0.1694915254237288
    ],
    [
      113,
      0.18095238095238092
    ],
    [
      114,
      0.23577235772357721
    ],
    [
      115,
      0.18181818181818182
    ],
    [
      116,
      0.19289340101522842
    ],
    [
      117,
      0.23863636363636362
    ],
    [
      118,
      0.15894039735099338
    ],
    [
      119,
      0.20118343195266272
    ],
    [
      120,
      0.1564245810055866
    ],
    [
      121,
      0.10144927536231883
    ],
    [
      122,
      0.15929203539823011
    ],
    [
      123,
      0.24644549763033177
    ],
    [
      124,
      0.11034482758620691
    ],
    [
      125,
      0.10457516339869283
    ],
    [
      126,
      0.19858156028368795
    ],
    [
      127,
      0.1728395061728395
    ],
    [
      128,
      0.21904761904761902
    ],
    [
      129,
      0.19631901840490798
    ],
    [
      130,
      0.18181818181818182
    ],
    [
      131,
      0.13173652694610777
    ],
    [
      132,
      0.1899441340782123
    ],
    [
      133,
      0.1509433962264151
    ],
    [
      134,
      0.047619047619047616
    ],
    [
      135,
      0.14864864864864866
    ],
    [
      136,
      0.16603773584905662
    ],
    [
      137,
      0.1728395061728395
    ],
    [
      138,
      0.22099447513812157
    ],
    [
      139,
      0.07407407407407407
    ],
    [
      140,
      0.058823529411764705
    ],
    [
      141,
      0.3315508021390374
    ],
    [
      142,
      0.11162790697674418
    ],
    [
      143,
      0.20444444444444443
    ],
    [
      144,
      0.13541666666666669
    ],
    [
      145,
      0.1699346405228758
    ],
    [
      146,
      0.24884792626728108
    ],
    [
      147,
      0.1497326203208556
    ],
    [
      148,
      0.11111111111111112
    ],
    [
      149,
      0.1411764705882353
    ],
    [
      150,
      0.12162162162162163
    ],
    [
      151,
      0.21857923497267756
    ],
    [
      152,
      0.19047619047619047
    ],
    [
      153,
      0.17333333333333334
    ],
    [
      154,
      0.13793103448275862
    ],
    [
      155,
      0.2810810810810811
    ],
    [
      156,
      0.12080536912751678
    ],
    [
      157,
      0.1904761904761905
    ],
    [
      158,
      0.2105263157894737
    ],
    [
      159,
