{
  "dataset": "QMSum",
  "num_samples": 200,
  "rouge1": 0.26409207076752267,
  "rouge2": 0.05903748571544056,
  "rougeL": 0.1778677260553292,
  "rougeLsum": 0.1751076248693898,
  "per_sample_rougeL": [
    [
      0,
      0.1651376146788991
    ],
    [
      1,
      0.1875
    ],
    [
      2,
      0.198019801980198
    ],
    [
      3,
      0.2011173184357542
    ],
    [
      4,
      0.11940298507462686
    ],
    [
      5,
      0.22797927461139897
    ],
    [
      6,
      0.13173652694610777
    ],
    [
      7,
      0.13414634146341461
    ],
    [
      8,
      0.2165605095541401
    ],
    [
      9,
      0.15894039735099336
    ],
    [
      10,
      0.21476510067114096
    ],
    [
      11,
      0.21463414634146338
    ],
    [
      12,
      0.20547945205479454
    ],
    [
      13,
      0.22564102564102564
    ],
    [
      14,
      0.061728395061728385
    ],
    [
      15,
      0.19736842105263155
    ],
    [
      16,
      0.20689655172413793
    ],
    [
      17,
      0.22222222222222224
    ],
    [
      18,
      0.16666666666666666
    ],
    [
      19,
      0.16091954022988506
    ],
    [
      20,
      0.13333333333333333
    ],
    [
      21,
      0.16551724137931034
    ],
    [
      22,
      0.11627906976744184
    ],
    [
      23,
      0.2515723270440252
    ],
    [
      24,
      0.12631578947368421
    ],
    [
      25,
      0.19383259911894274
    ],
    [
      26,
      0.1694915254237288
    ],
    [
      27,
      0.14569536423841062
    ],
    [
      28,
      0.08791208791208792
    ],
    [
      29,
      0.1818181818181818
    ],
    [
      30,
      0.11111111111111112
    ],
    [
      31,
      0.16883116883116883
    ],
    [
      32,
      0.19148936170212766
    ],
    [
      33,
      0.2094240837696335
    ],
    [
      34,
      0.17283950617283947
    ],
    [
      35,
      0.1437125748502994
    ],
    [
      36,
      0.1839080459770115
    ],
    [
      37,
      0.17616580310880828
    ],
    [
      38,
      0.14864864864864866
    ],
    [
      39,
      0.13986013986013987
    ],
    [
      40,
      0.2198952879581152
    ],
    [
      41,
      0.17224880382775118
    ],
    [
      42,
      0.13145539906103287
    ],
    [
      43,
      0.2790697674418604
    ],
    [
      44,
      0.11612903225806452
    ],
    [
      45,
      0.22784810126582278
    ],
    [
      46,
      0.1435406698564593
    ],
    [
      47,
      0.17391304347826086
    ],
    [
      48,
      0.16374269005847952
    ],
    [
      49,
      0.15476190476190477
    ],
    [
      50,
      0.1839080459770115
    ],
    [
      51,
      0.17560975609756097
    ],
    [
      52,
      0.15789473684210528
    ],
    [
      53,
      0.18064516129032257
    ],
    [
      54,
      0.23255813953488377
    ],
    [
      55,
      0.13259668508287292
    ],
    [
      56,
      0.16326530612244897
    ],
    [
      57,
      0.18652849740932642
    ],
    [
      58,
      0.16279069767441862
    ],
    [
      59,
      0.160427807486631
    ],
    [
      60,
      0.20809248554913293
    ],
    [
      61,
      0.2331288343558282
    ],
    [
      62,
      0.2686567164179104
    ],
    [
      63,
      0.19753086419753085
    ],
    [
      64,
      0.18181818181818182
    ],
    [
      65,
      0.2077922077922078
    ],
    [
      66,
      0.27027027027027023
    ],
    [
      67,
      0.2385321100917431
    ],
    [
      68,
      0.1758241758241758
    ],
    [
      69,
      0.3076923076923077
    ],
    [
      70,
      0.21428571428571427
    ],
    [
      71,
      0.15294117647058822
    ],
    [
      72,
      0.17218543046357615
    ],
    [
      73,
      0.2142857142857143
    ],
    [
      74,
      0.12162162162162161
    ],
    [
      75,
      0.20465116279069767
    ],
    [
      76,
      0.18627450980392157
    ],
    [
      77,
      0.10738255033557048
    ],
    [
      78,
      0.20320855614973263
    ],
    [
      79,
      0.1477272727272727
    ],
    [
      80,
      0.1188118811881188
    ],
    [
      81,
      0.1958762886597938
    ],
    [
      82,
      0.23673469387755103
    ],
    [
      83,
      0.1375
    ],
    [
      84,
      0.1809045226130653
    ],
    [
      85,
      0.22999999999999995
    ],
    [
      86,
      0.20168067226890757
    ],
    [
      87,
      0.2033898305084746
    ],
    [
      88,
      0.18181818181818182
    ],
    [
      89,
      0.17061611374407584
    ],
    [
      90,
      0.21164021164021163
    ],
    [
      91,
      0.13793103448275862
    ],
    [
      92,
      0.2
    ],
    [
      93,
      0.24786324786324784
    ],
    [
      94,
      0.10191082802547771
    ],
    [
      95,
      0.2072072072072072
    ],
    [
      96,
      0.08333333333333333
    ],
    [
      97,
      0.16766467065868265
    ],
    [
      98,
      0.17977528089887643
    ],
    [
      99,
      0.22837370242214533
    ],
    [
      100,
      0.13953488372093023
    ],
    [
      101,
      0.21621621621621623
    ],
    [
      102,
      0.15217391304347827
    ],
    [
      103,
      0.2021276595744681
    ],
    [
      104,
      0.1986754966887417
    ],
    [
      105,
      0.23036649214659685
    ],
    [
      106,
      0.24107142857142858
    ],
    [
      107,
      0.20540540540540542
    ],
    [
      108,
      0.19653179190751444
    ],
    [
      109,
      0.1232876712328767
    ],
    [
      110,
      0.18497109826589594
    ],
    [
      111,
      0.19672131147540983
    ],
    [
      112,
      0.18285714285714283
    ],
    [
      113,
      0.20853080568720378
    ],
    [
      114,
      0.2510460251046025
    ],
    [
      115,
      0.18300653594771243
    ],
    [
      116,
      0.19387755102040816
    ],
    [
      117,
      0.20809248554913298
    ],
    [
      118,
      0.12658227848101264
    ],
    [
      119,
      0.19277108433734938
    ],
    [
      120,
      0.0935672514619883
    ],
    [
      121,
      0.17751479289940827
    ],
    [
      122,
      0.16289592760180996
    ],
    [
      123,
      0.24644549763033177
    ],
    [
      124,
      0.07142857142857142
    ],
    [
      125,
      0.1437125748502994
    ],
    [
      126,
      0.2181818181818182
    ],
    [
      127,
      0.13173652694610777
    ],
    [
      128,
      0.19323671497584538
    ],
    [
      129,
      0.17283950617283952
    ],
    [
      130,
      0.16304347826086957
    ],
    [
      131,
      0.13414634146341461
    ],
    [
      132,
      0.22598870056497175
    ],
    [
      133,
      0.15286624203821655
    ],
    [
      134,
      0.28440366972477066
    ],
    [
      135,
      0.1830065359477124
    ],
    [
      136,
      0.1818181818181818
    ],
    [
      137,
      0.16149068322981366
    ],
    [
      138,
      0.22099447513812157
    ],
    [
      139,
      0.07017543859649121
    ],
    [
      140,
      0.15028901734104044
    ],
    [
      141,
      0.3052631578947369
    ],
    [
      142,
      0.17061611374407581
    ],
    [
      143,
      0.2201834862385321
    ],
    [
      144,
      0.12631578947368421
    ],
    [
      145,
      0.16249999999999998
    ],
    [
      146,
      0.24884792626728108
    ],
    [
      147,
      0.15789473684210525
    ],
    [
      148,
      0.13043478260869565
    ],
    [
      149,
      0.13333333333333333
    ],
    [
      150,
      0.19101123595505617
    ],
    [
      151,
      0.21621621621621623
    ],
    [
      152,
      0.16296296296296295
    ],
    [
      153,
      0.18300653594771243
    ],
    [
      154,
      0.1276595744680851
    ],
    [
      155,
      0.25136612021857924
    ],
    [
      156,
      0.16915422885572137
    ],
    [
      157,
      0.1342281879194631
    ],
    [
      158,
      0.20224719101123595
    ],
    [
      159,
