{
  "dataset": "QMSum",
  "num_samples": 200,
  "rouge1": 0.27408998575653026,
  "rouge2": 0.0623321234445994,
  "rougeL": 0.1834862282902951,
  "rougeLsum": 0.17982828890429475,
  "per_sample_rougeL": [
    [
      0,
      0.16666666666666666
    ],
    [
      1,
      0.18652849740932645
    ],
    [
      2,
      0.18090452261306533
    ],
    [
      3,
      0.18994413407821228
    ],
    [
      4,
      0.13432835820895522
    ],
    [
      5,
      0.2210526315789474
    ],
    [
      6,
      0.13173652694610777
    ],
    [
      7,
      0.08383233532934131
    ],
    [
      8,
      0.1656050955414013
    ],
    [
      9,
      0.1294964028776978
    ],
    [
      10,
      0.22818791946308725
    ],
    [
      11,
      0.20792079207920794
    ],
    [
      12,
      0.20689655172413793
    ],
    [
      13,
      0.24742268041237106
    ],
    [
      14,
      0.23963133640552992
    ],
    [
      15,
      0.19736842105263155
    ],
    [
      16,
      0.19607843137254902
    ],
    [
      17,
      0.19653179190751446
    ],
    [
      18,
      0.18840579710144928
    ],
    [
      19,
      0.15555555555555556
    ],
    [
      20,
      0.14457831325301204
    ],
    [
      21,
      0.18666666666666665
    ],
    [
      22,
      0.10465116279069768
    ],
    [
      23,
      0.25641025641025644
    ],
    [
      24,
      0.12631578947368421
    ],
    [
      25,
      0.20600858369098712
    ],
    [
      26,
      0.11111111111111112
    ],
    [
      27,
      0.1568627450980392
    ],
    [
      28,
      0.08791208791208792
    ],
    [
      29,
      0.19277108433734938
    ],
    [
      30,
      0.11111111111111112
    ],
    [
      31,
      0.1891891891891892
    ],
    [
      32,
      0.29508196721311475
    ],
    [
      33,
      0.19095477386934673
    ],
    [
      34,
      0.17283950617283947
    ],
    [
      35,
      0.15384615384615385
    ],
    [
      36,
      0.1807909604519774
    ],
    [
      37,
      0.16842105263157894
    ],
    [
      38,
      0.16
    ],
    [
      39,
      0.19178082191780824
    ],
    [
      40,
      0.18848167539267013
    ],
    [
      41,
      0.1971830985915493
    ],
    [
      42,
      0.1851851851851852
    ],
    [
      43,
      0.2222222222222222
    ],
    [
      44,
      0.15476190476190477
    ],
    [
      45,
      0.22784810126582278
    ],
    [
      46,
      0.1435406698564593
    ],
    [
      47,
      0.1739130434782609
    ],
    [
      48,
      0.21301775147928995
    ],
    [
      49,
      0.23188405797101447
    ],
    [
      50,
      0.20118343195266272
    ],
    [
      51,
      0.17560975609756097
    ],
    [
      52,
      0.13333333333333333
    ],
    [
      53,
      0.15384615384615385
    ],
    [
      54,
      0.24277456647398843
    ],
    [
      55,
      0.13114754098360656
    ],
    [
      56,
      0.16666666666666666
    ],
    [
      57,
      0.18652849740932642
    ],
    [
      58,
      0.1176470588235294
    ],
    [
      59,
      0.160427807486631
    ],
    [
      60,
      0.19101123595505615
    ],
    [
      61,
      0.20606060606060606
    ],
    [
      62,
      0.26022304832713755
    ],
    [
      63,
      0.1437125748502994
    ],
    [
      64,
      0.16560509554140124
    ],
    [
      65,
      0.203125
    ],
    [
      66,
      0.3225806451612903
    ],
    [
      67,
      0.2727272727272727
    ],
    [
      68,
      0.15217391304347827
    ],
    [
      69,
      0.31213872832369943
    ],
    [
      70,
      0.21428571428571427
    ],
    [
      71,
      0.16374269005847952
    ],
    [
      72,
      0.18918918918918917
    ],
    [
      73,
      0.20408163265306123
    ],
    [
      74,
      0.1342281879194631
    ],
    [
      75,
      0.21004566210045664
    ],
    [
      76,
      0.14563106796116507
    ],
    [
      77,
      0.10457516339869281
    ],
    [
      78,
      0.2446808510638298
    ],
    [
      79,
      0.1564245810055866
    ],
    [
      80,
      0.15789473684210525
    ],
    [
      81,
      0.1752577319587629
    ],
    [
      82,
      0.25423728813559315
    ],
    [
      83,
      0.1375
    ],
    [
      84,
      0.1809045226130653
    ],
    [
      85,
      0.22000000000000003
    ],
    [
      86,
      0.19166666666666665
    ],
    [
      87,
      0.2033898305084746
    ],
    [
      88,
      0.17316017316017315
    ],
    [
      89,
      0.17224880382775118
    ],
    [
      90,
      0.1830065359477124
    ],
    [
      91,
      0.13793103448275862
    ],
    [
      92,
      0.2
    ],
    [
      93,
      0.24786324786324784
    ],
    [
      94,
      0.10457516339869281
    ],
    [
      95,
      0.25112107623318386
    ],
    [
      96,
      0.21848739495798317
    ],
    [
      97,
      0.15853658536585366
    ],
    [
      98,
      0.17977528089887643
    ],
    [
      99,
      0.22837370242214533
    ],
    [
      100,
      0.1807909604519774
    ],
    [
      101,
      0.2207792207792208
    ],
    [
      102,
      0.18579234972677594
    ],
    [
      103,
      0.19999999999999998
    ],
    [
      104,
      0.2328767123287671
    ],
    [
      105,
      0.24210526315789474
    ],
    [
      106,
      0.2304147465437788
    ],
    [
      107,
      0.21276595744680848
    ],
    [
      108,
      0.19767441860465118
    ],
    [
      109,
      0.13605442176870747
    ],
    [
      110,
      0.21468926553672316
    ],
    [
      111,
      0.19672131147540983
    ],
    [
      112,
      0.1767955801104972
    ],
    [
      113,
      0.21395348837209305
    ],
    [
      114,
      0.2682926829268293
    ],
    [
      115,
      0.15789473684210525
    ],
    [
      116,
      0.16243654822335024
    ],
    [
      117,
      0.1851851851851852
    ],
    [
      118,
      0.15286624203821655
    ],
    [
      119,
      0.1875
    ],
    [
      120,
      0.13872832369942195
    ],
    [
      121,
      0.18713450292397663
    ],
    [
      122,
      0.17857142857142855
    ],
    [
      123,
      0.25471698113207547
    ],
    [
      124,
      0.09022556390977443
    ],
    [
      125,
      0.16184971098265893
    ],
    [
      126,
      0.19631901840490798
    ],
    [
      127,
      0.14457831325301204
    ],
    [
      128,
      0.21904761904761902
    ],
    [
      129,
      0.18072289156626506
    ],
    [
      130,
      0.16042780748663102
    ],
    [
      131,
      0.12269938650306747
    ],
    [
      132,
      0.22598870056497175
    ],
    [
      133,
      0.16666666666666666
    ],
    [
      134,
      0.28440366972477066
    ],
    [
      135,
      0.18918918918918917
    ],
    [
      136,
      0.2462686567164179
    ],
    [
      137,
      0.1927710843373494
    ],
    [
      138,
      0.22099447513812157
    ],
    [
      139,
      0.0670391061452514
    ],
    [
      140,
      0.15028901734104044
    ],
    [
      141,
      0.3068783068783069
    ],
    [
      142,
      0.1596244131455399
    ],
    [
      143,
      0.2262443438914027
    ],
    [
      144,
      0.18085106382978725
    ],
    [
      145,
      0.15286624203821655
    ],
    [
      146,
      0.25116279069767444
    ],
    [
      147,
      0.13612565445026178
    ],
    [
      148,
      0.13636363636363635
    ],
    [
      149,
      0.1317365269461078
    ],
    [
      150,
      0.20338983050847456
    ],
    [
      151,
      0.21739130434782608
    ],
    [
      152,
      0.13636363636363635
    ],
    [
      153,
      0.15894039735099336
    ],
    [
      154,
      0.13513513513513514
    ],
    [
      155,
      0.26229508196721313
    ],
    [
      156,
      0.17647058823529413
    ],
    [
      157,
      0.12000000000000001
    ],
    [
      158,
      0.2185792349726776
    ],
    [
      159,
      0.19354838709677416
    ],
    [
