{
  "dataset": "QMSum",
  "num_samples": 200,
  "rouge1": 0.23153499720465237,
  "rouge2": 0.05149860215824713,
  "rougeL": 0.16314858126544876,
  "rougeLsum": 0.1566894565023199,
  "per_sample_rougeL": [
    [
      0,
      0.11764705882352941
    ],
    [
      1,
      0.13999999999999999
    ],
    [
      2,
      0.14432989690721648
    ],
    [
      3,
      0.048192771084337345
    ],
    [
      4,
      0.07575757575757576
    ],
    [
      5,
      0.17801047120418848
    ],
    [
      6,
      0.11695906432748537
    ],
    [
      7,
      0.09467455621301776
    ],
    [
      8,
      0.15602836879432624
    ],
    [
      9,
      0.16176470588235295
    ],
    [
      10,
      0.09859154929577463
    ],
    [
      11,
      0.2288557213930348
    ],
    [
      12,
      0.1940298507462687
    ],
    [
      13,
      0.17708333333333331
    ],
    [
      14,
      0.18691588785046728
    ],
    [
      15,
      0.15384615384615385
    ],
    [
      16,
      0.1650485436893204
    ],
    [
      17,
      0.24836601307189538
    ],
    [
      18,
      0.21014492753623187
    ],
    [
      19,
      0.1016949152542373
    ],
    [
      20,
      0.12048192771084337
    ],
    [
      21,
      0.1927710843373494
    ],
    [
      22,
      0.041666666666666664
    ],
    [
      23,
      0.23376623376623376
    ],
    [
      24,
      0.14583333333333334
    ],
    [
      25,
      0.12307692307692307
    ],
    [
      26,
      0.0880503144654088
    ],
    [
      27,
      0.07017543859649122
    ],
    [
      28,
      0.08888888888888889
    ],
    [
      29,
      0.12371134020618557
    ],
    [
      30,
      0.11320754716981132
    ],
    [
      31,
      0.19310344827586204
    ],
    [
      32,
      0.2594594594594595
    ],
    [
      33,
      0.15625
    ],
    [
      34,
      0.21250000000000002
    ],
    [
      35,
      0.20454545454545456
    ],
    [
      36,
      0.1965317919075145
    ],
    [
      37,
      0.21276595744680854
    ],
    [
      38,
      0.15384615384615385
    ],
    [
      39,
      0.2068965517241379
    ],
    [
      40,
      0.13861386138613863
    ],
    [
      41,
      0.20388349514563106
    ],
    [
      42,
      0.11214953271028037
    ],
    [
      43,
      0.1732283464566929
    ],
    [
      44,
      0.12790697674418602
    ],
    [
      45,
      0.1834862385321101
    ],
    [
      46,
      0.1306532663316583
    ],
    [
      47,
      0.15000000000000002
    ],
    [
      48,
      0.21359223300970875
    ],
    [
      49,
      0.19393939393939394
    ],
    [
      50,
      0.17777777777777778
    ],
    [
      51,
      0.3004694835680751
    ],
    [
      52,
      0.09937888198757763
    ],
    [
      53,
      0.1566265060240964
    ],
    [
      54,
      0.22485207100591717
    ],
    [
      55,
      0.1914893617021277
    ],
    [
      56,
      0.1267605633802817
    ],
    [
      57,
      0.1229050279329609
    ],
    [
      58,
      0.1694915254237288
    ],
    [
      59,
      0.18181818181818182
    ],
    [
      60,
      0.23463687150837986
    ],
    [
      61,
      0.1764705882352941
    ],
    [
      62,
      0.21582733812949637
    ],
    [
      63,
      0.22891566265060243
    ],
    [
      64,
      0.2038216560509554
    ],
    [
      65,
      0.22641509433962267
    ],
    [
      66,
      0.28723404255319146
    ],
    [
      67,
      0.17937219730941706
    ],
    [
      68,
      0.1325966850828729
    ],
    [
      69,
      0.30232558139534876
    ],
    [
      70,
      0.2312925170068027
    ],
    [
      71,
      0.1420118343195266
    ],
    [
      72,
      0.1699346405228758
    ],
    [
      73,
      0.18652849740932642
    ],
    [
      74,
      0.16993464052287582
    ],
    [
      75,
      0.1509433962264151
    ],
    [
      76,
      0.2048780487804878
    ],
    [
      77,
      0.10666666666666667
    ],
    [
      78,
      0.22702702702702704
    ],
    [
      79,
      0.125
    ],
    [
      80,
      0.1188118811881188
    ],
    [
      81,
      0.18085106382978725
    ],
    [
      82,
      0.1596638655462185
    ],
    [
      83,
      0.1045751633986928
    ],
    [
      84,
      0.15
    ],
    [
      85,
      0.19289340101522842
    ],
    [
      86,
      0.19841269841269843
    ],
    [
      87,
      0.2340425531914893
    ],
    [
      88,
      0.16521739130434784
    ],
    [
      89,
      0.1951219512195122
    ],
    [
      90,
      0.22340425531914893
    ],
    [
      91,
      0.11764705882352941
    ],
    [
      92,
      0.19047619047619047
    ],
    [
      93,
      0.25862068965517243
    ],
    [
      94,
      0.19580419580419584
    ],
    [
      95,
      0.2017543859649123
    ],
    [
      96,
      0.2092050209205021
    ],
    [
      97,
      0.1437908496732026
    ],
    [
      98,
      0.19791666666666666
    ],
    [
      99,
      0.2465753424657534
    ],
    [
      100,
      0.17297297297297298
    ],
    [
      101,
      0.15625
    ],
    [
      102,
      0.11702127659574468
    ],
    [
      103,
      0.2127659574468085
    ],
    [
      104,
      0.20915032679738566
    ],
    [
      105,
      0.09090909090909091
    ],
    [
      106,
      0.1735159817351598
    ],
    [
      107,
      0.1956521739130435
    ],
    [
      108,
      0.25142857142857145
    ],
    [
      109,
      0.1793103448275862
    ],
    [
      110,
      0.1988950276243094
    ],
    [
      111,
      0.13215859030837004
    ],
    [
      112,
      0.27956989247311825
    ],
    [
      113,
      0.14432989690721648
    ],
    [
      114,
      0.10810810810810811
    ],
    [
      115,
      0.18181818181818182
    ],
    [
      116,
      0.11
    ],
    [
      117,
      0.2162162162162162
    ],
    [
      118,
      0.11764705882352941
    ],
    [
      119,
      0.11764705882352942
    ],
    [
      120,
      0.09756097560975609
    ],
    [
      121,
      0.10144927536231883
    ],
    [
      122,
      0.14678899082568808
    ],
    [
      123,
      0.23696682464454977
    ],
    [
      124,
      0.13333333333333333
    ],
    [
      125,
      0.10457516339869283
    ],
    [
      126,
      0.20408163265306123
    ],
    [
      127,
      0.1818181818181818
    ],
    [
      128,
      0.21359223300970873
    ],
    [
      129,
      0.1481481481481481
    ],
    [
      130,
      0.2087912087912088
    ],
    [
      131,
      0.10650887573964497
    ],
    [
      132,
      0.1888888888888889
    ],
    [
      133,
      0.039603960396039604
    ],
    [
      134,
      0.18691588785046728
    ],
    [
      135,
      0.1678321678321678
    ],
    [
      136,
      0.1374045801526718
    ],
    [
      137,
      0.1818181818181818
    ],
    [
      138,
      0.24043715846994537
    ],
    [
      139,
      0.13043478260869565
    ],
    [
      140,
      0.058823529411764705
    ],
    [
      141,
      0.3222222222222222
    ],
    [
      142,
      0.1488372093023256
    ],
    [
      143,
      0.17699115044247787
    ],
    [
      144,
      0.0625
    ],
    [
      145,
      0.11235955056179775
    ],
    [
      146,
      0.2616822429906542
    ],
    [
      147,
      0.1297297297297297
    ],
    [
      148,
      0.0967741935483871
    ],
    [
      149,
      0.125
    ],
    [
      150,
      0.12162162162162163
    ],
    [
      151,
      0.21621621621621623
    ],
    [
      152,
      0.21138211382113822
    ],
    [
      153,
      0.16993464052287582
    ],
    [
      154,
      0.12080536912751677
    ],
    [
      155,
      0.0851063829787234
    ],
    [
      156,
      0.11560693641618497
    ],
    [
      157,
      0.1081081081081081
    ],
    [
      158,
      0.18085106382978722
    ],
    [
      159,
      0.19736842105263158
    ],
    [
      160,
      0.12941176470588234
    ],
