{
  "dataset": "QMSum",
  "num_samples": 200,
  "rouge1": 0.2772363038298945,
  "rouge2": 0.062269018156520126,
  "rougeL": 0.18541444783860117,
  "rougeLsum": 0.18256503328966645,
  "per_sample_rougeL": [
    [
      0,
      0.21428571428571427
    ],
    [
      1,
      0.20618556701030927
    ],
    [
      2,
      0.19900497512437812
    ],
    [
      3,
      0.17045454545454547
    ],
    [
      4,
      0.13636363636363638
    ],
    [
      5,
      0.21390374331550802
    ],
    [
      6,
      0.1301775147928994
    ],
    [
      7,
      0.10909090909090909
    ],
    [
      8,
      0.21794871794871798
    ],
    [
      9,
      0.130718954248366
    ],
    [
      10,
      0.22818791946308725
    ],
    [
      11,
      0.20792079207920794
    ],
    [
      12,
      0.21582733812949637
    ],
    [
      13,
      0.2268041237113402
    ],
    [
      14,
      0.25
    ],
    [
      15,
      0.13071895424836602
    ],
    [
      16,
      0.21153846153846154
    ],
    [
      17,
      0.175
    ],
    [
      18,
      0.18115942028985504
    ],
    [
      19,
      0.16574585635359115
    ],
    [
      20,
      0.14285714285714285
    ],
    [
      21,
      0.1733333333333333
    ],
    [
      22,
      0.11695906432748537
    ],
    [
      23,
      0.2515723270440252
    ],
    [
      24,
      0.13756613756613756
    ],
    [
      25,
      0.22222222222222224
    ],
    [
      26,
      0.16759776536312848
    ],
    [
      27,
      0.15584415584415584
    ],
    [
      28,
      0.1708542713567839
    ],
    [
      29,
      0.19277108433734938
    ],
    [
      30,
      0.25925925925925924
    ],
    [
      31,
      0.2097902097902098
    ],
    [
      32,
      0.29508196721311475
    ],
    [
      33,
      0.1798941798941799
    ],
    [
      34,
      0.17283950617283947
    ],
    [
      35,
      0.21105527638190952
    ],
    [
      36,
      0.1807909604519774
    ],
    [
      37,
      0.1789473684210526
    ],
    [
      38,
      0.15686274509803919
    ],
    [
      39,
      0.16666666666666666
    ],
    [
      40,
      0.18947368421052632
    ],
    [
      41,
      0.15311004784688997
    ],
    [
      42,
      0.1722488038277512
    ],
    [
      43,
      0.2222222222222222
    ],
    [
      44,
      0.1954022988505747
    ],
    [
      45,
      0.21951219512195122
    ],
    [
      46,
      0.1435406698564593
    ],
    [
      47,
      0.16304347826086957
    ],
    [
      48,
      0.2011173184357542
    ],
    [
      49,
      0.21686746987951808
    ],
    [
      50,
      0.1839080459770115
    ],
    [
      51,
      0.1951219512195122
    ],
    [
      52,
      0.1699346405228758
    ],
    [
      53,
      0.13924050632911392
    ],
    [
      54,
      0.22988505747126434
    ],
    [
      55,
      0.11678832116788321
    ],
    [
      56,
      0.14473684210526316
    ],
    [
      57,
      0.18947368421052632
    ],
    [
      58,
      0.1566265060240964
    ],
    [
      59,
      0.16129032258064516
    ],
    [
      60,
      0.20118343195266272
    ],
    [
      61,
      0.20359281437125748
    ],
    [
      62,
      0.25563909774436094
    ],
    [
      63,
      0.18867924528301885
    ],
    [
      64,
      0.1794871794871795
    ],
    [
      65,
      0.2105263157894737
    ],
    [
      66,
      0.2841530054644809
    ],
    [
      67,
      0.29090909090909084
    ],
    [
      68,
      0.17486338797814205
    ],
    [
      69,
      0.3508771929824561
    ],
    [
      70,
      0.21428571428571427
    ],
    [
      71,
      0.16374269005847952
    ],
    [
      72,
      0.17834394904458598
    ],
    [
      73,
      0.22110552763819094
    ],
    [
      74,
      0.10884353741496598
    ],
    [
      75,
      0.2090909090909091
    ],
    [
      76,
      0.1435897435897436
    ],
    [
      77,
      0.12080536912751677
    ],
    [
      78,
      0.1092896174863388
    ],
    [
      79,
      0.14942528735632185
    ],
    [
      80,
      0.18749999999999997
    ],
    [
      81,
      0.1761658031088083
    ],
    [
      82,
      0.17283950617283952
    ],
    [
      83,
      0.1509433962264151
    ],
    [
      84,
      0.2048780487804878
    ],
    [
      85,
      0.22660098522167488
    ],
    [
      86,
      0.19672131147540983
    ],
    [
      87,
      0.24444444444444446
    ],
    [
      88,
      0.20560747663551404
    ],
    [
      89,
      0.1895734597156398
    ],
    [
      90,
      0.20430107526881722
    ],
    [
      91,
      0.16666666666666669
    ],
    [
      92,
      0.1871345029239766
    ],
    [
      93,
      0.23076923076923078
    ],
    [
      94,
      0.14379084967320263
    ],
    [
      95,
      0.242152466367713
    ],
    [
      96,
      0.23529411764705882
    ],
    [
      97,
      0.15853658536585366
    ],
    [
      98,
      0.18848167539267013
    ],
    [
      99,
      0.21830985915492956
    ],
    [
      100,
      0.21428571428571427
    ],
    [
      101,
      0.2207792207792208
    ],
    [
      102,
      0.18279569892473116
    ],
    [
      103,
      0.20320855614973263
    ],
    [
      104,
      0.1842105263157895
    ],
    [
      105,
      0.2222222222222222
    ],
    [
      106,
      0.24
    ],
    [
      107,
      0.19999999999999998
    ],
    [
      108,
      0.2064516129032258
    ],
    [
      109,
      0.11920529801324503
    ],
    [
      110,
      0.1530054644808743
    ],
    [
      111,
      0.21951219512195122
    ],
    [
      112,
      0.16304347826086954
    ],
    [
      113,
      0.20465116279069764
    ],
    [
      114,
      0.275
    ],
    [
      115,
      0.16774193548387098
    ],
    [
      116,
      0.18999999999999997
    ],
    [
      117,
      0.22471910112359553
    ],
    [
      118,
      0.12738853503184713
    ],
    [
      119,
      0.20606060606060608
    ],
    [
      120,
      0.13714285714285715
    ],
    [
      121,
      0.17543859649122806
    ],
    [
      122,
      0.16740088105726872
    ],
    [
      123,
      0.25471698113207547
    ],
    [
      124,
      0.08391608391608392
    ],
    [
      125,
      0.17543859649122806
    ],
    [
      126,
      0.20606060606060608
    ],
    [
      127,
      0.13496932515337423
    ],
    [
      128,
      0.22115384615384615
    ],
    [
      129,
      0.18300653594771243
    ],
    [
      130,
      0.18181818181818182
    ],
    [
      131,
      0.16867469879518074
    ],
    [
      132,
      0.20111731843575417
    ],
    [
      133,
      0.16666666666666666
    ],
    [
      134,
      0.2986425339366516
    ],
    [
      135,
      0.18439716312056736
    ],
    [
      136,
      0.14393939393939395
    ],
    [
      137,
      0.17073170731707318
    ],
    [
      138,
      0.23076923076923078
    ],
    [
      139,
      0.11510791366906475
    ],
    [
      140,
      0.16470588235294117
    ],
    [
      141,
      0.3135135135135135
    ],
    [
      142,
      0.16901408450704225
    ],
    [
      143,
      0.21621621621621623
    ],
    [
      144,
      0.17021276595744683
    ],
    [
      145,
      0.16249999999999998
    ],
    [
      146,
      0.24644549763033177
    ],
    [
      147,
      0.13903743315508021
    ],
    [
      148,
      0.14705882352941177
    ],
    [
      149,
      0.10588235294117648
    ],
    [
      150,
      0.1530054644808743
    ],
    [
      151,
      0.21874999999999997
    ],
    [
      152,
      0.10294117647058823
    ],
    [
      153,
      0.17333333333333334
    ],
    [
      154,
      0.1843971631205674
    ],
    [
      155,
      0.19780219780219782
    ],
    [
      156,
      0.18000000000000002
    ],
    [
      157,
      0.17647058823529413
    ],
    [
      158,
      0.2122905027932961
    ],
    [
      159,
      0.2077922077922078
    ],
    [
