{
  "dataset": "QMSum",
  "num_samples": 200,
  "rouge1": 0.23617698682162494,
  "rouge2": 0.05487613444982033,
  "rougeL": 0.16455072085695516,
  "rougeLsum": 0.1615358510891579,
  "per_sample_rougeL": [
    [
      0,
      0.013333333333333334
    ],
    [
      1,
      0.13999999999999999
    ],
    [
      2,
      0.1414141414141414
    ],
    [
      3,
      0.048192771084337345
    ],
    [
      4,
      0.06504065040650406
    ],
    [
      5,
      0.16580310880829016
    ],
    [
      6,
      0.14201183431952663
    ],
    [
      7,
      0.13333333333333333
    ],
    [
      8,
      0.18421052631578946
    ],
    [
      9,
      0.1830065359477124
    ],
    [
      10,
      0.16216216216216214
    ],
    [
      11,
      0.22999999999999998
    ],
    [
      12,
      0.25
    ],
    [
      13,
      0.2173913043478261
    ],
    [
      14,
      0.14084507042253522
    ],
    [
      15,
      0.15384615384615385
    ],
    [
      16,
      0.1650485436893204
    ],
    [
      17,
      0.15294117647058822
    ],
    [
      18,
      0.20071684587813618
    ],
    [
      19,
      0.17777777777777778
    ],
    [
      20,
      0.10714285714285714
    ],
    [
      21,
      0.1927710843373494
    ],
    [
      22,
      0.041666666666666664
    ],
    [
      23,
      0.2125
    ],
    [
      24,
      0.12345679012345678
    ],
    [
      25,
      0.12307692307692307
    ],
    [
      26,
      0.1
    ],
    [
      27,
      0.07017543859649122
    ],
    [
      28,
      0.08888888888888889
    ],
    [
      29,
      0.12371134020618557
    ],
    [
      30,
      0.14545454545454545
    ],
    [
      31,
      0.20689655172413796
    ],
    [
      32,
      0.2594594594594595
    ],
    [
      33,
      0.16666666666666669
    ],
    [
      34,
      0.22641509433962267
    ],
    [
      35,
      0.20202020202020202
    ],
    [
      36,
      0.1942857142857143
    ],
    [
      37,
      0.19895287958115185
    ],
    [
      38,
      0.15789473684210525
    ],
    [
      39,
      0.19310344827586204
    ],
    [
      40,
      0.13930348258706468
    ],
    [
      41,
      0.16589861751152074
    ],
    [
      42,
      0.11214953271028037
    ],
    [
      43,
      0.1732283464566929
    ],
    [
      44,
      0.1897810218978102
    ],
    [
      45,
      0.2602739726027397
    ],
    [
      46,
      0.14659685863874347
    ],
    [
      47,
      0.20487804878048782
    ],
    [
      48,
      0.21818181818181817
    ],
    [
      49,
      0.18749999999999997
    ],
    [
      50,
      0.20454545454545456
    ],
    [
      51,
      0.29245283018867924
    ],
    [
      52,
      0.15584415584415584
    ],
    [
      53,
      0.10344827586206896
    ],
    [
      54,
      0.2209302325581395
    ],
    [
      55,
      0.160427807486631
    ],
    [
      56,
      0.1267605633802817
    ],
    [
      57,
      0.1222222222222222
    ],
    [
      58,
      0.25
    ],
    [
      59,
      0.17204301075268816
    ],
    [
      60,
      0.23333333333333336
    ],
    [
      61,
      0.1764705882352941
    ],
    [
      62,
      0.20788530465949823
    ],
    [
      63,
      0.2380952380952381
    ],
    [
      64,
      0.22535211267605634
    ],
    [
      65,
      0.1518987341772152
    ],
    [
      66,
      0.27807486631016043
    ],
    [
      67,
      0.0
    ],
    [
      68,
      0.1758241758241758
    ],
    [
      69,
      0.3255813953488372
    ],
    [
      70,
      0.2312925170068027
    ],
    [
      71,
      0.10062893081761007
    ],
    [
      72,
      0.16455696202531644
    ],
    [
      73,
      0.18652849740932642
    ],
    [
      74,
      0.11920529801324505
    ],
    [
      75,
      0.20276497695852536
    ],
    [
      76,
      0.2048780487804878
    ],
    [
      77,
      0.12328767123287672
    ],
    [
      78,
      0.0
    ],
    [
      79,
      0.15730337078651685
    ],
    [
      80,
      0.1188118811881188
    ],
    [
      81,
      0.16842105263157894
    ],
    [
      82,
      0.2157676348547718
    ],
    [
      83,
      0.1045751633986928
    ],
    [
      84,
      0.1608040201005025
    ],
    [
      85,
      0.187192118226601
    ],
    [
      86,
      0.19123505976095617
    ],
    [
      87,
      0.2340425531914893
    ],
    [
      88,
      0.1716738197424893
    ],
    [
      89,
      0.18779342723004694
    ],
    [
      90,
      0.2577319587628866
    ],
    [
      91,
      0.12000000000000001
    ],
    [
      92,
      0.16470588235294117
    ],
    [
      93,
      0.23931623931623933
    ],
    [
      94,
      0.19580419580419584
    ],
    [
      95,
      0.23318385650224213
    ],
    [
      96,
      0.19834710743801653
    ],
    [
      97,
      0.14473684210526316
    ],
    [
      98,
      0.19791666666666666
    ],
    [
      99,
      0.07171314741035857
    ],
    [
      100,
      0.13846153846153847
    ],
    [
      101,
      0.23030303030303031
    ],
    [
      102,
      0.14814814814814814
    ],
    [
      103,
      0.20320855614973263
    ],
    [
      104,
      0.196078431372549
    ],
    [
      105,
      0.09090909090909091
    ],
    [
      106,
      0.17674418604651163
    ],
    [
      107,
      0.2011173184357542
    ],
    [
      108,
      0.24
    ],
    [
      109,
      0.1917808219178082
    ],
    [
      110,
      0.20430107526881722
    ],
    [
      111,
      0.13215859030837004
    ],
    [
      112,
      0.27956989247311825
    ],
    [
      113,
      0.14432989690721648
    ],
    [
      114,
      0.10810810810810811
    ],
    [
      115,
      0.18181818181818182
    ],
    [
      116,
      0.15841584158415842
    ],
    [
      117,
      0.22085889570552147
    ],
    [
      118,
      0.1456953642384106
    ],
    [
      119,
      0.16279069767441862
    ],
    [
      120,
      0.09756097560975609
    ],
    [
      121,
      0.10144927536231883
    ],
    [
      122,
      0.17117117117117117
    ],
    [
      123,
      0.24038461538461542
    ],
    [
      124,
      0.08333333333333334
    ],
    [
      125,
      0.1139240506329114
    ],
    [
      126,
      0.2237762237762238
    ],
    [
      127,
      0.1927710843373494
    ],
    [
      128,
      0.2512077294685991
    ],
    [
      129,
      0.175
    ],
    [
      130,
      0.18579234972677594
    ],
    [
      131,
      0.10778443113772455
    ],
    [
      132,
      0.1797752808988764
    ],
    [
      133,
      0.12080536912751677
    ],
    [
      134,
      0.047619047619047616
    ],
    [
      135,
      0.1476510067114094
    ],
    [
      136,
      0.1647940074906367
    ],
    [
      137,
      0.1807228915662651
    ],
    [
      138,
      0.22826086956521738
    ],
    [
      139,
      0.14545454545454545
    ],
    [
      140,
      0.058823529411764705
    ],
    [
      141,
      0.3315508021390374
    ],
    [
      142,
      0.16822429906542055
    ],
    [
      143,
      0.242152466367713
    ],
    [
      144,
      0.15789473684210525
    ],
    [
      145,
      0.13836477987421383
    ],
    [
      146,
      0.26291079812206575
    ],
    [
      147,
      0.16304347826086957
    ],
    [
      148,
      0.1
    ],
    [
      149,
      0.11428571428571428
    ],
    [
      150,
      0.12162162162162163
    ],
    [
      151,
      0.27807486631016043
    ],
    [
      152,
      0.058394160583941604
    ],
    [
      153,
      0.16
    ],
    [
      154,
      0.12080536912751677
    ],
    [
      155,
      0.21505376344086022
    ],
    [
      156,
      0.12080536912751678
    ],
    [
      157,
      0.136986301369863
    ],
    [
      158,
      0.16753926701570682
    ],
    [
      159,
      0.1568627450980392
    ],
    [
      160,
      0.1990521327014218
    ],
    [
      161,
      0.20382165605095542
    ],
