{
  "dataset": "QMSum",
  "num_samples": 200,
  "rouge1": 0.1627292022769652,
  "rouge2": 0.03495338419668444,
  "rougeL": 0.10451114059246033,
  "rougeLsum": 0.11147900444677977,
  "per_sample_rougeL": [
    [
      0,
      0.13523131672597866
    ],
    [
      1,
      0.1320754716981132
    ],
    [
      2,
      0.12295081967213115
    ],
    [
      3,
      0.10599078341013826
    ],
    [
      4,
      0.04424778761061947
    ],
    [
      5,
      0.1366223908918406
    ],
    [
      6,
      0.09090909090909091
    ],
    [
      7,
      0.08333333333333334
    ],
    [
      8,
      0.0675944333996024
    ],
    [
      9,
      0.0814663951120163
    ],
    [
      10,
      0.09643605870020965
    ],
    [
      11,
      0.13805970149253732
    ],
    [
      12,
      0.07188160676532768
    ],
    [
      13,
      0.16087751371115175
    ],
    [
      14,
      0.11829944547134935
    ],
    [
      15,
      0.07916666666666666
    ],
    [
      16,
      0.1200750469043152
    ],
    [
      17,
      0.09248554913294799
    ],
    [
      18,
      0.10963455149501662
    ],
    [
      19,
      0.09465020576131686
    ],
    [
      20,
      0.06719367588932806
    ],
    [
      21,
      0.1125
    ],
    [
      22,
      0.07422680412371134
    ],
    [
      23,
      0.11599999999999999
    ],
    [
      24,
      0.10294117647058826
    ],
    [
      25,
      0.15717092337917485
    ],
    [
      26,
      0.09230769230769231
    ],
    [
      27,
      0.06085192697768763
    ],
    [
      28,
      0.09677419354838711
    ],
    [
      29,
      0.07127882599580712
    ],
    [
      30,
      0.10420841683366734
    ],
    [
      31,
      0.07048458149779735
    ],
    [
      32,
      0.11657559198542805
    ],
    [
      33,
      0.12313432835820895
    ],
    [
      34,
      0.1150442477876106
    ],
    [
      35,
      0.12734082397003746
    ],
    [
      36,
      0.09823182711198429
    ],
    [
      37,
      0.10593220338983052
    ],
    [
      38,
      0.07053941908713693
    ],
    [
      39,
      0.06694560669456066
    ],
    [
      40,
      0.09774436090225563
    ],
    [
      41,
      0.11570247933884296
    ],
    [
      42,
      0.09056603773584905
    ],
    [
      43,
      0.10097087378640776
    ],
    [
      44,
      0.09072164948453608
    ],
    [
      45,
      0.08316831683168317
    ],
    [
      46,
      0.10207939508506615
    ],
    [
      47,
      0.118491921005386
    ],
    [
      48,
      0.09600000000000002
    ],
    [
      49,
      0.08678500986193294
    ],
    [
      50,
      0.09836065573770493
    ],
    [
      51,
      0.15770609318996417
    ],
    [
      52,
      0.07589285714285715
    ],
    [
      53,
      0.07889546351084813
    ],
    [
      54,
      0.09861932938856015
    ],
    [
      55,
      0.10126582278481013
    ],
    [
      56,
      0.07083333333333333
    ],
    [
      57,
      0.07883817427385893
    ],
    [
      58,
      0.11089866156787762
    ],
    [
      59,
      0.11047619047619049
    ],
    [
      60,
      0.09999999999999999
    ],
    [
      61,
      0.1220472440944882
    ],
    [
      62,
      0.18181818181818182
    ],
    [
      63,
      0.09163346613545817
    ],
    [
      64,
      0.08641975308641976
    ],
    [
      65,
      0.11001964636542241
    ],
    [
      66,
      0.13793103448275862
    ],
    [
      67,
      0.1388888888888889
    ],
    [
      68,
      0.10901467505241089
    ],
    [
      69,
      0.11472275334608031
    ],
    [
      70,
      0.07465618860510805
    ],
    [
      71,
      0.09055118110236221
    ],
    [
      72,
      0.07883817427385893
    ],
    [
      73,
      0.11594202898550723
    ],
    [
      74,
      0.10273972602739725
    ],
    [
      75,
      0.14015151515151514
    ],
    [
      76,
      0.09848484848484848
    ],
    [
      77,
      0.06047516198704103
    ],
    [
      78,
      0.125
    ],
    [
      79,
      0.09829867674858223
    ],
    [
      80,
      0.12648221343873517
    ],
    [
      81,
      0.07532956685499058
    ],
    [
      82,
      0.18274111675126903
    ],
    [
      83,
      0.07661290322580645
    ],
    [
      84,
      0.11272727272727273
    ],
    [
      85,
      0.15280898876404495
    ],
    [
      86,
      0.13793103448275862
    ],
    [
      87,
      0.10760667903525047
    ],
    [
      88,
      0.12411347517730496
    ],
    [
      89,
      0.1669626998223801
    ],
    [
      90,
      0.12213740458015268
    ],
    [
      91,
      0.07174887892376682
    ],
    [
      92,
      0.09108159392789374
    ],
    [
      93,
      0.13240418118466898
    ],
    [
      94,
      0.08677685950413222
    ],
    [
      95,
      0.13451327433628318
    ],
    [
      96,
      0.1456483126110124
    ],
    [
      97,
      0.10317460317460318
    ],
    [
      98,
      0.10820895522388059
    ],
    [
      99,
      0.19334389857369255
    ],
    [
      100,
      0.10256410256410256
    ],
    [
      101,
      0.09072978303747535
    ],
    [
      102,
      0.10922787193973636
    ],
    [
      103,
      0.12336448598130842
    ],
    [
      104,
      0.07739307535641547
    ],
    [
      105,
      0.13333333333333333
    ],
    [
      106,
      0.13380281690140847
    ],
    [
      107,
      0.11812627291242363
    ],
    [
      108,
      0.1320388349514563
    ],
    [
      109,
      0.08247422680412372
    ],
    [
      110,
      0.10845986984815617
    ],
    [
      111,
      0.15679442508710803
    ],
    [
      112,
      0.1291866028708134
    ],
    [
      113,
      0.16417910447761194
    ],
    [
      114,
      0.13743218806509944
    ],
    [
      115,
      0.0801781737193764
    ],
    [
      116,
      0.10526315789473685
    ],
    [
      117,
      0.10465116279069768
    ],
    [
      118,
      0.05758157389635317
    ],
    [
      119,
      0.09580838323353293
    ],
    [
      120,
      0.09482758620689655
    ],
    [
      121,
      0.09684210526315791
    ],
    [
      122,
      0.10276679841897234
    ],
    [
      123,
      0.12379110251450677
    ],
    [
      124,
      0.059574468085106386
    ],
    [
      125,
      0.09999999999999999
    ],
    [
      126,
      0.09937888198757763
    ],
    [
      127,
      0.10087719298245615
    ],
    [
      128,
      0.12290502793296089
    ],
    [
      129,
      0.08997955010224949
    ],
    [
      130,
      0.11262135922330097
    ],
    [
      131,
      0.07453416149068322
    ],
    [
      132,
      0.10687022900763359
    ],
    [
      133,
      0.06438631790744467
    ],
    [
      134,
      0.13465346534653466
    ],
    [
      135,
      0.07584830339321356
    ],
    [
      136,
      0.12416107382550337
    ],
    [
      137,
      0.08484848484848484
    ],
    [
      138,
      0.11516314779270635
    ],
    [
      139,
      0.08333333333333334
    ],
    [
      140,
      0.09333333333333334
    ],
    [
      141,
      0.1423076923076923
    ],
    [
      142,
      0.10909090909090909
    ],
    [
      143,
      0.16
    ],
    [
      144,
      0.10438413361169102
    ],
    [
      145,
      0.0743801652892562
    ],
    [
      146,
      0.1245136186770428
    ],
    [
      147,
      0.09652509652509653
    ],
    [
      148,
      0.0632603406326034
    ],
    [
      149,
      0.096579476861167
    ],
    [
      150,
      0.09876543209876544
    ],
    [
      151,
      0.15506958250497016
    ],
    [
      152,
      0.07459207459207459
    ],
    [
      153,
      0.07531380753138076
    ],
    [
      154,
      0.07792207792207792
    ],
    [
      155,
      0.11290322580645161
    ],
    [
      156,
      0.10937500000000001
    ],
    [
      157,
      0.05957446808510638
    ],
    [
      158,
      0.11222444889779559
    ],
    [
      159,
