{
  "dataset": "QMSum",
  "num_samples": 200,
  "rouge1": 0.15793745928601438,
  "rouge2": 0.03259368082132106,
  "rougeL": 0.10455575044952749,
  "rougeLsum": 0.10824440345895296,
  "per_sample_rougeL": [
    [
      0,
      0.12371134020618556
    ],
    [
      1,
      0.1320754716981132
    ],
    [
      2,
      0.12295081967213115
    ],
    [
      3,
      0.10599078341013826
    ],
    [
      4,
      0.04784688995215311
    ],
    [
      5,
      0.1366223908918406
    ],
    [
      6,
      0.14689265536723164
    ],
    [
      7,
      0.09803921568627451
    ],
    [
      8,
      0.0675944333996024
    ],
    [
      9,
      0.0814663951120163
    ],
    [
      10,
      0.08407079646017698
    ],
    [
      11,
      0.13805970149253732
    ],
    [
      12,
      0.07188160676532768
    ],
    [
      13,
      0.14971209213051823
    ],
    [
      14,
      0.11829944547134935
    ],
    [
      15,
      0.06542056074766354
    ],
    [
      16,
      0.1200750469043152
    ],
    [
      17,
      0.09248554913294799
    ],
    [
      18,
      0.13454545454545455
    ],
    [
      19,
      0.09465020576131686
    ],
    [
      20,
      0.06719367588932806
    ],
    [
      21,
      0.07962529274004683
    ],
    [
      22,
      0.07766990291262135
    ],
    [
      23,
      0.09341825902335456
    ],
    [
      24,
      0.10294117647058826
    ],
    [
      25,
      0.16194331983805668
    ],
    [
      26,
      0.09652509652509653
    ],
    [
      27,
      0.07727272727272727
    ],
    [
      28,
      0.09677419354838711
    ],
    [
      29,
      0.07264957264957266
    ],
    [
      30,
      0.10420841683366734
    ],
    [
      31,
      0.07775377969762419
    ],
    [
      32,
      0.11657559198542805
    ],
    [
      33,
      0.0994263862332696
    ],
    [
      34,
      0.08400000000000002
    ],
    [
      35,
      0.11090573012939003
    ],
    [
      36,
      0.20408163265306123
    ],
    [
      37,
      0.1054766734279919
    ],
    [
      38,
      0.06981519507186859
    ],
    [
      39,
      0.08775981524249422
    ],
    [
      40,
      0.09774436090225563
    ],
    [
      41,
      0.09660107334525939
    ],
    [
      42,
      0.09615384615384616
    ],
    [
      43,
      0.10590631364562118
    ],
    [
      44,
      0.07484407484407485
    ],
    [
      45,
      0.08316831683168317
    ],
    [
      46,
      0.13574660633484165
    ],
    [
      47,
      0.0945179584120983
    ],
    [
      48,
      0.0956521739130435
    ],
    [
      49,
      0.07554671968190856
    ],
    [
      50,
      0.09421841541755889
    ],
    [
      51,
      0.15770609318996417
    ],
    [
      52,
      0.07589285714285715
    ],
    [
      53,
      0.144
    ],
    [
      54,
      0.09861932938856015
    ],
    [
      55,
      0.11965811965811965
    ],
    [
      56,
      0.07083333333333333
    ],
    [
      57,
      0.07883817427385893
    ],
    [
      58,
      0.1091617933723197
    ],
    [
      59,
      0.11047619047619049
    ],
    [
      60,
      0.08225108225108226
    ],
    [
      61,
      0.10309278350515463
    ],
    [
      62,
      0.18181818181818182
    ],
    [
      63,
      0.08658008658008659
    ],
    [
      64,
      0.08641975308641976
    ],
    [
      65,
      0.10138248847926268
    ],
    [
      66,
      0.12669683257918554
    ],
    [
      67,
      0.1388888888888889
    ],
    [
      68,
      0.074235807860262
    ],
    [
      69,
      0.17987152034261242
    ],
    [
      70,
      0.09716599190283401
    ],
    [
      71,
      0.0608695652173913
    ],
    [
      72,
      0.07883817427385893
    ],
    [
      73,
      0.13572854291417166
    ],
    [
      74,
      0.10273972602739725
    ],
    [
      75,
      0.15185185185185185
    ],
    [
      76,
      0.09848484848484848
    ],
    [
      77,
      0.06047516198704103
    ],
    [
      78,
      0.125
    ],
    [
      79,
      0.08914728682170545
    ],
    [
      80,
      0.12549019607843137
    ],
    [
      81,
      0.1037344398340249
    ],
    [
      82,
      0.14213197969543145
    ],
    [
      83,
      0.06866952789699571
    ],
    [
      84,
      0.11272727272727273
    ],
    [
      85,
      0.14285714285714285
    ],
    [
      86,
      0.13793103448275862
    ],
    [
      87,
      0.10227272727272728
    ],
    [
      88,
      0.12219959266802445
    ],
    [
      89,
      0.1669626998223801
    ],
    [
      90,
      0.1247216035634744
    ],
    [
      91,
      0.07174887892376682
    ],
    [
      92,
      0.10360360360360361
    ],
    [
      93,
      0.1284722222222222
    ],
    [
      94,
      0.06582278481012659
    ],
    [
      95,
      0.13451327433628318
    ],
    [
      96,
      0.15625
    ],
    [
      97,
      0.09312638580931264
    ],
    [
      98,
      0.10546139359698682
    ],
    [
      99,
      0.1641541038525963
    ],
    [
      100,
      0.10972568578553617
    ],
    [
      101,
      0.09072978303747535
    ],
    [
      102,
      0.07729468599033815
    ],
    [
      103,
      0.12336448598130842
    ],
    [
      104,
      0.08368200836820085
    ],
    [
      105,
      0.13333333333333333
    ],
    [
      106,
      0.13380281690140847
    ],
    [
      107,
      0.10424710424710425
    ],
    [
      108,
      0.1306930693069307
    ],
    [
      109,
      0.08247422680412372
    ],
    [
      110,
      0.08917197452229299
    ],
    [
      111,
      0.15679442508710803
    ],
    [
      112,
      0.11811023622047245
    ],
    [
      113,
      0.16417910447761194
    ],
    [
      114,
      0.13743218806509944
    ],
    [
      115,
      0.07962529274004683
    ],
    [
      116,
      0.10526315789473685
    ],
    [
      117,
      0.11394891944990176
    ],
    [
      118,
      0.07676767676767678
    ],
    [
      119,
      0.09109730848861283
    ],
    [
      120,
      0.08979591836734695
    ],
    [
      121,
      0.1059322033898305
    ],
    [
      122,
      0.11047619047619049
    ],
    [
      123,
      0.13114754098360656
    ],
    [
      124,
      0.0709812108559499
    ],
    [
      125,
      0.09999999999999999
    ],
    [
      126,
      0.08316008316008315
    ],
    [
      127,
      0.08853118712273642
    ],
    [
      128,
      0.14814814814814814
    ],
    [
      129,
      0.0918580375782881
    ],
    [
      130,
      0.11262135922330097
    ],
    [
      131,
      0.075
    ],
    [
      132,
      0.10989010989010987
    ],
    [
      133,
      0.09375
    ],
    [
      134,
      0.16146788990825686
    ],
    [
      135,
      0.07584830339321356
    ],
    [
      136,
      0.1144901610017889
    ],
    [
      137,
      0.08747514910536779
    ],
    [
      138,
      0.09563409563409565
    ],
    [
      139,
      0.07751937984496124
    ],
    [
      140,
      0.07522123893805309
    ],
    [
      141,
      0.1381957773512476
    ],
    [
      142,
      0.12280701754385966
    ],
    [
      143,
      0.16074766355140188
    ],
    [
      144,
      0.12272727272727271
    ],
    [
      145,
      0.08102345415778252
    ],
    [
      146,
      0.1245136186770428
    ],
    [
      147,
      0.11889596602972399
    ],
    [
      148,
      0.05749486652977413
    ],
    [
      149,
      0.07531380753138076
    ],
    [
      150,
      0.10609037328094302
    ],
    [
      151,
      0.13004484304932734
    ],
    [
      152,
      0.06864988558352403
    ],
    [
      153,
      0.07234042553191489
    ],
    [
      154,
      0.07792207792207792
    ],
    [
      155,
      0.11005692599620492
    ],
    [
      156,
      0.10937500000000001
    ],
    [
      157,
      0.05439330543933055
    ],
    [
      158,
      0.09940357852882704
    ],
    [
      159,
      0.1359223300970874
