{
  "dataset": "QMSum",
  "num_samples": 200,
  "rouge1": 0.17034703595474712,
  "rouge2": 0.016582104944355337,
  "rougeL": 0.12400274156322372,
  "rougeLsum": 0.11806032024285351,
  "per_sample_rougeL": [
    [
      0,
      0
    ],
    [
      1,
      0.1111111111111111
    ],
    [
      2,
      0.0975609756097561
    ],
    [
      3,
      0.029411764705882353
    ],
    [
      4,
      0.0
    ],
    [
      5,
      0.21965317919075145
    ],
    [
      6,
      0
    ],
    [
      7,
      0.03773584905660378
    ],
    [
      8,
      0
    ],
    [
      9,
      0.0
    ],
    [
      10,
      0.0
    ],
    [
      11,
      0.18652849740932645
    ],
    [
      12,
      0.11666666666666668
    ],
    [
      13,
      0.20111731843575417
    ],
    [
      14,
      0
    ],
    [
      15,
      0.1437908496732026
    ],
    [
      16,
      0.0784313725490196
    ],
    [
      17,
      0.03125
    ],
    [
      18,
      0.13229571984435798
    ],
    [
      19,
      0.027586206896551724
    ],
    [
      20,
      0.09467455621301776
    ],
    [
      21,
      0
    ],
    [
      22,
      0
    ],
    [
      23,
      0.16883116883116883
    ],
    [
      24,
      0.10810810810810811
    ],
    [
      25,
      0.16438356164383558
    ],
    [
      26,
      0.0
    ],
    [
      27,
      0
    ],
    [
      28,
      0.15503875968992248
    ],
    [
      29,
      0.0851063829787234
    ],
    [
      30,
      0.14814814814814817
    ],
    [
      31,
      0.0816326530612245
    ],
    [
      32,
      0.1739130434782609
    ],
    [
      33,
      0.13612565445026178
    ],
    [
      34,
      0.12857142857142856
    ],
    [
      35,
      0.15463917525773194
    ],
    [
      36,
      0.0
    ],
    [
      37,
      0.18888888888888888
    ],
    [
      38,
      0.13071895424836602
    ],
    [
      39,
      0.07633587786259542
    ],
    [
      40,
      0.14942528735632185
    ],
    [
      41,
      0.13756613756613756
    ],
    [
      42,
      0.08866995073891626
    ],
    [
      43,
      0.16049382716049382
    ],
    [
      44,
      0.1548387096774194
    ],
    [
      45,
      0.12941176470588234
    ],
    [
      46,
      0
    ],
    [
      47,
      0.12935323383084577
    ],
    [
      48,
      0
    ],
    [
      49,
      0.1125
    ],
    [
      50,
      0.12949640287769784
    ],
    [
      51,
      0.29000000000000004
    ],
    [
      52,
      0
    ],
    [
      53,
      0.15189873417721517
    ],
    [
      54,
      0.1437125748502994
    ],
    [
      55,
      0.1349693251533742
    ],
    [
      56,
      0.19867549668874174
    ],
    [
      57,
      0.045801526717557245
    ],
    [
      58,
      0.12643678160919541
    ],
    [
      59,
      0.17391304347826086
    ],
    [
      60,
      0.12578616352201258
    ],
    [
      61,
      0.13513513513513514
    ],
    [
      62,
      0.1509433962264151
    ],
    [
      63,
      0.14285714285714285
    ],
    [
      64,
      0.0404040404040404
    ],
    [
      65,
      0
    ],
    [
      66,
      0.21468926553672318
    ],
    [
      67,
      0
    ],
    [
      68,
      0.14207650273224043
    ],
    [
      69,
      0.08433734939759036
    ],
    [
      70,
      0.13186813186813187
    ],
    [
      71,
      0.13513513513513514
    ],
    [
      72,
      0.10687022900763359
    ],
    [
      73,
      0.14285714285714285
    ],
    [
      74,
      0.1415929203539823
    ],
    [
      75,
      0.11538461538461539
    ],
    [
      76,
      0.06521739130434782
    ],
    [
      77,
      0.06201550387596899
    ],
    [
      78,
      0.17
    ],
    [
      79,
      0.14942528735632185
    ],
    [
      80,
      0.14492753623188406
    ],
    [
      81,
      0.07999999999999999
    ],
    [
      82,
      0.20869565217391306
    ],
    [
      83,
      0.11347517730496454
    ],
    [
      84,
      0.12
    ],
    [
      85,
      0.15267175572519084
    ],
    [
      86,
      0.1116751269035533
    ],
    [
      87,
      0.06666666666666667
    ],
    [
      88,
      0.011695906432748537
    ],
    [
      89,
      0.147239263803681
    ],
    [
      90,
      0.2222222222222222
    ],
    [
      91,
      0.16541353383458646
    ],
    [
      92,
      0.18292682926829268
    ],
    [
      93,
      0.2290748898678414
    ],
    [
      94,
      0.09090909090909091
    ],
    [
      95,
      0.16513761467889906
    ],
    [
      96,
      0.21551724137931033
    ],
    [
      97,
      0.09090909090909091
    ],
    [
      98,
      0.11688311688311688
    ],
    [
      99,
      0.2
    ],
    [
      100,
      0.06936416184971098
    ],
    [
      101,
      0.16883116883116883
    ],
    [
      102,
      0.13186813186813187
    ],
    [
      103,
      0.12195121951219513
    ],
    [
      104,
      0.14814814814814814
    ],
    [
      105,
      0.1878453038674033
    ],
    [
      106,
      0.22330097087378642
    ],
    [
      107,
      0.19318181818181818
    ],
    [
      108,
      0.13836477987421383
    ],
    [
      109,
      0.09448818897637795
    ],
    [
      110,
      0.18750000000000003
    ],
    [
      111,
      0.12244897959183672
    ],
    [
      112,
      0.1348314606741573
    ],
    [
      113,
      0.18811881188118815
    ],
    [
      114,
      0.16736401673640167
    ],
    [
      115,
      0.16
    ],
    [
      116,
      0.1837837837837838
    ],
    [
      117,
      0.16901408450704225
    ],
    [
      118,
      0.1342281879194631
    ],
    [
      119,
      0.11111111111111112
    ],
    [
      120,
      0.15819209039548024
    ],
    [
      121,
      0.16568047337278108
    ],
    [
      122,
      0.16915422885572137
    ],
    [
      123,
      0.12941176470588237
    ],
    [
      124,
      0.07633587786259542
    ],
    [
      125,
      0.19858156028368792
    ],
    [
      126,
      0.16666666666666666
    ],
    [
      127,
      0.10884353741496598
    ],
    [
      128,
      0.13559322033898305
    ],
    [
      129,
      0.1568627450980392
    ],
    [
      130,
      0.11320754716981132
    ],
    [
      131,
      0.1568627450980392
    ],
    [
      132,
      0.2275449101796407
    ],
    [
      133,
      0.02666666666666667
    ],
    [
      134,
      0.2046511627906977
    ],
    [
      135,
      0.10769230769230768
    ],
    [
      136,
      0.15637860082304528
    ],
    [
      137,
      0.130718954248366
    ],
    [
      138,
      0.1956521739130435
    ],
    [
      139,
      0.10285714285714284
    ],
    [
      140,
      0.18497109826589594
    ],
    [
      141,
      0.15294117647058822
    ],
    [
      142,
      0.16161616161616163
    ],
    [
      143,
      0.16551724137931034
    ],
    [
      144,
      0.08743169398907105
    ],
    [
      145,
      0.08823529411764705
    ],
    [
      146,
      0.16425120772946858
    ],
    [
      147,
      0.11834319526627218
    ],
    [
      148,
      0.06015037593984962
    ],
    [
      149,
      0.1509433962264151
    ],
    [
      150,
      0.14659685863874347
    ],
    [
      151,
      0.18274111675126903
    ],
    [
      152,
      0.08130081300813008
    ],
    [
      153,
      0.1360544217687075
    ],
    [
      154,
      0.045112781954887216
    ],
    [
      155,
      0.14906832298136646
    ],
    [
      156,
      0.18421052631578946
    ],
    [
      157,
      0.07999999999999999
    ],
    [
      158,
      0.1940298507462687
    ],
    [
      159,
      0.10526315789473684
    ],
    [
      160,
      0.12643678160919541
    ],
    [
      161,
      0.1
    ],
    [
      162,
      0.05925925925925926
    ],
    [
      163,
      0.1512605042016807
    ],
    [
      164,
      0.18264840182648404
    ],
    [
      165,
      0.20238095238095238
    ],
    [
      166,
