{
  "dataset": "QMSum",
  "num_samples": 200,
  "rouge1": 0.15721582026005265,
  "rouge2": 0.017630184429164898,
  "rougeL": 0.12217707075733243,
  "rougeLsum": 0.105515928431309,
  "per_sample_rougeL": [
    [
      0,
      0
    ],
    [
      1,
      0
    ],
    [
      2,
      0
    ],
    [
      3,
      0
    ],
    [
      4,
      0.0
    ],
    [
      5,
      0.21428571428571427
    ],
    [
      6,
      0
    ],
    [
      7,
      0
    ],
    [
      8,
      0.08108108108108109
    ],
    [
      9,
      0
    ],
    [
      10,
      0
    ],
    [
      11,
      0.1951219512195122
    ],
    [
      12,
      0.04040404040404041
    ],
    [
      13,
      0.15463917525773196
    ],
    [
      14,
      0
    ],
    [
      15,
      0.0915032679738562
    ],
    [
      16,
      0.17258883248730966
    ],
    [
      17,
      0
    ],
    [
      18,
      0.10646387832699619
    ],
    [
      19,
      0
    ],
    [
      20,
      0.06369426751592357
    ],
    [
      21,
      0
    ],
    [
      22,
      0
    ],
    [
      23,
      0.09876543209876544
    ],
    [
      24,
      0.0893854748603352
    ],
    [
      25,
      0.16438356164383558
    ],
    [
      26,
      0
    ],
    [
      27,
      0.015037593984962407
    ],
    [
      28,
      0.17525773195876287
    ],
    [
      29,
      0.1125
    ],
    [
      30,
      0.17241379310344826
    ],
    [
      31,
      0.16783216783216787
    ],
    [
      32,
      0.1621621621621622
    ],
    [
      33,
      0.16867469879518074
    ],
    [
      34,
      0.12345679012345678
    ],
    [
      35,
      0.18556701030927836
    ],
    [
      36,
      0
    ],
    [
      37,
      0.19487179487179487
    ],
    [
      38,
      0.15126050420168066
    ],
    [
      39,
      0.09459459459459459
    ],
    [
      40,
      0.143646408839779
    ],
    [
      41,
      0.12037037037037038
    ],
    [
      42,
      0.18536585365853658
    ],
    [
      43,
      0
    ],
    [
      44,
      0.09937888198757765
    ],
    [
      45,
      0.09411764705882353
    ],
    [
      46,
      0.0
    ],
    [
      47,
      0.09950248756218906
    ],
    [
      48,
      0
    ],
    [
      49,
      0.07407407407407408
    ],
    [
      50,
      0.15950920245398775
    ],
    [
      51,
      0.3054187192118226
    ],
    [
      52,
      0
    ],
    [
      53,
      0
    ],
    [
      54,
      0.11042944785276075
    ],
    [
      55,
      0.1694915254237288
    ],
    [
      56,
      0.18705035971223022
    ],
    [
      57,
      0.08888888888888889
    ],
    [
      58,
      0.09411764705882351
    ],
    [
      59,
      0.18478260869565216
    ],
    [
      60,
      0.13253012048192772
    ],
    [
      61,
      0.15568862275449102
    ],
    [
      62,
      0.17910447761194032
    ],
    [
      63,
      0
    ],
    [
      64,
      0.06976744186046512
    ],
    [
      65,
      0
    ],
    [
      66,
      0.21111111111111114
    ],
    [
      67,
      0
    ],
    [
      68,
      0.12154696132596685
    ],
    [
      69,
      0.0670391061452514
    ],
    [
      70,
      0.056737588652482275
    ],
    [
      71,
      0.1090909090909091
    ],
    [
      72,
      0.1342281879194631
    ],
    [
      73,
      0.11702127659574468
    ],
    [
      74,
      0.10687022900763359
    ],
    [
      75,
      0.1320754716981132
    ],
    [
      76,
      0
    ],
    [
      77,
      0.06896551724137931
    ],
    [
      78,
      0.20833333333333331
    ],
    [
      79,
      0.14606741573033705
    ],
    [
      80,
      0.17346938775510204
    ],
    [
      81,
      0.12280701754385966
    ],
    [
      82,
      0.13973799126637554
    ],
    [
      83,
      0.09395973154362416
    ],
    [
      84,
      0.14736842105263157
    ],
    [
      85,
      0.21761658031088082
    ],
    [
      86,
      0
    ],
    [
      87,
      0.20754716981132076
    ],
    [
      88,
      0.17094017094017094
    ],
    [
      89,
      0.14563106796116507
    ],
    [
      90,
      0.2176165803108808
    ],
    [
      91,
      0.15827338129496402
    ],
    [
      92,
      0.13580246913580246
    ],
    [
      93,
      0.16289592760180996
    ],
    [
      94,
      0.0779220779220779
    ],
    [
      95,
      0.168141592920354
    ],
    [
      96,
      0.18652849740932642
    ],
    [
      97,
      0.07894736842105263
    ],
    [
      98,
      0.18279569892473116
    ],
    [
      99,
      0.2198581560283688
    ],
    [
      100,
      0.08333333333333333
    ],
    [
      101,
      0.11464968152866241
    ],
    [
      102,
      0.13612565445026178
    ],
    [
      103,
      0.13714285714285712
    ],
    [
      104,
      0.16666666666666666
    ],
    [
      105,
      0.20454545454545456
    ],
    [
      106,
      0.22110552763819097
    ],
    [
      107,
      0.17582417582417584
    ],
    [
      108,
      0.20571428571428574
    ],
    [
      109,
      0.12244897959183672
    ],
    [
      110,
      0.20224719101123595
    ],
    [
      111,
      0.1176470588235294
    ],
    [
      112,
      0.08290155440414508
    ],
    [
      113,
      0.16822429906542055
    ],
    [
      114,
      0.17573221757322174
    ],
    [
      115,
      0.17567567567567569
    ],
    [
      116,
      0.11518324607329844
    ],
    [
      117,
      0.1744186046511628
    ],
    [
      118,
      0.1019108280254777
    ],
    [
      119,
      0.08421052631578947
    ],
    [
      120,
      0.16091954022988506
    ],
    [
      121,
      0.19393939393939394
    ],
    [
      122,
      0.1461187214611872
    ],
    [
      123,
      0.17258883248730966
    ],
    [
      124,
      0.06201550387596899
    ],
    [
      125,
      0.19428571428571428
    ],
    [
      126,
      0.17218543046357615
    ],
    [
      127,
      0.08484848484848485
    ],
    [
      128,
      0.15311004784688997
    ],
    [
      129,
      0.18181818181818182
    ],
    [
      130,
      0.13872832369942195
    ],
    [
      131,
      0.075
    ],
    [
      132,
      0.2023809523809524
    ],
    [
      133,
      0.08275862068965517
    ],
    [
      134,
      0.2222222222222222
    ],
    [
      135,
      0.09523809523809525
    ],
    [
      136,
      0.1520912547528517
    ],
    [
      137,
      0.17218543046357615
    ],
    [
      138,
      0.1888888888888889
    ],
    [
      139,
      0.08641975308641976
    ],
    [
      140,
      0.1951219512195122
    ],
    [
      141,
      0.14207650273224043
    ],
    [
      142,
      0.16037735849056603
    ],
    [
      143,
      0.2378854625550661
    ],
    [
      144,
      0.10810810810810811
    ],
    [
      145,
      0.12738853503184713
    ],
    [
      146,
      0.14563106796116504
    ],
    [
      147,
      0.12021857923497269
    ],
    [
      148,
      0.04411764705882353
    ],
    [
      149,
      0.16969696969696968
    ],
    [
      150,
      0.16494845360824742
    ],
    [
      151,
      0.17910447761194032
    ],
    [
      152,
      0.10084033613445377
    ],
    [
      153,
      0.14285714285714288
    ],
    [
      154,
      0.09302325581395349
    ],
    [
      155,
      0.12048192771084339
    ],
    [
      156,
      0.19653179190751444
    ],
    [
      157,
      0.05714285714285714
    ],
    [
      158,
      0.16470588235294117
    ],
    [
      159,
      0.12048192771084336
    ],
    [
      160,
      0.15763546798029557
    ],
    [
      161,
      0.10526315789473684
    ],
    [
      162,
      0.10112359550561797
    ],
    [
      163,
      0.16666666666666666
    ],
    [
      164,
      0.15384615384615385
    ],
    [
      165,
      0.21739130434782608
    ],
    [
      166,
      0.16374269005847952
    ],
    [
      167,
      0.14388489208633093
    ],
    [
      168,
