{
  "dataset": "QMSum",
  "num_samples": 200,
  "rouge1": 0.1766418677188515,
  "rouge2": 0.017635105580951868,
  "rougeL": 0.12280141521522545,
  "rougeLsum": 0.1256576216550756,
  "per_sample_rougeL": [
    [
      0,
      0.064
    ],
    [
      1,
      0.13559322033898305
    ],
    [
      2,
      0.10869565217391304
    ],
    [
      3,
      0
    ],
    [
      4,
      0.0
    ],
    [
      5,
      0.0975609756097561
    ],
    [
      6,
      0.12578616352201258
    ],
    [
      7,
      0.145985401459854
    ],
    [
      8,
      0.07462686567164178
    ],
    [
      9,
      0.03333333333333333
    ],
    [
      10,
      0.05309734513274336
    ],
    [
      11,
      0.21212121212121213
    ],
    [
      12,
      0.05405405405405405
    ],
    [
      13,
      0.15151515151515152
    ],
    [
      14,
      0.12560386473429952
    ],
    [
      15,
      0.09375
    ],
    [
      16,
      0
    ],
    [
      17,
      0.0784313725490196
    ],
    [
      18,
      0.10833333333333332
    ],
    [
      19,
      0.046153846153846156
    ],
    [
      20,
      0.08
    ],
    [
      21,
      0.04255319148936171
    ],
    [
      22,
      0.028169014084507043
    ],
    [
      23,
      0.09589041095890412
    ],
    [
      24,
      0.09937888198757763
    ],
    [
      25,
      0.09150326797385622
    ],
    [
      26,
      0.12121212121212123
    ],
    [
      27,
      0.08759124087591241
    ],
    [
      28,
      0.1711229946524064
    ],
    [
      29,
      0.1476510067114094
    ],
    [
      30,
      0.143646408839779
    ],
    [
      31,
      0.1592920353982301
    ],
    [
      32,
      0.13114754098360656
    ],
    [
      33,
      0.15126050420168066
    ],
    [
      34,
      0.0983606557377049
    ],
    [
      35,
      0.019230769230769232
    ],
    [
      36,
      0.045454545454545456
    ],
    [
      37,
      0.13872832369942198
    ],
    [
      38,
      0.1323529411764706
    ],
    [
      39,
      0.07407407407407407
    ],
    [
      40,
      0.15053763440860216
    ],
    [
      41,
      0.1435406698564593
    ],
    [
      42,
      0.08080808080808081
    ],
    [
      43,
      0.14473684210526316
    ],
    [
      44,
      0.10869565217391304
    ],
    [
      45,
      0.11249999999999999
    ],
    [
      46,
      0.1
    ],
    [
      47,
      0.10869565217391304
    ],
    [
      48,
      0
    ],
    [
      49,
      0.11320754716981131
    ],
    [
      50,
      0.1286549707602339
    ],
    [
      51,
      0.27807486631016043
    ],
    [
      52,
      0.06666666666666667
    ],
    [
      53,
      0.16149068322981366
    ],
    [
      54,
      0.1910828025477707
    ],
    [
      55,
      0.15476190476190477
    ],
    [
      56,
      0.18571428571428572
    ],
    [
      57,
      0.0909090909090909
    ],
    [
      58,
      0.1301775147928994
    ],
    [
      59,
      0.17877094972067042
    ],
    [
      60,
      0.1627906976744186
    ],
    [
      61,
      0.13414634146341464
    ],
    [
      62,
      0.16603773584905662
    ],
    [
      63,
      0.061068702290076333
    ],
    [
      64,
      0.11538461538461538
    ],
    [
      65,
      0.12244897959183675
    ],
    [
      66,
      0.14754098360655737
    ],
    [
      67,
      0.0
    ],
    [
      68,
      0.10285714285714284
    ],
    [
      69,
      0.10322580645161289
    ],
    [
      70,
      0.0916030534351145
    ],
    [
      71,
      0.13793103448275862
    ],
    [
      72,
      0.017391304347826087
    ],
    [
      73,
      0.11299435028248588
    ],
    [
      74,
      0.14814814814814817
    ],
    [
      75,
      0.1650485436893204
    ],
    [
      76,
      0.09009009009009009
    ],
    [
      77,
      0.10370370370370371
    ],
    [
      78,
      0.20105820105820105
    ],
    [
      79,
      0.15602836879432624
    ],
    [
      80,
      0.1574074074074074
    ],
    [
      81,
      0.06185567010309278
    ],
    [
      82,
      0.14406779661016947
    ],
    [
      83,
      0.10884353741496598
    ],
    [
      84,
      0.1702127659574468
    ],
    [
      85,
      0.14054054054054052
    ],
    [
      86,
      0.07960199004975124
    ],
    [
      87,
      0.1103448275862069
    ],
    [
      88,
      0.06896551724137932
    ],
    [
      89,
      0.1675392670157068
    ],
    [
      90,
      0.21229050279329612
    ],
    [
      91,
      0.15942028985507245
    ],
    [
      92,
      0.08823529411764706
    ],
    [
      93,
      0.1836734693877551
    ],
    [
      94,
      0.03571428571428571
    ],
    [
      95,
      0.13684210526315788
    ],
    [
      96,
      0.15584415584415584
    ],
    [
      97,
      0.05298013245033113
    ],
    [
      98,
      0.1945945945945946
    ],
    [
      99,
      0.19081272084805656
    ],
    [
      100,
      0.11299435028248586
    ],
    [
      101,
      0.08955223880597013
    ],
    [
      102,
      0.10285714285714286
    ],
    [
      103,
      0.16352201257861637
    ],
    [
      104,
      0.16793893129770993
    ],
    [
      105,
      0.18681318681318684
    ],
    [
      106,
      0.17475728155339804
    ],
    [
      107,
      0.1395348837209302
    ],
    [
      108,
      0.1863354037267081
    ],
    [
      109,
      0
    ],
    [
      110,
      0.13333333333333333
    ],
    [
      111,
      0.12087912087912087
    ],
    [
      112,
      0.13793103448275862
    ],
    [
      113,
      0.14689265536723162
    ],
    [
      114,
      0.13559322033898305
    ],
    [
      115,
      0.14864864864864863
    ],
    [
      116,
      0.16304347826086957
    ],
    [
      117,
      0.1509433962264151
    ],
    [
      118,
      0.11764705882352941
    ],
    [
      119,
      0.10101010101010101
    ],
    [
      120,
      0.13924050632911392
    ],
    [
      121,
      0.1787709497206704
    ],
    [
      122,
      0.1134020618556701
    ],
    [
      123,
      0.17989417989417988
    ],
    [
      124,
      0.07142857142857142
    ],
    [
      125,
      0.20253164556962028
    ],
    [
      126,
      0.18518518518518517
    ],
    [
      127,
      0.09999999999999999
    ],
    [
      128,
      0.18811881188118815
    ],
    [
      129,
      0.16326530612244897
    ],
    [
      130,
      0.11180124223602485
    ],
    [
      131,
      0.13333333333333333
    ],
    [
      132,
      0.08333333333333333
    ],
    [
      133,
      0.1138211382113821
    ],
    [
      134,
      0.19626168224299065
    ],
    [
      135,
      0.04477611940298507
    ],
    [
      136,
      0.13114754098360656
    ],
    [
      137,
      0.09459459459459459
    ],
    [
      138,
      0.12429378531073447
    ],
    [
      139,
      0.111731843575419
    ],
    [
      140,
      0.1509433962264151
    ],
    [
      141,
      0.1264367816091954
    ],
    [
      142,
      0.0923076923076923
    ],
    [
      143,
      0.21395348837209305
    ],
    [
      144,
      0.10989010989010989
    ],
    [
      145,
      0.08955223880597014
    ],
    [
      146,
      0.12682926829268293
    ],
    [
      147,
      0.11299435028248586
    ],
    [
      148,
      0.06349206349206349
    ],
    [
      149,
      0.11235955056179776
    ],
    [
      150,
      0.1797752808988764
    ],
    [
      151,
      0.13043478260869565
    ],
    [
      152,
      0.08064516129032258
    ],
    [
      153,
      0.15384615384615383
    ],
    [
      154,
      0.12307692307692307
    ],
    [
      155,
      0.12716763005780346
    ],
    [
      156,
      0.15841584158415842
    ],
    [
      157,
      0.06722689075630252
    ],
    [
      158,
      0.14285714285714285
    ],
    [
      159,
      0.15555555555555553
    ],
    [
      160,
      0.14736842105263157
    ],
    [
      161,
      0.14184397163120566
