{
  "dataset": "QMSum",
  "num_samples": 200,
  "rouge1": 0.06648849742920554,
  "rouge2": 0.005297471255675295,
  "rougeL": 0.06393593934044728,
  "rougeLsum": 0.05159181392443042,
  "per_sample_rougeL": [
    [
      0,
      0.0
    ],
    [
      1,
      0.02352941176470588
    ],
    [
      2,
      0.0784313725490196
    ],
    [
      3,
      0.0
    ],
    [
      4,
      0.0
    ],
    [
      5,
      0.0
    ],
    [
      6,
      0.0
    ],
    [
      7,
      0.04878048780487805
    ],
    [
      8,
      0.0
    ],
    [
      9,
      0.11320754716981132
    ],
    [
      10,
      0.09375
    ],
    [
      11,
      0.025974025974025972
    ],
    [
      12,
      0.0606060606060606
    ],
    [
      13,
      0.0
    ],
    [
      14,
      0.018867924528301886
    ],
    [
      15,
      0.07339449541284403
    ],
    [
      16,
      0.0
    ],
    [
      17,
      0.0
    ],
    [
      18,
      0.053811659192825115
    ],
    [
      19,
      0.07272727272727271
    ],
    [
      20,
      0.043795620437956206
    ],
    [
      21,
      0.0
    ],
    [
      22,
      0.019417475728155338
    ],
    [
      23,
      0.0
    ],
    [
      24,
      0.058394160583941604
    ],
    [
      25,
      0.028985507246376812
    ],
    [
      26,
      0.0
    ],
    [
      27,
      0.0
    ],
    [
      28,
      0.01176470588235294
    ],
    [
      29,
      0.03278688524590164
    ],
    [
      30,
      0.04678362573099415
    ],
    [
      31,
      0.012195121951219513
    ],
    [
      32,
      0.1693121693121693
    ],
    [
      33,
      0.011976047904191616
    ],
    [
      34,
      0.11764705882352941
    ],
    [
      35,
      0.0379746835443038
    ],
    [
      36,
      0.028571428571428574
    ],
    [
      37,
      0.06578947368421052
    ],
    [
      38,
      0.08450704225352113
    ],
    [
      39,
      0.058823529411764705
    ],
    [
      40,
      0.09473684210526316
    ],
    [
      41,
      0.047058823529411764
    ],
    [
      42,
      0.0
    ],
    [
      43,
      0.041666666666666664
    ],
    [
      44,
      0.0
    ],
    [
      45,
      0.025157232704402517
    ],
    [
      46,
      0.013245033112582781
    ],
    [
      47,
      0.07272727272727274
    ],
    [
      48,
      0.1652892561983471
    ],
    [
      49,
      0.033613445378151266
    ],
    [
      50,
      0.06666666666666667
    ],
    [
      51,
      0.25120772946859904
    ],
    [
      52,
      0.03846153846153846
    ],
    [
      53,
      0.06611570247933884
    ],
    [
      54,
      0.042105263157894736
    ],
    [
      55,
      0.05633802816901408
    ],
    [
      56,
      0.05673758865248227
    ],
    [
      57,
      0.025974025974025976
    ],
    [
      58,
      0.06504065040650407
    ],
    [
      59,
      0.11049723756906077
    ],
    [
      60,
      0.1702127659574468
    ],
    [
      61,
      0.096
    ],
    [
      62,
      0.11673151750972761
    ],
    [
      63,
      0.049999999999999996
    ],
    [
      64,
      0.05454545454545454
    ],
    [
      65,
      0.0
    ],
    [
      66,
      0.013333333333333334
    ],
    [
      67,
      0.02247191011235955
    ],
    [
      68,
      0.06611570247933883
    ],
    [
      69,
      0.07547169811320754
    ],
    [
      70,
      0.06722689075630253
    ],
    [
      71,
      0.03389830508474576
    ],
    [
      72,
      0.1772151898734177
    ],
    [
      73,
      0.1142857142857143
    ],
    [
      74,
      0.06666666666666668
    ],
    [
      75,
      0.0
    ],
    [
      76,
      0.013245033112582781
    ],
    [
      77,
      0.034782608695652174
    ],
    [
      78,
      0.12021857923497267
    ],
    [
      79,
      0.07751937984496125
    ],
    [
      80,
      0.0
    ],
    [
      81,
      0.044444444444444446
    ],
    [
      82,
      0.1702127659574468
    ],
    [
      83,
      0.08974358974358974
    ],
    [
      84,
      0.08045977011494253
    ],
    [
      85,
      0.0
    ],
    [
      86,
      0.026315789473684213
    ],
    [
      87,
      0.171875
    ],
    [
      88,
      0.11659192825112108
    ],
    [
      89,
      0.11458333333333334
    ],
    [
      90,
      0.16574585635359115
    ],
    [
      91,
      0.12587412587412586
    ],
    [
      92,
      0.022222222222222223
    ],
    [
      93,
      0.1530054644808743
    ],
    [
      94,
      0.04597701149425287
    ],
    [
      95,
      0.1085972850678733
    ],
    [
      96,
      0.020408163265306124
    ],
    [
      97,
      0.05454545454545454
    ],
    [
      98,
      0.13861386138613863
    ],
    [
      99,
      0.018957345971563982
    ],
    [
      100,
      0.0
    ],
    [
      101,
      0.0
    ],
    [
      102,
      0.0410958904109589
    ],
    [
      103,
      0.0
    ],
    [
      104,
      0.019801980198019802
    ],
    [
      105,
      0.19178082191780824
    ],
    [
      106,
      0.18867924528301885
    ],
    [
      107,
      0.14492753623188406
    ],
    [
      108,
      0.12698412698412698
    ],
    [
      109,
      0.08403361344537814
    ],
    [
      110,
      0.12345679012345677
    ],
    [
      111,
      0.03896103896103897
    ],
    [
      112,
      0.06211180124223602
    ],
    [
      113,
      0.07792207792207792
    ],
    [
      114,
      0.0
    ],
    [
      115,
      0.09756097560975609
    ],
    [
      116,
      0.037500000000000006
    ],
    [
      117,
      0.056074766355140186
    ],
    [
      118,
      0.015384615384615385
    ],
    [
      119,
      0.05925925925925927
    ],
    [
      120,
      0.02985074626865672
    ],
    [
      121,
      0.13846153846153844
    ],
    [
      122,
      0.09183673469387754
    ],
    [
      123,
      0.1710526315789474
    ],
    [
      124,
      0.05714285714285715
    ],
    [
      125,
      0.10687022900763359
    ],
    [
      126,
      0.1095890410958904
    ],
    [
      127,
      0.064
    ],
    [
      128,
      0.0
    ],
    [
      129,
      0.0
    ],
    [
      130,
      0.0717948717948718
    ],
    [
      131,
      0.04878048780487805
    ],
    [
      132,
      0.15853658536585366
    ],
    [
      133,
      0.032
    ],
    [
      134,
      0.2111111111111111
    ],
    [
      135,
      0.048780487804878044
    ],
    [
      136,
      0.08664259927797834
    ],
    [
      137,
      0.089171974522293
    ],
    [
      138,
      0.0
    ],
    [
      139,
      0.09022556390977443
    ],
    [
      140,
      0.1095890410958904
    ],
    [
      141,
      0.09876543209876544
    ],
    [
      142,
      0.05369127516778524
    ],
    [
      143,
      0.16037735849056603
    ],
    [
      144,
      0.0
    ],
    [
      145,
      0.10526315789473684
    ],
    [
      146,
      0.099009900990099
    ],
    [
      147,
      0.072992700729927
    ],
    [
      148,
      0.057971014492753624
    ],
    [
      149,
      0.08264462809917356
    ],
    [
      150,
      0.019417475728155338
    ],
    [
      151,
      0.013986013986013984
    ],
    [
      152,
      0.058394160583941604
    ],
    [
      153,
      0.1038961038961039
    ],
    [
      154,
      0.03389830508474576
    ],
    [
      155,
      0.09302325581395349
    ],
    [
      156,
      0.0641025641025641
    ],
    [
      157,
      0.06779661016949153
    ],
    [
      158,
      0.1587301587301587
    ],
    [
      159,
      0.041379310344827586
    ],
    [
      160,
      0.12222222222222222
    ],
    [
      161,
      0.1081081081081081
    ],
    [
      162,
      0.0
    ],
    [
      163,
      0.15384615384615385
    ],
    [
      164,
      0.05217391304347826
    ],
    [
      165,
      0.12345679012345681
    ],
    [
      166,
      0.0
    ],
    [
      167,
      0.055944055944055944
    ],
    [
      168,
