{
  "dataset": "QMSum",
  "num_samples": 200,
  "rouge1": 0.11747880523559137,
  "rouge2": 0.023021697342714996,
  "rougeL": 0.07332019800595893,
  "rougeLsum": 0.08180466145136751,
  "per_sample_rougeL": [
    [
      0,
      0.010752688172043012
    ],
    [
      1,
      0.1320754716981132
    ],
    [
      2,
      0.12295081967213115
    ],
    [
      3,
      0.10599078341013826
    ],
    [
      4,
      0.055674518201284794
    ],
    [
      5,
      0
    ],
    [
      6,
      0.09876543209876543
    ],
    [
      7,
      0.09803921568627451
    ],
    [
      8,
      0.0675944333996024
    ],
    [
      9,
      0.0814663951120163
    ],
    [
      10,
      0.024096385542168672
    ],
    [
      11,
      0.13805970149253732
    ],
    [
      12,
      0.07188160676532768
    ],
    [
      13,
      0.13333333333333333
    ],
    [
      14,
      0.018292682926829267
    ],
    [
      15,
      0.06765327695560254
    ],
    [
      16,
      0.0546875
    ],
    [
      17,
      0.09248554913294799
    ],
    [
      18,
      0.033492822966507185
    ],
    [
      19,
      0.09465020576131686
    ],
    [
      20,
      0.06719367588932806
    ],
    [
      21,
      0.0855397148676171
    ],
    [
      22,
      0.0
    ],
    [
      23,
      0.09341825902335456
    ],
    [
      24,
      0.07228915662650603
    ],
    [
      25,
      0.01550387596899225
    ],
    [
      26,
      0.09652509652509653
    ],
    [
      27,
      0.08050847457627118
    ],
    [
      28,
      0.09677419354838711
    ],
    [
      29,
      0.011881188118811881
    ],
    [
      30,
      0.10420841683366734
    ],
    [
      31,
      0.01953125
    ],
    [
      32,
      0.11657559198542805
    ],
    [
      33,
      0.12313432835820895
    ],
    [
      34,
      0.025594149908592323
    ],
    [
      35,
      0.07734806629834254
    ],
    [
      36,
      0.09823182711198429
    ],
    [
      37,
      0.1054766734279919
    ],
    [
      38,
      0.008368200836820083
    ],
    [
      39,
      0.06694560669456066
    ],
    [
      40,
      0.09774436090225563
    ],
    [
      41,
      0.0729483282674772
    ],
    [
      42,
      0.09398496240601503
    ],
    [
      43,
      0.11088295687885011
    ],
    [
      44,
      0.0
    ],
    [
      45,
      0.08316831683168317
    ],
    [
      46,
      0.10207939508506615
    ],
    [
      47,
      0.07272727272727272
    ],
    [
      48,
      0.09600000000000002
    ],
    [
      49,
      0.045454545454545456
    ],
    [
      50,
      0.0841683366733467
    ],
    [
      51,
      0.15770609318996417
    ],
    [
      52,
      0.07589285714285715
    ],
    [
      53,
      0.007751937984496125
    ],
    [
      54,
      0.09861932938856015
    ],
    [
      55,
      0.03753351206434316
    ],
    [
      56,
      0.07083333333333333
    ],
    [
      57,
      0.07068607068607069
    ],
    [
      58,
      0.007633587786259542
    ],
    [
      59,
      0.09266409266409266
    ],
    [
      60,
      0.09022556390977444
    ],
    [
      61,
      0.10526315789473685
    ],
    [
      62,
      0.06666666666666667
    ],
    [
      63,
      0.0875
    ],
    [
      64,
      0.08641975308641976
    ],
    [
      65,
      0.03219315895372234
    ],
    [
      66,
      0.12581344902386118
    ],
    [
      67,
      0.006493506493506494
    ],
    [
      68,
      0.0925925925925926
    ],
    [
      69,
      0.11472275334608031
    ],
    [
      70,
      0.02044989775051125
    ],
    [
      71,
      0.09055118110236221
    ],
    [
      72,
      0.07883817427385893
    ],
    [
      73,
      0.10820895522388059
    ],
    [
      74,
      0.0
    ],
    [
      75,
      0.13503649635036497
    ],
    [
      76,
      0.02127659574468085
    ],
    [
      77,
      0.06047516198704103
    ],
    [
      78,
      0.125
    ],
    [
      79,
      0.09829867674858223
    ],
    [
      80,
      0.0
    ],
    [
      81,
      0.07532956685499058
    ],
    [
      82,
      0.0588235294117647
    ],
    [
      83,
      0.07661290322580645
    ],
    [
      84,
      0.11272727272727273
    ],
    [
      85,
      0.024464831804281346
    ],
    [
      86,
      0.13793103448275862
    ],
    [
      87,
      0
    ],
    [
      88,
      0.12411347517730496
    ],
    [
      89,
      0.1669626998223801
    ],
    [
      90,
      0.10852713178294575
    ],
    [
      91,
      0.07174887892376682
    ],
    [
      92,
      0.0973630831643002
    ],
    [
      93,
      0.0730593607305936
    ],
    [
      94,
      0.038277511961722493
    ],
    [
      95,
      0.13451327433628318
    ],
    [
      96,
      0.15625
    ],
    [
      97,
      0.07874015748031496
    ],
    [
      98,
      0.03333333333333333
    ],
    [
      99,
      0.1641541038525963
    ],
    [
      100,
      0.1078838174273859
    ],
    [
      101,
      0.010948905109489052
    ],
    [
      102,
      0.0903954802259887
    ],
    [
      103,
      0.12336448598130842
    ],
    [
      104,
      0
    ],
    [
      105,
      0.13333333333333333
    ],
    [
      106,
      0.13380281690140847
    ],
    [
      107,
      0.0
    ],
    [
      108,
      0.1320388349514563
    ],
    [
      109,
      0.08247422680412372
    ],
    [
      110,
      0.09671179883945841
    ],
    [
      111,
      0.0
    ],
    [
      112,
      0.13011152416356875
    ],
    [
      113,
      0.0
    ],
    [
      114,
      0.13743218806509944
    ],
    [
      115,
      0.08482142857142858
    ],
    [
      116,
      0.09596928982725529
    ],
    [
      117,
      0.028985507246376815
    ],
    [
      118,
      0.07676767676767678
    ],
    [
      119,
      0.019960079840319365
    ],
    [
      120,
      0.10084033613445378
    ],
    [
      121,
      0.1059322033898305
    ],
    [
      122,
      0.11047619047619049
    ],
    [
      123,
      0
    ],
    [
      124,
      0.0709812108559499
    ],
    [
      125,
      0.09999999999999999
    ],
    [
      126,
      0.03773584905660377
    ],
    [
      127,
      0.08853118712273642
    ],
    [
      128,
      0.041775456919060046
    ],
    [
      129,
      0.0918580375782881
    ],
    [
      130,
      0.11262135922330097
    ],
    [
      131,
      0.0
    ],
    [
      132,
      0.028056112224448898
    ],
    [
      133,
      0.09375
    ],
    [
      134,
      0.13465346534653466
    ],
    [
      135,
      0.07584830339321356
    ],
    [
      136,
      0.044009779951100246
    ],
    [
      137,
      0.037037037037037035
    ],
    [
      138,
      0.1082089552238806
    ],
    [
      139,
      0.07751937984496124
    ],
    [
      140,
      0.0
    ],
    [
      141,
      0.1381957773512476
    ],
    [
      142,
      0.0
    ],
    [
      143,
      0.16074766355140188
    ],
    [
      144,
      0.10062893081761005
    ],
    [
      145,
      0.08102345415778252
    ],
    [
      146,
      0
    ],
    [
      147,
      0.06027397260273973
    ],
    [
      148,
      0.05749486652977413
    ],
    [
      149,
      0.096579476861167
    ],
    [
      150,
      0.12607449856733527
    ],
    [
      151,
      0
    ],
    [
      152,
      0.06864988558352403
    ],
    [
      153,
      0.07531380753138076
    ],
    [
      154,
      0.048780487804878044
    ],
    [
      155,
      0.13552361396303902
    ],
    [
      156,
      0.11787819253438114
    ],
    [
      157,
      0.0
    ],
    [
      158,
      0.10244988864142539
    ],
    [
      159,
      0.09170305676855896
    ],
    [
      160,
      0.13970588235294118
    ],
    [
      161,
      0.0
    ],
    [
      162,
      0.09603340292275575
    ],
    [
      163,
      0.049079754601227
    ],
    [
      164,
      0.013245033112582781
    ],
    [
      165,
      0
