{
  "dataset": "QMSum",
  "num_samples": 200,
  "rouge1": 0.12307057276677513,
  "rouge2": 0.005313413570604631,
  "rougeL": 0.09338291978270441,
  "rougeLsum": 0.09550373599900197,
  "per_sample_rougeL": [
    [
      0,
      0.022598870056497175
    ],
    [
      1,
      0.14634146341463414
    ],
    [
      2,
      0.07643312101910828
    ],
    [
      3,
      0.03305785123966942
    ],
    [
      4,
      0.12698412698412698
    ],
    [
      5,
      0.013888888888888888
    ],
    [
      6,
      0.1234567901234568
    ],
    [
      7,
      0.09523809523809523
    ],
    [
      8,
      0.12903225806451613
    ],
    [
      9,
      0.08064516129032258
    ],
    [
      10,
      0.08333333333333333
    ],
    [
      11,
      0.026143790849673203
    ],
    [
      12,
      0.10714285714285714
    ],
    [
      13,
      0.07518796992481203
    ],
    [
      14,
      0.0
    ],
    [
      15,
      0.15730337078651688
    ],
    [
      16,
      0.09395973154362416
    ],
    [
      17,
      0.01818181818181818
    ],
    [
      18,
      0.08035714285714286
    ],
    [
      19,
      0.04878048780487805
    ],
    [
      20,
      0.09022556390977443
    ],
    [
      21,
      0.017857142857142856
    ],
    [
      22,
      0.11538461538461539
    ],
    [
      23,
      0.045454545454545456
    ],
    [
      24,
      0.06837606837606838
    ],
    [
      25,
      0.053763440860215055
    ],
    [
      26,
      0.016129032258064516
    ],
    [
      27,
      0.038834951456310676
    ],
    [
      28,
      0.09790209790209789
    ],
    [
      29,
      0.049180327868852465
    ],
    [
      30,
      0.10144927536231883
    ],
    [
      31,
      0.125
    ],
    [
      32,
      0.16483516483516483
    ],
    [
      33,
      0.1360544217687075
    ],
    [
      34,
      0.14516129032258066
    ],
    [
      35,
      0.07142857142857142
    ],
    [
      36,
      0.06611570247933883
    ],
    [
      37,
      0.1038961038961039
    ],
    [
      38,
      0.10344827586206896
    ],
    [
      39,
      0.07207207207207207
    ],
    [
      40,
      0.1411764705882353
    ],
    [
      41,
      0.1149425287356322
    ],
    [
      42,
      0.01680672268907563
    ],
    [
      43,
      0.07999999999999999
    ],
    [
      44,
      0.0
    ],
    [
      45,
      0.09302325581395349
    ],
    [
      46,
      0.09790209790209789
    ],
    [
      47,
      0.07947019867549669
    ],
    [
      48,
      0.07142857142857144
    ],
    [
      49,
      0.03418803418803419
    ],
    [
      50,
      0.13157894736842107
    ],
    [
      51,
      0.21621621621621623
    ],
    [
      52,
      0.04301075268817204
    ],
    [
      53,
      0.0761904761904762
    ],
    [
      54,
      0.02040816326530612
    ],
    [
      55,
      0.12987012987012986
    ],
    [
      56,
      0.09259259259259259
    ],
    [
      57,
      0.035087719298245605
    ],
    [
      58,
      0.05633802816901408
    ],
    [
      59,
      0.1871345029239766
    ],
    [
      60,
      0.047244094488188976
    ],
    [
      61,
      0.0975609756097561
    ],
    [
      62,
      0.10256410256410257
    ],
    [
      63,
      0.09917355371900825
    ],
    [
      64,
      0.10434782608695652
    ],
    [
      65,
      0.11023622047244094
    ],
    [
      66,
      0.04511278195488721
    ],
    [
      67,
      0.05714285714285714
    ],
    [
      68,
      0.049999999999999996
    ],
    [
      69,
      0.1037037037037037
    ],
    [
      70,
      0.09615384615384615
    ],
    [
      71,
      0.12213740458015267
    ],
    [
      72,
      0.03846153846153846
    ],
    [
      73,
      0.11320754716981132
    ],
    [
      74,
      0.11009174311926606
    ],
    [
      75,
      0.13698630136986303
    ],
    [
      76,
      0.06578947368421052
    ],
    [
      77,
      0.10752688172043011
    ],
    [
      78,
      0.14457831325301204
    ],
    [
      79,
      0.14925373134328357
    ],
    [
      80,
      0.11956521739130435
    ],
    [
      81,
      0.014814814814814814
    ],
    [
      82,
      0.1691542288557214
    ],
    [
      83,
      0.015503875968992246
    ],
    [
      84,
      0.14545454545454545
    ],
    [
      85,
      0.02061855670103093
    ],
    [
      86,
      0.07650273224043716
    ],
    [
      87,
      0.11023622047244093
    ],
    [
      88,
      0.1283422459893048
    ],
    [
      89,
      0.10465116279069768
    ],
    [
      90,
      0.1791044776119403
    ],
    [
      91,
      0.13043478260869565
    ],
    [
      92,
      0.06722689075630252
    ],
    [
      93,
      0.125
    ],
    [
      94,
      0.15555555555555556
    ],
    [
      95,
      0.19801980198019803
    ],
    [
      96,
      0.12444444444444445
    ],
    [
      97,
      0.06976744186046512
    ],
    [
      98,
      0.16352201257861637
    ],
    [
      99,
      0.027149321266968326
    ],
    [
      100,
      0.028169014084507046
    ],
    [
      101,
      0.10256410256410256
    ],
    [
      102,
      0.0967741935483871
    ],
    [
      103,
      0.055944055944055944
    ],
    [
      104,
      0.07766990291262135
    ],
    [
      105,
      0.14864864864864866
    ],
    [
      106,
      0.21301775147928992
    ],
    [
      107,
      0.10852713178294573
    ],
    [
      108,
      0.17567567567567566
    ],
    [
      109,
      0.1590909090909091
    ],
    [
      110,
      0.14893617021276595
    ],
    [
      111,
      0.0546448087431694
    ],
    [
      112,
      0.12413793103448276
    ],
    [
      113,
      0.03571428571428571
    ],
    [
      114,
      0.014598540145985403
    ],
    [
      115,
      0.17142857142857143
    ],
    [
      116,
      0.11920529801324502
    ],
    [
      117,
      0.109375
    ],
    [
      118,
      0.10526315789473685
    ],
    [
      119,
      0.07751937984496123
    ],
    [
      120,
      0.11267605633802817
    ],
    [
      121,
      0.04838709677419355
    ],
    [
      122,
      0.10928961748633881
    ],
    [
      123,
      0.16774193548387098
    ],
    [
      124,
      0.08474576271186442
    ],
    [
      125,
      0.17266187050359713
    ],
    [
      126,
      0.06451612903225806
    ],
    [
      127,
      0.1188118811881188
    ],
    [
      128,
      0.19704433497536947
    ],
    [
      129,
      0.05172413793103448
    ],
    [
      130,
      0.09433962264150943
    ],
    [
      131,
      0.06722689075630252
    ],
    [
      132,
      0.10309278350515465
    ],
    [
      133,
      0.1217391304347826
    ],
    [
      134,
      0.06666666666666667
    ],
    [
      135,
      0.043478260869565216
    ],
    [
      136,
      0.14018691588785048
    ],
    [
      137,
      0.08163265306122448
    ],
    [
      138,
      0.06201550387596899
    ],
    [
      139,
      0.015267175572519082
    ],
    [
      140,
      0.17054263565891473
    ],
    [
      141,
      0.10666666666666667
    ],
    [
      142,
      0.0689655172413793
    ],
    [
      143,
      0.19631901840490798
    ],
    [
      144,
      0.014084507042253521
    ],
    [
      145,
      0.07547169811320754
    ],
    [
      146,
      0.10471204188481674
    ],
    [
      147,
      0.08571428571428572
    ],
    [
      148,
      0.07142857142857142
    ],
    [
      149,
      0.047244094488188976
    ],
    [
      150,
      0.059259259259259255
    ],
    [
      151,
      0.012578616352201259
    ],
    [
      152,
      0.0588235294117647
    ],
    [
      153,
      0.15217391304347827
    ],
    [
      154,
      0.11538461538461538
    ],
    [
      155,
      0.09230769230769231
    ],
    [
      156,
      0.058823529411764705
    ],
    [
      157,
      0.14117647058823532
    ],
    [
      158,
      0.1132075471698113
    ],
    [
      159,
