{
  "dataset": "QMSum",
  "num_samples": 200,
  "rouge1": 0.18746521725838317,
  "rouge2": 0.016380582133453808,
  "rougeL": 0.1220017308065145,
  "rougeLsum": 0.13609442150215023,
  "per_sample_rougeL": [
    [
      0,
      0.05925925925925926
    ],
    [
      1,
      0.1005586592178771
    ],
    [
      2,
      0.11834319526627217
    ],
    [
      3,
      0.05095541401273885
    ],
    [
      4,
      0.0
    ],
    [
      5,
      0.07339449541284404
    ],
    [
      6,
      0.11570247933884298
    ],
    [
      7,
      0.08695652173913045
    ],
    [
      8,
      0.08771929824561404
    ],
    [
      9,
      0.061068702290076333
    ],
    [
      10,
      0.05769230769230769
    ],
    [
      11,
      0.1775147928994083
    ],
    [
      12,
      0.1149425287356322
    ],
    [
      13,
      0.12048192771084337
    ],
    [
      14,
      0.10843373493975904
    ],
    [
      15,
      0.12244897959183673
    ],
    [
      16,
      0.0736196319018405
    ],
    [
      17,
      0.08695652173913043
    ],
    [
      18,
      0.11627906976744186
    ],
    [
      19,
      0.06289308176100629
    ],
    [
      20,
      0.06521739130434784
    ],
    [
      21,
      0.07142857142857141
    ],
    [
      22,
      0.0
    ],
    [
      23,
      0.16326530612244897
    ],
    [
      24,
      0.1092896174863388
    ],
    [
      25,
      0.1145374449339207
    ],
    [
      26,
      0.07407407407407406
    ],
    [
      27,
      0.0923076923076923
    ],
    [
      28,
      0.15
    ],
    [
      29,
      0.08247422680412371
    ],
    [
      30,
      0.13414634146341464
    ],
    [
      31,
      0.18181818181818182
    ],
    [
      32,
      0.16666666666666666
    ],
    [
      33,
      0.13407821229050276
    ],
    [
      34,
      0.0945945945945946
    ],
    [
      35,
      0.14201183431952663
    ],
    [
      36,
      0.05714285714285715
    ],
    [
      37,
      0.16091954022988508
    ],
    [
      38,
      0.11428571428571428
    ],
    [
      39,
      0.07518796992481203
    ],
    [
      40,
      0.12048192771084337
    ],
    [
      41,
      0.11235955056179776
    ],
    [
      42,
      0.10152284263959392
    ],
    [
      43,
      0.13157894736842105
    ],
    [
      44,
      0.06896551724137931
    ],
    [
      45,
      0.12195121951219513
    ],
    [
      46,
      0.15789473684210525
    ],
    [
      47,
      0.11299435028248588
    ],
    [
      48,
      0.09448818897637795
    ],
    [
      49,
      0.10071942446043167
    ],
    [
      50,
      0.14285714285714282
    ],
    [
      51,
      0.2019230769230769
    ],
    [
      52,
      0.048780487804878044
    ],
    [
      53,
      0.12422360248447205
    ],
    [
      54,
      0.09090909090909091
    ],
    [
      55,
      0.1111111111111111
    ],
    [
      56,
      0.17054263565891475
    ],
    [
      57,
      0.09411764705882353
    ],
    [
      58,
      0.09210526315789473
    ],
    [
      59,
      0.19354838709677416
    ],
    [
      60,
      0.11688311688311688
    ],
    [
      61,
      0.12903225806451613
    ],
    [
      62,
      0.19455252918287938
    ],
    [
      63,
      0.13333333333333333
    ],
    [
      64,
      0.08064516129032258
    ],
    [
      65,
      0.041666666666666664
    ],
    [
      66,
      0.06451612903225806
    ],
    [
      67,
      0.10285714285714287
    ],
    [
      68,
      0.12941176470588237
    ],
    [
      69,
      0.13559322033898308
    ],
    [
      70,
      0.11666666666666665
    ],
    [
      71,
      0.12244897959183673
    ],
    [
      72,
      0.14765100671140938
    ],
    [
      73,
      0.11267605633802817
    ],
    [
      74,
      0.08130081300813008
    ],
    [
      75,
      0.09302325581395349
    ],
    [
      76,
      0.08888888888888888
    ],
    [
      77,
      0.07575757575757576
    ],
    [
      78,
      0.12048192771084337
    ],
    [
      79,
      0.15204678362573099
    ],
    [
      80,
      0.16666666666666666
    ],
    [
      81,
      0.10144927536231883
    ],
    [
      82,
      0.11764705882352941
    ],
    [
      83,
      0.1068702290076336
    ],
    [
      84,
      0.09137055837563451
    ],
    [
      85,
      0.18579234972677594
    ],
    [
      86,
      0.0
    ],
    [
      87,
      0.13986013986013987
    ],
    [
      88,
      0.1073170731707317
    ],
    [
      89,
      0.15469613259668508
    ],
    [
      90,
      0.17977528089887643
    ],
    [
      91,
      0.1506849315068493
    ],
    [
      92,
      0.06593406593406594
    ],
    [
      93,
      0.13392857142857142
    ],
    [
      94,
      0.10619469026548672
    ],
    [
      95,
      0.15920398009950248
    ],
    [
      96,
      0.186046511627907
    ],
    [
      97,
      0.0923076923076923
    ],
    [
      98,
      0.1702127659574468
    ],
    [
      99,
      0.08527131782945736
    ],
    [
      100,
      0.06493506493506494
    ],
    [
      101,
      0.06896551724137931
    ],
    [
      102,
      0.15384615384615383
    ],
    [
      103,
      0.10738255033557048
    ],
    [
      104,
      0.12403100775193797
    ],
    [
      105,
      0.227027027027027
    ],
    [
      106,
      0.24390243902439024
    ],
    [
      107,
      0.10937499999999999
    ],
    [
      108,
      0.20168067226890754
    ],
    [
      109,
      0.14414414414414414
    ],
    [
      110,
      0.08130081300813008
    ],
    [
      111,
      0.12195121951219512
    ],
    [
      112,
      0.14906832298136646
    ],
    [
      113,
      0.17708333333333334
    ],
    [
      114,
      0.1422594142259414
    ],
    [
      115,
      0.14814814814814814
    ],
    [
      116,
      0.2
    ],
    [
      117,
      0.13157894736842105
    ],
    [
      118,
      0.1267605633802817
    ],
    [
      119,
      0.09374999999999999
    ],
    [
      120,
      0.13836477987421383
    ],
    [
      121,
      0.13664596273291924
    ],
    [
      122,
      0.12121212121212122
    ],
    [
      123,
      0.0963855421686747
    ],
    [
      124,
      0.10526315789473684
    ],
    [
      125,
      0.1875
    ],
    [
      126,
      0.1702127659574468
    ],
    [
      127,
      0.16417910447761197
    ],
    [
      128,
      0.1675977653631285
    ],
    [
      129,
      0.1103448275862069
    ],
    [
      130,
      0.09999999999999999
    ],
    [
      131,
      0.10447761194029852
    ],
    [
      132,
      0.19631901840490798
    ],
    [
      133,
      0.04040404040404041
    ],
    [
      134,
      0.08612440191387559
    ],
    [
      135,
      0.11538461538461539
    ],
    [
      136,
      0.13223140495867766
    ],
    [
      137,
      0.08163265306122448
    ],
    [
      138,
      0.13414634146341464
    ],
    [
      139,
      0.0880503144654088
    ],
    [
      140,
      0.12578616352201258
    ],
    [
      141,
      0.15384615384615383
    ],
    [
      142,
      0.11650485436893203
    ],
    [
      143,
      0.14070351758793967
    ],
    [
      144,
      0.1243523316062176
    ],
    [
      145,
      0.1020408163265306
    ],
    [
      146,
      0.12935323383084577
    ],
    [
      147,
      0.15286624203821655
    ],
    [
      148,
      0.08264462809917357
    ],
    [
      149,
      0.09876543209876544
    ],
    [
      150,
      0.14201183431952663
    ],
    [
      151,
      0.18357487922705315
    ],
    [
      152,
      0.07936507936507936
    ],
    [
      153,
      0.23076923076923075
    ],
    [
      154,
      0.0916030534351145
    ],
    [
      155,
      0.11042944785276075
    ],
    [
      156,
      0.18750000000000003
    ],
    [
      157,
      0.125
    ],
    [
      158,
      0.18378378378378377
    ],
    [
      159,
      0.12903225806451613
    ],
    [
      160,
