{
  "dataset": "QMSum",
  "num_samples": 200,
  "rouge1": 0.13775067462936882,
  "rouge2": 0.005412932596871006,
  "rougeL": 0.09704666090413497,
  "rougeLsum": 0.10032690612950547,
  "per_sample_rougeL": [
    [
      0,
      0.0223463687150838
    ],
    [
      1,
      0.10322580645161289
    ],
    [
      2,
      0.08633093525179855
    ],
    [
      3,
      0.03508771929824562
    ],
    [
      4,
      0.0909090909090909
    ],
    [
      5,
      0.0980392156862745
    ],
    [
      6,
      0.12389380530973451
    ],
    [
      7,
      0.07079646017699115
    ],
    [
      8,
      0.07547169811320756
    ],
    [
      9,
      0.1322314049586777
    ],
    [
      10,
      0.0909090909090909
    ],
    [
      11,
      0.037267080745341616
    ],
    [
      12,
      0.09090909090909091
    ],
    [
      13,
      0.032
    ],
    [
      14,
      0.0
    ],
    [
      15,
      0.10416666666666667
    ],
    [
      16,
      0.05454545454545455
    ],
    [
      17,
      0.13333333333333333
    ],
    [
      18,
      0.09482758620689655
    ],
    [
      19,
      0.08823529411764706
    ],
    [
      20,
      0.06451612903225808
    ],
    [
      21,
      0.017857142857142856
    ],
    [
      22,
      0.03278688524590164
    ],
    [
      23,
      0.10606060606060605
    ],
    [
      24,
      0.047619047619047616
    ],
    [
      25,
      0.06349206349206349
    ],
    [
      26,
      0.06289308176100629
    ],
    [
      27,
      0.08928571428571427
    ],
    [
      28,
      0.05128205128205127
    ],
    [
      29,
      0.0967741935483871
    ],
    [
      30,
      0.05442176870748299
    ],
    [
      31,
      0.1308411214953271
    ],
    [
      32,
      0.11347517730496454
    ],
    [
      33,
      0.1139240506329114
    ],
    [
      34,
      0.10071942446043165
    ],
    [
      35,
      0.09142857142857144
    ],
    [
      36,
      0.09448818897637795
    ],
    [
      37,
      0.089171974522293
    ],
    [
      38,
      0.08695652173913043
    ],
    [
      39,
      0.07207207207207207
    ],
    [
      40,
      0.14814814814814814
    ],
    [
      41,
      0.15730337078651685
    ],
    [
      42,
      0.05797101449275362
    ],
    [
      43,
      0.031999999999999994
    ],
    [
      44,
      0.09523809523809525
    ],
    [
      45,
      0.1103448275862069
    ],
    [
      46,
      0.06849315068493152
    ],
    [
      47,
      0.11764705882352941
    ],
    [
      48,
      0.05479452054794521
    ],
    [
      49,
      0.1016949152542373
    ],
    [
      50,
      0.14285714285714285
    ],
    [
      51,
      0.18478260869565216
    ],
    [
      52,
      0.0
    ],
    [
      53,
      0.08805031446540881
    ],
    [
      54,
      0.05660377358490565
    ],
    [
      55,
      0.15267175572519084
    ],
    [
      56,
      0.072992700729927
    ],
    [
      57,
      0.05797101449275362
    ],
    [
      58,
      0.06896551724137931
    ],
    [
      59,
      0.1643835616438356
    ],
    [
      60,
      0.044444444444444446
    ],
    [
      61,
      0.1076923076923077
    ],
    [
      62,
      0.1565217391304348
    ],
    [
      63,
      0.04724409448818897
    ],
    [
      64,
      0.12280701754385966
    ],
    [
      65,
      0.06722689075630252
    ],
    [
      66,
      0.0303030303030303
    ],
    [
      67,
      0.04301075268817204
    ],
    [
      68,
      0.10526315789473685
    ],
    [
      69,
      0.12328767123287672
    ],
    [
      70,
      0.13559322033898308
    ],
    [
      71,
      0.060606060606060615
    ],
    [
      72,
      0.08849557522123895
    ],
    [
      73,
      0.14772727272727273
    ],
    [
      74,
      0.07547169811320754
    ],
    [
      75,
      0.058479532163742694
    ],
    [
      76,
      0.08750000000000001
    ],
    [
      77,
      0.08771929824561404
    ],
    [
      78,
      0.14965986394557823
    ],
    [
      79,
      0.15625
    ],
    [
      80,
      0.09729729729729729
    ],
    [
      81,
      0.11940298507462685
    ],
    [
      82,
      0.1935483870967742
    ],
    [
      83,
      0.145985401459854
    ],
    [
      84,
      0.13095238095238096
    ],
    [
      85,
      0.0196078431372549
    ],
    [
      86,
      0.12669683257918551
    ],
    [
      87,
      0.11965811965811965
    ],
    [
      88,
      0.0823529411764706
    ],
    [
      89,
      0.16969696969696968
    ],
    [
      90,
      0.14285714285714285
    ],
    [
      91,
      0.1487603305785124
    ],
    [
      92,
      0.08064516129032258
    ],
    [
      93,
      0.1382978723404255
    ],
    [
      94,
      0.09174311926605504
    ],
    [
      95,
      0.14432989690721648
    ],
    [
      96,
      0.12093023255813955
    ],
    [
      97,
      0.0625
    ],
    [
      98,
      0.09589041095890412
    ],
    [
      99,
      0.043103448275862065
    ],
    [
      100,
      0.038461538461538464
    ],
    [
      101,
      0.07692307692307691
    ],
    [
      102,
      0.09375000000000001
    ],
    [
      103,
      0.04081632653061224
    ],
    [
      104,
      0.038834951456310676
    ],
    [
      105,
      0.14285714285714288
    ],
    [
      106,
      0.15625
    ],
    [
      107,
      0.1212121212121212
    ],
    [
      108,
      0.16216216216216217
    ],
    [
      109,
      0.17073170731707318
    ],
    [
      110,
      0.13793103448275862
    ],
    [
      111,
      0.09
    ],
    [
      112,
      0.16438356164383564
    ],
    [
      113,
      0.0223463687150838
    ],
    [
      114,
      0.038461538461538464
    ],
    [
      115,
      0.125
    ],
    [
      116,
      0.07692307692307691
    ],
    [
      117,
      0.0916030534351145
    ],
    [
      118,
      0.08620689655172413
    ],
    [
      119,
      0.13008130081300814
    ],
    [
      120,
      0.1379310344827586
    ],
    [
      121,
      0.04477611940298508
    ],
    [
      122,
      0.15165876777251186
    ],
    [
      123,
      0.19736842105263158
    ],
    [
      124,
      0.0784313725490196
    ],
    [
      125,
      0.11200000000000002
    ],
    [
      126,
      0.1607142857142857
    ],
    [
      127,
      0.13861386138613863
    ],
    [
      128,
      0.08484848484848485
    ],
    [
      129,
      0.017094017094017096
    ],
    [
      130,
      0.07272727272727271
    ],
    [
      131,
      0.12030075187969926
    ],
    [
      132,
      0.15748031496062995
    ],
    [
      133,
      0.10619469026548672
    ],
    [
      134,
      0.0584795321637427
    ],
    [
      135,
      0.125
    ],
    [
      136,
      0.13636363636363638
    ],
    [
      137,
      0.13043478260869565
    ],
    [
      138,
      0.05405405405405406
    ],
    [
      139,
      0.06611570247933883
    ],
    [
      140,
      0.140625
    ],
    [
      141,
      0.1610738255033557
    ],
    [
      142,
      0.03571428571428572
    ],
    [
      143,
      0.1333333333333333
    ],
    [
      144,
      0.06493506493506494
    ],
    [
      145,
      0.0819672131147541
    ],
    [
      146,
      0.13414634146341464
    ],
    [
      147,
      0.08450704225352113
    ],
    [
      148,
      0.06741573033707865
    ],
    [
      149,
      0.08450704225352111
    ],
    [
      150,
      0.04316546762589928
    ],
    [
      151,
      0.048484848484848485
    ],
    [
      152,
      0.07017543859649122
    ],
    [
      153,
      0.14457831325301204
    ],
    [
      154,
      0.08547008547008547
    ],
    [
      155,
      0.11594202898550725
    ],
    [
      156,
      0.1379310344827586
    ],
    [
      157,
      0.0759493670886076
    ],
    [
      158,
      0.15757575757575756
    ],
    [
      159,
      0.05714285714285714
    ],
    [
      160,
      0.1678321678321678
    ],
    [
