{
  "dataset": "QMSum",
  "num_samples": 200,
  "rouge1": 0.18500144474023658,
  "rouge2": 0.013254394852920036,
  "rougeL": 0.11679989454408161,
  "rougeLsum": 0.13725567770408933,
  "per_sample_rougeL": [
    [
      0,
      0.07228915662650602
    ],
    [
      1,
      0.062111801242236024
    ],
    [
      2,
      0.10869565217391304
    ],
    [
      3,
      0.0975609756097561
    ],
    [
      4,
      0.0898876404494382
    ],
    [
      5,
      0.07453416149068322
    ],
    [
      6,
      0.11428571428571428
    ],
    [
      7,
      0.13793103448275862
    ],
    [
      8,
      0.11428571428571428
    ],
    [
      9,
      0.11864406779661017
    ],
    [
      10,
      0.09999999999999999
    ],
    [
      11,
      0.14054054054054055
    ],
    [
      12,
      0.09174311926605505
    ],
    [
      13,
      0.11363636363636363
    ],
    [
      14,
      0.08695652173913045
    ],
    [
      15,
      0.10218978102189781
    ],
    [
      16,
      0.10344827586206895
    ],
    [
      17,
      0.09655172413793105
    ],
    [
      18,
      0.1138211382113821
    ],
    [
      19,
      0.08450704225352113
    ],
    [
      20,
      0.08750000000000001
    ],
    [
      21,
      0.1333333333333333
    ],
    [
      22,
      0.06896551724137931
    ],
    [
      23,
      0.18918918918918917
    ],
    [
      24,
      0.13157894736842105
    ],
    [
      25,
      0.10837438423645322
    ],
    [
      26,
      0.058823529411764705
    ],
    [
      27,
      0.09917355371900827
    ],
    [
      28,
      0.08
    ],
    [
      29,
      0.12080536912751677
    ],
    [
      30,
      0.14035087719298245
    ],
    [
      31,
      0.1571428571428571
    ],
    [
      32,
      0.14285714285714282
    ],
    [
      33,
      0.08974358974358974
    ],
    [
      34,
      0.10256410256410256
    ],
    [
      35,
      0.1437125748502994
    ],
    [
      36,
      0.11428571428571427
    ],
    [
      37,
      0.11904761904761905
    ],
    [
      38,
      0.09917355371900825
    ],
    [
      39,
      0.0625
    ],
    [
      40,
      0.15053763440860216
    ],
    [
      41,
      0.13541666666666669
    ],
    [
      42,
      0.10695187165775401
    ],
    [
      43,
      0.09655172413793105
    ],
    [
      44,
      0.06756756756756756
    ],
    [
      45,
      0.13888888888888887
    ],
    [
      46,
      0.12269938650306748
    ],
    [
      47,
      0.09625668449197859
    ],
    [
      48,
      0.06666666666666667
    ],
    [
      49,
      0.07407407407407407
    ],
    [
      50,
      0.07751937984496124
    ],
    [
      51,
      0.22099447513812157
    ],
    [
      52,
      0.04379562043795619
    ],
    [
      53,
      0.12903225806451613
    ],
    [
      54,
      0.145985401459854
    ],
    [
      55,
      0.15730337078651685
    ],
    [
      56,
      0.11428571428571428
    ],
    [
      57,
      0.1139240506329114
    ],
    [
      58,
      0.09815950920245399
    ],
    [
      59,
      0.17964071856287422
    ],
    [
      60,
      0.10126582278481013
    ],
    [
      61,
      0.10778443113772455
    ],
    [
      62,
      0.16793893129770993
    ],
    [
      63,
      0.10526315789473685
    ],
    [
      64,
      0.1333333333333333
    ],
    [
      65,
      0.07407407407407406
    ],
    [
      66,
      0.13580246913580246
    ],
    [
      67,
      0.05673758865248227
    ],
    [
      68,
      0.11363636363636365
    ],
    [
      69,
      0.1267605633802817
    ],
    [
      70,
      0.07633587786259541
    ],
    [
      71,
      0.12307692307692308
    ],
    [
      72,
      0.10218978102189781
    ],
    [
      73,
      0.05952380952380952
    ],
    [
      74,
      0.0900900900900901
    ],
    [
      75,
      0.13402061855670103
    ],
    [
      76,
      0.07317073170731707
    ],
    [
      77,
      0.07246376811594202
    ],
    [
      78,
      0.08860759493670887
    ],
    [
      79,
      0.12738853503184713
    ],
    [
      80,
      0.10784313725490195
    ],
    [
      81,
      0.11180124223602485
    ],
    [
      82,
      0.1565217391304348
    ],
    [
      83,
      0.14285714285714288
    ],
    [
      84,
      0.12371134020618557
    ],
    [
      85,
      0.10404624277456649
    ],
    [
      86,
      0.09803921568627451
    ],
    [
      87,
      0.13333333333333333
    ],
    [
      88,
      0.11764705882352941
    ],
    [
      89,
      0.14689265536723164
    ],
    [
      90,
      0.16483516483516483
    ],
    [
      91,
      0.13043478260869565
    ],
    [
      92,
      0.11864406779661016
    ],
    [
      93,
      0.11981566820276499
    ],
    [
      94,
      0.1311475409836066
    ],
    [
      95,
      0.14678899082568808
    ],
    [
      96,
      0.10476190476190476
    ],
    [
      97,
      0.11864406779661019
    ],
    [
      98,
      0.12345679012345678
    ],
    [
      99,
      0.16
    ],
    [
      100,
      0.0851063829787234
    ],
    [
      101,
      0.09230769230769231
    ],
    [
      102,
      0.11695906432748539
    ],
    [
      103,
      0.13636363636363638
    ],
    [
      104,
      0.144
    ],
    [
      105,
      0.14606741573033707
    ],
    [
      106,
      0.22916666666666669
    ],
    [
      107,
      0.13071895424836602
    ],
    [
      108,
      0.1780821917808219
    ],
    [
      109,
      0.06896551724137931
    ],
    [
      110,
      0.17857142857142858
    ],
    [
      111,
      0.1282051282051282
    ],
    [
      112,
      0.09638554216867469
    ],
    [
      113,
      0.04081632653061225
    ],
    [
      114,
      0.06796116504854369
    ],
    [
      115,
      0.10606060606060605
    ],
    [
      116,
      0.1297297297297297
    ],
    [
      117,
      0.14864864864864866
    ],
    [
      118,
      0.07079646017699115
    ],
    [
      119,
      0.109375
    ],
    [
      120,
      0.14201183431952663
    ],
    [
      121,
      0.12244897959183673
    ],
    [
      122,
      0.13
    ],
    [
      123,
      0.10465116279069768
    ],
    [
      124,
      0.12844036697247707
    ],
    [
      125,
      0.12658227848101264
    ],
    [
      126,
      0.1857142857142857
    ],
    [
      127,
      0.09374999999999999
    ],
    [
      128,
      0.13559322033898305
    ],
    [
      129,
      0.14285714285714285
    ],
    [
      130,
      0.08
    ],
    [
      131,
      0.12244897959183673
    ],
    [
      132,
      0.1509433962264151
    ],
    [
      133,
      0.04195804195804196
    ],
    [
      134,
      0.11458333333333334
    ],
    [
      135,
      0.14285714285714288
    ],
    [
      136,
      0.12448132780082988
    ],
    [
      137,
      0.15286624203821655
    ],
    [
      138,
      0.12987012987012989
    ],
    [
      139,
      0.08235294117647059
    ],
    [
      140,
      0.11188811188811189
    ],
    [
      141,
      0.1476510067114094
    ],
    [
      142,
      0.12322274881516589
    ],
    [
      143,
      0.11374407582938388
    ],
    [
      144,
      0.12972972972972974
    ],
    [
      145,
      0.07092198581560284
    ],
    [
      146,
      0.13829787234042554
    ],
    [
      147,
      0.1081081081081081
    ],
    [
      148,
      0.0879120879120879
    ],
    [
      149,
      0.11023622047244096
    ],
    [
      150,
      0.16304347826086957
    ],
    [
      151,
      0.05
    ],
    [
      152,
      0.07142857142857142
    ],
    [
      153,
      0.17500000000000002
    ],
    [
      154,
      0.07207207207207207
    ],
    [
      155,
      0.13138686131386862
    ],
    [
      156,
      0.1686746987951807
    ],
    [
      157,
      0.019047619047619046
    ],
    [
      158,
      0.17341040462427745
    ],
    [
      159,
      0.11320754716981134
    ],
    [
      160,
      0.14
    ],
