{
  "dataset": "QMSum",
  "num_samples": 200,
  "rouge1": 0.09963928260417654,
  "rouge2": 0.004691529474397093,
  "rougeL": 0.08381598219842387,
  "rougeLsum": 0.07285963393038222,
  "per_sample_rougeL": [
    [
      0,
      0.0
    ],
    [
      1,
      0.15384615384615383
    ],
    [
      2,
      0.0
    ],
    [
      3,
      0.0392156862745098
    ],
    [
      4,
      0.01904761904761905
    ],
    [
      5,
      0.04545454545454546
    ],
    [
      6,
      0.1095890410958904
    ],
    [
      7,
      0.05
    ],
    [
      8,
      0.05769230769230769
    ],
    [
      9,
      0.046511627906976744
    ],
    [
      10,
      0.0821917808219178
    ],
    [
      11,
      0.025806451612903222
    ],
    [
      12,
      0.0
    ],
    [
      13,
      0.03921568627450981
    ],
    [
      14,
      0.037037037037037035
    ],
    [
      15,
      0.09411764705882353
    ],
    [
      16,
      0.14213197969543148
    ],
    [
      17,
      0.11428571428571428
    ],
    [
      18,
      0.053811659192825115
    ],
    [
      19,
      0.055944055944055944
    ],
    [
      20,
      0.0625
    ],
    [
      21,
      0.035398230088495575
    ],
    [
      22,
      0.01886792452830189
    ],
    [
      23,
      0.04477611940298508
    ],
    [
      24,
      0.0819672131147541
    ],
    [
      25,
      0.22641509433962262
    ],
    [
      26,
      0.08823529411764706
    ],
    [
      27,
      0.043956043956043966
    ],
    [
      28,
      0.14598540145985403
    ],
    [
      29,
      0.03305785123966942
    ],
    [
      30,
      0.05882352941176469
    ],
    [
      31,
      0.13043478260869565
    ],
    [
      32,
      0.09917355371900827
    ],
    [
      33,
      0.0958904109589041
    ],
    [
      34,
      0.11382113821138211
    ],
    [
      35,
      0.04
    ],
    [
      36,
      0.12727272727272726
    ],
    [
      37,
      0.0684931506849315
    ],
    [
      38,
      0.045454545454545456
    ],
    [
      39,
      0.07999999999999999
    ],
    [
      40,
      0.08187134502923976
    ],
    [
      41,
      0.07216494845360825
    ],
    [
      42,
      0.013333333333333332
    ],
    [
      43,
      0.03252032520325203
    ],
    [
      44,
      0.028985507246376812
    ],
    [
      45,
      0.12244897959183673
    ],
    [
      46,
      0.02877697841726619
    ],
    [
      47,
      0.06779661016949153
    ],
    [
      48,
      0.0
    ],
    [
      49,
      0.049999999999999996
    ],
    [
      50,
      0.14184397163120568
    ],
    [
      51,
      0.1340782122905028
    ],
    [
      52,
      0.0625
    ],
    [
      53,
      0.0
    ],
    [
      54,
      0.046511627906976744
    ],
    [
      55,
      0.15555555555555553
    ],
    [
      56,
      0.05660377358490566
    ],
    [
      57,
      0.08633093525179857
    ],
    [
      58,
      0.10256410256410255
    ],
    [
      59,
      0.10588235294117647
    ],
    [
      60,
      0.06015037593984962
    ],
    [
      61,
      0.12698412698412698
    ],
    [
      62,
      0.13215859030837004
    ],
    [
      63,
      0.05128205128205128
    ],
    [
      64,
      0.03636363636363636
    ],
    [
      65,
      0.038461538461538464
    ],
    [
      66,
      0.0
    ],
    [
      67,
      0.03260869565217391
    ],
    [
      68,
      0.06106870229007633
    ],
    [
      69,
      0.03773584905660377
    ],
    [
      70,
      0.09803921568627452
    ],
    [
      71,
      0.05454545454545454
    ],
    [
      72,
      0.061538461538461535
    ],
    [
      73,
      0.14634146341463417
    ],
    [
      74,
      0.09900990099009901
    ],
    [
      75,
      0.12244897959183676
    ],
    [
      76,
      0.05633802816901408
    ],
    [
      77,
      0.09174311926605505
    ],
    [
      78,
      0.09333333333333332
    ],
    [
      79,
      0.11764705882352941
    ],
    [
      80,
      0.12222222222222222
    ],
    [
      81,
      0.0
    ],
    [
      82,
      0.1111111111111111
    ],
    [
      83,
      0.0875
    ],
    [
      84,
      0.0945945945945946
    ],
    [
      85,
      0.04597701149425287
    ],
    [
      86,
      0.013793103448275862
    ],
    [
      87,
      0.18604651162790697
    ],
    [
      88,
      0.07960199004975126
    ],
    [
      89,
      0.19587628865979384
    ],
    [
      90,
      0.12413793103448276
    ],
    [
      91,
      0.12413793103448277
    ],
    [
      92,
      0.01724137931034483
    ],
    [
      93,
      0.13333333333333333
    ],
    [
      94,
      0.043795620437956206
    ],
    [
      95,
      0.16289592760180996
    ],
    [
      96,
      0.19905213270142183
    ],
    [
      97,
      0.07272727272727272
    ],
    [
      98,
      0.14285714285714285
    ],
    [
      99,
      0.008583690987124463
    ],
    [
      100,
      0.0
    ],
    [
      101,
      0.06593406593406594
    ],
    [
      102,
      0.07894736842105264
    ],
    [
      103,
      0.07246376811594202
    ],
    [
      104,
      0.10309278350515463
    ],
    [
      105,
      0.13422818791946306
    ],
    [
      106,
      0.19191919191919193
    ],
    [
      107,
      0.10852713178294573
    ],
    [
      108,
      0.1818181818181818
    ],
    [
      109,
      0.11764705882352941
    ],
    [
      110,
      0.12345679012345677
    ],
    [
      111,
      0.043010752688172046
    ],
    [
      112,
      0.09411764705882353
    ],
    [
      113,
      0.06097560975609756
    ],
    [
      114,
      0.04316546762589928
    ],
    [
      115,
      0.15503875968992248
    ],
    [
      116,
      0.028169014084507043
    ],
    [
      117,
      0.06593406593406594
    ],
    [
      118,
      0.03200000000000001
    ],
    [
      119,
      0.06837606837606838
    ],
    [
      120,
      0.15384615384615385
    ],
    [
      121,
      0.22988505747126436
    ],
    [
      122,
      0.050761421319796954
    ],
    [
      123,
      0.13612565445026176
    ],
    [
      124,
      0.16666666666666666
    ],
    [
      125,
      0.205607476635514
    ],
    [
      126,
      0.08620689655172413
    ],
    [
      127,
      0.12903225806451615
    ],
    [
      128,
      0.012820512820512818
    ],
    [
      129,
      0.08474576271186442
    ],
    [
      130,
      0.0736196319018405
    ],
    [
      131,
      0.062015503875969
    ],
    [
      132,
      0.125
    ],
    [
      133,
      0.04687499999999999
    ],
    [
      134,
      0.05128205128205129
    ],
    [
      135,
      0.058823529411764705
    ],
    [
      136,
      0.08780487804878048
    ],
    [
      137,
      0.11250000000000002
    ],
    [
      138,
      0.03478260869565217
    ],
    [
      139,
      0.08275862068965517
    ],
    [
      140,
      0.13333333333333336
    ],
    [
      141,
      0.09937888198757765
    ],
    [
      142,
      0.04938271604938271
    ],
    [
      143,
      0.1798941798941799
    ],
    [
      144,
      0.1176470588235294
    ],
    [
      145,
      0.10869565217391304
    ],
    [
      146,
      0.11180124223602485
    ],
    [
      147,
      0.02580645161290323
    ],
    [
      148,
      0.09523809523809526
    ],
    [
      149,
      0.038834951456310676
    ],
    [
      150,
      0.13114754098360656
    ],
    [
      151,
      0.075
    ],
    [
      152,
      0.032520325203252036
    ],
    [
      153,
      0.1272727272727273
    ],
    [
      154,
      0.07792207792207793
    ],
    [
      155,
      0.10526315789473685
    ],
    [
      156,
      0.11688311688311688
    ],
    [
      157,
      0.0808080808080808
    ],
    [
      158,
      0.15555555555555556
    ],
    [
      159,
      0.05755395683453237
    ],
    [
      160,
      0.12222222222222222
    ],
    [
      161,
      0.05555555555555555
    ],
    [
      162,
