{
  "dataset": "QMSum",
  "num_samples": 200,
  "rouge1": 0.08131471881546709,
  "rouge2": 0.003960132046472942,
  "rougeL": 0.0747261775604609,
  "rougeLsum": 0.06170597979364971,
  "per_sample_rougeL": [
    [
      0,
      0.0
    ],
    [
      1,
      0.02857142857142857
    ],
    [
      2,
      0.10606060606060605
    ],
    [
      3,
      0.01886792452830189
    ],
    [
      4,
      0.12
    ],
    [
      5,
      0.016
    ],
    [
      6,
      0.11940298507462686
    ],
    [
      7,
      0.04166666666666667
    ],
    [
      8,
      0.03278688524590164
    ],
    [
      9,
      0.0
    ],
    [
      10,
      0.10958904109589042
    ],
    [
      11,
      0.0
    ],
    [
      12,
      0.0606060606060606
    ],
    [
      13,
      0.06666666666666667
    ],
    [
      14,
      0.0
    ],
    [
      15,
      0.07272727272727272
    ],
    [
      16,
      0.0
    ],
    [
      17,
      0.11650485436893204
    ],
    [
      18,
      0.02666666666666667
    ],
    [
      19,
      0.058394160583941604
    ],
    [
      20,
      0.014084507042253521
    ],
    [
      21,
      0.018867924528301886
    ],
    [
      22,
      0.07547169811320756
    ],
    [
      23,
      0.16176470588235295
    ],
    [
      24,
      0.08888888888888888
    ],
    [
      25,
      0.20930232558139536
    ],
    [
      26,
      0.0
    ],
    [
      27,
      0.0
    ],
    [
      28,
      0.14893617021276595
    ],
    [
      29,
      0.04958677685950413
    ],
    [
      30,
      0.11382113821138212
    ],
    [
      31,
      0.1333333333333333
    ],
    [
      32,
      0.16842105263157894
    ],
    [
      33,
      0.0
    ],
    [
      34,
      0.1568627450980392
    ],
    [
      35,
      0.10582010582010581
    ],
    [
      36,
      0.028169014084507043
    ],
    [
      37,
      0.07100591715976332
    ],
    [
      38,
      0.044444444444444446
    ],
    [
      39,
      0.05714285714285714
    ],
    [
      40,
      0.11111111111111112
    ],
    [
      41,
      0.04678362573099415
    ],
    [
      42,
      0.031088082901554404
    ],
    [
      43,
      0.05769230769230769
    ],
    [
      44,
      0.0
    ],
    [
      45,
      0.023952095808383235
    ],
    [
      46,
      0.023121387283236993
    ],
    [
      47,
      0.07692307692307693
    ],
    [
      48,
      0.06153846153846154
    ],
    [
      49,
      0.08333333333333333
    ],
    [
      50,
      0.06711409395973154
    ],
    [
      51,
      0.09090909090909091
    ],
    [
      52,
      0.02222222222222222
    ],
    [
      53,
      0.07999999999999999
    ],
    [
      54,
      0.0202020202020202
    ],
    [
      55,
      0.06369426751592357
    ],
    [
      56,
      0.057971014492753624
    ],
    [
      57,
      0.048780487804878044
    ],
    [
      58,
      0.06451612903225806
    ],
    [
      59,
      0.12903225806451613
    ],
    [
      60,
      0.10191082802547771
    ],
    [
      61,
      0.07751937984496123
    ],
    [
      62,
      0.1532567049808429
    ],
    [
      63,
      0.049999999999999996
    ],
    [
      64,
      0.037037037037037035
    ],
    [
      65,
      0.0
    ],
    [
      66,
      0.01515151515151515
    ],
    [
      67,
      0.0111731843575419
    ],
    [
      68,
      0.06299212598425197
    ],
    [
      69,
      0.10322580645161289
    ],
    [
      70,
      0.06779661016949154
    ],
    [
      71,
      0.04958677685950413
    ],
    [
      72,
      0.1772151898734177
    ],
    [
      73,
      0.14207650273224043
    ],
    [
      74,
      0.020408163265306124
    ],
    [
      75,
      0.1164021164021164
    ],
    [
      76,
      0.08620689655172414
    ],
    [
      77,
      0.0879120879120879
    ],
    [
      78,
      0.1627906976744186
    ],
    [
      79,
      0.07874015748031496
    ],
    [
      80,
      0.06
    ],
    [
      81,
      0.10218978102189781
    ],
    [
      82,
      0.1694915254237288
    ],
    [
      83,
      0.06711409395973154
    ],
    [
      84,
      0.08045977011494253
    ],
    [
      85,
      0.0
    ],
    [
      86,
      0.02542372881355932
    ],
    [
      87,
      0.1732283464566929
    ],
    [
      88,
      0.06557377049180327
    ],
    [
      89,
      0.10471204188481675
    ],
    [
      90,
      0.11042944785276072
    ],
    [
      91,
      0.10810810810810811
    ],
    [
      92,
      0.016666666666666666
    ],
    [
      93,
      0.07608695652173912
    ],
    [
      94,
      0.03809523809523809
    ],
    [
      95,
      0.06896551724137931
    ],
    [
      96,
      0.022857142857142857
    ],
    [
      97,
      0.0975609756097561
    ],
    [
      98,
      0.0878048780487805
    ],
    [
      99,
      0.01694915254237288
    ],
    [
      100,
      0.0
    ],
    [
      101,
      0.048192771084337345
    ],
    [
      102,
      0.0
    ],
    [
      103,
      0.10294117647058823
    ],
    [
      104,
      0.023255813953488372
    ],
    [
      105,
      0.1081081081081081
    ],
    [
      106,
      0.11458333333333334
    ],
    [
      107,
      0.12903225806451613
    ],
    [
      108,
      0.05128205128205128
    ],
    [
      109,
      0.1518987341772152
    ],
    [
      110,
      0.1
    ],
    [
      111,
      0.021390374331550804
    ],
    [
      112,
      0.03076923076923077
    ],
    [
      113,
      0.0
    ],
    [
      114,
      0.040540540540540536
    ],
    [
      115,
      0.09009009009009009
    ],
    [
      116,
      0.16216216216216217
    ],
    [
      117,
      0.06666666666666667
    ],
    [
      118,
      0.06400000000000002
    ],
    [
      119,
      0.07692307692307693
    ],
    [
      120,
      0.07865168539325842
    ],
    [
      121,
      0.1111111111111111
    ],
    [
      122,
      0.09183673469387754
    ],
    [
      123,
      0.13402061855670103
    ],
    [
      124,
      0.052631578947368425
    ],
    [
      125,
      0.10457516339869283
    ],
    [
      126,
      0.16129032258064516
    ],
    [
      127,
      0.13043478260869565
    ],
    [
      128,
      0.2485875706214689
    ],
    [
      129,
      0.08695652173913043
    ],
    [
      130,
      0.0634920634920635
    ],
    [
      131,
      0.09937888198757763
    ],
    [
      132,
      0.026666666666666665
    ],
    [
      133,
      0.046511627906976744
    ],
    [
      134,
      0.025641025641025644
    ],
    [
      135,
      0.04838709677419354
    ],
    [
      136,
      0.05622489959839357
    ],
    [
      137,
      0.08750000000000001
    ],
    [
      138,
      0.01612903225806452
    ],
    [
      139,
      0.0821917808219178
    ],
    [
      140,
      0.14285714285714285
    ],
    [
      141,
      0.09655172413793103
    ],
    [
      142,
      0.0975609756097561
    ],
    [
      143,
      0.16037735849056603
    ],
    [
      144,
      0.07407407407407407
    ],
    [
      145,
      0.05714285714285714
    ],
    [
      146,
      0.11458333333333331
    ],
    [
      147,
      0.07142857142857142
    ],
    [
      148,
      0.06779661016949154
    ],
    [
      149,
      0.038834951456310676
    ],
    [
      150,
      0.1372549019607843
    ],
    [
      151,
      0.07547169811320754
    ],
    [
      152,
      0.043795620437956206
    ],
    [
      153,
      0.049586776859504134
    ],
    [
      154,
      0.05263157894736841
    ],
    [
      155,
      0.08
    ],
    [
      156,
      0.11764705882352941
    ],
    [
      157,
      0.08955223880597013
    ],
    [
      158,
      0.16483516483516486
    ],
    [
      159,
      0.058394160583941604
    ],
    [
      160,
      0.13664596273291926
    ],
    [
      161,
      0.05660377358490566
    ],
    [
      162,
      0.0
    ],
    [
      163,
      0.0958904109589041
    ],
    [
