{
  "dataset": "QMSum",
  "num_samples": 200,
  "rouge1": 0.05940823632273968,
  "rouge2": 0.0022232398585043268,
  "rougeL": 0.04265287073312034,
  "rougeLsum": 0.04664228475088491,
  "per_sample_rougeL": [
    [
      0,
      0.046822742474916385
    ],
    [
      1,
      0.08767123287671232
    ],
    [
      2,
      0.050420168067226885
    ],
    [
      3,
      0.0
    ],
    [
      4,
      0.18181818181818182
    ],
    [
      5,
      0.02197802197802198
    ],
    [
      6,
      0.03278688524590164
    ],
    [
      7,
      0.036036036036036036
    ],
    [
      8,
      0.04878048780487805
    ],
    [
      9,
      0.07777777777777778
    ],
    [
      10,
      0.03389830508474576
    ],
    [
      11,
      0.06666666666666667
    ],
    [
      12,
      0.008849557522123892
    ],
    [
      13,
      0.0
    ],
    [
      14,
      0.10344827586206898
    ],
    [
      15,
      0.09259259259259259
    ],
    [
      16,
      0.07692307692307691
    ],
    [
      17,
      0.0
    ],
    [
      18,
      0.027565084226646247
    ],
    [
      19,
      0.008948545861297539
    ],
    [
      20,
      0.0
    ],
    [
      21,
      0.03614457831325301
    ],
    [
      22,
      0.03333333333333333
    ],
    [
      23,
      0.09142857142857143
    ],
    [
      24,
      0.0
    ],
    [
      25,
      0.021164021164021166
    ],
    [
      26,
      0.06779661016949153
    ],
    [
      27,
      0.010526315789473684
    ],
    [
      28,
      0.0
    ],
    [
      29,
      0.027459954233409613
    ],
    [
      30,
      0.00954653937947494
    ],
    [
      31,
      0.02395209580838323
    ],
    [
      32,
      0.07220216606498195
    ],
    [
      33,
      0.08536585365853658
    ],
    [
      34,
      0.03118908382066277
    ],
    [
      35,
      0.09174311926605504
    ],
    [
      36,
      0.07253886010362695
    ],
    [
      37,
      0.05042016806722689
    ],
    [
      38,
      0.05090909090909091
    ],
    [
      39,
      0.01125703564727955
    ],
    [
      40,
      0.046511627906976744
    ],
    [
      41,
      0.05520169851380043
    ],
    [
      42,
      0.13850415512465375
    ],
    [
      43,
      0
    ],
    [
      44,
      0.018552875695732836
    ],
    [
      45,
      0.014705882352941175
    ],
    [
      46,
      0.008928571428571428
    ],
    [
      47,
      0.0702576112412178
    ],
    [
      48,
      0.0
    ],
    [
      49,
      0.05243445692883894
    ],
    [
      50,
      0.024193548387096774
    ],
    [
      51,
      0.08219178082191782
    ],
    [
      52,
      0.0
    ],
    [
      53,
      0.0
    ],
    [
      54,
      0.0
    ],
    [
      55,
      0.10416666666666664
    ],
    [
      56,
      0.022099447513812157
    ],
    [
      57,
      0.027777777777777783
    ],
    [
      58,
      0.0823045267489712
    ],
    [
      59,
      0.06451612903225806
    ],
    [
      60,
      0.024691358024691357
    ],
    [
      61,
      0.08124999999999999
    ],
    [
      62,
      0.04043545878693623
    ],
    [
      63,
      0.0
    ],
    [
      64,
      0.05555555555555556
    ],
    [
      65,
      0.07272727272727272
    ],
    [
      66,
      0.05351170568561872
    ],
    [
      67,
      0.016474464579901153
    ],
    [
      68,
      0.026315789473684206
    ],
    [
      69,
      0.027586206896551727
    ],
    [
      70,
      0.1386138613861386
    ],
    [
      71,
      0.01869158878504673
    ],
    [
      72,
      0.0
    ],
    [
      73,
      0.07246376811594203
    ],
    [
      74,
      0.02839756592292089
    ],
    [
      75,
      0.08211143695014662
    ],
    [
      76,
      0.06134969325153374
    ],
    [
      77,
      0.0
    ],
    [
      78,
      0.07936507936507937
    ],
    [
      79,
      0.12048192771084337
    ],
    [
      80,
      0.03278688524590164
    ],
    [
      81,
      0
    ],
    [
      82,
      0.09271523178807947
    ],
    [
      83,
      0.0
    ],
    [
      84,
      0.07881773399014778
    ],
    [
      85,
      0.03333333333333333
    ],
    [
      86,
      0.0949868073878628
    ],
    [
      87,
      0.0
    ],
    [
      88,
      0.07719298245614035
    ],
    [
      89,
      0.0
    ],
    [
      90,
      0.07092198581560284
    ],
    [
      91,
      0.07142857142857144
    ],
    [
      92,
      0.0
    ],
    [
      93,
      0.09999999999999999
    ],
    [
      94,
      0.033898305084745756
    ],
    [
      95,
      0.05627705627705627
    ],
    [
      96,
      0.050704225352112664
    ],
    [
      97,
      0.044117647058823525
    ],
    [
      98,
      0.08130081300813008
    ],
    [
      99,
      0.0
    ],
    [
      100,
      0.03814713896457766
    ],
    [
      101,
      0.11940298507462686
    ],
    [
      102,
      0.06622516556291391
    ],
    [
      103,
      0.0
    ],
    [
      104,
      0
    ],
    [
      105,
      0.08226221079691518
    ],
    [
      106,
      0.09937888198757765
    ],
    [
      107,
      0.11764705882352941
    ],
    [
      108,
      0.09090909090909091
    ],
    [
      109,
      0.08771929824561403
    ],
    [
      110,
      0.11180124223602483
    ],
    [
      111,
      0.0
    ],
    [
      112,
      0.03466204506065858
    ],
    [
      113,
      0.0
    ],
    [
      114,
      0.0909090909090909
    ],
    [
      115,
      0.044444444444444446
    ],
    [
      116,
      0.008658008658008656
    ],
    [
      117,
      0.031746031746031744
    ],
    [
      118,
      0.0
    ],
    [
      119,
      0.07547169811320754
    ],
    [
      120,
      0.06006006006006006
    ],
    [
      121,
      0.01904761904761905
    ],
    [
      122,
      0.06122448979591837
    ],
    [
      123,
      0.044444444444444446
    ],
    [
      124,
      0.07207207207207207
    ],
    [
      125,
      0.05405405405405406
    ],
    [
      126,
      0.0875
    ],
    [
      127,
      0.06060606060606061
    ],
    [
      128,
      0.0
    ],
    [
      129,
      0
    ],
    [
      130,
      0.02727272727272727
    ],
    [
      131,
      0.031055900621118012
    ],
    [
      132,
      0.08947368421052633
    ],
    [
      133,
      0.05755395683453238
    ],
    [
      134,
      0.07734806629834255
    ],
    [
      135,
      0.05263157894736842
    ],
    [
      136,
      0.033690658499234305
    ],
    [
      137,
      0.0
    ],
    [
      138,
      0.0
    ],
    [
      139,
      0.01904761904761905
    ],
    [
      140,
      0.018433179723502304
    ],
    [
      141,
      0.08637873754152824
    ],
    [
      142,
      0
    ],
    [
      143,
      0.017094017094017092
    ],
    [
      144,
      0.07079646017699115
    ],
    [
      145,
      0.0
    ],
    [
      146,
      0.0903225806451613
    ],
    [
      147,
      0.06701030927835051
    ],
    [
      148,
      0.07142857142857142
    ],
    [
      149,
      0.0
    ],
    [
      150,
      0.011904761904761906
    ],
    [
      151,
      0
    ],
    [
      152,
      0.00900900900900901
    ],
    [
      153,
      0.08450704225352114
    ],
    [
      154,
      0.05072463768115942
    ],
    [
      155,
      0.0
    ],
    [
      156,
      0.05714285714285715
    ],
    [
      157,
      0.023054755043227664
    ],
    [
      158,
      0.06976744186046512
    ],
    [
      159,
      0.06557377049180328
    ],
    [
      160,
      0.0
    ],
    [
      161,
      0.0
    ],
    [
      162,
      0.06642066420664207
    ],
    [
      163,
      0
    ],
    [
      164,
      0.013651877133105804
    ],
    [
      165,
      0.0
    ],
    [
      166,
      0.0
    ],
    [
      167,
      0.037296037296037296
    ],
    [
      168,
      0.06666666666666667
    ],
    [
      169,
      0
    ],
    [
      170,
