{
  "dataset": "QMSum",
  "num_samples": 200,
  "rouge1": 0.1317132770375731,
  "rouge2": 0.02525568272284043,
  "rougeL": 0.08457287253957899,
  "rougeLsum": 0.0932870172241578,
  "per_sample_rougeL": [
    [
      0,
      0.019047619047619046
    ],
    [
      1,
      0.1320754716981132
    ],
    [
      2,
      0.12295081967213115
    ],
    [
      3,
      0.10599078341013826
    ],
    [
      4,
      0.08571428571428572
    ],
    [
      5,
      0.1366223908918406
    ],
    [
      6,
      0.04219409282700422
    ],
    [
      7,
      0.09803921568627451
    ],
    [
      8,
      0.0675944333996024
    ],
    [
      9,
      0.0814663951120163
    ],
    [
      10,
      0.03669724770642202
    ],
    [
      11,
      0.03436426116838488
    ],
    [
      12,
      0.07188160676532768
    ],
    [
      13,
      0.13333333333333333
    ],
    [
      14,
      0.05217391304347826
    ],
    [
      15,
      0.06765327695560254
    ],
    [
      16,
      0.19767441860465118
    ],
    [
      17,
      0.05309734513274336
    ],
    [
      18,
      0.12317666126418152
    ],
    [
      19,
      0.09465020576131686
    ],
    [
      20,
      0.0
    ],
    [
      21,
      0.0855397148676171
    ],
    [
      22,
      0.07422680412371134
    ],
    [
      23,
      0.10945273631840796
    ],
    [
      24,
      0.03773584905660378
    ],
    [
      25,
      0.15717092337917485
    ],
    [
      26,
      0.0
    ],
    [
      27,
      0.08050847457627118
    ],
    [
      28,
      0.09677419354838711
    ],
    [
      29,
      0.015873015873015872
    ],
    [
      30,
      0.10420841683366734
    ],
    [
      31,
      0.06097560975609756
    ],
    [
      32,
      0.03018867924528302
    ],
    [
      33,
      0.06015037593984963
    ],
    [
      34,
      0.031746031746031744
    ],
    [
      35,
      0.11090573012939003
    ],
    [
      36,
      0.09823182711198429
    ],
    [
      37,
      0.1054766734279919
    ],
    [
      38,
      0.028469750889679714
    ],
    [
      39,
      0.07346938775510203
    ],
    [
      40,
      0.13953488372093026
    ],
    [
      41,
      0.08196721311475409
    ],
    [
      42,
      0.09398496240601503
    ],
    [
      43,
      0.10953346855983774
    ],
    [
      44,
      0.14035087719298245
    ],
    [
      45,
      0.03347280334728034
    ],
    [
      46,
      0.10207939508506615
    ],
    [
      47,
      0.0966542750929368
    ],
    [
      48,
      0.017391304347826087
    ],
    [
      49,
      0.08678500986193294
    ],
    [
      50,
      0.05333333333333334
    ],
    [
      51,
      0.15770609318996417
    ],
    [
      52,
      0.07589285714285715
    ],
    [
      53,
      0.07952286282306162
    ],
    [
      54,
      0.0
    ],
    [
      55,
      0.08984375000000001
    ],
    [
      56,
      0.12499999999999999
    ],
    [
      57,
      0.0707070707070707
    ],
    [
      58,
      0.12096774193548386
    ],
    [
      59,
      0.11047619047619049
    ],
    [
      60,
      0.014545454545454545
    ],
    [
      61,
      0.10460251046025103
    ],
    [
      62,
      0.03529411764705882
    ],
    [
      63,
      0.0875
    ],
    [
      64,
      0.08641975308641976
    ],
    [
      65,
      0.0862422997946612
    ],
    [
      66,
      0.0373134328358209
    ],
    [
      67,
      0.03858520900321544
    ],
    [
      68,
      0.09596928982725529
    ],
    [
      69,
      0.038314176245210725
    ],
    [
      70,
      0.09716599190283401
    ],
    [
      71,
      0.09055118110236221
    ],
    [
      72,
      0.0
    ],
    [
      73,
      0.0704225352112676
    ],
    [
      74,
      0.10273972602739725
    ],
    [
      75,
      0.012738853503184714
    ],
    [
      76,
      0.08860759493670886
    ],
    [
      77,
      0.06047516198704103
    ],
    [
      78,
      0.125
    ],
    [
      79,
      0.09829867674858223
    ],
    [
      80,
      0.06711409395973154
    ],
    [
      81,
      0.07532956685499058
    ],
    [
      82,
      0.08695652173913043
    ],
    [
      83,
      0.009389671361502348
    ],
    [
      84,
      0.08450704225352113
    ],
    [
      85,
      0.1115702479338843
    ],
    [
      86,
      0.13793103448275862
    ],
    [
      87,
      0.08536585365853659
    ],
    [
      88,
      0.12411347517730496
    ],
    [
      89,
      0.1669626998223801
    ],
    [
      90,
      0.1111111111111111
    ],
    [
      91,
      0.14736842105263157
    ],
    [
      92,
      0.0973630831643002
    ],
    [
      93,
      0.10285714285714287
    ],
    [
      94,
      0.0
    ],
    [
      95,
      0.13451327433628318
    ],
    [
      96,
      0.043613707165109025
    ],
    [
      97,
      0.07874015748031496
    ],
    [
      98,
      0.062015503875969
    ],
    [
      99,
      0.1641541038525963
    ],
    [
      100,
      0.10256410256410256
    ],
    [
      101,
      0.01532567049808429
    ],
    [
      102,
      0.125
    ],
    [
      103,
      0.0
    ],
    [
      104,
      0.0860215053763441
    ],
    [
      105,
      0.14285714285714285
    ],
    [
      106,
      0.09876543209876543
    ],
    [
      107,
      0.10748560460652591
    ],
    [
      108,
      0.1320388349514563
    ],
    [
      109,
      0.0
    ],
    [
      110,
      0.09671179883945841
    ],
    [
      111,
      0.15679442508710803
    ],
    [
      112,
      0.030075187969924814
    ],
    [
      113,
      0.16417910447761194
    ],
    [
      114,
      0.13743218806509944
    ],
    [
      115,
      0.1075268817204301
    ],
    [
      116,
      0.09596928982725529
    ],
    [
      117,
      0.10984848484848483
    ],
    [
      118,
      0.0202020202020202
    ],
    [
      119,
      0.09580838323353293
    ],
    [
      120,
      0.04332129963898917
    ],
    [
      121,
      0.1059322033898305
    ],
    [
      122,
      0.06557377049180328
    ],
    [
      123,
      0.12379110251450677
    ],
    [
      124,
      0.03546099290780142
    ],
    [
      125,
      0.09999999999999999
    ],
    [
      126,
      0.2711864406779661
    ],
    [
      127,
      0.0
    ],
    [
      128,
      0.1384335154826958
    ],
    [
      129,
      0.0918580375782881
    ],
    [
      130,
      0.0
    ],
    [
      131,
      0.07453416149068322
    ],
    [
      132,
      0.21212121212121213
    ],
    [
      133,
      0
    ],
    [
      134,
      0.13465346534653466
    ],
    [
      135,
      0
    ],
    [
      136,
      0.04142011834319527
    ],
    [
      137,
      0.08747514910536779
    ],
    [
      138,
      0.0
    ],
    [
      139,
      0.07751937984496124
    ],
    [
      140,
      0.09333333333333334
    ],
    [
      141,
      0.1381957773512476
    ],
    [
      142,
      0.0
    ],
    [
      143,
      0.032786885245901634
    ],
    [
      144,
      0.10438413361169102
    ],
    [
      145,
      0.06765327695560254
    ],
    [
      146,
      0.1245136186770428
    ],
    [
      147,
      0.07567567567567568
    ],
    [
      148,
      0.024691358024691357
    ],
    [
      149,
      0.096579476861167
    ],
    [
      150,
      0.12607449856733527
    ],
    [
      151,
      0.0
    ],
    [
      152,
      0.06864988558352403
    ],
    [
      153,
      0.28571428571428575
    ],
    [
      154,
      0.021739130434782608
    ],
    [
      155,
      0.13524590163934427
    ],
    [
      156,
      0.10937500000000001
    ],
    [
      157,
      0.0
    ],
    [
      158,
      0.10244988864142539
    ],
    [
      159,
      0.10154525386313465
    ],
    [
      160,
      0.13970588235294118
    ],
    [
      161,
      0.0
    ],
    [
      162,
      0.09603340292275575
    ],
    [
      163,
      0.27848101265822783
    ],
    [
      164,
