{
  "dataset": "QMSum",
  "num_samples": 200,
  "rouge1": 0.1698701464375782,
  "rouge2": 0.03408982763784367,
  "rougeL": 0.10320816199217386,
  "rougeLsum": 0.11130830598545277,
  "per_sample_rougeL": [
    [
      0,
      0.21862348178137653
    ],
    [
      1,
      0.1320754716981132
    ],
    [
      2,
      0.12295081967213115
    ],
    [
      3,
      0.10599078341013826
    ],
    [
      4,
      0.04225352112676056
    ],
    [
      5,
      0.1366223908918406
    ],
    [
      6,
      0.07386363636363635
    ],
    [
      7,
      0.09803921568627451
    ],
    [
      8,
      0.0675944333996024
    ],
    [
      9,
      0.2150537634408602
    ],
    [
      10,
      0.07272727272727274
    ],
    [
      11,
      0.17687074829931973
    ],
    [
      12,
      0.04562737642585551
    ],
    [
      13,
      0.013201320132013201
    ],
    [
      14,
      0.11829944547134935
    ],
    [
      15,
      0.08350730688935282
    ],
    [
      16,
      0.1764705882352941
    ],
    [
      17,
      0.1
    ],
    [
      18,
      0.1168831168831169
    ],
    [
      19,
      0.09465020576131686
    ],
    [
      20,
      0.0
    ],
    [
      21,
      0.0
    ],
    [
      22,
      0.04761904761904762
    ],
    [
      23,
      0.09341825902335456
    ],
    [
      24,
      0.03846153846153846
    ],
    [
      25,
      0.15717092337917485
    ],
    [
      26,
      0.09652509652509653
    ],
    [
      27,
      0.02298850574712644
    ],
    [
      28,
      0.09677419354838711
    ],
    [
      29,
      0.07264957264957266
    ],
    [
      30,
      0.10420841683366734
    ],
    [
      31,
      0.030303030303030307
    ],
    [
      32,
      0.11657559198542805
    ],
    [
      33,
      0.039301310043668124
    ],
    [
      34,
      0.03571428571428571
    ],
    [
      35,
      0.11090573012939003
    ],
    [
      36,
      0.09823182711198429
    ],
    [
      37,
      0.10457516339869281
    ],
    [
      38,
      0.19999999999999998
    ],
    [
      39,
      0.07346938775510203
    ],
    [
      40,
      0.17085427135678394
    ],
    [
      41,
      0.09660107334525939
    ],
    [
      42,
      0.13095238095238093
    ],
    [
      43,
      0.03278688524590164
    ],
    [
      44,
      0.08
    ],
    [
      45,
      0.0903225806451613
    ],
    [
      46,
      0.10207939508506615
    ],
    [
      47,
      0.15037593984962405
    ],
    [
      48,
      0.2406015037593985
    ],
    [
      49,
      0.08678500986193294
    ],
    [
      50,
      0.047619047619047616
    ],
    [
      51,
      0.15495495495495495
    ],
    [
      52,
      0.0879120879120879
    ],
    [
      53,
      0.13953488372093023
    ],
    [
      54,
      0.014598540145985403
    ],
    [
      55,
      0.08984375000000001
    ],
    [
      56,
      0.07083333333333333
    ],
    [
      57,
      0.025531914893617023
    ],
    [
      58,
      0.12096774193548386
    ],
    [
      59,
      0.1904761904761905
    ],
    [
      60,
      0.22222222222222224
    ],
    [
      61,
      0.10460251046025103
    ],
    [
      62,
      0.08823529411764706
    ],
    [
      63,
      0.0875
    ],
    [
      64,
      0.08641975308641976
    ],
    [
      65,
      0.18840579710144925
    ],
    [
      66,
      0.13043478260869568
    ],
    [
      67,
      0.2792452830188679
    ],
    [
      68,
      0.0660377358490566
    ],
    [
      69,
      0.09302325581395349
    ],
    [
      70,
      0.09716599190283401
    ],
    [
      71,
      0.0636042402826855
    ],
    [
      72,
      0.07883817427385893
    ],
    [
      73,
      0.041237113402061855
    ],
    [
      74,
      0.16666666666666666
    ],
    [
      75,
      0.19999999999999998
    ],
    [
      76,
      0.03529411764705882
    ],
    [
      77,
      0.06047516198704103
    ],
    [
      78,
      0.125
    ],
    [
      79,
      0.09829867674858223
    ],
    [
      80,
      0.0928074245939675
    ],
    [
      81,
      0.07532956685499058
    ],
    [
      82,
      0.06336633663366337
    ],
    [
      83,
      0.1931034482758621
    ],
    [
      84,
      0.0285132382892057
    ],
    [
      85,
      0.19354838709677422
    ],
    [
      86,
      0.13793103448275862
    ],
    [
      87,
      0.003484320557491289
    ],
    [
      88,
      0.12411347517730496
    ],
    [
      89,
      0.15798922800718132
    ],
    [
      90,
      0.1111111111111111
    ],
    [
      91,
      0.19999999999999998
    ],
    [
      92,
      0.0
    ],
    [
      93,
      0.1284722222222222
    ],
    [
      94,
      0.08
    ],
    [
      95,
      0.11711711711711711
    ],
    [
      96,
      0.15625
    ],
    [
      97,
      0.07874015748031496
    ],
    [
      98,
      0.050420168067226885
    ],
    [
      99,
      0.1731748726655348
    ],
    [
      100,
      0.17272727272727276
    ],
    [
      101,
      0.09072978303747535
    ],
    [
      102,
      0.20512820512820512
    ],
    [
      103,
      0.03669724770642201
    ],
    [
      104,
      0.0860215053763441
    ],
    [
      105,
      0.1896551724137931
    ],
    [
      106,
      0.13380281690140847
    ],
    [
      107,
      0.11363636363636363
    ],
    [
      108,
      0.1320388349514563
    ],
    [
      109,
      0.054644808743169404
    ],
    [
      110,
      0.09671179883945841
    ],
    [
      111,
      0.0750853242320819
    ],
    [
      112,
      0.13011152416356875
    ],
    [
      113,
      0.16417910447761194
    ],
    [
      114,
      0.17857142857142858
    ],
    [
      115,
      0.10526315789473684
    ],
    [
      116,
      0.10526315789473685
    ],
    [
      117,
      0.075
    ],
    [
      118,
      0.07676767676767678
    ],
    [
      119,
      0.0035460992907801418
    ],
    [
      120,
      0.08979591836734695
    ],
    [
      121,
      0.1059322033898305
    ],
    [
      122,
      0.11047619047619049
    ],
    [
      123,
      0.0033333333333333335
    ],
    [
      124,
      0.0709812108559499
    ],
    [
      125,
      0.09999999999999999
    ],
    [
      126,
      0.10276679841897234
    ],
    [
      127,
      0.0449438202247191
    ],
    [
      128,
      0.14393939393939392
    ],
    [
      129,
      0.037037037037037035
    ],
    [
      130,
      0.11262135922330097
    ],
    [
      131,
      0.1238095238095238
    ],
    [
      132,
      0.20987654320987653
    ],
    [
      133,
      0.09375
    ],
    [
      134,
      0.23645320197044337
    ],
    [
      135,
      0.0
    ],
    [
      136,
      0.12416107382550337
    ],
    [
      137,
      0.08433734939759037
    ],
    [
      138,
      0.03846153846153846
    ],
    [
      139,
      0.07751937984496124
    ],
    [
      140,
      0.07692307692307693
    ],
    [
      141,
      0.1381957773512476
    ],
    [
      142,
      0.10849909584086799
    ],
    [
      143,
      0.06382978723404255
    ],
    [
      144,
      0.10438413361169102
    ],
    [
      145,
      0.08695652173913045
    ],
    [
      146,
      0.1245136186770428
    ],
    [
      147,
      0.1064638783269962
    ],
    [
      148,
      0.05749486652977413
    ],
    [
      149,
      0.1834862385321101
    ],
    [
      150,
      0.025641025641025637
    ],
    [
      151,
      0.0196078431372549
    ],
    [
      152,
      0.06864988558352403
    ],
    [
      153,
      0.15789473684210525
    ],
    [
      154,
      0.18518518518518517
    ],
    [
      155,
      0.003472222222222222
    ],
    [
      156,
      0.10937500000000001
    ],
    [
      157,
      0.05957446808510638
    ],
    [
      158,
      0.10244988864142539
    ],
    [
      159,
      0.1768707482993197
    ],
    [
      160,
      0.0
    ],
    [
      161,
      0.07835051546391754
    ],
    [
