{
  "dataset": "QMSum",
  "num_samples": 200,
  "rouge1": 0.2728542183995754,
  "rouge2": 0.06984295201467655,
  "rougeL": 0.1891589596094238,
  "rougeLsum": 0.19075450607071448,
  "per_sample_rougeL": [
    [
      0,
      0.25
    ],
    [
      1,
      0.17857142857142858
    ],
    [
      2,
      0.20100502512562815
    ],
    [
      3,
      0.16574585635359115
    ],
    [
      4,
      0.0975609756097561
    ],
    [
      5,
      0.3191489361702128
    ],
    [
      6,
      0.09090909090909091
    ],
    [
      7,
      0.2073170731707317
    ],
    [
      8,
      0.22222222222222224
    ],
    [
      9,
      0.1558441558441558
    ],
    [
      10,
      0.14965986394557823
    ],
    [
      11,
      0.18536585365853656
    ],
    [
      12,
      0.16883116883116883
    ],
    [
      13,
      0.2601626016260163
    ],
    [
      14,
      0.23589743589743592
    ],
    [
      15,
      0.11940298507462685
    ],
    [
      16,
      0.24154589371980678
    ],
    [
      17,
      0.20930232558139536
    ],
    [
      18,
      0.08396946564885496
    ],
    [
      19,
      0.08888888888888889
    ],
    [
      20,
      0.15555555555555559
    ],
    [
      21,
      0.18867924528301885
    ],
    [
      22,
      0.12162162162162161
    ],
    [
      23,
      0.13749999999999998
    ],
    [
      24,
      0.24870466321243526
    ],
    [
      25,
      0.21118012422360247
    ],
    [
      26,
      0.1797752808988764
    ],
    [
      27,
      0.15483870967741936
    ],
    [
      28,
      0.2450980392156863
    ],
    [
      29,
      0.18604651162790697
    ],
    [
      30,
      0.1827956989247312
    ],
    [
      31,
      0.13605442176870747
    ],
    [
      32,
      0.416243654822335
    ],
    [
      33,
      0.16
    ],
    [
      34,
      0.13253012048192772
    ],
    [
      35,
      0.12903225806451613
    ],
    [
      36,
      0.2076502732240437
    ],
    [
      37,
      0.08695652173913045
    ],
    [
      38,
      0.17094017094017094
    ],
    [
      39,
      0.05714285714285714
    ],
    [
      40,
      0.20731707317073175
    ],
    [
      41,
      0.25116279069767444
    ],
    [
      42,
      0.1897810218978102
    ],
    [
      43,
      0.26589595375722547
    ],
    [
      44,
      0.21348314606741572
    ],
    [
      45,
      0.18072289156626506
    ],
    [
      46,
      0.21538461538461537
    ],
    [
      47,
      0.13605442176870747
    ],
    [
      48,
      0.18604651162790697
    ],
    [
      49,
      0.21428571428571427
    ],
    [
      50,
      0.2696629213483146
    ],
    [
      51,
      0.2557077625570776
    ],
    [
      52,
      0.1904761904761905
    ],
    [
      53,
      0.03418803418803419
    ],
    [
      54,
      0.2926829268292683
    ],
    [
      55,
      0.08938547486033521
    ],
    [
      56,
      0.1948051948051948
    ],
    [
      57,
      0.1829268292682927
    ],
    [
      58,
      0.288
    ],
    [
      59,
      0.12371134020618556
    ],
    [
      60,
      0.1954022988505747
    ],
    [
      61,
      0.22818791946308725
    ],
    [
      62,
      0.14393939393939392
    ],
    [
      63,
      0.21839080459770113
    ],
    [
      64,
      0.1935483870967742
    ],
    [
      65,
      0.21686746987951808
    ],
    [
      66,
      0.2346368715083799
    ],
    [
      67,
      0.23225806451612904
    ],
    [
      68,
      0.19101123595505617
    ],
    [
      69,
      0.48837209302325585
    ],
    [
      70,
      0.12949640287769784
    ],
    [
      71,
      0.13157894736842105
    ],
    [
      72,
      0.25
    ],
    [
      73,
      0.16748768472906406
    ],
    [
      74,
      0.089171974522293
    ],
    [
      75,
      0.19354838709677416
    ],
    [
      76,
      0.24113475177304963
    ],
    [
      77,
      0.05263157894736842
    ],
    [
      78,
      0.18181818181818182
    ],
    [
      79,
      0.17391304347826086
    ],
    [
      80,
      0.21238938053097345
    ],
    [
      81,
      0.11627906976744186
    ],
    [
      82,
      0.13714285714285712
    ],
    [
      83,
      0.21118012422360247
    ],
    [
      84,
      0.2524271844660194
    ],
    [
      85,
      0.2323232323232323
    ],
    [
      86,
      0.21686746987951808
    ],
    [
      87,
      0.17073170731707318
    ],
    [
      88,
      0.1702127659574468
    ],
    [
      89,
      0.15463917525773194
    ],
    [
      90,
      0.22448979591836735
    ],
    [
      91,
      0.12987012987012986
    ],
    [
      92,
      0.21153846153846156
    ],
    [
      93,
      0.21367521367521367
    ],
    [
      94,
      0.06451612903225808
    ],
    [
      95,
      0.20869565217391306
    ],
    [
      96,
      0.23107569721115537
    ],
    [
      97,
      0.2151898734177215
    ],
    [
      98,
      0.12435233160621763
    ],
    [
      99,
      0.23890784982935154
    ],
    [
      100,
      0.1787709497206704
    ],
    [
      101,
      0.2894736842105263
    ],
    [
      102,
      0.24489795918367344
    ],
    [
      103,
      0.22641509433962265
    ],
    [
      104,
      0.3170731707317073
    ],
    [
      105,
      0.29292929292929293
    ],
    [
      106,
      0.18099547511312217
    ],
    [
      107,
      0.16666666666666669
    ],
    [
      108,
      0.22471910112359553
    ],
    [
      109,
      0.2826086956521739
    ],
    [
      110,
      0.19791666666666666
    ],
    [
      111,
      0.12875536480686695
    ],
    [
      112,
      0.13541666666666666
    ],
    [
      113,
      0.11224489795918369
    ],
    [
      114,
      0.25910931174089075
    ],
    [
      115,
      0.07547169811320753
    ],
    [
      116,
      0.16580310880829016
    ],
    [
      117,
      0.22680412371134023
    ],
    [
      118,
      0.1702127659574468
    ],
    [
      119,
      0.10526315789473685
    ],
    [
      120,
      0.19867549668874174
    ],
    [
      121,
      0.19130434782608696
    ],
    [
      122,
      0.17467248908296942
    ],
    [
      123,
      0.17989417989417988
    ],
    [
      124,
      0.2077922077922078
    ],
    [
      125,
      0.15384615384615385
    ],
    [
      126,
      0.16568047337278105
    ],
    [
      127,
      0.3061224489795919
    ],
    [
      128,
      0.26046511627906976
    ],
    [
      129,
      0.2170542635658915
    ],
    [
      130,
      0.17894736842105263
    ],
    [
      131,
      0.19653179190751446
    ],
    [
      132,
      0.22950819672131145
    ],
    [
      133,
      0.08275862068965517
    ],
    [
      134,
      0.30303030303030304
    ],
    [
      135,
      0.1925925925925926
    ],
    [
      136,
      0.15384615384615383
    ],
    [
      137,
      0.16568047337278108
    ],
    [
      138,
      0.20942408376963353
    ],
    [
      139,
      0.12799999999999997
    ],
    [
      140,
      0.12865497076023394
    ],
    [
      141,
      0.35789473684210527
    ],
    [
      142,
      0.23529411764705882
    ],
    [
      143,
      0.18965517241379315
    ],
    [
      144,
      0.1372549019607843
    ],
    [
      145,
      0.12048192771084339
    ],
    [
      146,
      0.12307692307692307
    ],
    [
      147,
      0.21505376344086022
    ],
    [
      148,
      0.3582089552238806
    ],
    [
      149,
      0.14857142857142855
    ],
    [
      150,
      0.24060150375939848
    ],
    [
      151,
      0.1869158878504673
    ],
    [
      152,
      0.12213740458015268
    ],
    [
      153,
      0.14379084967320263
    ],
    [
      154,
      0.13333333333333336
    ],
    [
      155,
      0.09696969696969696
    ],
    [
      156,
      0.10576923076923078
    ],
    [
      157,
      0.14965986394557826
    ],
    [
      158,
      0.2376237623762376
    ],
    [
      159,
      0.27058823529411763
    ],
