{
  "dataset": "QMSum",
  "num_samples": 200,
  "rouge1": 0.28194817349951073,
  "rouge2": 0.06565057021778892,
  "rougeL": 0.1872698326470081,
  "rougeLsum": 0.18994201424970103,
  "per_sample_rougeL": [
    [
      0,
      0.2577777777777778
    ],
    [
      1,
      0.21782178217821782
    ],
    [
      2,
      0.17964071856287428
    ],
    [
      3,
      0.1581920903954802
    ],
    [
      4,
      0.14492753623188406
    ],
    [
      5,
      0.2551020408163265
    ],
    [
      6,
      0.19653179190751446
    ],
    [
      7,
      0.15757575757575756
    ],
    [
      8,
      0.2097902097902098
    ],
    [
      9,
      0.19867549668874174
    ],
    [
      10,
      0.19867549668874174
    ],
    [
      11,
      0.1990049751243781
    ],
    [
      12,
      0.1360544217687075
    ],
    [
      13,
      0.2827225130890052
    ],
    [
      14,
      0.20370370370370372
    ],
    [
      15,
      0.18666666666666668
    ],
    [
      16,
      0.23696682464454974
    ],
    [
      17,
      0.18497109826589594
    ],
    [
      18,
      0.1444043321299639
    ],
    [
      19,
      0.16184971098265893
    ],
    [
      20,
      0.13953488372093023
    ],
    [
      21,
      0.1761006289308176
    ],
    [
      22,
      0.10227272727272728
    ],
    [
      23,
      0.19393939393939394
    ],
    [
      24,
      0.19689119170984457
    ],
    [
      25,
      0.2212765957446809
    ],
    [
      26,
      0.1797752808988764
    ],
    [
      27,
      0.11538461538461538
    ],
    [
      28,
      0.17647058823529413
    ],
    [
      29,
      0.20809248554913296
    ],
    [
      30,
      0.18497109826589592
    ],
    [
      31,
      0.16
    ],
    [
      32,
      0.23036649214659682
    ],
    [
      33,
      0.20725388601036268
    ],
    [
      34,
      0.19161676646706585
    ],
    [
      35,
      0.2222222222222222
    ],
    [
      36,
      0.1878453038674033
    ],
    [
      37,
      0.21428571428571425
    ],
    [
      38,
      0.1342281879194631
    ],
    [
      39,
      0.17518248175182483
    ],
    [
      40,
      0.16243654822335024
    ],
    [
      41,
      0.20560747663551404
    ],
    [
      42,
      0.15023474178403756
    ],
    [
      43,
      0.21965317919075145
    ],
    [
      44,
      0.13924050632911392
    ],
    [
      45,
      0.19047619047619047
    ],
    [
      46,
      0.16161616161616163
    ],
    [
      47,
      0.198019801980198
    ],
    [
      48,
      0.2247191011235955
    ],
    [
      49,
      0.17647058823529413
    ],
    [
      50,
      0.16867469879518074
    ],
    [
      51,
      0.2641509433962264
    ],
    [
      52,
      0.18292682926829265
    ],
    [
      53,
      0.18333333333333332
    ],
    [
      54,
      0.21839080459770113
    ],
    [
      55,
      0.1739130434782609
    ],
    [
      56,
      0.17834394904458598
    ],
    [
      57,
      0.14285714285714282
    ],
    [
      58,
      0.17647058823529413
    ],
    [
      59,
      0.17708333333333334
    ],
    [
      60,
      0.22580645161290325
    ],
    [
      61,
      0.18181818181818182
    ],
    [
      62,
      0.22556390977443605
    ],
    [
      63,
      0.19753086419753085
    ],
    [
      64,
      0.18791946308724833
    ],
    [
      65,
      0.20253164556962025
    ],
    [
      66,
      0.20879120879120877
    ],
    [
      67,
      0.20869565217391303
    ],
    [
      68,
      0.16666666666666666
    ],
    [
      69,
      0.1818181818181818
    ],
    [
      70,
      0.1879194630872483
    ],
    [
      71,
      0.13333333333333333
    ],
    [
      72,
      0.18064516129032257
    ],
    [
      73,
      0.18811881188118812
    ],
    [
      74,
      0.16666666666666669
    ],
    [
      75,
      0.25
    ],
    [
      76,
      0.16759776536312848
    ],
    [
      77,
      0.12587412587412586
    ],
    [
      78,
      0.1691542288557214
    ],
    [
      79,
      0.16483516483516483
    ],
    [
      80,
      0.21145374449339205
    ],
    [
      81,
      0.1868131868131868
    ],
    [
      82,
      0.2096774193548387
    ],
    [
      83,
      0.2073170731707317
    ],
    [
      84,
      0.14423076923076925
    ],
    [
      85,
      0.24154589371980675
    ],
    [
      86,
      0.2265625
    ],
    [
      87,
      0.21714285714285714
    ],
    [
      88,
      0.14977973568281938
    ],
    [
      89,
      0.20095693779904308
    ],
    [
      90,
      0.15306122448979592
    ],
    [
      91,
      0.17687074829931973
    ],
    [
      92,
      0.18072289156626506
    ],
    [
      93,
      0.22881355932203387
    ],
    [
      94,
      0.1518987341772152
    ],
    [
      95,
      0.20960698689956334
    ],
    [
      96,
      0.03773584905660377
    ],
    [
      97,
      0.1509433962264151
    ],
    [
      98,
      0.17435897435897435
    ],
    [
      99,
      0.23076923076923075
    ],
    [
      100,
      0.15300546448087432
    ],
    [
      101,
      0.13793103448275862
    ],
    [
      102,
      0.2105263157894737
    ],
    [
      103,
      0.2222222222222222
    ],
    [
      104,
      0.16883116883116883
    ],
    [
      105,
      0.25252525252525254
    ],
    [
      106,
      0.2046511627906977
    ],
    [
      107,
      0.18478260869565216
    ],
    [
      108,
      0.24175824175824173
    ],
    [
      109,
      0.21276595744680854
    ],
    [
      110,
      0.1914893617021277
    ],
    [
      111,
      0.26399999999999996
    ],
    [
      112,
      0.12765957446808512
    ],
    [
      113,
      0.2432432432432432
    ],
    [
      114,
      0.22950819672131145
    ],
    [
      115,
      0.1666666666666667
    ],
    [
      116,
      0.18461538461538463
    ],
    [
      117,
      0.15730337078651688
    ],
    [
      118,
      0.18461538461538463
    ],
    [
      119,
      0.20606060606060608
    ],
    [
      120,
      0.1827956989247312
    ],
    [
      121,
      0.1797752808988764
    ],
    [
      122,
      0.14977973568281935
    ],
    [
      123,
      0.21649484536082475
    ],
    [
      124,
      0.1842105263157895
    ],
    [
      125,
      0.23728813559322037
    ],
    [
      126,
      0.2905982905982906
    ],
    [
      127,
      0.1437125748502994
    ],
    [
      128,
      0.2559241706161137
    ],
    [
      129,
      0.22222222222222224
    ],
    [
      130,
      0.16842105263157897
    ],
    [
      131,
      0.1325301204819277
    ],
    [
      132,
      0.2471910112359551
    ],
    [
      133,
      0.15286624203821655
    ],
    [
      134,
      0.24888888888888888
    ],
    [
      135,
      0.15584415584415584
    ],
    [
      136,
      0.17424242424242425
    ],
    [
      137,
      0.1686746987951807
    ],
    [
      138,
      0.23655913978494625
    ],
    [
      139,
      0.12021857923497266
    ],
    [
      140,
      0.18823529411764703
    ],
    [
      141,
      0.3315508021390374
    ],
    [
      142,
      0.1509433962264151
    ],
    [
      143,
      0.1981981981981982
    ],
    [
      144,
      0.14432989690721648
    ],
    [
      145,
      0.14634146341463414
    ],
    [
      146,
      0.24528301886792453
    ],
    [
      147,
      0.15957446808510636
    ],
    [
      148,
      0.11267605633802817
    ],
    [
      149,
      0.16568047337278108
    ],
    [
      150,
      0.14207650273224043
    ],
    [
      151,
      0.1818181818181818
    ],
    [
      152,
      0.1323529411764706
    ],
    [
      153,
      0.16455696202531644
    ],
    [
      154,
      0.14864864864864866
    ],
    [
      155,
      0.16091954022988506
    ],
    [
      156,
      0.19607843137254902
    ],
    [
      157,
      0.16058394160583941
    ],
    [
      158,
      0.20765027322404372
    ],
    [
      159,
