{
  "dataset": "QMSum",
  "num_samples": 200,
  "rouge1": 0.19756564067671764,
  "rouge2": 0.0456915163251362,
  "rougeL": 0.15622734466329907,
  "rougeLsum": 0.15641278354965,
  "per_sample_rougeL": [
    [
      0,
      0.20960698689956334
    ],
    [
      1,
      0.25
    ],
    [
      2,
      0.11851851851851852
    ],
    [
      3,
      0.16759776536312848
    ],
    [
      4,
      0.10169491525423728
    ],
    [
      5,
      0.23036649214659688
    ],
    [
      6,
      0.1714285714285714
    ],
    [
      7,
      0.20606060606060608
    ],
    [
      8,
      0.15286624203821655
    ],
    [
      9,
      0.15853658536585366
    ],
    [
      10,
      0.16993464052287582
    ],
    [
      11,
      0.18095238095238098
    ],
    [
      12,
      0.13114754098360656
    ],
    [
      13,
      0.21649484536082475
    ],
    [
      14,
      0.13574660633484162
    ],
    [
      15,
      0.16774193548387098
    ],
    [
      16,
      0.17757009345794392
    ],
    [
      17,
      0.19318181818181818
    ],
    [
      18,
      0.13768115942028986
    ],
    [
      19,
      0.14444444444444443
    ],
    [
      20,
      0.10344827586206896
    ],
    [
      21,
      0.1728395061728395
    ],
    [
      22,
      0.25
    ],
    [
      23,
      0.15476190476190477
    ],
    [
      24,
      0.06185567010309279
    ],
    [
      25,
      0.011173184357541898
    ],
    [
      26,
      0.18181818181818182
    ],
    [
      27,
      0.11464968152866241
    ],
    [
      28,
      0.08839779005524862
    ],
    [
      29,
      0.07650273224043715
    ],
    [
      30,
      0.14516129032258066
    ],
    [
      31,
      0.1037037037037037
    ],
    [
      32,
      0.44559585492227977
    ],
    [
      33,
      0.16666666666666666
    ],
    [
      34,
      0.13580246913580246
    ],
    [
      35,
      0.2436548223350254
    ],
    [
      36,
      0.18378378378378377
    ],
    [
      37,
      0.12834224598930483
    ],
    [
      38,
      0.1375
    ],
    [
      39,
      0.1267605633802817
    ],
    [
      40,
      0.19607843137254902
    ],
    [
      41,
      0.13145539906103287
    ],
    [
      42,
      0.2242152466367713
    ],
    [
      43,
      0.1746031746031746
    ],
    [
      44,
      0.11764705882352942
    ],
    [
      45,
      0.23750000000000002
    ],
    [
      46,
      0.1435406698564593
    ],
    [
      47,
      0.20689655172413793
    ],
    [
      48,
      0.19101123595505617
    ],
    [
      49,
      0.14035087719298248
    ],
    [
      50,
      0.16149068322981366
    ],
    [
      51,
      0.23744292237442924
    ],
    [
      52,
      0.14285714285714285
    ],
    [
      53,
      0.16091954022988506
    ],
    [
      54,
      0.23863636363636356
    ],
    [
      55,
      0.18274111675126906
    ],
    [
      56,
      0.11180124223602485
    ],
    [
      57,
      0.11560693641618498
    ],
    [
      58,
      0.15217391304347824
    ],
    [
      59,
      0.10582010582010581
    ],
    [
      60,
      0.160427807486631
    ],
    [
      61,
      0.24418604651162792
    ],
    [
      62,
      0.04790419161676646
    ],
    [
      63,
      0.09248554913294797
    ],
    [
      64,
      0.15853658536585366
    ],
    [
      65,
      0.19047619047619052
    ],
    [
      66,
      0.253968253968254
    ],
    [
      67,
      0.07792207792207792
    ],
    [
      68,
      0.21390374331550804
    ],
    [
      69,
      0.6432748538011697
    ],
    [
      70,
      0.1910828025477707
    ],
    [
      71,
      0.15384615384615385
    ],
    [
      72,
      0.2156862745098039
    ],
    [
      73,
      0.15384615384615383
    ],
    [
      74,
      0.07792207792207793
    ],
    [
      75,
      0.16143497757847533
    ],
    [
      76,
      0.1188118811881188
    ],
    [
      77,
      0.11764705882352938
    ],
    [
      78,
      0.24365482233502536
    ],
    [
      79,
      0.17486338797814208
    ],
    [
      80,
      0.11650485436893204
    ],
    [
      81,
      0.08917197452229299
    ],
    [
      82,
      0.19277108433734938
    ],
    [
      83,
      0.1375
    ],
    [
      84,
      0.2608695652173913
    ],
    [
      85,
      0.22966507177033493
    ],
    [
      86,
      0.15810276679841898
    ],
    [
      87,
      0.1476510067114094
    ],
    [
      88,
      0.17241379310344826
    ],
    [
      89,
      0.10055865921787711
    ],
    [
      90,
      0.22999999999999998
    ],
    [
      91,
      0.09032258064516129
    ],
    [
      92,
      0.06779661016949154
    ],
    [
      93,
      0.064
    ],
    [
      94,
      0.1037037037037037
    ],
    [
      95,
      0.1810344827586207
    ],
    [
      96,
      0.04419889502762431
    ],
    [
      97,
      0.14102564102564102
    ],
    [
      98,
      0.12307692307692307
    ],
    [
      99,
      0.07751937984496124
    ],
    [
      100,
      0.11827956989247311
    ],
    [
      101,
      0.18181818181818182
    ],
    [
      102,
      0.17346938775510204
    ],
    [
      103,
      0.07608695652173914
    ],
    [
      104,
      0.16560509554140126
    ],
    [
      105,
      0.2201834862385321
    ],
    [
      106,
      0.1951219512195122
    ],
    [
      107,
      0.1925133689839572
    ],
    [
      108,
      0.20652173913043478
    ],
    [
      109,
      0.10884353741496597
    ],
    [
      110,
      0.058823529411764705
    ],
    [
      111,
      0.03243243243243243
    ],
    [
      112,
      0.0879120879120879
    ],
    [
      113,
      0.0686695278969957
    ],
    [
      114,
      0.09782608695652174
    ],
    [
      115,
      0.11764705882352944
    ],
    [
      116,
      0.16585365853658537
    ],
    [
      117,
      0.13872832369942195
    ],
    [
      118,
      0.15950920245398775
    ],
    [
      119,
      0.14942528735632182
    ],
    [
      120,
      0.15053763440860216
    ],
    [
      121,
      0.21390374331550802
    ],
    [
      122,
      0.15859030837004406
    ],
    [
      123,
      0.22966507177033493
    ],
    [
      124,
      0.14102564102564102
    ],
    [
      125,
      0.12359550561797755
    ],
    [
      126,
      0.16568047337278105
    ],
    [
      127,
      0.1358024691358025
    ],
    [
      128,
      0.10426540284360189
    ],
    [
      129,
      0.15853658536585363
    ],
    [
      130,
      0.15873015873015872
    ],
    [
      131,
      0.16568047337278105
    ],
    [
      132,
      0.21978021978021978
    ],
    [
      133,
      0.125
    ],
    [
      134,
      0.09523809523809525
    ],
    [
      135,
      0.08275862068965517
    ],
    [
      136,
      0.1183431952662722
    ],
    [
      137,
      0.15384615384615385
    ],
    [
      138,
      0.22916666666666663
    ],
    [
      139,
      0.14659685863874347
    ],
    [
      140,
      0.058823529411764705
    ],
    [
      141,
      0.30366492146596863
    ],
    [
      142,
      0.14678899082568808
    ],
    [
      143,
      0.10309278350515465
    ],
    [
      144,
      0.17460317460317462
    ],
    [
      145,
      0.06289308176100629
    ],
    [
      146,
      0.24186046511627907
    ],
    [
      147,
      0.19047619047619044
    ],
    [
      148,
      0.15172413793103448
    ],
    [
      149,
      0.11299435028248588
    ],
    [
      150,
      0.16216216216216217
    ],
    [
      151,
      0.24154589371980675
    ],
    [
      152,
      0.13008130081300814
    ],
    [
      153,
      0.11464968152866244
    ],
    [
      154,
      0.06756756756756757
    ],
    [
      155,
      0.07947019867549668
    ],
    [
      156,
      0.11494252873563218
    ],
    [
      157,
      0.13245033112582782
    ],
    [
      158,
      0.21164021164021163
    ],
    [
      159,
      0.13872832369942195
    ],
    [
