{
  "dataset": "QMSum",
  "num_samples": 200,
  "rouge1": 0.2712220101771334,
  "rouge2": 0.06738662262249259,
  "rougeL": 0.18603046893095126,
  "rougeLsum": 0.18581365577164932,
  "per_sample_rougeL": [
    [
      0,
      0.19819819819819817
    ],
    [
      1,
      0.22807017543859648
    ],
    [
      2,
      0.1884816753926702
    ],
    [
      3,
      0.19767441860465113
    ],
    [
      4,
      0.09523809523809525
    ],
    [
      5,
      0.17045454545454544
    ],
    [
      6,
      0.14606741573033705
    ],
    [
      7,
      0.1739130434782609
    ],
    [
      8,
      0.2857142857142857
    ],
    [
      9,
      0.16949152542372883
    ],
    [
      10,
      0.12162162162162161
    ],
    [
      11,
      0.21126760563380279
    ],
    [
      12,
      0.17948717948717952
    ],
    [
      13,
      0.23076923076923075
    ],
    [
      14,
      0.1834862385321101
    ],
    [
      15,
      0.13749999999999998
    ],
    [
      16,
      0.1958041958041958
    ],
    [
      17,
      0.14689265536723164
    ],
    [
      18,
      0.13475177304964536
    ],
    [
      19,
      0.15384615384615383
    ],
    [
      20,
      0.09944751381215469
    ],
    [
      21,
      0.21052631578947364
    ],
    [
      22,
      0.14814814814814817
    ],
    [
      23,
      0.2073170731707317
    ],
    [
      24,
      0.16923076923076924
    ],
    [
      25,
      0.2359550561797753
    ],
    [
      26,
      0.339622641509434
    ],
    [
      27,
      0.18518518518518515
    ],
    [
      28,
      0.2185792349726776
    ],
    [
      29,
      0.24852071005917156
    ],
    [
      30,
      0.15463917525773194
    ],
    [
      31,
      0.1324503311258278
    ],
    [
      32,
      0.12500000000000003
    ],
    [
      33,
      0.15841584158415842
    ],
    [
      34,
      0.10191082802547771
    ],
    [
      35,
      0.19900497512437812
    ],
    [
      36,
      0.1830065359477124
    ],
    [
      37,
      0.09467455621301775
    ],
    [
      38,
      0.13924050632911392
    ],
    [
      39,
      0.05714285714285714
    ],
    [
      40,
      0.20304568527918784
    ],
    [
      41,
      0.11864406779661017
    ],
    [
      42,
      0.23853211009174313
    ],
    [
      43,
      0.2840909090909091
    ],
    [
      44,
      0.25274725274725274
    ],
    [
      45,
      0.11320754716981132
    ],
    [
      46,
      0.14035087719298245
    ],
    [
      47,
      0.1923076923076923
    ],
    [
      48,
      0.21301775147928995
    ],
    [
      49,
      0.2
    ],
    [
      50,
      0.27118644067796605
    ],
    [
      51,
      0.25339366515837103
    ],
    [
      52,
      0.17177914110429449
    ],
    [
      53,
      0.2312925170068027
    ],
    [
      54,
      0.30434782608695654
    ],
    [
      55,
      0.11764705882352941
    ],
    [
      56,
      0.189873417721519
    ],
    [
      57,
      0.14207650273224043
    ],
    [
      58,
      0.36538461538461536
    ],
    [
      59,
      0.14285714285714285
    ],
    [
      60,
      0.2677165354330709
    ],
    [
      61,
      0.17142857142857143
    ],
    [
      62,
      0.14393939393939392
    ],
    [
      63,
      0.18749999999999997
    ],
    [
      64,
      0.22388059701492535
    ],
    [
      65,
      0.18518518518518517
    ],
    [
      66,
      0.17721518987341772
    ],
    [
      67,
      0.07407407407407407
    ],
    [
      68,
      0.15028901734104047
    ],
    [
      69,
      0.08284023668639054
    ],
    [
      70,
      0.1323529411764706
    ],
    [
      71,
      0.10256410256410257
    ],
    [
      72,
      0.2222222222222222
    ],
    [
      73,
      0.17435897435897435
    ],
    [
      74,
      0.17391304347826086
    ],
    [
      75,
      0.2636363636363636
    ],
    [
      76,
      0.14678899082568808
    ],
    [
      77,
      0.11920529801324505
    ],
    [
      78,
      0.21153846153846154
    ],
    [
      79,
      0.1724137931034483
    ],
    [
      80,
      0.1938325991189427
    ],
    [
      81,
      0.11627906976744186
    ],
    [
      82,
      0.20161290322580644
    ],
    [
      83,
      0.23456790123456786
    ],
    [
      84,
      0.2275449101796407
    ],
    [
      85,
      0.21890547263681592
    ],
    [
      86,
      0.1762114537444934
    ],
    [
      87,
      0.17073170731707318
    ],
    [
      88,
      0.16379310344827586
    ],
    [
      89,
      0.15463917525773194
    ],
    [
      90,
      0.1890547263681592
    ],
    [
      91,
      0.13698630136986303
    ],
    [
      92,
      0.15686274509803924
    ],
    [
      93,
      0.21666666666666667
    ],
    [
      94,
      0.09859154929577466
    ],
    [
      95,
      0.18340611353711792
    ],
    [
      96,
      0.1875
    ],
    [
      97,
      0.2484472049689441
    ],
    [
      98,
      0.13725490196078433
    ],
    [
      99,
      0.22895622895622897
    ],
    [
      100,
      0.2185792349726776
    ],
    [
      101,
      0.2040816326530612
    ],
    [
      102,
      0.171875
    ],
    [
      103,
      0.31999999999999995
    ],
    [
      104,
      0.17500000000000002
    ],
    [
      105,
      0.29213483146067415
    ],
    [
      106,
      0.1643835616438356
    ],
    [
      107,
      0.15544041450777202
    ],
    [
      108,
      0.21348314606741572
    ],
    [
      109,
      0.19736842105263155
    ],
    [
      110,
      0.19689119170984454
    ],
    [
      111,
      0.2513089005235602
    ],
    [
      112,
      0.14583333333333334
    ],
    [
      113,
      0.2222222222222222
    ],
    [
      114,
      0.26395939086294423
    ],
    [
      115,
      0.11250000000000002
    ],
    [
      116,
      0.20987654320987653
    ],
    [
      117,
      0.12422360248447206
    ],
    [
      118,
      0.1375
    ],
    [
      119,
      0.12903225806451615
    ],
    [
      120,
      0.21428571428571427
    ],
    [
      121,
      0.1627906976744186
    ],
    [
      122,
      0.10377358490566038
    ],
    [
      123,
      0.17989417989417988
    ],
    [
      124,
      0.20270270270270271
    ],
    [
      125,
      0.20338983050847462
    ],
    [
      126,
      0.19047619047619047
    ],
    [
      127,
      0.19753086419753085
    ],
    [
      128,
      0.23696682464454974
    ],
    [
      129,
      0.20238095238095238
    ],
    [
      130,
      0.15873015873015872
    ],
    [
      131,
      0.21238938053097348
    ],
    [
      132,
      0.1870503597122302
    ],
    [
      133,
      0.08275862068965517
    ],
    [
      134,
      0.3577981651376147
    ],
    [
      135,
      0.125
    ],
    [
      136,
      0.1520912547528517
    ],
    [
      137,
      0.13253012048192772
    ],
    [
      138,
      0.24999999999999994
    ],
    [
      139,
      0.14473684210526314
    ],
    [
      140,
      0.10884353741496598
    ],
    [
      141,
      0.40559440559440557
    ],
    [
      142,
      0.20754716981132076
    ],
    [
      143,
      0.16143497757847536
    ],
    [
      144,
      0.13265306122448978
    ],
    [
      145,
      0.05555555555555555
    ],
    [
      146,
      0.17543859649122806
    ],
    [
      147,
      0.14285714285714285
    ],
    [
      148,
      0.2777777777777778
    ],
    [
      149,
      0.12865497076023394
    ],
    [
      150,
      0.208
    ],
    [
      151,
      0.27397260273972607
    ],
    [
      152,
      0.2553191489361702
    ],
    [
      153,
      0.1978021978021978
    ],
    [
      154,
      0.20512820512820512
    ],
    [
      155,
      0.12048192771084339
    ],
    [
      156,
      0.16585365853658535
    ],
    [
      157,
      0.17218543046357615
    ],
    [
      158,
      0.2452830188679245
    ],
    [
      159,
      0.16374269005847952
    ],
    [
      160,
