{
  "dataset": "QMSum",
  "num_samples": 200,
  "rouge1": 0.32128583565614854,
  "rouge2": 0.08291181701911121,
  "rougeL": 0.2000430259170283,
  "rougeLsum": 0.20606022554494663,
  "per_sample_rougeL": [
    [
      0,
      0.24
    ],
    [
      1,
      0.2156862745098039
    ],
    [
      2,
      0.19095477386934673
    ],
    [
      3,
      0.18181818181818182
    ],
    [
      4,
      0.13740458015267176
    ],
    [
      5,
      0.29508196721311475
    ],
    [
      6,
      0.18285714285714286
    ],
    [
      7,
      0.16568047337278105
    ],
    [
      8,
      0.18064516129032257
    ],
    [
      9,
      0.16666666666666666
    ],
    [
      10,
      0.1830065359477124
    ],
    [
      11,
      0.20792079207920794
    ],
    [
      12,
      0.2328767123287671
    ],
    [
      13,
      0.23711340206185566
    ],
    [
      14,
      0.1743119266055046
    ],
    [
      15,
      0.14193548387096774
    ],
    [
      16,
      0.2038834951456311
    ],
    [
      17,
      0.18285714285714286
    ],
    [
      18,
      0.14388489208633093
    ],
    [
      19,
      0.15028901734104044
    ],
    [
      20,
      0.19101123595505617
    ],
    [
      21,
      0.18987341772151894
    ],
    [
      22,
      0.16091954022988506
    ],
    [
      23,
      0.245398773006135
    ],
    [
      24,
      0.2105263157894737
    ],
    [
      25,
      0.18884120171673818
    ],
    [
      26,
      0.16091954022988506
    ],
    [
      27,
      0.14102564102564102
    ],
    [
      28,
      0.25615763546798026
    ],
    [
      29,
      0.21965317919075147
    ],
    [
      30,
      0.15555555555555553
    ],
    [
      31,
      0.1476510067114094
    ],
    [
      32,
      0.21875
    ],
    [
      33,
      0.19387755102040813
    ],
    [
      34,
      0.21428571428571427
    ],
    [
      35,
      0.19095477386934676
    ],
    [
      36,
      0.20224719101123598
    ],
    [
      37,
      0.1752577319587629
    ],
    [
      38,
      0.13513513513513514
    ],
    [
      39,
      0.13513513513513514
    ],
    [
      40,
      0.18274111675126906
    ],
    [
      41,
      0.17142857142857143
    ],
    [
      42,
      0.1559633027522936
    ],
    [
      43,
      0.23391812865497075
    ],
    [
      44,
      0.18181818181818182
    ],
    [
      45,
      0.3529411764705882
    ],
    [
      46,
      0.19704433497536947
    ],
    [
      47,
      0.17733990147783252
    ],
    [
      48,
      0.20930232558139533
    ],
    [
      49,
      0.17073170731707316
    ],
    [
      50,
      0.19101123595505617
    ],
    [
      51,
      0.1495327102803738
    ],
    [
      52,
      0.16149068322981366
    ],
    [
      53,
      0.14285714285714288
    ],
    [
      54,
      0.26436781609195403
    ],
    [
      55,
      0.17441860465116277
    ],
    [
      56,
      0.19867549668874174
    ],
    [
      57,
      0.14285714285714282
    ],
    [
      58,
      0.2404371584699453
    ],
    [
      59,
      0.17525773195876285
    ],
    [
      60,
      0.18994413407821228
    ],
    [
      61,
      0.27745664739884396
    ],
    [
      62,
      0.274074074074074
    ],
    [
      63,
      0.2275449101796407
    ],
    [
      64,
      0.19607843137254902
    ],
    [
      65,
      0.22360248447204972
    ],
    [
      66,
      0.27745664739884396
    ],
    [
      67,
      0.24778761061946902
    ],
    [
      68,
      0.12903225806451615
    ],
    [
      69,
      0.3258426966292135
    ],
    [
      70,
      0.24675324675324675
    ],
    [
      71,
      0.1696969696969697
    ],
    [
      72,
      0.20125786163522016
    ],
    [
      73,
      0.17085427135678394
    ],
    [
      74,
      0.13157894736842105
    ],
    [
      75,
      0.2790697674418604
    ],
    [
      76,
      0.17910447761194032
    ],
    [
      77,
      0.10666666666666667
    ],
    [
      78,
      0.22105263157894736
    ],
    [
      79,
      0.22099447513812154
    ],
    [
      80,
      0.22608695652173913
    ],
    [
      81,
      0.20930232558139533
    ],
    [
      82,
      0.1951219512195122
    ],
    [
      83,
      0.2727272727272727
    ],
    [
      84,
      0.1650485436893204
    ],
    [
      85,
      0.22009569377990432
    ],
    [
      86,
      0.31451612903225806
    ],
    [
      87,
      0.2543352601156069
    ],
    [
      88,
      0.20960698689956334
    ],
    [
      89,
      0.2995169082125604
    ],
    [
      90,
      0.21105527638190952
    ],
    [
      91,
      0.16666666666666669
    ],
    [
      92,
      0.17142857142857143
    ],
    [
      93,
      0.21367521367521367
    ],
    [
      94,
      0.20134228187919462
    ],
    [
      95,
      0.2374429223744292
    ],
    [
      96,
      0.19672131147540986
    ],
    [
      97,
      0.2138364779874214
    ],
    [
      98,
      0.1875
    ],
    [
      99,
      0.26804123711340205
    ],
    [
      100,
      0.223463687150838
    ],
    [
      101,
      0.2
    ],
    [
      102,
      0.18085106382978722
    ],
    [
      103,
      0.1904761904761905
    ],
    [
      104,
      0.1756756756756757
    ],
    [
      105,
      0.2901554404145078
    ],
    [
      106,
      0.2311111111111111
    ],
    [
      107,
      0.1925133689839572
    ],
    [
      108,
      0.21590909090909088
    ],
    [
      109,
      0.21333333333333335
    ],
    [
      110,
      0.22099447513812154
    ],
    [
      111,
      0.23809523809523808
    ],
    [
      112,
      0.14054054054054055
    ],
    [
      113,
      0.2831050228310502
    ],
    [
      114,
      0.2661290322580645
    ],
    [
      115,
      0.1879194630872483
    ],
    [
      116,
      0.163265306122449
    ],
    [
      117,
      0.1787709497206704
    ],
    [
      118,
      0.14814814814814814
    ],
    [
      119,
      0.19883040935672516
    ],
    [
      120,
      0.15555555555555553
    ],
    [
      121,
      0.16091954022988506
    ],
    [
      122,
      0.14414414414414414
    ],
    [
      123,
      0.17647058823529413
    ],
    [
      124,
      0.15068493150684933
    ],
    [
      125,
      0.2087912087912088
    ],
    [
      126,
      0.2168674698795181
    ],
    [
      127,
      0.24096385542168675
    ],
    [
      128,
      0.36792452830188677
    ],
    [
      129,
      0.22754491017964074
    ],
    [
      130,
      0.15789473684210525
    ],
    [
      131,
      0.16568047337278105
    ],
    [
      132,
      0.20994475138121546
    ],
    [
      133,
      0.1558441558441558
    ],
    [
      134,
      0.29955947136563876
    ],
    [
      135,
      0.16107382550335572
    ],
    [
      136,
      0.21621621621621623
    ],
    [
      137,
      0.17964071856287425
    ],
    [
      138,
      0.22580645161290325
    ],
    [
      139,
      0.14364640883977903
    ],
    [
      140,
      0.17341040462427745
    ],
    [
      141,
      0.3913043478260869
    ],
    [
      142,
      0.1935483870967742
    ],
    [
      143,
      0.2385321100917431
    ],
    [
      144,
      0.18461538461538463
    ],
    [
      145,
      0.11180124223602485
    ],
    [
      146,
      0.2857142857142857
    ],
    [
      147,
      0.13541666666666666
    ],
    [
      148,
      0.1732283464566929
    ],
    [
      149,
      0.14457831325301204
    ],
    [
      150,
      0.23333333333333336
    ],
    [
      151,
      0.24630541871921183
    ],
    [
      152,
      0.1692307692307692
    ],
    [
      153,
      0.14285714285714288
    ],
    [
      154,
      0.217687074829932
    ],
    [
      155,
      0.2222222222222222
    ],
    [
      156,
      0.1782178217821782
    ],
    [
      157,
      0.11920529801324502
    ],
    [
      158,
      0.1945945945945946
    ],
    [
      159,
      0.13414634146341464
    ],
    [
