{
  "dataset": "QMSum",
  "num_samples": 200,
  "rouge1": 0.27824750696706557,
  "rouge2": 0.06331055030882106,
  "rougeL": 0.18590013078474804,
  "rougeLsum": 0.18709613617023943,
  "per_sample_rougeL": [
    [
      0,
      0.1891891891891892
    ],
    [
      1,
      0.2167487684729064
    ],
    [
      2,
      0.14
    ],
    [
      3,
      0.21965317919075145
    ],
    [
      4,
      0.1259842519685039
    ],
    [
      5,
      0.26530612244897955
    ],
    [
      6,
      0.14525139664804468
    ],
    [
      7,
      0.16666666666666666
    ],
    [
      8,
      0.1375
    ],
    [
      9,
      0.2112676056338028
    ],
    [
      10,
      0.17567567567567569
    ],
    [
      11,
      0.21761658031088082
    ],
    [
      12,
      0.16296296296296298
    ],
    [
      13,
      0.21538461538461537
    ],
    [
      14,
      0.22325581395348837
    ],
    [
      15,
      0.1935483870967742
    ],
    [
      16,
      0.20689655172413793
    ],
    [
      17,
      0.18497109826589594
    ],
    [
      18,
      0.19780219780219777
    ],
    [
      19,
      0.1694915254237288
    ],
    [
      20,
      0.12941176470588237
    ],
    [
      21,
      0.16774193548387098
    ],
    [
      22,
      0.17142857142857143
    ],
    [
      23,
      0.18518518518518517
    ],
    [
      24,
      0.1787709497206704
    ],
    [
      25,
      0.19658119658119655
    ],
    [
      26,
      0.17777777777777778
    ],
    [
      27,
      0.1342281879194631
    ],
    [
      28,
      0.17560975609756094
    ],
    [
      29,
      0.1395348837209302
    ],
    [
      30,
      0.2162162162162162
    ],
    [
      31,
      0.17687074829931976
    ],
    [
      32,
      0.2
    ],
    [
      33,
      0.198019801980198
    ],
    [
      34,
      0.26666666666666666
    ],
    [
      35,
      0.20100502512562815
    ],
    [
      36,
      0.19318181818181818
    ],
    [
      37,
      0.19148936170212766
    ],
    [
      38,
      0.13157894736842105
    ],
    [
      39,
      0.16326530612244897
    ],
    [
      40,
      0.17525773195876287
    ],
    [
      41,
      0.21198156682027652
    ],
    [
      42,
      0.14084507042253522
    ],
    [
      43,
      0.2790697674418604
    ],
    [
      44,
      0.1807909604519774
    ],
    [
      45,
      0.1724137931034483
    ],
    [
      46,
      0.19000000000000003
    ],
    [
      47,
      0.18090452261306533
    ],
    [
      48,
      0.22222222222222224
    ],
    [
      49,
      0.16091954022988506
    ],
    [
      50,
      0.12578616352201258
    ],
    [
      51,
      0.2293577981651376
    ],
    [
      52,
      0.16774193548387098
    ],
    [
      53,
      0.2181818181818182
    ],
    [
      54,
      0.20689655172413796
    ],
    [
      55,
      0.13793103448275862
    ],
    [
      56,
      0.16666666666666666
    ],
    [
      57,
      0.16304347826086957
    ],
    [
      58,
      0.15028901734104044
    ],
    [
      59,
      0.21761658031088082
    ],
    [
      60,
      0.192090395480226
    ],
    [
      61,
      0.19767441860465118
    ],
    [
      62,
      0.26415094339622647
    ],
    [
      63,
      0.20118343195266272
    ],
    [
      64,
      0.2014388489208633
    ],
    [
      65,
      0.16766467065868262
    ],
    [
      66,
      0.2608695652173913
    ],
    [
      67,
      0.24892703862660948
    ],
    [
      68,
      0.19672131147540983
    ],
    [
      69,
      0.12903225806451613
    ],
    [
      70,
      0.189873417721519
    ],
    [
      71,
      0.0963855421686747
    ],
    [
      72,
      0.18292682926829268
    ],
    [
      73,
      0.15686274509803924
    ],
    [
      74,
      0.15483870967741936
    ],
    [
      75,
      0.20814479638009048
    ],
    [
      76,
      0.2048780487804878
    ],
    [
      77,
      0.12000000000000001
    ],
    [
      78,
      0.18556701030927833
    ],
    [
      79,
      0.22222222222222224
    ],
    [
      80,
      0.2183406113537118
    ],
    [
      81,
      0.17297297297297295
    ],
    [
      82,
      0.20576131687242796
    ],
    [
      83,
      0.14723926380368096
    ],
    [
      84,
      0.25120772946859904
    ],
    [
      85,
      0.22660098522167488
    ],
    [
      86,
      0.19841269841269843
    ],
    [
      87,
      0.2033898305084746
    ],
    [
      88,
      0.1572052401746725
    ],
    [
      89,
      0.2095238095238095
    ],
    [
      90,
      0.2131979695431472
    ],
    [
      91,
      0.16774193548387098
    ],
    [
      92,
      0.18285714285714288
    ],
    [
      93,
      0.20779220779220778
    ],
    [
      94,
      0.13924050632911394
    ],
    [
      95,
      0.17699115044247785
    ],
    [
      96,
      0.23868312757201643
    ],
    [
      97,
      0.16352201257861632
    ],
    [
      98,
      0.1641025641025641
    ],
    [
      99,
      0.2304832713754647
    ],
    [
      100,
      0.16483516483516483
    ],
    [
      101,
      0.18750000000000003
    ],
    [
      102,
      0.1641025641025641
    ],
    [
      103,
      0.24242424242424243
    ],
    [
      104,
      0.1756756756756757
    ],
    [
      105,
      0.28272251308900526
    ],
    [
      106,
      0.18181818181818182
    ],
    [
      107,
      0.22340425531914893
    ],
    [
      108,
      0.22727272727272727
    ],
    [
      109,
      0.2236842105263158
    ],
    [
      110,
      0.2057142857142857
    ],
    [
      111,
      0.28235294117647064
    ],
    [
      112,
      0.15544041450777202
    ],
    [
      113,
      0.2545454545454546
    ],
    [
      114,
      0.23199999999999998
    ],
    [
      115,
      0.15584415584415584
    ],
    [
      116,
      0.17346938775510204
    ],
    [
      117,
      0.17977528089887643
    ],
    [
      118,
      0.12903225806451615
    ],
    [
      119,
      0.17543859649122806
    ],
    [
      120,
      0.17297297297297298
    ],
    [
      121,
      0.17582417582417584
    ],
    [
      122,
      0.15044247787610618
    ],
    [
      123,
      0.24038461538461542
    ],
    [
      124,
      0.18300653594771243
    ],
    [
      125,
      0.17582417582417584
    ],
    [
      126,
      0.2456140350877193
    ],
    [
      127,
      0.1927710843373494
    ],
    [
      128,
      0.2222222222222222
    ],
    [
      129,
      0.19512195121951217
    ],
    [
      130,
      0.14893617021276595
    ],
    [
      131,
      0.11180124223602485
    ],
    [
      132,
      0.20809248554913298
    ],
    [
      133,
      0.141025641025641
    ],
    [
      134,
      0.24324324324324328
    ],
    [
      135,
      0.078125
    ],
    [
      136,
      0.13483146067415733
    ],
    [
      137,
      0.1927710843373494
    ],
    [
      138,
      0.21621621621621623
    ],
    [
      139,
      0.12021857923497266
    ],
    [
      140,
      0.18285714285714286
    ],
    [
      141,
      0.35978835978835977
    ],
    [
      142,
      0.169811320754717
    ],
    [
      143,
      0.19626168224299062
    ],
    [
      144,
      0.19689119170984457
    ],
    [
      145,
      0.1349693251533742
    ],
    [
      146,
      0.25
    ],
    [
      147,
      0.1170212765957447
    ],
    [
      148,
      0.14285714285714285
    ],
    [
      149,
      0.16184971098265896
    ],
    [
      150,
      0.17582417582417584
    ],
    [
      151,
      0.1923076923076923
    ],
    [
      152,
      0.05970149253731343
    ],
    [
      153,
      0.13924050632911394
    ],
    [
      154,
      0.16
    ],
    [
      155,
      0.1714285714285714
    ],
    [
      156,
      0.17647058823529413
    ],
    [
      157,
      0.15068493150684933
    ],
    [
      158,
      0.21989528795811522
    ],
    [
      159,
      0.16969696969696965
    ],
    [
      160,
