{
  "dataset": "QMSum",
  "num_samples": 200,
  "rouge1": 0.29294608178893244,
  "rouge2": 0.06008591466774015,
  "rougeL": 0.1778743899649371,
  "rougeLsum": 0.18950119917389108,
  "per_sample_rougeL": [
    [
      0,
      0.17592592592592596
    ],
    [
      1,
      0.22439024390243906
    ],
    [
      2,
      0.19895287958115182
    ],
    [
      3,
      0.18823529411764706
    ],
    [
      4,
      0.16
    ],
    [
      5,
      0.23036649214659688
    ],
    [
      6,
      0.15476190476190477
    ],
    [
      7,
      0.1951219512195122
    ],
    [
      8,
      0.1282051282051282
    ],
    [
      9,
      0.17834394904458598
    ],
    [
      10,
      0.17687074829931973
    ],
    [
      11,
      0.2233502538071066
    ],
    [
      12,
      0.21582733812949637
    ],
    [
      13,
      0.20408163265306123
    ],
    [
      14,
      0.19138755980861244
    ],
    [
      15,
      0.14473684210526316
    ],
    [
      16,
      0.15763546798029557
    ],
    [
      17,
      0.2
    ],
    [
      18,
      0.13636363636363635
    ],
    [
      19,
      0.10344827586206896
    ],
    [
      20,
      0.10588235294117647
    ],
    [
      21,
      0.19607843137254902
    ],
    [
      22,
      0.11764705882352942
    ],
    [
      23,
      0.20382165605095542
    ],
    [
      24,
      0.1780104712041885
    ],
    [
      25,
      0.22608695652173913
    ],
    [
      26,
      0.24137931034482757
    ],
    [
      27,
      0.1794871794871795
    ],
    [
      28,
      0.14583333333333331
    ],
    [
      29,
      0.1358024691358025
    ],
    [
      30,
      0.1744186046511628
    ],
    [
      31,
      0.18309859154929578
    ],
    [
      32,
      0.25698324022346375
    ],
    [
      33,
      0.2131979695431472
    ],
    [
      34,
      0.17283950617283947
    ],
    [
      35,
      0.18000000000000002
    ],
    [
      36,
      0.16766467065868262
    ],
    [
      37,
      0.12834224598930483
    ],
    [
      38,
      0.16551724137931034
    ],
    [
      39,
      0.18181818181818182
    ],
    [
      40,
      0.2311557788944723
    ],
    [
      41,
      0.14018691588785046
    ],
    [
      42,
      0.12380952380952381
    ],
    [
      43,
      0.2352941176470588
    ],
    [
      44,
      0.18934911242603553
    ],
    [
      45,
      0.23750000000000002
    ],
    [
      46,
      0.1319796954314721
    ],
    [
      47,
      0.14
    ],
    [
      48,
      0.2413793103448276
    ],
    [
      49,
      0.1829268292682927
    ],
    [
      50,
      0.12121212121212123
    ],
    [
      51,
      0.24299065420560745
    ],
    [
      52,
      0.18867924528301888
    ],
    [
      53,
      0.1726618705035971
    ],
    [
      54,
      0.22485207100591717
    ],
    [
      55,
      0.17045454545454544
    ],
    [
      56,
      0.141025641025641
    ],
    [
      57,
      0.1348314606741573
    ],
    [
      58,
      0.21468926553672316
    ],
    [
      59,
      0.19895287958115182
    ],
    [
      60,
      0.22598870056497175
    ],
    [
      61,
      0.12500000000000003
    ],
    [
      62,
      0.2
    ],
    [
      63,
      0.1965317919075145
    ],
    [
      64,
      0.23448275862068962
    ],
    [
      65,
      0.18064516129032257
    ],
    [
      66,
      0.1767955801104972
    ],
    [
      67,
      0.22935779816513763
    ],
    [
      68,
      0.15053763440860216
    ],
    [
      69,
      0.18497109826589594
    ],
    [
      70,
      0.21276595744680848
    ],
    [
      71,
      0.11464968152866244
    ],
    [
      72,
      0.15789473684210525
    ],
    [
      73,
      0.05524861878453039
    ],
    [
      74,
      0.12000000000000001
    ],
    [
      75,
      0.23529411764705882
    ],
    [
      76,
      0.15228426395939085
    ],
    [
      77,
      0.0909090909090909
    ],
    [
      78,
      0.1382978723404255
    ],
    [
      79,
      0.1954022988505747
    ],
    [
      80,
      0.17272727272727273
    ],
    [
      81,
      0.1868131868131868
    ],
    [
      82,
      0.15450643776824036
    ],
    [
      83,
      0.14379084967320263
    ],
    [
      84,
      0.15458937198067635
    ],
    [
      85,
      0.14634146341463414
    ],
    [
      86,
      0.20080321285140562
    ],
    [
      87,
      0.21348314606741572
    ],
    [
      88,
      0.1511111111111111
    ],
    [
      89,
      0.14492753623188406
    ],
    [
      90,
      0.12307692307692307
    ],
    [
      91,
      0.1360544217687075
    ],
    [
      92,
      0.14814814814814817
    ],
    [
      93,
      0.17857142857142858
    ],
    [
      94,
      0.13157894736842107
    ],
    [
      95,
      0.21238938053097345
    ],
    [
      96,
      0.1735537190082645
    ],
    [
      97,
      0.22929936305732485
    ],
    [
      98,
      0.1978021978021978
    ],
    [
      99,
      0.18055555555555555
    ],
    [
      100,
      0.2087912087912088
    ],
    [
      101,
      0.2236024844720497
    ],
    [
      102,
      0.19487179487179487
    ],
    [
      103,
      0.18085106382978725
    ],
    [
      104,
      0.18055555555555555
    ],
    [
      105,
      0.12429378531073446
    ],
    [
      106,
      0.20276497695852536
    ],
    [
      107,
      0.18285714285714286
    ],
    [
      108,
      0.20930232558139533
    ],
    [
      109,
      0.17218543046357615
    ],
    [
      110,
      0.16759776536312848
    ],
    [
      111,
      0.18897637795275588
    ],
    [
      112,
      0.23404255319148934
    ],
    [
      113,
      0.2222222222222222
    ],
    [
      114,
      0.23673469387755103
    ],
    [
      115,
      0.14193548387096774
    ],
    [
      116,
      0.17486338797814208
    ],
    [
      117,
      0.1696969696969697
    ],
    [
      118,
      0.12000000000000001
    ],
    [
      119,
      0.14193548387096774
    ],
    [
      120,
      0.1530054644808743
    ],
    [
      121,
      0.15476190476190477
    ],
    [
      122,
      0.13636363636363635
    ],
    [
      123,
      0.20689655172413796
    ],
    [
      124,
      0.125
    ],
    [
      125,
      0.14772727272727273
    ],
    [
      126,
      0.20731707317073172
    ],
    [
      127,
      0.18292682926829268
    ],
    [
      128,
      0.21698113207547168
    ],
    [
      129,
      0.18181818181818182
    ],
    [
      130,
      0.13333333333333333
    ],
    [
      131,
      0.16969696969696968
    ],
    [
      132,
      0.16149068322981366
    ],
    [
      133,
      0.11920529801324505
    ],
    [
      134,
      0.24324324324324328
    ],
    [
      135,
      0.12121212121212122
    ],
    [
      136,
      0.13438735177865616
    ],
    [
      137,
      0.16666666666666666
    ],
    [
      138,
      0.2651933701657459
    ],
    [
      139,
      0.14444444444444446
    ],
    [
      140,
      0.20359281437125748
    ],
    [
      141,
      0.24731182795698925
    ],
    [
      142,
      0.17307692307692307
    ],
    [
      143,
      0.228310502283105
    ],
    [
      144,
      0.13559322033898305
    ],
    [
      145,
      0.0875
    ],
    [
      146,
      0.15384615384615385
    ],
    [
      147,
      0.18085106382978725
    ],
    [
      148,
      0.13333333333333333
    ],
    [
      149,
      0.1492537313432836
    ],
    [
      150,
      0.2222222222222222
    ],
    [
      151,
      0.2180094786729858
    ],
    [
      152,
      0.1791044776119403
    ],
    [
      153,
      0.16883116883116883
    ],
    [
      154,
      0.1931034482758621
    ],
    [
      155,
      0.15476190476190477
    ],
    [
      156,
      0.1730769230769231
    ],
    [
      157,
      0.17687074829931973
    ],
    [
      158,
      0.2197802197802198
    ],
    [
      159,
      0.19736842105263158
    ],
    [
      160,
