{
  "dataset": "QMSum",
  "num_samples": 200,
  "rouge1": 0.2511265402957319,
  "rouge2": 0.04547374259447105,
  "rougeL": 0.1549109448453114,
  "rougeLsum": 0.16017108481991454,
  "per_sample_rougeL": [
    [
      0,
      0.17699115044247785
    ],
    [
      1,
      0.186046511627907
    ],
    [
      2,
      0.1313131313131313
    ],
    [
      3,
      0.18994413407821228
    ],
    [
      4,
      0.09523809523809525
    ],
    [
      5,
      0.25668449197860965
    ],
    [
      6,
      0.14906832298136646
    ],
    [
      7,
      0.08571428571428573
    ],
    [
      8,
      0.16783216783216784
    ],
    [
      9,
      0.08888888888888889
    ],
    [
      10,
      0.15277777777777776
    ],
    [
      11,
      0.19999999999999998
    ],
    [
      12,
      0.13333333333333333
    ],
    [
      13,
      0.30057803468208094
    ],
    [
      14,
      0.16853932584269665
    ],
    [
      15,
      0.16216216216216217
    ],
    [
      16,
      0.17224880382775118
    ],
    [
      17,
      0.171875
    ],
    [
      18,
      0.11895910780669144
    ],
    [
      19,
      0.13333333333333333
    ],
    [
      20,
      0.16528925619834708
    ],
    [
      21,
      0.1656050955414013
    ],
    [
      22,
      0.08
    ],
    [
      23,
      0.2716049382716049
    ],
    [
      24,
      0.11956521739130435
    ],
    [
      25,
      0.18487394957983197
    ],
    [
      26,
      0.41573033707865165
    ],
    [
      27,
      0.125
    ],
    [
      28,
      0.08888888888888889
    ],
    [
      29,
      0.1566265060240964
    ],
    [
      30,
      0.15584415584415584
    ],
    [
      31,
      0.14285714285714285
    ],
    [
      32,
      0.20105820105820107
    ],
    [
      33,
      0.20512820512820512
    ],
    [
      34,
      0.15894039735099338
    ],
    [
      35,
      0.15929203539823011
    ],
    [
      36,
      0.14772727272727273
    ],
    [
      37,
      0.16129032258064516
    ],
    [
      38,
      0.10884353741496598
    ],
    [
      39,
      0.056737588652482275
    ],
    [
      40,
      0.11891891891891891
    ],
    [
      41,
      0.12030075187969926
    ],
    [
      42,
      0.12658227848101264
    ],
    [
      43,
      0
    ],
    [
      44,
      0.1149425287356322
    ],
    [
      45,
      0.2236024844720497
    ],
    [
      46,
      0.20512820512820515
    ],
    [
      47,
      0.12871287128712874
    ],
    [
      48,
      0.19767441860465115
    ],
    [
      49,
      0.20359281437125748
    ],
    [
      50,
      0.12154696132596686
    ],
    [
      51,
      0.24413145539906103
    ],
    [
      52,
      0.16541353383458646
    ],
    [
      53,
      0.1348314606741573
    ],
    [
      54,
      0.1935483870967742
    ],
    [
      55,
      0.13756613756613756
    ],
    [
      56,
      0.1769911504424779
    ],
    [
      57,
      0.21111111111111114
    ],
    [
      58,
      0.22499999999999998
    ],
    [
      59,
      0.11363636363636363
    ],
    [
      60,
      0.21052631578947367
    ],
    [
      61,
      0.16766467065868262
    ],
    [
      62,
      0.14285714285714285
    ],
    [
      63,
      0.18072289156626506
    ],
    [
      64,
      0.14965986394557823
    ],
    [
      65,
      0.17500000000000002
    ],
    [
      66,
      0.1564245810055866
    ],
    [
      67,
      0.16964285714285715
    ],
    [
      68,
      0.17777777777777778
    ],
    [
      69,
      0.08284023668639054
    ],
    [
      70,
      0.183206106870229
    ],
    [
      71,
      0.13333333333333333
    ],
    [
      72,
      0.16352201257861634
    ],
    [
      73,
      0.19791666666666666
    ],
    [
      74,
      0.08163265306122448
    ],
    [
      75,
      0.21621621621621623
    ],
    [
      76,
      0.12359550561797754
    ],
    [
      77,
      0.10526315789473685
    ],
    [
      78,
      0.17204301075268816
    ],
    [
      79,
      0.030303030303030304
    ],
    [
      80,
      0.1935483870967742
    ],
    [
      81,
      0.15294117647058825
    ],
    [
      82,
      0.11707317073170731
    ],
    [
      83,
      0.16560509554140124
    ],
    [
      84,
      0.17647058823529413
    ],
    [
      85,
      0.19587628865979378
    ],
    [
      86,
      0.1885245901639344
    ],
    [
      87,
      0.16374269005847952
    ],
    [
      88,
      0.1339285714285714
    ],
    [
      89,
      0.16666666666666669
    ],
    [
      90,
      0.18181818181818182
    ],
    [
      91,
      0.1896551724137931
    ],
    [
      92,
      0.08823529411764705
    ],
    [
      93,
      0.04545454545454545
    ],
    [
      94,
      0.0655737704918033
    ],
    [
      95,
      0.23008849557522124
    ],
    [
      96,
      0.17813765182186236
    ],
    [
      97,
      0.10638297872340426
    ],
    [
      98,
      0.12598425196850394
    ],
    [
      99,
      0.14334470989761094
    ],
    [
      100,
      0.17297297297297298
    ],
    [
      101,
      0.17073170731707316
    ],
    [
      102,
      0.24999999999999994
    ],
    [
      103,
      0.0
    ],
    [
      104,
      0.19354838709677416
    ],
    [
      105,
      0.24
    ],
    [
      106,
      0.20224719101123595
    ],
    [
      107,
      0.13043478260869565
    ],
    [
      108,
      0.22727272727272724
    ],
    [
      109,
      0.14184397163120566
    ],
    [
      110,
      0.13461538461538464
    ],
    [
      111,
      0.013245033112582781
    ],
    [
      112,
      0.11764705882352941
    ],
    [
      113,
      0.16901408450704225
    ],
    [
      114,
      0.21862348178137656
    ],
    [
      115,
      0.24615384615384614
    ],
    [
      116,
      0.1834862385321101
    ],
    [
      117,
      0.08235294117647059
    ],
    [
      118,
      0.09900990099009901
    ],
    [
      119,
      0.10526315789473685
    ],
    [
      120,
      0.13829787234042554
    ],
    [
      121,
      0.16176470588235295
    ],
    [
      122,
      0.15596330275229356
    ],
    [
      123,
      0.12578616352201258
    ],
    [
      124,
      0.12857142857142856
    ],
    [
      125,
      0.15384615384615385
    ],
    [
      126,
      0.15929203539823006
    ],
    [
      127,
      0.1388888888888889
    ],
    [
      128,
      0.2
    ],
    [
      129,
      0.2158273381294964
    ],
    [
      130,
      0.15942028985507248
    ],
    [
      131,
      0.1509433962264151
    ],
    [
      132,
      0.14444444444444443
    ],
    [
      133,
      0.09032258064516129
    ],
    [
      134,
      0.20909090909090908
    ],
    [
      135,
      0.1081081081081081
    ],
    [
      136,
      0.14285714285714288
    ],
    [
      137,
      0.034482758620689655
    ],
    [
      138,
      0.24083769633507854
    ],
    [
      139,
      0.17054263565891473
    ],
    [
      140,
      0.06849315068493152
    ],
    [
      141,
      0.1564245810055866
    ],
    [
      142,
      0.21590909090909088
    ],
    [
      143,
      0
    ],
    [
      144,
      0.15037593984962405
    ],
    [
      145,
      0.09722222222222222
    ],
    [
      146,
      0.12307692307692307
    ],
    [
      147,
      0.1511627906976744
    ],
    [
      148,
      0.11940298507462688
    ],
    [
      149,
      0.16279069767441862
    ],
    [
      150,
      0.11976047904191617
    ],
    [
      151,
      0.1870503597122302
    ],
    [
      152,
      0.27450980392156865
    ],
    [
      153,
      0.21739130434782608
    ],
    [
      154,
      0.11842105263157893
    ],
    [
      155,
      0.13793103448275862
    ],
    [
      156,
      0.13095238095238096
    ],
    [
      157,
      0.23300970873786409
    ],
    [
      158,
      0.05128205128205129
    ],
    [
      159,
      0.16494845360824742
    ],
    [
      160,
      0.14583333333333334
    ],
