{
  "dataset": "QMSum",
  "num_samples": 200,
  "rouge1": 0.3183409882920075,
  "rouge2": 0.0767377453577226,
  "rougeL": 0.196020285016326,
  "rougeLsum": 0.20487512386903026,
  "per_sample_rougeL": [
    [
      0,
      0.18666666666666665
    ],
    [
      1,
      0.2288557213930348
    ],
    [
      2,
      0.1890547263681592
    ],
    [
      3,
      0.21348314606741572
    ],
    [
      4,
      0.11851851851851852
    ],
    [
      5,
      0.2708333333333333
    ],
    [
      6,
      0.18390804597701152
    ],
    [
      7,
      0.21176470588235294
    ],
    [
      8,
      0.20512820512820515
    ],
    [
      9,
      0.16176470588235295
    ],
    [
      10,
      0.17218543046357615
    ],
    [
      11,
      0.21000000000000002
    ],
    [
      12,
      0.22222222222222224
    ],
    [
      13,
      0.23115577889447236
    ],
    [
      14,
      0.18181818181818182
    ],
    [
      15,
      0.1923076923076923
    ],
    [
      16,
      0.18357487922705315
    ],
    [
      17,
      0.21590909090909088
    ],
    [
      18,
      0.20512820512820512
    ],
    [
      19,
      0.13953488372093023
    ],
    [
      20,
      0.14942528735632182
    ],
    [
      21,
      0.16249999999999998
    ],
    [
      22,
      0.14857142857142855
    ],
    [
      23,
      0.2073170731707317
    ],
    [
      24,
      0.1780104712041885
    ],
    [
      25,
      0.21367521367521367
    ],
    [
      26,
      0.13186813186813187
    ],
    [
      27,
      0.1568627450980392
    ],
    [
      28,
      0.1990049751243781
    ],
    [
      29,
      0.18713450292397663
    ],
    [
      30,
      0.2247191011235955
    ],
    [
      31,
      0.16216216216216217
    ],
    [
      32,
      0.2871794871794872
    ],
    [
      33,
      0.187192118226601
    ],
    [
      34,
      0.2181818181818182
    ],
    [
      35,
      0.1919191919191919
    ],
    [
      36,
      0.17341040462427745
    ],
    [
      37,
      0.16666666666666669
    ],
    [
      38,
      0.16216216216216217
    ],
    [
      39,
      0.16326530612244897
    ],
    [
      40,
      0.1990049751243781
    ],
    [
      41,
      0.1523809523809524
    ],
    [
      42,
      0.13265306122448978
    ],
    [
      43,
      0.2484472049689441
    ],
    [
      44,
      0.1797752808988764
    ],
    [
      45,
      0.2339181286549708
    ],
    [
      46,
      0.19607843137254902
    ],
    [
      47,
      0.15000000000000002
    ],
    [
      48,
      0.20809248554913296
    ],
    [
      49,
      0.20359281437125748
    ],
    [
      50,
      0.20338983050847462
    ],
    [
      51,
      0.24657534246575344
    ],
    [
      52,
      0.17391304347826084
    ],
    [
      53,
      0.1893491124260355
    ],
    [
      54,
      0.19540229885057472
    ],
    [
      55,
      0.18085106382978725
    ],
    [
      56,
      0.15894039735099336
    ],
    [
      57,
      0.1348314606741573
    ],
    [
      58,
      0.1807909604519774
    ],
    [
      59,
      0.19672131147540983
    ],
    [
      60,
      0.2011173184357542
    ],
    [
      61,
      0.2545454545454546
    ],
    [
      62,
      0.26022304832713755
    ],
    [
      63,
      0.19047619047619047
    ],
    [
      64,
      0.2236842105263158
    ],
    [
      65,
      0.17391304347826086
    ],
    [
      66,
      0.24309392265193366
    ],
    [
      67,
      0.22935779816513763
    ],
    [
      68,
      0.16304347826086957
    ],
    [
      69,
      0.2
    ],
    [
      70,
      0.26143790849673204
    ],
    [
      71,
      0.12345679012345677
    ],
    [
      72,
      0.19867549668874174
    ],
    [
      73,
      0.18652849740932642
    ],
    [
      74,
      0.1456953642384106
    ],
    [
      75,
      0.2545454545454545
    ],
    [
      76,
      0.15306122448979592
    ],
    [
      77,
      0.17391304347826086
    ],
    [
      78,
      0.23469387755102042
    ],
    [
      79,
      0.21857923497267762
    ],
    [
      80,
      0.19469026548672563
    ],
    [
      81,
      0.1988950276243094
    ],
    [
      82,
      0.18502202643171808
    ],
    [
      83,
      0.21794871794871792
    ],
    [
      84,
      0.15686274509803924
    ],
    [
      85,
      0.21105527638190955
    ],
    [
      86,
      0.3076923076923077
    ],
    [
      87,
      0.17647058823529413
    ],
    [
      88,
      0.21333333333333332
    ],
    [
      89,
      0.21463414634146344
    ],
    [
      90,
      0.19487179487179487
    ],
    [
      91,
      0.15384615384615385
    ],
    [
      92,
      0.16793893129770993
    ],
    [
      93,
      0.21739130434782608
    ],
    [
      94,
      0.2119205298013245
    ],
    [
      95,
      0.2242152466367713
    ],
    [
      96,
      0.23481781376518215
    ],
    [
      97,
      0.18750000000000003
    ],
    [
      98,
      0.18085106382978722
    ],
    [
      99,
      0.19580419580419584
    ],
    [
      100,
      0.23728813559322037
    ],
    [
      101,
      0.19875776397515527
    ],
    [
      102,
      0.24742268041237112
    ],
    [
      103,
      0.17204301075268819
    ],
    [
      104,
      0.1986754966887417
    ],
    [
      105,
      0.26737967914438504
    ],
    [
      106,
      0.22935779816513763
    ],
    [
      107,
      0.1827956989247312
    ],
    [
      108,
      0.19767441860465118
    ],
    [
      109,
      0.21621621621621626
    ],
    [
      110,
      0.18784530386740333
    ],
    [
      111,
      0.2868217054263566
    ],
    [
      112,
      0.2127659574468085
    ],
    [
      113,
      0.3055555555555555
    ],
    [
      114,
      0.21774193548387097
    ],
    [
      115,
      0.1842105263157895
    ],
    [
      116,
      0.18367346938775508
    ],
    [
      117,
      0.21965317919075145
    ],
    [
      118,
      0.14814814814814814
    ],
    [
      119,
      0.23333333333333334
    ],
    [
      120,
      0.1675977653631285
    ],
    [
      121,
      0.17177914110429449
    ],
    [
      122,
      0.16
    ],
    [
      123,
      0.23414634146341462
    ],
    [
      124,
      0.1324503311258278
    ],
    [
      125,
      0.19101123595505617
    ],
    [
      126,
      0.2155688622754491
    ],
    [
      127,
      0.15662650602409636
    ],
    [
      128,
      0.23809523809523808
    ],
    [
      129,
      0.22891566265060237
    ],
    [
      130,
      0.1595744680851064
    ],
    [
      131,
      0.14457831325301204
    ],
    [
      132,
      0.2087912087912088
    ],
    [
      133,
      0.19999999999999998
    ],
    [
      134,
      0.24657534246575344
    ],
    [
      135,
      0.1879194630872483
    ],
    [
      136,
      0.17424242424242425
    ],
    [
      137,
      0.14285714285714282
    ],
    [
      138,
      0.24338624338624337
    ],
    [
      139,
      0.14285714285714285
    ],
    [
      140,
      0.17241379310344826
    ],
    [
      141,
      0.34594594594594597
    ],
    [
      142,
      0.17307692307692307
    ],
    [
      143,
      0.28037383177570097
    ],
    [
      144,
      0.1752577319587629
    ],
    [
      145,
      0.14012738853503184
    ],
    [
      146,
      0.20289855072463767
    ],
    [
      147,
      0.13903743315508021
    ],
    [
      148,
      0.18897637795275588
    ],
    [
      149,
      0.147239263803681
    ],
    [
      150,
      0.19251336898395724
    ],
    [
      151,
      0.2634146341463414
    ],
    [
      152,
      0.11290322580645162
    ],
    [
      153,
      0.19736842105263158
    ],
    [
      154,
      0.1891891891891892
    ],
    [
      155,
      0.1714285714285714
    ],
    [
      156,
      0.21256038647342992
    ],
    [
      157,
      0.16326530612244897
    ],
    [
      158,
      0.21390374331550802
    ],
    [
      159,
