{
  "dataset": "QMSum",
  "num_samples": 200,
  "rouge1": 0.2818702580924039,
  "rouge2": 0.06544148958229526,
  "rougeL": 0.1867369358682645,
  "rougeLsum": 0.1896895812585396,
  "per_sample_rougeL": [
    [
      0,
      0.21145374449339205
    ],
    [
      1,
      0.17733990147783252
    ],
    [
      2,
      0.18274111675126906
    ],
    [
      3,
      0.19653179190751446
    ],
    [
      4,
      0.16923076923076924
    ],
    [
      5,
      0.25396825396825395
    ],
    [
      6,
      0.18079096045197743
    ],
    [
      7,
      0.1325301204819277
    ],
    [
      8,
      0.1794871794871795
    ],
    [
      9,
      0.1761006289308176
    ],
    [
      10,
      0.1610738255033557
    ],
    [
      11,
      0.21256038647342995
    ],
    [
      12,
      0.1506849315068493
    ],
    [
      13,
      0.2741116751269036
    ],
    [
      14,
      0.18095238095238098
    ],
    [
      15,
      0.1830065359477124
    ],
    [
      16,
      0.21153846153846154
    ],
    [
      17,
      0.18390804597701152
    ],
    [
      18,
      0.12546125461254612
    ],
    [
      19,
      0.15
    ],
    [
      20,
      0.1724137931034483
    ],
    [
      21,
      0.19736842105263158
    ],
    [
      22,
      0.10588235294117648
    ],
    [
      23,
      0.1951219512195122
    ],
    [
      24,
      0.15624999999999997
    ],
    [
      25,
      0.21757322175732216
    ],
    [
      26,
      0.11363636363636363
    ],
    [
      27,
      0.14285714285714285
    ],
    [
      28,
      0.1809045226130653
    ],
    [
      29,
      0.1686746987951807
    ],
    [
      30,
      0.1787709497206704
    ],
    [
      31,
      0.16216216216216217
    ],
    [
      32,
      0.2639593908629442
    ],
    [
      33,
      0.1313131313131313
    ],
    [
      34,
      0.23121387283236994
    ],
    [
      35,
      0.22110552763819097
    ],
    [
      36,
      0.2173913043478261
    ],
    [
      37,
      0.16080402010050251
    ],
    [
      38,
      0.12413793103448276
    ],
    [
      39,
      0.1506849315068493
    ],
    [
      40,
      0.20512820512820512
    ],
    [
      41,
      0.20657276995305163
    ],
    [
      42,
      0.19626168224299068
    ],
    [
      43,
      0.2413793103448276
    ],
    [
      44,
      0.21621621621621623
    ],
    [
      45,
      0.17218543046357615
    ],
    [
      46,
      0.1890547263681592
    ],
    [
      47,
      0.17910447761194026
    ],
    [
      48,
      0.16
    ],
    [
      49,
      0.15476190476190477
    ],
    [
      50,
      0.11494252873563218
    ],
    [
      51,
      0.24770642201834864
    ],
    [
      52,
      0.15894039735099338
    ],
    [
      53,
      0.1511627906976744
    ],
    [
      54,
      0.20689655172413796
    ],
    [
      55,
      0.16568047337278105
    ],
    [
      56,
      0.1699346405228758
    ],
    [
      57,
      0.1375661375661376
    ],
    [
      58,
      0.19318181818181818
    ],
    [
      59,
      0.160427807486631
    ],
    [
      60,
      0.21111111111111108
    ],
    [
      61,
      0.23952095808383234
    ],
    [
      62,
      0.2666666666666667
    ],
    [
      63,
      0.16374269005847952
    ],
    [
      64,
      0.1688311688311688
    ],
    [
      65,
      0.19512195121951217
    ],
    [
      66,
      0.25806451612903225
    ],
    [
      67,
      0.2620087336244542
    ],
    [
      68,
      0.15217391304347827
    ],
    [
      69,
      0.1797752808988764
    ],
    [
      70,
      0.17834394904458598
    ],
    [
      71,
      0.13333333333333333
    ],
    [
      72,
      0.22377622377622378
    ],
    [
      73,
      0.1948717948717949
    ],
    [
      74,
      0.14012738853503184
    ],
    [
      75,
      0.20276497695852536
    ],
    [
      76,
      0.19607843137254904
    ],
    [
      77,
      0.10457516339869281
    ],
    [
      78,
      0.17171717171717174
    ],
    [
      79,
      0.1797752808988764
    ],
    [
      80,
      0.18666666666666668
    ],
    [
      81,
      0.143646408839779
    ],
    [
      82,
      0.2139917695473251
    ],
    [
      83,
      0.24844720496894412
    ],
    [
      84,
      0.2692307692307692
    ],
    [
      85,
      0.23529411764705882
    ],
    [
      86,
      0.22134387351778656
    ],
    [
      87,
      0.2122905027932961
    ],
    [
      88,
      0.14782608695652172
    ],
    [
      89,
      0.3113207547169811
    ],
    [
      90,
      0.1919191919191919
    ],
    [
      91,
      0.14473684210526316
    ],
    [
      92,
      0.1839080459770115
    ],
    [
      93,
      0.2327586206896552
    ],
    [
      94,
      0.14473684210526316
    ],
    [
      95,
      0.22707423580786024
    ],
    [
      96,
      0.21862348178137656
    ],
    [
      97,
      0.17177914110429449
    ],
    [
      98,
      0.18085106382978722
    ],
    [
      99,
      0.21453287197231832
    ],
    [
      100,
      0.16759776536312848
    ],
    [
      101,
      0.19753086419753085
    ],
    [
      102,
      0.2153846153846154
    ],
    [
      103,
      0.21505376344086022
    ],
    [
      104,
      0.16666666666666666
    ],
    [
      105,
      0.2371134020618557
    ],
    [
      106,
      0.22727272727272727
    ],
    [
      107,
      0.1693121693121693
    ],
    [
      108,
      0.15555555555555556
    ],
    [
      109,
      0.23287671232876714
    ],
    [
      110,
      0.1945945945945946
    ],
    [
      111,
      0.2890625
    ],
    [
      112,
      0.1183431952662722
    ],
    [
      113,
      0.22421524663677128
    ],
    [
      114,
      0.208
    ],
    [
      115,
      0.14102564102564102
    ],
    [
      116,
      0.16080402010050251
    ],
    [
      117,
      0.14606741573033707
    ],
    [
      118,
      0.12738853503184713
    ],
    [
      119,
      0.15028901734104047
    ],
    [
      120,
      0.17045454545454544
    ],
    [
      121,
      0.2206896551724138
    ],
    [
      122,
      0.14782608695652175
    ],
    [
      123,
      0.2364532019704433
    ],
    [
      124,
      0.14012738853503187
    ],
    [
      125,
      0.1837837837837838
    ],
    [
      126,
      0.19631901840490798
    ],
    [
      127,
      0.1807228915662651
    ],
    [
      128,
      0.22429906542056074
    ],
    [
      129,
      0.19999999999999998
    ],
    [
      130,
      0.18378378378378377
    ],
    [
      131,
      0.13333333333333333
    ],
    [
      132,
      0.2122905027932961
    ],
    [
      133,
      0.15789473684210525
    ],
    [
      134,
      0.27802690582959644
    ],
    [
      135,
      0.1904761904761905
    ],
    [
      136,
      0.14232209737827717
    ],
    [
      137,
      0.15476190476190474
    ],
    [
      138,
      0.21857923497267762
    ],
    [
      139,
      0.14054054054054052
    ],
    [
      140,
      0.16766467065868262
    ],
    [
      141,
      0.32967032967032966
    ],
    [
      142,
      0.20095693779904306
    ],
    [
      143,
      0.22707423580786024
    ],
    [
      144,
      0.18461538461538463
    ],
    [
      145,
      0.1282051282051282
    ],
    [
      146,
      0.23414634146341465
    ],
    [
      147,
      0.11578947368421051
    ],
    [
      148,
      0.12280701754385967
    ],
    [
      149,
      0.1590909090909091
    ],
    [
      150,
      0.15789473684210525
    ],
    [
      151,
      0.21890547263681592
    ],
    [
      152,
      0.07339449541284404
    ],
    [
      153,
      0.14473684210526314
    ],
    [
      154,
      0.18055555555555555
    ],
    [
      155,
      0.1839080459770115
    ],
    [
      156,
      0.22748815165876776
    ],
    [
      157,
      0.17687074829931973
    ],
    [
      158,
      0.21989528795811522
    ],
    [
      159,
      0.20359281437125745
    ],
    [
