{
  "dataset": "QMSum",
  "num_samples": 200,
  "rouge1": 0.324564217073347,
  "rouge2": 0.08464333879944416,
  "rougeL": 0.20210802867455233,
  "rougeLsum": 0.20811314159833022,
  "per_sample_rougeL": [
    [
      0,
      0.24
    ],
    [
      1,
      0.20689655172413793
    ],
    [
      2,
      0.22439024390243903
    ],
    [
      3,
      0.18497109826589594
    ],
    [
      4,
      0.12403100775193798
    ],
    [
      5,
      0.27956989247311825
    ],
    [
      6,
      0.1818181818181818
    ],
    [
      7,
      0.2035928143712575
    ],
    [
      8,
      0.18064516129032257
    ],
    [
      9,
      0.1656050955414013
    ],
    [
      10,
      0.1830065359477124
    ],
    [
      11,
      0.20792079207920794
    ],
    [
      12,
      0.23448275862068962
    ],
    [
      13,
      0.2513089005235602
    ],
    [
      14,
      0.18604651162790697
    ],
    [
      15,
      0.24050632911392408
    ],
    [
      16,
      0.21568627450980393
    ],
    [
      17,
      0.1818181818181818
    ],
    [
      18,
      0.16911764705882354
    ],
    [
      19,
      0.15476190476190477
    ],
    [
      20,
      0.1694915254237288
    ],
    [
      21,
      0.19108280254777069
    ],
    [
      22,
      0.16374269005847952
    ],
    [
      23,
      0.2484472049689441
    ],
    [
      24,
      0.21164021164021163
    ],
    [
      25,
      0.21276595744680854
    ],
    [
      26,
      0.16
    ],
    [
      27,
      0.12422360248447206
    ],
    [
      28,
      0.2536585365853659
    ],
    [
      29,
      0.23255813953488377
    ],
    [
      30,
      0.1988950276243094
    ],
    [
      31,
      0.174496644295302
    ],
    [
      32,
      0.268041237113402
    ],
    [
      33,
      0.17
    ],
    [
      34,
      0.19161676646706585
    ],
    [
      35,
      0.208955223880597
    ],
    [
      36,
      0.19101123595505617
    ],
    [
      37,
      0.15384615384615385
    ],
    [
      38,
      0.13513513513513514
    ],
    [
      39,
      0.14864864864864866
    ],
    [
      40,
      0.19095477386934673
    ],
    [
      41,
      0.2028985507246377
    ],
    [
      42,
      0.1559633027522936
    ],
    [
      43,
      0.2352941176470588
    ],
    [
      44,
      0.18285714285714286
    ],
    [
      45,
      0.3529411764705882
    ],
    [
      46,
      0.20588235294117646
    ],
    [
      47,
      0.175609756097561
    ],
    [
      48,
      0.20930232558139533
    ],
    [
      49,
      0.15294117647058825
    ],
    [
      50,
      0.19101123595505617
    ],
    [
      51,
      0.30275229357798167
    ],
    [
      52,
      0.20253164556962025
    ],
    [
      53,
      0.152046783625731
    ],
    [
      54,
      0.27428571428571424
    ],
    [
      55,
      0.15028901734104047
    ],
    [
      56,
      0.1342281879194631
    ],
    [
      57,
      0.17391304347826086
    ],
    [
      58,
      0.22580645161290325
    ],
    [
      59,
      0.1641025641025641
    ],
    [
      60,
      0.18994413407821228
    ],
    [
      61,
      0.27218934911242604
    ],
    [
      62,
      0.27106227106227104
    ],
    [
      63,
      0.2275449101796407
    ],
    [
      64,
      0.21192052980132448
    ],
    [
      65,
      0.22360248447204972
    ],
    [
      66,
      0.27745664739884396
    ],
    [
      67,
      0.28571428571428575
    ],
    [
      68,
      0.1702127659574468
    ],
    [
      69,
      0.21714285714285714
    ],
    [
      70,
      0.24516129032258063
    ],
    [
      71,
      0.17073170731707316
    ],
    [
      72,
      0.20125786163522016
    ],
    [
      73,
      0.21105527638190955
    ],
    [
      74,
      0.14193548387096772
    ],
    [
      75,
      0.2935779816513761
    ],
    [
      76,
      0.1890547263681592
    ],
    [
      77,
      0.10666666666666667
    ],
    [
      78,
      0.22105263157894736
    ],
    [
      79,
      0.1988950276243094
    ],
    [
      80,
      0.19213973799126638
    ],
    [
      81,
      0.20930232558139533
    ],
    [
      82,
      0.1951219512195122
    ],
    [
      83,
      0.2597402597402597
    ],
    [
      84,
      0.17475728155339806
    ],
    [
      85,
      0.21649484536082472
    ],
    [
      86,
      0.34959349593495936
    ],
    [
      87,
      0.2543352601156069
    ],
    [
      88,
      0.20960698689956334
    ],
    [
      89,
      0.38647342995169076
    ],
    [
      90,
      0.18274111675126903
    ],
    [
      91,
      0.16993464052287582
    ],
    [
      92,
      0.17142857142857143
    ],
    [
      93,
      0.21367521367521367
    ],
    [
      94,
      0.20134228187919462
    ],
    [
      95,
      0.2374429223744292
    ],
    [
      96,
      0.2032520325203252
    ],
    [
      97,
      0.2138364779874214
    ],
    [
      98,
      0.18652849740932642
    ],
    [
      99,
      0.21527777777777776
    ],
    [
      100,
      0.2598870056497175
    ],
    [
      101,
      0.21518987341772153
    ],
    [
      102,
      0.19999999999999998
    ],
    [
      103,
      0.19780219780219782
    ],
    [
      104,
      0.1756756756756757
    ],
    [
      105,
      0.3076923076923077
    ],
    [
      106,
      0.21333333333333335
    ],
    [
      107,
      0.1711229946524064
    ],
    [
      108,
      0.20809248554913296
    ],
    [
      109,
      0.21333333333333335
    ],
    [
      110,
      0.19999999999999998
    ],
    [
      111,
      0.23809523809523808
    ],
    [
      112,
      0.14054054054054055
    ],
    [
      113,
      0.3013698630136986
    ],
    [
      114,
      0.2570281124497992
    ],
    [
      115,
      0.1610738255033557
    ],
    [
      116,
      0.21164021164021163
    ],
    [
      117,
      0.16759776536312848
    ],
    [
      118,
      0.18181818181818182
    ],
    [
      119,
      0.21818181818181817
    ],
    [
      120,
      0.15819209039548024
    ],
    [
      121,
      0.17543859649122806
    ],
    [
      122,
      0.13513513513513514
    ],
    [
      123,
      0.19704433497536947
    ],
    [
      124,
      0.15384615384615383
    ],
    [
      125,
      0.19565217391304346
    ],
    [
      126,
      0.2168674698795181
    ],
    [
      127,
      0.2807017543859649
    ],
    [
      128,
      0.36792452830188677
    ],
    [
      129,
      0.24096385542168677
    ],
    [
      130,
      0.15789473684210525
    ],
    [
      131,
      0.15476190476190477
    ],
    [
      132,
      0.22950819672131145
    ],
    [
      133,
      0.16901408450704222
    ],
    [
      134,
      0.25
    ],
    [
      135,
      0.14379084967320263
    ],
    [
      136,
      0.2084942084942085
    ],
    [
      137,
      0.14285714285714282
    ],
    [
      138,
      0.23280423280423282
    ],
    [
      139,
      0.14207650273224043
    ],
    [
      140,
      0.18285714285714286
    ],
    [
      141,
      0.35106382978723405
    ],
    [
      142,
      0.17924528301886794
    ],
    [
      143,
      0.2232142857142857
    ],
    [
      144,
      0.202020202020202
    ],
    [
      145,
      0.15384615384615385
    ],
    [
      146,
      0.2685185185185185
    ],
    [
      147,
      0.14054054054054055
    ],
    [
      148,
      0.17054263565891473
    ],
    [
      149,
      0.14545454545454548
    ],
    [
      150,
      0.2185792349726776
    ],
    [
      151,
      0.24509803921568626
    ],
    [
      152,
      0.09302325581395349
    ],
    [
      153,
      0.14285714285714288
    ],
    [
      154,
      0.217687074829932
    ],
    [
      155,
      0.2222222222222222
    ],
    [
      156,
      0.1951219512195122
    ],
    [
      157,
      0.16326530612244897
    ],
    [
      158,
      0.1945945945945946
    ],
    [
      159,
      0.1987577639751553
    ],
    [
      160,
