{
  "dataset": "QMSum",
  "num_samples": 200,
  "rouge1": 0.3191379516388432,
  "rouge2": 0.07971519690853435,
  "rougeL": 0.19946702326339324,
  "rougeLsum": 0.2051114570437509,
  "per_sample_rougeL": [
    [
      0,
      0.22510822510822512
    ],
    [
      1,
      0.24630541871921183
    ],
    [
      2,
      0.198019801980198
    ],
    [
      3,
      0.17679558011049726
    ],
    [
      4,
      0.13953488372093023
    ],
    [
      5,
      0.2916666666666667
    ],
    [
      6,
      0.20224719101123595
    ],
    [
      7,
      0.16969696969696968
    ],
    [
      8,
      0.1656050955414013
    ],
    [
      9,
      0.17721518987341772
    ],
    [
      10,
      0.19736842105263155
    ],
    [
      11,
      0.2038834951456311
    ],
    [
      12,
      0.22222222222222224
    ],
    [
      13,
      0.24742268041237106
    ],
    [
      14,
      0.19534883720930232
    ],
    [
      15,
      0.17105263157894735
    ],
    [
      16,
      0.18181818181818182
    ],
    [
      17,
      0.16279069767441862
    ],
    [
      18,
      0.1751824817518248
    ],
    [
      19,
      0.0935672514619883
    ],
    [
      20,
      0.15730337078651685
    ],
    [
      21,
      0.1923076923076923
    ],
    [
      22,
      0.15028901734104044
    ],
    [
      23,
      0.25477707006369427
    ],
    [
      24,
      0.19148936170212766
    ],
    [
      25,
      0.18644067796610173
    ],
    [
      26,
      0.19883040935672516
    ],
    [
      27,
      0.1375
    ],
    [
      28,
      0.1951219512195122
    ],
    [
      29,
      0.22222222222222218
    ],
    [
      30,
      0.1797752808988764
    ],
    [
      31,
      0.163265306122449
    ],
    [
      32,
      0.27368421052631575
    ],
    [
      33,
      0.18
    ],
    [
      34,
      0.20359281437125745
    ],
    [
      35,
      0.208955223880597
    ],
    [
      36,
      0.1954022988505747
    ],
    [
      37,
      0.16494845360824742
    ],
    [
      38,
      0.14379084967320263
    ],
    [
      39,
      0.15789473684210525
    ],
    [
      40,
      0.1968911917098446
    ],
    [
      41,
      0.21153846153846154
    ],
    [
      42,
      0.16666666666666669
    ],
    [
      43,
      0.23391812865497075
    ],
    [
      44,
      0.18994413407821228
    ],
    [
      45,
      0.3
    ],
    [
      46,
      0.19251336898395718
    ],
    [
      47,
      0.16915422885572137
    ],
    [
      48,
      0.21428571428571427
    ],
    [
      49,
      0.14035087719298248
    ],
    [
      50,
      0.21468926553672318
    ],
    [
      51,
      0.23963133640552997
    ],
    [
      52,
      0.16352201257861637
    ],
    [
      53,
      0.17751479289940825
    ],
    [
      54,
      0.24277456647398843
    ],
    [
      55,
      0.16666666666666669
    ],
    [
      56,
      0.17567567567567569
    ],
    [
      57,
      0.14606741573033707
    ],
    [
      58,
      0.2430939226519337
    ],
    [
      59,
      0.15625
    ],
    [
      60,
      0.2011173184357542
    ],
    [
      61,
      0.3012048192771084
    ],
    [
      62,
      0.26022304832713755
    ],
    [
      63,
      0.23952095808383234
    ],
    [
      64,
      0.2038216560509554
    ],
    [
      65,
      0.2
    ],
    [
      66,
      0.20454545454545456
    ],
    [
      67,
      0.25892857142857145
    ],
    [
      68,
      0.17297297297297298
    ],
    [
      69,
      0.28888888888888886
    ],
    [
      70,
      0.2222222222222222
    ],
    [
      71,
      0.18181818181818182
    ],
    [
      72,
      0.1794871794871795
    ],
    [
      73,
      0.14
    ],
    [
      74,
      0.14666666666666667
    ],
    [
      75,
      0.28571428571428564
    ],
    [
      76,
      0.1717171717171717
    ],
    [
      77,
      0.10666666666666667
    ],
    [
      78,
      0.1761658031088083
    ],
    [
      79,
      0.23076923076923078
    ],
    [
      80,
      0.20353982300884954
    ],
    [
      81,
      0.19354838709677424
    ],
    [
      82,
      0.19433198380566805
    ],
    [
      83,
      0.14814814814814814
    ],
    [
      84,
      0.19
    ],
    [
      85,
      0.21256038647342992
    ],
    [
      86,
      0.1847389558232932
    ],
    [
      87,
      0.23595505617977527
    ],
    [
      88,
      0.21052631578947367
    ],
    [
      89,
      0.3047619047619048
    ],
    [
      90,
      0.20304568527918782
    ],
    [
      91,
      0.15686274509803924
    ],
    [
      92,
      0.18497109826589597
    ],
    [
      93,
      0.1834061135371179
    ],
    [
      94,
      0.19310344827586207
    ],
    [
      95,
      0.22222222222222224
    ],
    [
      96,
      0.23430962343096234
    ],
    [
      97,
      0.26415094339622647
    ],
    [
      98,
      0.21761658031088082
    ],
    [
      99,
      0.21527777777777776
    ],
    [
      100,
      0.20111731843575417
    ],
    [
      101,
      0.20987654320987656
    ],
    [
      102,
      0.25641025641025644
    ],
    [
      103,
      0.18378378378378377
    ],
    [
      104,
      0.15894039735099336
    ],
    [
      105,
      0.2371134020618557
    ],
    [
      106,
      0.2232142857142857
    ],
    [
      107,
      0.19354838709677416
    ],
    [
      108,
      0.21839080459770113
    ],
    [
      109,
      0.21621621621621626
    ],
    [
      110,
      0.1797752808988764
    ],
    [
      111,
      0.25984251968503935
    ],
    [
      112,
      0.19148936170212766
    ],
    [
      113,
      0.2805429864253393
    ],
    [
      114,
      0.2892561983471075
    ],
    [
      115,
      0.18633540372670804
    ],
    [
      116,
      0.16494845360824742
    ],
    [
      117,
      0.19428571428571426
    ],
    [
      118,
      0.16249999999999998
    ],
    [
      119,
      0.21818181818181817
    ],
    [
      120,
      0.20879120879120877
    ],
    [
      121,
      0.16853932584269662
    ],
    [
      122,
      0.16363636363636364
    ],
    [
      123,
      0.2
    ],
    [
      124,
      0.13605442176870747
    ],
    [
      125,
      0.20224719101123595
    ],
    [
      126,
      0.2035928143712575
    ],
    [
      127,
      0.26035502958579887
    ],
    [
      128,
      0.3127962085308057
    ],
    [
      129,
      0.2909090909090909
    ],
    [
      130,
      0.1780104712041885
    ],
    [
      131,
      0.1744186046511628
    ],
    [
      132,
      0.2747252747252747
    ],
    [
      133,
      0.18840579710144928
    ],
    [
      134,
      0.3022222222222223
    ],
    [
      135,
      0.11764705882352941
    ],
    [
      136,
      0.21011673151750973
    ],
    [
      137,
      0.19393939393939394
    ],
    [
      138,
      0.22105263157894736
    ],
    [
      139,
      0.13333333333333333
    ],
    [
      140,
      0.18994413407821228
    ],
    [
      141,
      0.2751322751322752
    ],
    [
      142,
      0.16037735849056603
    ],
    [
      143,
      0.2831050228310502
    ],
    [
      144,
      0.19354838709677422
    ],
    [
      145,
      0.13333333333333333
    ],
    [
      146,
      0.2222222222222222
    ],
    [
      147,
      0.16753926701570682
    ],
    [
      148,
      0.192
    ],
    [
      149,
      0.16374269005847952
    ],
    [
      150,
      0.19889502762430936
    ],
    [
      151,
      0.22772277227722773
    ],
    [
      152,
      0.12307692307692307
    ],
    [
      153,
      0.14473684210526314
    ],
    [
      154,
      0.18055555555555555
    ],
    [
      155,
      0.2569832402234637
    ],
    [
      156,
      0.16748768472906403
    ],
    [
      157,
      0.16107382550335572
    ],
    [
      158,
      0.1945945945945946
    ],
    [
      159,
      0.26751592356687903
    ],
    [
      160,
      0.20487804878048782
    ],
    [
      161,
