{
  "dataset": "QMSum",
  "num_samples": 200,
  "rouge1": 0.28141345898505965,
  "rouge2": 0.07043879241115958,
  "rougeL": 0.1907471282219621,
  "rougeLsum": 0.19236839828101704,
  "per_sample_rougeL": [
    [
      0,
      0.25
    ],
    [
      1,
      0.22222222222222224
    ],
    [
      2,
      0.20833333333333331
    ],
    [
      3,
      0.1714285714285714
    ],
    [
      4,
      0.10218978102189781
    ],
    [
      5,
      0.08421052631578947
    ],
    [
      6,
      0.20224719101123595
    ],
    [
      7,
      0.14035087719298245
    ],
    [
      8,
      0.2058823529411765
    ],
    [
      9,
      0.2
    ],
    [
      10,
      0.13986013986013987
    ],
    [
      11,
      0.21359223300970873
    ],
    [
      12,
      0.1276595744680851
    ],
    [
      13,
      0.3036649214659685
    ],
    [
      14,
      0.20512820512820515
    ],
    [
      15,
      0.2830188679245283
    ],
    [
      16,
      0.18357487922705315
    ],
    [
      17,
      0.16279069767441862
    ],
    [
      18,
      0.13768115942028986
    ],
    [
      19,
      0.10714285714285714
    ],
    [
      20,
      0.12162162162162163
    ],
    [
      21,
      0.27586206896551724
    ],
    [
      22,
      0.14388489208633093
    ],
    [
      23,
      0.20359281437125748
    ],
    [
      24,
      0.2181818181818182
    ],
    [
      25,
      0.21940928270042195
    ],
    [
      26,
      0.3771428571428572
    ],
    [
      27,
      0.16326530612244894
    ],
    [
      28,
      0.1791044776119403
    ],
    [
      29,
      0.1395348837209302
    ],
    [
      30,
      0.20547945205479454
    ],
    [
      31,
      0.12765957446808512
    ],
    [
      32,
      0.4820512820512821
    ],
    [
      33,
      0.2131979695431472
    ],
    [
      34,
      0.10191082802547771
    ],
    [
      35,
      0.15920398009950248
    ],
    [
      36,
      0.2346368715083799
    ],
    [
      37,
      0.23529411764705885
    ],
    [
      38,
      0.15037593984962405
    ],
    [
      39,
      0.11764705882352941
    ],
    [
      40,
      0.20858895705521474
    ],
    [
      41,
      0.28846153846153844
    ],
    [
      42,
      0
    ],
    [
      43,
      0.2742857142857143
    ],
    [
      44,
      0.2653061224489796
    ],
    [
      45,
      0.10619469026548672
    ],
    [
      46,
      0.19512195121951217
    ],
    [
      47,
      0.14473684210526316
    ],
    [
      48,
      0.03389830508474576
    ],
    [
      49,
      0.19047619047619047
    ],
    [
      50,
      0.19672131147540983
    ],
    [
      51,
      0.2857142857142857
    ],
    [
      52,
      0.24742268041237112
    ],
    [
      53,
      0.16981132075471697
    ],
    [
      54,
      0.26016260162601623
    ],
    [
      55,
      0.14507772020725387
    ],
    [
      56,
      0.20833333333333334
    ],
    [
      57,
      0.0710059171597633
    ],
    [
      58,
      0.27472527472527475
    ],
    [
      59,
      0.2
    ],
    [
      60,
      0.25925925925925924
    ],
    [
      61,
      0.19540229885057472
    ],
    [
      62,
      0.2129277566539924
    ],
    [
      63,
      0.22666666666666666
    ],
    [
      64,
      0.2054794520547945
    ],
    [
      65,
      0.10843373493975904
    ],
    [
      66,
      0.25862068965517243
    ],
    [
      67,
      0.2660550458715596
    ],
    [
      68,
      0.2594594594594595
    ],
    [
      69,
      0.20224719101123598
    ],
    [
      70,
      0.35443037974683544
    ],
    [
      71,
      0.10256410256410257
    ],
    [
      72,
      0.23008849557522124
    ],
    [
      73,
      0.22377622377622378
    ],
    [
      74,
      0.13245033112582782
    ],
    [
      75,
      0.21568627450980393
    ],
    [
      76,
      0.10909090909090909
    ],
    [
      77,
      0.17543859649122806
    ],
    [
      78,
      0.16580310880829016
    ],
    [
      79,
      0.1878453038674033
    ],
    [
      80,
      0.16170212765957448
    ],
    [
      81,
      0.11627906976744186
    ],
    [
      82,
      0.10884353741496598
    ],
    [
      83,
      0.27586206896551724
    ],
    [
      84,
      0.17733990147783252
    ],
    [
      85,
      0.1978021978021978
    ],
    [
      86,
      0.1422924901185771
    ],
    [
      87,
      0.17073170731707318
    ],
    [
      88,
      0.17872340425531916
    ],
    [
      89,
      0.15463917525773194
    ],
    [
      90,
      0.23645320197044337
    ],
    [
      91,
      0.21052631578947367
    ],
    [
      92,
      0.21428571428571427
    ],
    [
      93,
      0.24166666666666667
    ],
    [
      94,
      0.13043478260869562
    ],
    [
      95,
      0.1826086956521739
    ],
    [
      96,
      0.22099447513812157
    ],
    [
      97,
      0.07894736842105263
    ],
    [
      98,
      0.15873015873015872
    ],
    [
      99,
      0.21694915254237288
    ],
    [
      100,
      0.1643835616438356
    ],
    [
      101,
      0.2018348623853211
    ],
    [
      102,
      0.24999999999999994
    ],
    [
      103,
      0.2622950819672131
    ],
    [
      104,
      0.16455696202531644
    ],
    [
      105,
      0.2857142857142857
    ],
    [
      106,
      0.13333333333333333
    ],
    [
      107,
      0.19895287958115182
    ],
    [
      108,
      0.20454545454545456
    ],
    [
      109,
      0.20689655172413793
    ],
    [
      110,
      0.15384615384615385
    ],
    [
      111,
      0.22033898305084745
    ],
    [
      112,
      0.1264367816091954
    ],
    [
      113,
      0.11224489795918369
    ],
    [
      114,
      0.23107569721115537
    ],
    [
      115,
      0.1518987341772152
    ],
    [
      116,
      0.22929936305732482
    ],
    [
      117,
      0.18348623853211007
    ],
    [
      118,
      0.13999999999999999
    ],
    [
      119,
      0.19548872180451127
    ],
    [
      120,
      0.1925133689839572
    ],
    [
      121,
      0.1818181818181818
    ],
    [
      122,
      0.1830065359477124
    ],
    [
      123,
      0.13829787234042556
    ],
    [
      124,
      0.20338983050847456
    ],
    [
      125,
      0.16483516483516483
    ],
    [
      126,
      0.18072289156626506
    ],
    [
      127,
      0.21301775147928997
    ],
    [
      128,
      0.3222748815165877
    ],
    [
      129,
      0.19393939393939394
    ],
    [
      130,
      0.1827956989247312
    ],
    [
      131,
      0.16184971098265896
    ],
    [
      132,
      0.24836601307189543
    ],
    [
      133,
      0.08275862068965517
    ],
    [
      134,
      0.2543859649122807
    ],
    [
      135,
      0.13888888888888887
    ],
    [
      136,
      0.13793103448275865
    ],
    [
      137,
      0.19298245614035087
    ],
    [
      138,
      0.22916666666666663
    ],
    [
      139,
      0.1382978723404255
    ],
    [
      140,
      0.19801980198019803
    ],
    [
      141,
      0.2808988764044944
    ],
    [
      142,
      0.19867549668874174
    ],
    [
      143,
      0.13065326633165827
    ],
    [
      144,
      0.10050251256281406
    ],
    [
      145,
      0.05555555555555555
    ],
    [
      146,
      0.21428571428571427
    ],
    [
      147,
      0.1473684210526316
    ],
    [
      148,
      0.3571428571428571
    ],
    [
      149,
      0.19642857142857145
    ],
    [
      150,
      0.2547770700636943
    ],
    [
      151,
      0.2463768115942029
    ],
    [
      152,
      0.15730337078651685
    ],
    [
      153,
      0.13924050632911394
    ],
    [
      154,
      0.1095890410958904
    ],
    [
      155,
      0.12048192771084339
    ],
    [
      156,
      0.10169491525423728
    ],
    [
      157,
      0.18823529411764706
    ],
    [
      158,
      0.21052631578947367
    ],
    [
      159,
      0.2181818181818182
    ],
    [
