{
  "dataset": "QMSum",
  "num_samples": 200,
  "rouge1": 0.2305790409871084,
  "rouge2": 0.0398074379297135,
  "rougeL": 0.14302873102992472,
  "rougeLsum": 0.1519176290040568,
  "per_sample_rougeL": [
    [
      0,
      0.17475728155339804
    ],
    [
      1,
      0.1308411214953271
    ],
    [
      2,
      0.12222222222222222
    ],
    [
      3,
      0.13793103448275862
    ],
    [
      4,
      0.26415094339622636
    ],
    [
      5,
      0.21276595744680848
    ],
    [
      6,
      0.1739130434782609
    ],
    [
      7,
      0.09523809523809523
    ],
    [
      8,
      0.11999999999999998
    ],
    [
      9,
      0.14193548387096774
    ],
    [
      10,
      0.09523809523809523
    ],
    [
      11,
      0.16666666666666666
    ],
    [
      12,
      0.0851063829787234
    ],
    [
      13,
      0.20304568527918782
    ],
    [
      14,
      0.14354066985645933
    ],
    [
      15,
      0.12000000000000001
    ],
    [
      16,
      0.16901408450704225
    ],
    [
      17,
      0.11976047904191615
    ],
    [
      18,
      0.09756097560975609
    ],
    [
      19,
      0.11428571428571427
    ],
    [
      20,
      0.053691275167785234
    ],
    [
      21,
      0.2295081967213115
    ],
    [
      22,
      0.12121212121212123
    ],
    [
      23,
      0.15483870967741936
    ],
    [
      24,
      0.1565217391304348
    ],
    [
      25,
      0.15384615384615383
    ],
    [
      26,
      0.15204678362573099
    ],
    [
      27,
      0.10769230769230768
    ],
    [
      28,
      0
    ],
    [
      29,
      0.14432989690721648
    ],
    [
      30,
      0.13829787234042554
    ],
    [
      31,
      0.18181818181818182
    ],
    [
      32,
      0.11650485436893204
    ],
    [
      33,
      0.15748031496062992
    ],
    [
      34,
      0.11180124223602485
    ],
    [
      35,
      0.13253012048192772
    ],
    [
      36,
      0.14583333333333334
    ],
    [
      37,
      0.09523809523809525
    ],
    [
      38,
      0.1553398058252427
    ],
    [
      39,
      0.12244897959183672
    ],
    [
      40,
      0.12371134020618557
    ],
    [
      41,
      0.3127962085308057
    ],
    [
      42,
      0.08547008547008546
    ],
    [
      43,
      0.19767441860465118
    ],
    [
      44,
      0.16049382716049382
    ],
    [
      45,
      0.08
    ],
    [
      46,
      0.1497326203208556
    ],
    [
      47,
      0.10362694300518135
    ],
    [
      48,
      0.18181818181818182
    ],
    [
      49,
      0.125
    ],
    [
      50,
      0.11042944785276075
    ],
    [
      51,
      0.15384615384615385
    ],
    [
      52,
      0.12578616352201258
    ],
    [
      53,
      0.24096385542168672
    ],
    [
      54,
      0.0
    ],
    [
      55,
      0.18579234972677594
    ],
    [
      56,
      0.20382165605095542
    ],
    [
      57,
      0.024390243902439025
    ],
    [
      58,
      0.14736842105263157
    ],
    [
      59,
      0.14516129032258066
    ],
    [
      60,
      0.14634146341463417
    ],
    [
      61,
      0.15
    ],
    [
      62,
      0.024096385542168672
    ],
    [
      63,
      0.13714285714285712
    ],
    [
      64,
      0.1518987341772152
    ],
    [
      65,
      0.10144927536231885
    ],
    [
      66,
      0.1927710843373494
    ],
    [
      67,
      0.18666666666666665
    ],
    [
      68,
      0.12941176470588237
    ],
    [
      69,
      0.12359550561797751
    ],
    [
      70,
      0.1751824817518248
    ],
    [
      71,
      0.12307692307692308
    ],
    [
      72,
      0.24137931034482757
    ],
    [
      73,
      0.1739130434782609
    ],
    [
      74,
      0.1935483870967742
    ],
    [
      75,
      0.14102564102564102
    ],
    [
      76,
      0.10256410256410256
    ],
    [
      77,
      0.09022556390977443
    ],
    [
      78,
      0.160427807486631
    ],
    [
      79,
      0.15950920245398773
    ],
    [
      80,
      0.11518324607329843
    ],
    [
      81,
      0.14201183431952663
    ],
    [
      82,
      0.08333333333333333
    ],
    [
      83,
      0.15384615384615385
    ],
    [
      84,
      0.15609756097560976
    ],
    [
      85,
      0.14035087719298245
    ],
    [
      86,
      0.1639344262295082
    ],
    [
      87,
      0.06185567010309277
    ],
    [
      88,
      0.1415929203539823
    ],
    [
      89,
      0.20547945205479448
    ],
    [
      90,
      0.17708333333333334
    ],
    [
      91,
      0.036036036036036036
    ],
    [
      92,
      0.14201183431952663
    ],
    [
      93,
      0.21568627450980393
    ],
    [
      94,
      0.10666666666666667
    ],
    [
      95,
      0.2100456621004566
    ],
    [
      96,
      0.11914893617021276
    ],
    [
      97,
      0.19117647058823528
    ],
    [
      98,
      0.1530054644808743
    ],
    [
      99,
      0.20209059233449475
    ],
    [
      100,
      0.12941176470588237
    ],
    [
      101,
      0.16058394160583941
    ],
    [
      102,
      0.16042780748663102
    ],
    [
      103,
      0.17094017094017094
    ],
    [
      104,
      0.1793103448275862
    ],
    [
      105,
      0.1437908496732026
    ],
    [
      106,
      0.19565217391304346
    ],
    [
      107,
      0.11494252873563218
    ],
    [
      108,
      0.19672131147540983
    ],
    [
      109,
      0.14814814814814814
    ],
    [
      110,
      0.072992700729927
    ],
    [
      111,
      0.25
    ],
    [
      112,
      0.12698412698412698
    ],
    [
      113,
      0.19354838709677416
    ],
    [
      114,
      0.16736401673640167
    ],
    [
      115,
      0.13461538461538464
    ],
    [
      116,
      0.1518987341772152
    ],
    [
      117,
      0.1317365269461078
    ],
    [
      118,
      0.125
    ],
    [
      119,
      0.14012738853503187
    ],
    [
      120,
      0.0879120879120879
    ],
    [
      121,
      0.17177914110429449
    ],
    [
      122,
      0.09345794392523366
    ],
    [
      123,
      0.10144927536231885
    ],
    [
      124,
      0.2909090909090909
    ],
    [
      125,
      0.13836477987421386
    ],
    [
      126,
      0.18181818181818182
    ],
    [
      127,
      0.1032258064516129
    ],
    [
      128,
      0.1904761904761905
    ],
    [
      129,
      0.155688622754491
    ],
    [
      130,
      0.15942028985507248
    ],
    [
      131,
      0.1879194630872483
    ],
    [
      132,
      0.1899441340782123
    ],
    [
      133,
      0.13636363636363638
    ],
    [
      134,
      0.1991341991341991
    ],
    [
      135,
      0.08510638297872342
    ],
    [
      136,
      0.1317829457364341
    ],
    [
      137,
      0.10144927536231883
    ],
    [
      138,
      0.2260869565217391
    ],
    [
      139,
      0.13978494623655913
    ],
    [
      140,
      0.06722689075630252
    ],
    [
      141,
      0.25263157894736843
    ],
    [
      142,
      0.08205128205128205
    ],
    [
      143,
      0.14354066985645936
    ],
    [
      144,
      0.16216216216216217
    ],
    [
      145,
      0.13605442176870747
    ],
    [
      146,
      0.12371134020618557
    ],
    [
      147,
      0.1170212765957447
    ],
    [
      148,
      0.2903225806451613
    ],
    [
      149,
      0.11042944785276074
    ],
    [
      150,
      0.12359550561797752
    ],
    [
      151,
      0.12403100775193798
    ],
    [
      152,
      0.06722689075630252
    ],
    [
      153,
      0.21052631578947367
    ],
    [
      154,
      0.12500000000000003
    ],
    [
      155,
      0.16666666666666666
    ],
    [
      156,
      0.058823529411764705
    ],
    [
      157,
      0.07142857142857144
    ],
    [
      158,
      0.15625
    ],
    [
      159,
      0
    ],
    [
      160,
      0.2011173184357542
    ],
    [
      161,
