{
  "dataset": "QMSum",
  "num_samples": 200,
  "rouge1": 0.32068164488408635,
  "rouge2": 0.08237479682458607,
  "rougeL": 0.20028002047226334,
  "rougeLsum": 0.2061754518975267,
  "per_sample_rougeL": [
    [
      0,
      0.2608695652173913
    ],
    [
      1,
      0.24390243902439024
    ],
    [
      2,
      0.20304568527918782
    ],
    [
      3,
      0.18823529411764706
    ],
    [
      4,
      0.1475409836065574
    ],
    [
      5,
      0.2827225130890052
    ],
    [
      6,
      0.16279069767441862
    ],
    [
      7,
      0.16666666666666666
    ],
    [
      8,
      0.1910828025477707
    ],
    [
      9,
      0.17834394904458598
    ],
    [
      10,
      0.16993464052287582
    ],
    [
      11,
      0.2167487684729064
    ],
    [
      12,
      0.2517482517482517
    ],
    [
      13,
      0.23232323232323232
    ],
    [
      14,
      0.19811320754716982
    ],
    [
      15,
      0.2222222222222222
    ],
    [
      16,
      0.16346153846153846
    ],
    [
      17,
      0.18497109826589594
    ],
    [
      18,
      0.15827338129496404
    ],
    [
      19,
      0.1477272727272727
    ],
    [
      20,
      0.1437125748502994
    ],
    [
      21,
      0.1794871794871795
    ],
    [
      22,
      0.18497109826589594
    ],
    [
      23,
      0.2051282051282051
    ],
    [
      24,
      0.18750000000000003
    ],
    [
      25,
      0.19742489270386265
    ],
    [
      26,
      0.22727272727272727
    ],
    [
      27,
      0.15894039735099338
    ],
    [
      28,
      0.20833333333333331
    ],
    [
      29,
      0.17177914110429446
    ],
    [
      30,
      0.17679558011049723
    ],
    [
      31,
      0.18791946308724833
    ],
    [
      32,
      0.2105263157894737
    ],
    [
      33,
      0.1836734693877551
    ],
    [
      34,
      0.1818181818181818
    ],
    [
      35,
      0.20618556701030927
    ],
    [
      36,
      0.19101123595505617
    ],
    [
      37,
      0.17616580310880828
    ],
    [
      38,
      0.14012738853503184
    ],
    [
      39,
      0.17567567567567569
    ],
    [
      40,
      0.17435897435897435
    ],
    [
      41,
      0.19607843137254902
    ],
    [
      42,
      0.2009132420091324
    ],
    [
      43,
      0.25
    ],
    [
      44,
      0.20125786163522014
    ],
    [
      45,
      0.2545454545454546
    ],
    [
      46,
      0.20689655172413793
    ],
    [
      47,
      0.17733990147783252
    ],
    [
      48,
      0.22754491017964076
    ],
    [
      49,
      0.23529411764705888
    ],
    [
      50,
      0.15730337078651688
    ],
    [
      51,
      0.16438356164383564
    ],
    [
      52,
      0.19108280254777069
    ],
    [
      53,
      0.17751479289940825
    ],
    [
      54,
      0.254335260115607
    ],
    [
      55,
      0.16580310880829016
    ],
    [
      56,
      0.14193548387096774
    ],
    [
      57,
      0.09836065573770492
    ],
    [
      58,
      0.1797752808988764
    ],
    [
      59,
      0.1798941798941799
    ],
    [
      60,
      0.17777777777777778
    ],
    [
      61,
      0.2558139534883721
    ],
    [
      62,
      0.24334600760456274
    ],
    [
      63,
      0.22485207100591717
    ],
    [
      64,
      0.21476510067114093
    ],
    [
      65,
      0.25157232704402516
    ],
    [
      66,
      0.23076923076923078
    ],
    [
      67,
      0.2555066079295154
    ],
    [
      68,
      0.2032085561497326
    ],
    [
      69,
      0.30409356725146197
    ],
    [
      70,
      0.2097902097902098
    ],
    [
      71,
      0.2857142857142857
    ],
    [
      72,
      0.21935483870967742
    ],
    [
      73,
      0.15706806282722513
    ],
    [
      74,
      0.14285714285714285
    ],
    [
      75,
      0.30697674418604654
    ],
    [
      76,
      0.1782178217821782
    ],
    [
      77,
      0.1388888888888889
    ],
    [
      78,
      0.22564102564102564
    ],
    [
      79,
      0.1888888888888889
    ],
    [
      80,
      0.21645021645021645
    ],
    [
      81,
      0.17877094972067037
    ],
    [
      82,
      0.17283950617283952
    ],
    [
      83,
      0.189873417721519
    ],
    [
      84,
      0.15
    ],
    [
      85,
      0.24390243902439024
    ],
    [
      86,
      0.23015873015873017
    ],
    [
      87,
      0.2485875706214689
    ],
    [
      88,
      0.20444444444444443
    ],
    [
      89,
      0.30917874396135264
    ],
    [
      90,
      0.1836734693877551
    ],
    [
      91,
      0.17218543046357615
    ],
    [
      92,
      0.2011834319526627
    ],
    [
      93,
      0.20175438596491227
    ],
    [
      94,
      0.19178082191780818
    ],
    [
      95,
      0.34513274336283184
    ],
    [
      96,
      0.2139917695473251
    ],
    [
      97,
      0.245398773006135
    ],
    [
      98,
      0.23036649214659685
    ],
    [
      99,
      0.26621160409556316
    ],
    [
      100,
      0.21468926553672316
    ],
    [
      101,
      0.19875776397515527
    ],
    [
      102,
      0.24210526315789477
    ],
    [
      103,
      0.21164021164021163
    ],
    [
      104,
      0.21656050955414013
    ],
    [
      105,
      0.2871794871794872
    ],
    [
      106,
      0.2171945701357466
    ],
    [
      107,
      0.19101123595505617
    ],
    [
      108,
      0.23728813559322032
    ],
    [
      109,
      0.24324324324324328
    ],
    [
      110,
      0.20224719101123595
    ],
    [
      111,
      0.277992277992278
    ],
    [
      112,
      0.2282608695652174
    ],
    [
      113,
      0.27649769585253453
    ],
    [
      114,
      0.22594142259414227
    ],
    [
      115,
      0.16352201257861634
    ],
    [
      116,
      0.1875
    ],
    [
      117,
      0.21348314606741572
    ],
    [
      118,
      0.15286624203821655
    ],
    [
      119,
      0.17964071856287422
    ],
    [
      120,
      0.1758241758241758
    ],
    [
      121,
      0.15294117647058822
    ],
    [
      122,
      0.12727272727272726
    ],
    [
      123,
      0.2277227722772277
    ],
    [
      124,
      0.1476510067114094
    ],
    [
      125,
      0.1807909604519774
    ],
    [
      126,
      0.2168674698795181
    ],
    [
      127,
      0.22754491017964076
    ],
    [
      128,
      0.28708133971291866
    ],
    [
      129,
      0.23952095808383236
    ],
    [
      130,
      0.1827956989247312
    ],
    [
      131,
      0.1728395061728395
    ],
    [
      132,
      0.20111731843575417
    ],
    [
      133,
      0.13245033112582782
    ],
    [
      134,
      0.2831050228310502
    ],
    [
      135,
      0.17333333333333334
    ],
    [
      136,
      0.17529880478087648
    ],
    [
      137,
      0.15950920245398773
    ],
    [
      138,
      0.2765957446808511
    ],
    [
      139,
      0.1477272727272727
    ],
    [
      140,
      0.17543859649122806
    ],
    [
      141,
      0.2872340425531915
    ],
    [
      142,
      0.2018348623853211
    ],
    [
      143,
      0.22935779816513763
    ],
    [
      144,
      0.18556701030927836
    ],
    [
      145,
      0.13664596273291926
    ],
    [
      146,
      0.3534883720930233
    ],
    [
      147,
      0.11764705882352941
    ],
    [
      148,
      0.16296296296296298
    ],
    [
      149,
      0.16091954022988506
    ],
    [
      150,
      0.2421052631578947
    ],
    [
      151,
      0.21000000000000002
    ],
    [
      152,
      0.1323529411764706
    ],
    [
      153,
      0.14193548387096774
    ],
    [
      154,
      0.17449664429530198
    ],
    [
      155,
      0.16374269005847955
    ],
    [
      156,
      0.20289855072463772
    ],
    [
      157,
      0.16216216216216217
    ],
    [
      158,
      0.1945945945945946
    ],
    [
      159,
      0.1987577639751553
    ],
    [
