{
  "dataset": "QMSum",
  "num_samples": 200,
  "rouge1": 0.19829874071759593,
  "rouge2": 0.047065103090160626,
  "rougeL": 0.15693169410023905,
  "rougeLsum": 0.15519522653306794,
  "per_sample_rougeL": [
    [
      0,
      0.1471861471861472
    ],
    [
      1,
      0.23414634146341465
    ],
    [
      2,
      0.11851851851851852
    ],
    [
      3,
      0.06857142857142857
    ],
    [
      4,
      0.10169491525423728
    ],
    [
      5,
      0.2513089005235602
    ],
    [
      6,
      0.1590909090909091
    ],
    [
      7,
      0.20118343195266272
    ],
    [
      8,
      0.14285714285714285
    ],
    [
      9,
      0.16969696969696968
    ],
    [
      10,
      0.12328767123287672
    ],
    [
      11,
      0.2038834951456311
    ],
    [
      12,
      0.15652173913043477
    ],
    [
      13,
      0.26666666666666666
    ],
    [
      14,
      0.13452914798206278
    ],
    [
      15,
      0.18000000000000002
    ],
    [
      16,
      0.20192307692307693
    ],
    [
      17,
      0.1590909090909091
    ],
    [
      18,
      0.1726618705035971
    ],
    [
      19,
      0.05555555555555556
    ],
    [
      20,
      0.1286549707602339
    ],
    [
      21,
      0.15568862275449102
    ],
    [
      22,
      0.3012048192771084
    ],
    [
      23,
      0.20481927710843373
    ],
    [
      24,
      0.0441988950276243
    ],
    [
      25,
      0.0106951871657754
    ],
    [
      26,
      0.22093023255813954
    ],
    [
      27,
      0.1614906832298137
    ],
    [
      28,
      0.08839779005524862
    ],
    [
      29,
      0.09090909090909091
    ],
    [
      30,
      0.1297297297297297
    ],
    [
      31,
      0.07894736842105263
    ],
    [
      32,
      0.44559585492227977
    ],
    [
      33,
      0.15841584158415842
    ],
    [
      34,
      0.21250000000000002
    ],
    [
      35,
      0.20100502512562815
    ],
    [
      36,
      0.17582417582417584
    ],
    [
      37,
      0.05
    ],
    [
      38,
      0.1375
    ],
    [
      39,
      0.1267605633802817
    ],
    [
      40,
      0.19672131147540986
    ],
    [
      41,
      0.13698630136986303
    ],
    [
      42,
      0.17194570135746606
    ],
    [
      43,
      0.12213740458015267
    ],
    [
      44,
      0.11764705882352942
    ],
    [
      45,
      0.275
    ],
    [
      46,
      0.15311004784688995
    ],
    [
      47,
      0.13461538461538464
    ],
    [
      48,
      0.16853932584269662
    ],
    [
      49,
      0.26436781609195403
    ],
    [
      50,
      0.1797752808988764
    ],
    [
      51,
      0.20091324200913238
    ],
    [
      52,
      0.09815950920245398
    ],
    [
      53,
      0.1590909090909091
    ],
    [
      54,
      0.18285714285714286
    ],
    [
      55,
      0.17258883248730963
    ],
    [
      56,
      0.18404907975460125
    ],
    [
      57,
      0.10344827586206896
    ],
    [
      58,
      0.13186813186813187
    ],
    [
      59,
      0.16326530612244897
    ],
    [
      60,
      0.16304347826086957
    ],
    [
      61,
      0.1787709497206704
    ],
    [
      62,
      0.1111111111111111
    ],
    [
      63,
      0.192090395480226
    ],
    [
      64,
      0.22077922077922074
    ],
    [
      65,
      0.20359281437125745
    ],
    [
      66,
      0.23913043478260868
    ],
    [
      67,
      0.07792207792207792
    ],
    [
      68,
      0.20105820105820105
    ],
    [
      69,
      0.6432748538011697
    ],
    [
      70,
      0.1910828025477707
    ],
    [
      71,
      0.15384615384615385
    ],
    [
      72,
      0.16049382716049382
    ],
    [
      73,
      0.20202020202020202
    ],
    [
      74,
      0.14516129032258063
    ],
    [
      75,
      0.2037037037037037
    ],
    [
      76,
      0.19718309859154928
    ],
    [
      77,
      0.11764705882352938
    ],
    [
      78,
      0.21568627450980393
    ],
    [
      79,
      0.18681318681318682
    ],
    [
      80,
      0.11822660098522167
    ],
    [
      81,
      0.05194805194805195
    ],
    [
      82,
      0.192
    ],
    [
      83,
      0.18072289156626506
    ],
    [
      84,
      0.25870646766169153
    ],
    [
      85,
      0.18779342723004694
    ],
    [
      86,
      0.15019762845849802
    ],
    [
      87,
      0.1476510067114094
    ],
    [
      88,
      0.17796610169491528
    ],
    [
      89,
      0.10055865921787711
    ],
    [
      90,
      0.17989417989417986
    ],
    [
      91,
      0.11538461538461539
    ],
    [
      92,
      0.06779661016949154
    ],
    [
      93,
      0.06349206349206349
    ],
    [
      94,
      0.2033898305084746
    ],
    [
      95,
      0.1896551724137931
    ],
    [
      96,
      0.20491803278688525
    ],
    [
      97,
      0.07894736842105263
    ],
    [
      98,
      0.12435233160621763
    ],
    [
      99,
      0.07751937984496124
    ],
    [
      100,
      0.11695906432748537
    ],
    [
      101,
      0.18072289156626506
    ],
    [
      102,
      0.16326530612244897
    ],
    [
      103,
      0.16216216216216214
    ],
    [
      104,
      0.1986754966887417
    ],
    [
      105,
      0.18181818181818182
    ],
    [
      106,
      0.2081447963800905
    ],
    [
      107,
      0.125
    ],
    [
      108,
      0.18681318681318682
    ],
    [
      109,
      0.1793103448275862
    ],
    [
      110,
      0.020833333333333332
    ],
    [
      111,
      0.09821428571428571
    ],
    [
      112,
      0.0879120879120879
    ],
    [
      113,
      0.1116751269035533
    ],
    [
      114,
      0.09782608695652174
    ],
    [
      115,
      0.12162162162162163
    ],
    [
      116,
      0.1372549019607843
    ],
    [
      117,
      0.11494252873563217
    ],
    [
      118,
      0.08536585365853659
    ],
    [
      119,
      0.13793103448275862
    ],
    [
      120,
      0.10869565217391304
    ],
    [
      121,
      0.18579234972677594
    ],
    [
      122,
      0.16216216216216217
    ],
    [
      123,
      0.17475728155339806
    ],
    [
      124,
      0.13513513513513514
    ],
    [
      125,
      0.24778761061946908
    ],
    [
      126,
      0.16568047337278105
    ],
    [
      127,
      0.17391304347826086
    ],
    [
      128,
      0.14883720930232558
    ],
    [
      129,
      0.22222222222222224
    ],
    [
      130,
      0.11518324607329843
    ],
    [
      131,
      0.11560693641618495
    ],
    [
      132,
      0.16853932584269662
    ],
    [
      133,
      0.1111111111111111
    ],
    [
      134,
      0.11055276381909547
    ],
    [
      135,
      0.09929078014184396
    ],
    [
      136,
      0.1183431952662722
    ],
    [
      137,
      0.15384615384615385
    ],
    [
      138,
      0.23036649214659688
    ],
    [
      139,
      0.13978494623655913
    ],
    [
      140,
      0.058823529411764705
    ],
    [
      141,
      0.3404255319148936
    ],
    [
      142,
      0.10185185185185186
    ],
    [
      143,
      0.10309278350515465
    ],
    [
      144,
      0.17460317460317462
    ],
    [
      145,
      0.08053691275167785
    ],
    [
      146,
      0.15929203539823011
    ],
    [
      147,
      0.1368421052631579
    ],
    [
      148,
      0.10294117647058822
    ],
    [
      149,
      0.14857142857142855
    ],
    [
      150,
      0.06557377049180328
    ],
    [
      151,
      0.21052631578947367
    ],
    [
      152,
      0.15384615384615383
    ],
    [
      153,
      0.13924050632911394
    ],
    [
      154,
      0.06756756756756757
    ],
    [
      155,
      0.24598930481283426
    ],
    [
      156,
      0.11494252873563218
    ],
    [
      157,
      0.13245033112582782
    ],
    [
      158,
      0.19607843137254902
    ],
    [
      159,
      0.1257142857142857
    ],
    [
