{
  "dataset": "QMSum",
  "num_samples": 200,
  "rouge1": 0.28321476339950735,
  "rouge2": 0.06520156919307576,
  "rougeL": 0.18892486228726763,
  "rougeLsum": 0.19164207699514685,
  "per_sample_rougeL": [
    [
      0,
      0.22321428571428573
    ],
    [
      1,
      0.22439024390243906
    ],
    [
      2,
      0.2
    ],
    [
      3,
      0.22093023255813954
    ],
    [
      4,
      0.10084033613445378
    ],
    [
      5,
      0.2631578947368421
    ],
    [
      6,
      0.14689265536723164
    ],
    [
      7,
      0.16969696969696968
    ],
    [
      8,
      0.2
    ],
    [
      9,
      0.20382165605095542
    ],
    [
      10,
      0.17567567567567569
    ],
    [
      11,
      0.21463414634146338
    ],
    [
      12,
      0.15789473684210528
    ],
    [
      13,
      0.2631578947368421
    ],
    [
      14,
      0.2336448598130841
    ],
    [
      15,
      0.1830065359477124
    ],
    [
      16,
      0.20853080568720378
    ],
    [
      17,
      0.1714285714285714
    ],
    [
      18,
      0.12318840579710146
    ],
    [
      19,
      0.17857142857142855
    ],
    [
      20,
      0.13793103448275862
    ],
    [
      21,
      0.16
    ],
    [
      22,
      0.15028901734104044
    ],
    [
      23,
      0.21192052980132448
    ],
    [
      24,
      0.14736842105263157
    ],
    [
      25,
      0.225
    ],
    [
      26,
      0.1477272727272727
    ],
    [
      27,
      0.14379084967320263
    ],
    [
      28,
      0.1818181818181818
    ],
    [
      29,
      0.17857142857142855
    ],
    [
      30,
      0.19101123595505617
    ],
    [
      31,
      0.16216216216216217
    ],
    [
      32,
      0.21538461538461537
    ],
    [
      33,
      0.19289340101522842
    ],
    [
      34,
      0.22485207100591717
    ],
    [
      35,
      0.1928934010152284
    ],
    [
      36,
      0.192090395480226
    ],
    [
      37,
      0.2021276595744681
    ],
    [
      38,
      0.12080536912751677
    ],
    [
      39,
      0.16107382550335572
    ],
    [
      40,
      0.15625
    ],
    [
      41,
      0.19819819819819823
    ],
    [
      42,
      0.17511520737327188
    ],
    [
      43,
      0.2413793103448276
    ],
    [
      44,
      0.17679558011049726
    ],
    [
      45,
      0.16568047337278105
    ],
    [
      46,
      0.2038834951456311
    ],
    [
      47,
      0.20100502512562815
    ],
    [
      48,
      0.17777777777777778
    ],
    [
      49,
      0.18497109826589594
    ],
    [
      50,
      0.21590909090909094
    ],
    [
      51,
      0.2777777777777778
    ],
    [
      52,
      0.1575757575757576
    ],
    [
      53,
      0.17751479289940825
    ],
    [
      54,
      0.21714285714285714
    ],
    [
      55,
      0.16129032258064516
    ],
    [
      56,
      0.16326530612244897
    ],
    [
      57,
      0.17391304347826086
    ],
    [
      58,
      0.1910112359550562
    ],
    [
      59,
      0.2011173184357542
    ],
    [
      60,
      0.21111111111111108
    ],
    [
      61,
      0.21052631578947367
    ],
    [
      62,
      0.2391304347826087
    ],
    [
      63,
      0.20118343195266272
    ],
    [
      64,
      0.1267605633802817
    ],
    [
      65,
      0.16049382716049382
    ],
    [
      66,
      0.25882352941176473
    ],
    [
      67,
      0.21145374449339205
    ],
    [
      68,
      0.11299435028248586
    ],
    [
      69,
      0.13559322033898308
    ],
    [
      70,
      0.1923076923076923
    ],
    [
      71,
      0.10404624277456648
    ],
    [
      72,
      0.19277108433734938
    ],
    [
      73,
      0.21105527638190955
    ],
    [
      74,
      0.15584415584415587
    ],
    [
      75,
      0.21004566210045664
    ],
    [
      76,
      0.16585365853658537
    ],
    [
      77,
      0.11267605633802816
    ],
    [
      78,
      0.24615384615384614
    ],
    [
      79,
      0.1888888888888889
    ],
    [
      80,
      0.20535714285714285
    ],
    [
      81,
      0.17112299465240643
    ],
    [
      82,
      0.2222222222222222
    ],
    [
      83,
      0.2012578616352201
    ],
    [
      84,
      0.21782178217821782
    ],
    [
      85,
      0.20588235294117646
    ],
    [
      86,
      0.2222222222222222
    ],
    [
      87,
      0.19883040935672516
    ],
    [
      88,
      0.13973799126637554
    ],
    [
      89,
      0.19811320754716982
    ],
    [
      90,
      0.21428571428571425
    ],
    [
      91,
      0.16774193548387098
    ],
    [
      92,
      0.17543859649122806
    ],
    [
      93,
      0.22026431718061676
    ],
    [
      94,
      0.19047619047619044
    ],
    [
      95,
      0.21145374449339208
    ],
    [
      96,
      0.20967741935483872
    ],
    [
      97,
      0.18181818181818182
    ],
    [
      98,
      0.16243654822335024
    ],
    [
      99,
      0.21993127147766323
    ],
    [
      100,
      0.13714285714285715
    ],
    [
      101,
      0.19393939393939394
    ],
    [
      102,
      0.28125
    ],
    [
      103,
      0.2285714285714286
    ],
    [
      104,
      0.17105263157894737
    ],
    [
      105,
      0.22680412371134023
    ],
    [
      106,
      0.16289592760180996
    ],
    [
      107,
      0.19895287958115182
    ],
    [
      108,
      0.2555555555555556
    ],
    [
      109,
      0.1842105263157895
    ],
    [
      110,
      0.23655913978494622
    ],
    [
      111,
      0.32061068702290074
    ],
    [
      112,
      0.1925133689839572
    ],
    [
      113,
      0.26363636363636367
    ],
    [
      114,
      0.22033898305084745
    ],
    [
      115,
      0.13333333333333336
    ],
    [
      116,
      0.20202020202020202
    ],
    [
      117,
      0.19209039548022597
    ],
    [
      118,
      0.14666666666666667
    ],
    [
      119,
      0.12269938650306747
    ],
    [
      120,
      0.21390374331550802
    ],
    [
      121,
      0.19393939393939394
    ],
    [
      122,
      0.15929203539823011
    ],
    [
      123,
      0.19900497512437812
    ],
    [
      124,
      0.21897810218978098
    ],
    [
      125,
      0.1639344262295082
    ],
    [
      126,
      0.16969696969696968
    ],
    [
      127,
      0.2165605095541401
    ],
    [
      128,
      0.21904761904761902
    ],
    [
      129,
      0.1625
    ],
    [
      130,
      0.13684210526315788
    ],
    [
      131,
      0.14035087719298245
    ],
    [
      132,
      0.26373626373626374
    ],
    [
      133,
      0.14765100671140938
    ],
    [
      134,
      0.3185840707964602
    ],
    [
      135,
      0.12658227848101267
    ],
    [
      136,
      0.17037037037037037
    ],
    [
      137,
      0.18292682926829268
    ],
    [
      138,
      0.2553191489361702
    ],
    [
      139,
      0.09782608695652173
    ],
    [
      140,
      0.13580246913580246
    ],
    [
      141,
      0.29032258064516125
    ],
    [
      142,
      0.18779342723004694
    ],
    [
      143,
      0.20909090909090908
    ],
    [
      144,
      0.19191919191919188
    ],
    [
      145,
      0.1794871794871795
    ],
    [
      146,
      0.26046511627906976
    ],
    [
      147,
      0.13541666666666666
    ],
    [
      148,
      0.1103448275862069
    ],
    [
      149,
      0.14457831325301204
    ],
    [
      150,
      0.16129032258064516
    ],
    [
      151,
      0.14141414141414144
    ],
    [
      152,
      0.08955223880597014
    ],
    [
      153,
      0.13071895424836602
    ],
    [
      154,
      0.13071895424836602
    ],
    [
      155,
      0.20809248554913298
    ],
    [
      156,
      0.20689655172413796
    ],
    [
      157,
      0.13793103448275862
    ],
    [
      158,
      0.25414364640883974
    ],
    [
      159,
      0.15037593984962405
    ],
    [
      160,
