{
  "dataset": "QMSum",
  "num_samples": 200,
  "rouge1": 0.2787544565121096,
  "rouge2": 0.07516944457766848,
  "rougeL": 0.1924760365590626,
  "rougeLsum": 0.19083232193655858,
  "per_sample_rougeL": [
    [
      0,
      0.20320855614973263
    ],
    [
      1,
      0.2518518518518518
    ],
    [
      2,
      0.24277456647398843
    ],
    [
      3,
      0.18285714285714283
    ],
    [
      4,
      0.11965811965811966
    ],
    [
      5,
      0.3804347826086956
    ],
    [
      6,
      0.1581920903954802
    ],
    [
      7,
      0.18934911242603553
    ],
    [
      8,
      0.15384615384615383
    ],
    [
      9,
      0.16949152542372883
    ],
    [
      10,
      0.20915032679738563
    ],
    [
      11,
      0.19230769230769232
    ],
    [
      12,
      0.22695035460992904
    ],
    [
      13,
      0.25333333333333335
    ],
    [
      14,
      0.17511520737327188
    ],
    [
      15,
      0.17105263157894735
    ],
    [
      16,
      0.21951219512195122
    ],
    [
      17,
      0.1875
    ],
    [
      18,
      0.15884476534296027
    ],
    [
      19,
      0.04469273743016759
    ],
    [
      20,
      0.1005586592178771
    ],
    [
      21,
      0.1610738255033557
    ],
    [
      22,
      0.15714285714285714
    ],
    [
      23,
      0.22485207100591714
    ],
    [
      24,
      0.17435897435897435
    ],
    [
      25,
      0.25104602510460255
    ],
    [
      26,
      0.2569832402234637
    ],
    [
      27,
      0.17910447761194032
    ],
    [
      28,
      0.2603550295857988
    ],
    [
      29,
      0.21301775147928995
    ],
    [
      30,
      0.13114754098360654
    ],
    [
      31,
      0.136986301369863
    ],
    [
      32,
      0.10989010989010989
    ],
    [
      33,
      0.21487603305785125
    ],
    [
      34,
      0.19047619047619047
    ],
    [
      35,
      0.17307692307692307
    ],
    [
      36,
      0.19101123595505617
    ],
    [
      37,
      0.10471204188481675
    ],
    [
      38,
      0.17721518987341772
    ],
    [
      39,
      0.05714285714285714
    ],
    [
      40,
      0.1691542288557214
    ],
    [
      41,
      0.1435406698564593
    ],
    [
      42,
      0.22727272727272724
    ],
    [
      43,
      0.18571428571428572
    ],
    [
      44,
      0.21476510067114093
    ],
    [
      45,
      0.2181818181818182
    ],
    [
      46,
      0.2255639097744361
    ],
    [
      47,
      0.22448979591836735
    ],
    [
      48,
      0.2598870056497175
    ],
    [
      49,
      0.22891566265060243
    ],
    [
      50,
      0.20224719101123595
    ],
    [
      51,
      0.183206106870229
    ],
    [
      52,
      0.16
    ],
    [
      53,
      0.1714285714285714
    ],
    [
      54,
      0.26136363636363635
    ],
    [
      55,
      0.11764705882352941
    ],
    [
      56,
      0.2064516129032258
    ],
    [
      57,
      0.0710059171597633
    ],
    [
      58,
      0.3063063063063063
    ],
    [
      59,
      0.20689655172413793
    ],
    [
      60,
      0.1834862385321101
    ],
    [
      61,
      0.2325581395348837
    ],
    [
      62,
      0.14393939393939392
    ],
    [
      63,
      0.16184971098265896
    ],
    [
      64,
      0.2077922077922078
    ],
    [
      65,
      0.16363636363636366
    ],
    [
      66,
      0.2962962962962963
    ],
    [
      67,
      0.2748815165876778
    ],
    [
      68,
      0.26373626373626374
    ],
    [
      69,
      0.08284023668639054
    ],
    [
      70,
      0.24999999999999997
    ],
    [
      71,
      0.10256410256410257
    ],
    [
      72,
      0.25
    ],
    [
      73,
      0.21649484536082475
    ],
    [
      74,
      0.17777777777777778
    ],
    [
      75,
      0.18032786885245902
    ],
    [
      76,
      0.19130434782608696
    ],
    [
      77,
      0.09589041095890412
    ],
    [
      78,
      0.1616161616161616
    ],
    [
      79,
      0.15555555555555556
    ],
    [
      80,
      0.20869565217391306
    ],
    [
      81,
      0.11627906976744186
    ],
    [
      82,
      0.1232876712328767
    ],
    [
      83,
      0.26582278481012656
    ],
    [
      84,
      0.28333333333333327
    ],
    [
      85,
      0.2222222222222222
    ],
    [
      86,
      0.15810276679841898
    ],
    [
      87,
      0.17073170731707318
    ],
    [
      88,
      0.1702127659574468
    ],
    [
      89,
      0.15463917525773194
    ],
    [
      90,
      0.2412060301507538
    ],
    [
      91,
      0.17094017094017094
    ],
    [
      92,
      0.19230769230769232
    ],
    [
      93,
      0.15315315315315317
    ],
    [
      94,
      0.1879194630872483
    ],
    [
      95,
      0.21739130434782608
    ],
    [
      96,
      0.18548387096774194
    ],
    [
      97,
      0.2608695652173913
    ],
    [
      98,
      0.13861386138613863
    ],
    [
      99,
      0.3003412969283276
    ],
    [
      100,
      0.20652173913043478
    ],
    [
      101,
      0.30952380952380953
    ],
    [
      102,
      0.22784810126582278
    ],
    [
      103,
      0.2752293577981651
    ],
    [
      104,
      0.17721518987341772
    ],
    [
      105,
      0.35460992907801414
    ],
    [
      106,
      0.14349775784753363
    ],
    [
      107,
      0.160427807486631
    ],
    [
      108,
      0.21052631578947367
    ],
    [
      109,
      0.21052631578947367
    ],
    [
      110,
      0.16753926701570682
    ],
    [
      111,
      0.2660098522167488
    ],
    [
      112,
      0.2127659574468085
    ],
    [
      113,
      0.2222222222222222
    ],
    [
      114,
      0.2666666666666667
    ],
    [
      115,
      0.13924050632911392
    ],
    [
      116,
      0.13
    ],
    [
      117,
      0.26016260162601623
    ],
    [
      118,
      0.175
    ],
    [
      119,
      0.12903225806451615
    ],
    [
      120,
      0.16216216216216214
    ],
    [
      121,
      0.19672131147540986
    ],
    [
      122,
      0.16740088105726872
    ],
    [
      123,
      0.13829787234042556
    ],
    [
      124,
      0.1935483870967742
    ],
    [
      125,
      0.14942528735632185
    ],
    [
      126,
      0.152046783625731
    ],
    [
      127,
      0.2155688622754491
    ],
    [
      128,
      0.22
    ],
    [
      129,
      0.19883040935672514
    ],
    [
      130,
      0.15873015873015872
    ],
    [
      131,
      0.12790697674418602
    ],
    [
      132,
      0.2
    ],
    [
      133,
      0.08275862068965517
    ],
    [
      134,
      0.4260355029585799
    ],
    [
      135,
      0.18421052631578946
    ],
    [
      136,
      0.15637860082304528
    ],
    [
      137,
      0.1286549707602339
    ],
    [
      138,
      0.2577319587628866
    ],
    [
      139,
      0.11827956989247311
    ],
    [
      140,
      0.10144927536231885
    ],
    [
      141,
      0.24468085106382978
    ],
    [
      142,
      0.2395209580838323
    ],
    [
      143,
      0.17391304347826086
    ],
    [
      144,
      0.13793103448275862
    ],
    [
      145,
      0.06289308176100629
    ],
    [
      146,
      0.13265306122448983
    ],
    [
      147,
      0.16666666666666666
    ],
    [
      148,
      0.11267605633802817
    ],
    [
      149,
      0.1764705882352941
    ],
    [
      150,
      0.15384615384615385
    ],
    [
      151,
      0.25862068965517243
    ],
    [
      152,
      0.2727272727272727
    ],
    [
      153,
      0.20930232558139533
    ],
    [
      154,
      0.17073170731707318
    ],
    [
      155,
      0.12048192771084339
    ],
    [
      156,
      0.21153846153846156
    ],
    [
      157,
      0.20224719101123595
    ],
    [
      158,
      0.22916666666666669
    ],
    [
      159,
      0.1893491124260355
    ],
    [
      160,
      0.1641025641025641
    ],
    [
