{
  "dataset": "QMSum",
  "num_samples": 200,
  "rouge1": 0.27735112992520444,
  "rouge2": 0.06341301236011541,
  "rougeL": 0.18553336348740193,
  "rougeLsum": 0.1867448897008318,
  "per_sample_rougeL": [
    [
      0,
      0.2280701754385965
    ],
    [
      1,
      0.20895522388059698
    ],
    [
      2,
      0.20100502512562815
    ],
    [
      3,
      0.20809248554913296
    ],
    [
      4,
      0.140625
    ],
    [
      5,
      0.26530612244897955
    ],
    [
      6,
      0.1590909090909091
    ],
    [
      7,
      0.16666666666666666
    ],
    [
      8,
      0.13924050632911392
    ],
    [
      9,
      0.2377622377622378
    ],
    [
      10,
      0.17333333333333334
    ],
    [
      11,
      0.21761658031088082
    ],
    [
      12,
      0.16417910447761191
    ],
    [
      13,
      0.24365482233502536
    ],
    [
      14,
      0.2201834862385321
    ],
    [
      15,
      0.19480519480519481
    ],
    [
      16,
      0.22335025380710657
    ],
    [
      17,
      0.16
    ],
    [
      18,
      0.17391304347826086
    ],
    [
      19,
      0.15469613259668508
    ],
    [
      20,
      0.11904761904761904
    ],
    [
      21,
      0.1656050955414013
    ],
    [
      22,
      0.11560693641618495
    ],
    [
      23,
      0.21739130434782608
    ],
    [
      24,
      0.1916167664670659
    ],
    [
      25,
      0.19917012448132781
    ],
    [
      26,
      0.25555555555555554
    ],
    [
      27,
      0.13157894736842105
    ],
    [
      28,
      0.17647058823529413
    ],
    [
      29,
      0.1437125748502994
    ],
    [
      30,
      0.17045454545454544
    ],
    [
      31,
      0.16551724137931034
    ],
    [
      32,
      0.2
    ],
    [
      33,
      0.1890547263681592
    ],
    [
      34,
      0.2754491017964072
    ],
    [
      35,
      0.19689119170984457
    ],
    [
      36,
      0.19318181818181818
    ],
    [
      37,
      0.19148936170212766
    ],
    [
      38,
      0.1282051282051282
    ],
    [
      39,
      0.16216216216216217
    ],
    [
      40,
      0.16494845360824742
    ],
    [
      41,
      0.17272727272727273
    ],
    [
      42,
      0.14423076923076925
    ],
    [
      43,
      0.25142857142857145
    ],
    [
      44,
      0.1797752808988764
    ],
    [
      45,
      0.1724137931034483
    ],
    [
      46,
      0.18357487922705312
    ],
    [
      47,
      0.15920398009950248
    ],
    [
      48,
      0.23204419889502764
    ],
    [
      49,
      0.14942528735632182
    ],
    [
      50,
      0.12429378531073447
    ],
    [
      51,
      0.2081447963800905
    ],
    [
      52,
      0.16774193548387098
    ],
    [
      53,
      0.17857142857142858
    ],
    [
      54,
      0.19767441860465115
    ],
    [
      55,
      0.13872832369942198
    ],
    [
      56,
      0.16666666666666666
    ],
    [
      57,
      0.16304347826086957
    ],
    [
      58,
      0.1807909604519774
    ],
    [
      59,
      0.1780104712041885
    ],
    [
      60,
      0.19428571428571426
    ],
    [
      61,
      0.18934911242603553
    ],
    [
      62,
      0.26415094339622647
    ],
    [
      63,
      0.20118343195266272
    ],
    [
      64,
      0.18840579710144928
    ],
    [
      65,
      0.13333333333333333
    ],
    [
      66,
      0.2688172043010753
    ],
    [
      67,
      0.17316017316017315
    ],
    [
      68,
      0.19672131147540983
    ],
    [
      69,
      0.16574585635359115
    ],
    [
      70,
      0.19354838709677416
    ],
    [
      71,
      0.17543859649122806
    ],
    [
      72,
      0.2098765432098765
    ],
    [
      73,
      0.14705882352941177
    ],
    [
      74,
      0.12903225806451613
    ],
    [
      75,
      0.2037037037037037
    ],
    [
      76,
      0.1941747572815534
    ],
    [
      77,
      0.10457516339869281
    ],
    [
      78,
      0.1791044776119403
    ],
    [
      79,
      0.1978021978021978
    ],
    [
      80,
      0.20175438596491227
    ],
    [
      81,
      0.1818181818181818
    ],
    [
      82,
      0.19433198380566805
    ],
    [
      83,
      0.16049382716049382
    ],
    [
      84,
      0.27884615384615385
    ],
    [
      85,
      0.23076923076923078
    ],
    [
      86,
      0.1746031746031746
    ],
    [
      87,
      0.15286624203821655
    ],
    [
      88,
      0.1293103448275862
    ],
    [
      89,
      0.18811881188118815
    ],
    [
      90,
      0.19487179487179487
    ],
    [
      91,
      0.15686274509803924
    ],
    [
      92,
      0.18285714285714288
    ],
    [
      93,
      0.20779220779220778
    ],
    [
      94,
      0.141025641025641
    ],
    [
      95,
      0.2017543859649123
    ],
    [
      96,
      0.2113821138211382
    ],
    [
      97,
      0.1595092024539877
    ],
    [
      98,
      0.16666666666666666
    ],
    [
      99,
      0.2304832713754647
    ],
    [
      100,
      0.18681318681318684
    ],
    [
      101,
      0.1863354037267081
    ],
    [
      102,
      0.1641025641025641
    ],
    [
      103,
      0.18652849740932642
    ],
    [
      104,
      0.1842105263157895
    ],
    [
      105,
      0.25
    ],
    [
      106,
      0.1801801801801802
    ],
    [
      107,
      0.2185792349726776
    ],
    [
      108,
      0.2458100558659218
    ],
    [
      109,
      0.2191780821917808
    ],
    [
      110,
      0.20930232558139536
    ],
    [
      111,
      0.2890625
    ],
    [
      112,
      0.20105820105820105
    ],
    [
      113,
      0.2624434389140271
    ],
    [
      114,
      0.224
    ],
    [
      115,
      0.16216216216216214
    ],
    [
      116,
      0.17435897435897435
    ],
    [
      117,
      0.18888888888888888
    ],
    [
      118,
      0.12903225806451615
    ],
    [
      119,
      0.17543859649122806
    ],
    [
      120,
      0.160427807486631
    ],
    [
      121,
      0.16949152542372883
    ],
    [
      122,
      0.15111111111111108
    ],
    [
      123,
      0.23414634146341462
    ],
    [
      124,
      0.16774193548387095
    ],
    [
      125,
      0.18579234972677597
    ],
    [
      126,
      0.24242424242424243
    ],
    [
      127,
      0.1927710843373494
    ],
    [
      128,
      0.2038834951456311
    ],
    [
      129,
      0.1863354037267081
    ],
    [
      130,
      0.13541666666666666
    ],
    [
      131,
      0.1111111111111111
    ],
    [
      132,
      0.223463687150838
    ],
    [
      133,
      0.141025641025641
    ],
    [
      134,
      0.2242152466367713
    ],
    [
      135,
      0.078125
    ],
    [
      136,
      0.15730337078651685
    ],
    [
      137,
      0.17073170731707318
    ],
    [
      138,
      0.21348314606741572
    ],
    [
      139,
      0.11891891891891893
    ],
    [
      140,
      0.19428571428571428
    ],
    [
      141,
      0.36170212765957444
    ],
    [
      142,
      0.18779342723004694
    ],
    [
      143,
      0.21428571428571427
    ],
    [
      144,
      0.19689119170984457
    ],
    [
      145,
      0.13333333333333333
    ],
    [
      146,
      0.2718446601941748
    ],
    [
      147,
      0.1473684210526316
    ],
    [
      148,
      0.14285714285714285
    ],
    [
      149,
      0.1511627906976744
    ],
    [
      150,
      0.1875
    ],
    [
      151,
      0.20289855072463767
    ],
    [
      152,
      0.07575757575757576
    ],
    [
      153,
      0.13836477987421383
    ],
    [
      154,
      0.10526315789473685
    ],
    [
      155,
      0.16184971098265893
    ],
    [
      156,
      0.19230769230769232
    ],
    [
      157,
      0.12080536912751677
    ],
    [
      158,
      0.23602484472049692
    ],
    [
      159,
      0.15757575757575756
    ],
    [
      160,
      0.2583732057416268
    ],
    [
