{
  "dataset": "QMSum",
  "num_samples": 200,
  "rouge1": 0.22620386707144563,
  "rouge2": 0.045529158077889195,
  "rougeL": 0.15213710105787984,
  "rougeLsum": 0.15375685352808763,
  "per_sample_rougeL": [
    [
      0,
      0.2017543859649123
    ],
    [
      1,
      0.17061611374407581
    ],
    [
      2,
      0.17733990147783252
    ],
    [
      3,
      0.19428571428571428
    ],
    [
      4,
      0.08547008547008547
    ],
    [
      5,
      0.17105263157894737
    ],
    [
      6,
      0.1437125748502994
    ],
    [
      7,
      0.13836477987421383
    ],
    [
      8,
      0.16666666666666669
    ],
    [
      9,
      0.1627906976744186
    ],
    [
      10,
      0.1506849315068493
    ],
    [
      11,
      0.0
    ],
    [
      12,
      0.15789473684210528
    ],
    [
      13,
      0.23000000000000004
    ],
    [
      14,
      0.1990950226244344
    ],
    [
      15,
      0.10071942446043165
    ],
    [
      16,
      0.19289340101522845
    ],
    [
      17,
      0.1456953642384106
    ],
    [
      18,
      0.14814814814814814
    ],
    [
      19,
      0.12987012987012986
    ],
    [
      20,
      0.09210526315789473
    ],
    [
      21,
      0.1607142857142857
    ],
    [
      22,
      0.14857142857142855
    ],
    [
      23,
      0.1585365853658537
    ],
    [
      24,
      0.13402061855670103
    ],
    [
      25,
      0.12307692307692307
    ],
    [
      26,
      0.128
    ],
    [
      27,
      0.11320754716981134
    ],
    [
      28,
      0.14285714285714288
    ],
    [
      29,
      0.12790697674418602
    ],
    [
      30,
      0.18181818181818182
    ],
    [
      31,
      0.11428571428571428
    ],
    [
      32,
      0.2328042328042328
    ],
    [
      33,
      0.22110552763819094
    ],
    [
      34,
      0.08284023668639054
    ],
    [
      35,
      0.23232323232323235
    ],
    [
      36,
      0.1942857142857143
    ],
    [
      37,
      0.10204081632653061
    ],
    [
      38,
      0
    ],
    [
      39,
      0.16176470588235292
    ],
    [
      40,
      0.1595744680851064
    ],
    [
      41,
      0.1566820276497696
    ],
    [
      42,
      0.14018691588785046
    ],
    [
      43,
      0.19767441860465118
    ],
    [
      44,
      0.14414414414414414
    ],
    [
      45,
      0.11267605633802816
    ],
    [
      46,
      0.17733990147783252
    ],
    [
      47,
      0.12727272727272726
    ],
    [
      48,
      0.19631901840490798
    ],
    [
      49,
      0.23214285714285712
    ],
    [
      50,
      0.13953488372093023
    ],
    [
      51,
      0.14150943396226415
    ],
    [
      52,
      0.16149068322981366
    ],
    [
      53,
      0.15294117647058822
    ],
    [
      54,
      0.18867924528301885
    ],
    [
      55,
      0.11956521739130437
    ],
    [
      56,
      0.0983606557377049
    ],
    [
      57,
      0.14444444444444443
    ],
    [
      58,
      0.15469613259668508
    ],
    [
      59,
      0.12121212121212122
    ],
    [
      60,
      0.17751479289940827
    ],
    [
      61,
      0.08108108108108107
    ],
    [
      62,
      0.1297709923664122
    ],
    [
      63,
      0.13157894736842105
    ],
    [
      64,
      0.16058394160583941
    ],
    [
      65,
      0.1294964028776978
    ],
    [
      66,
      0.25806451612903225
    ],
    [
      67,
      0.07547169811320754
    ],
    [
      68,
      0.1308411214953271
    ],
    [
      69,
      0.34730538922155685
    ],
    [
      70,
      0.1958041958041958
    ],
    [
      71,
      0.12269938650306748
    ],
    [
      72,
      0.24242424242424243
    ],
    [
      73,
      0.021739130434782608
    ],
    [
      74,
      0.11347517730496452
    ],
    [
      75,
      0.13725490196078433
    ],
    [
      76,
      0.18840579710144928
    ],
    [
      77,
      0.10596026490066225
    ],
    [
      78,
      0.20105820105820105
    ],
    [
      79,
      0.13793103448275862
    ],
    [
      80,
      0.10679611650485436
    ],
    [
      81,
      0.19148936170212766
    ],
    [
      82,
      0.17647058823529413
    ],
    [
      83,
      0.07352941176470588
    ],
    [
      84,
      0.13793103448275862
    ],
    [
      85,
      0.21319796954314724
    ],
    [
      86,
      0.24691358024691357
    ],
    [
      87,
      0.1839080459770115
    ],
    [
      88,
      0.21929824561403508
    ],
    [
      89,
      0.11483253588516747
    ],
    [
      90,
      0.18
    ],
    [
      91,
      0.13333333333333333
    ],
    [
      92,
      0.17341040462427745
    ],
    [
      93,
      0.024096385542168672
    ],
    [
      94,
      0.13793103448275862
    ],
    [
      95,
      0.21645021645021648
    ],
    [
      96,
      0.1619047619047619
    ],
    [
      97,
      0.14388489208633096
    ],
    [
      98,
      0.14193548387096774
    ],
    [
      99,
      0.0944206008583691
    ],
    [
      100,
      0.14606741573033707
    ],
    [
      101,
      0.18064516129032254
    ],
    [
      102,
      0.17989417989417988
    ],
    [
      103,
      0.2352941176470588
    ],
    [
      104,
      0.24444444444444444
    ],
    [
      105,
      0.1015228426395939
    ],
    [
      106,
      0.016129032258064516
    ],
    [
      107,
      0.15217391304347824
    ],
    [
      108,
      0.20994475138121546
    ],
    [
      109,
      0.1627906976744186
    ],
    [
      110,
      0.04651162790697674
    ],
    [
      111,
      0.14035087719298245
    ],
    [
      112,
      0.4130434782608695
    ],
    [
      113,
      0.07692307692307693
    ],
    [
      114,
      0.09954751131221719
    ],
    [
      115,
      0.16417910447761194
    ],
    [
      116,
      0.19191919191919193
    ],
    [
      117,
      0.21951219512195122
    ],
    [
      118,
      0.1342281879194631
    ],
    [
      119,
      0.14634146341463414
    ],
    [
      120,
      0.14207650273224043
    ],
    [
      121,
      0.21276595744680854
    ],
    [
      122,
      0.16593886462882096
    ],
    [
      123,
      0.2085308056872038
    ],
    [
      124,
      0.09395973154362416
    ],
    [
      125,
      0.18497109826589594
    ],
    [
      126,
      0.15476190476190477
    ],
    [
      127,
      0.1168831168831169
    ],
    [
      128,
      0.6213592233009709
    ],
    [
      129,
      0.07079646017699115
    ],
    [
      130,
      0.186046511627907
    ],
    [
      131,
      0.07766990291262137
    ],
    [
      132,
      0.2138364779874214
    ],
    [
      133,
      0.1408450704225352
    ],
    [
      134,
      0.13186813186813187
    ],
    [
      135,
      0.09589041095890412
    ],
    [
      136,
      0.12121212121212122
    ],
    [
      137,
      0.17177914110429449
    ],
    [
      138,
      0.24338624338624337
    ],
    [
      139,
      0.13903743315508021
    ],
    [
      140,
      0.06201550387596899
    ],
    [
      141,
      0.14035087719298242
    ],
    [
      142,
      0.1642512077294686
    ],
    [
      143,
      0.1607142857142857
    ],
    [
      144,
      0.13541666666666669
    ],
    [
      145,
      0.14666666666666667
    ],
    [
      146,
      0.2146341463414634
    ],
    [
      147,
      0.10695187165775401
    ],
    [
      148,
      0.15
    ],
    [
      149,
      0.1694915254237288
    ],
    [
      150,
      0.04838709677419355
    ],
    [
      151,
      0.2058823529411765
    ],
    [
      152,
      0.1568627450980392
    ],
    [
      153,
      0.16455696202531644
    ],
    [
      154,
      0.11428571428571428
    ],
    [
      155,
      0.17204301075268819
    ],
    [
      156,
      0
    ],
    [
      157,
      0.08391608391608392
    ],
    [
      158,
      0.16666666666666666
    ],
    [
      159,
      0.09876543209876543
    ],
    [
      160,
