{
  "dataset": "QMSum",
  "num_samples": 200,
  "rouge1": 0.28283292589616693,
  "rouge2": 0.060155463151752735,
  "rougeL": 0.1804747702648865,
  "rougeLsum": 0.1859471974790426,
  "per_sample_rougeL": [
    [
      0,
      0.20087336244541482
    ],
    [
      1,
      0.2621359223300971
    ],
    [
      2,
      0.16748768472906406
    ],
    [
      3,
      0.19653179190751446
    ],
    [
      4,
      0.0975609756097561
    ],
    [
      5,
      0.21505376344086022
    ],
    [
      6,
      0.17441860465116282
    ],
    [
      7,
      0.18181818181818182
    ],
    [
      8,
      0.13924050632911392
    ],
    [
      9,
      0.18421052631578946
    ],
    [
      10,
      0.14184397163120568
    ],
    [
      11,
      0.24630541871921183
    ],
    [
      12,
      0.1456953642384106
    ],
    [
      13,
      0.2
    ],
    [
      14,
      0.16346153846153846
    ],
    [
      15,
      0.19178082191780824
    ],
    [
      16,
      0.2105263157894737
    ],
    [
      17,
      0.17241379310344826
    ],
    [
      18,
      0.15384615384615385
    ],
    [
      19,
      0.08695652173913043
    ],
    [
      20,
      0.15568862275449102
    ],
    [
      21,
      0.175
    ],
    [
      22,
      0.11428571428571428
    ],
    [
      23,
      0.1794871794871795
    ],
    [
      24,
      0.15789473684210525
    ],
    [
      25,
      0.2337662337662338
    ],
    [
      26,
      0.15819209039548024
    ],
    [
      27,
      0.14473684210526316
    ],
    [
      28,
      0.19587628865979378
    ],
    [
      29,
      0.21794871794871798
    ],
    [
      30,
      0.18888888888888886
    ],
    [
      31,
      0.15789473684210525
    ],
    [
      32,
      0.21505376344086022
    ],
    [
      33,
      0.17171717171717174
    ],
    [
      34,
      0.26506024096385544
    ],
    [
      35,
      0.18274111675126903
    ],
    [
      36,
      0.1724137931034483
    ],
    [
      37,
      0.16580310880829016
    ],
    [
      38,
      0.14388489208633093
    ],
    [
      39,
      0.17266187050359713
    ],
    [
      40,
      0.21
    ],
    [
      41,
      0.16666666666666666
    ],
    [
      42,
      0.14746543778801843
    ],
    [
      43,
      0.2261904761904762
    ],
    [
      44,
      0.14444444444444443
    ],
    [
      45,
      0.1627906976744186
    ],
    [
      46,
      0.2142857142857143
    ],
    [
      47,
      0.16915422885572137
    ],
    [
      48,
      0.2035928143712575
    ],
    [
      49,
      0.14285714285714285
    ],
    [
      50,
      0.14012738853503184
    ],
    [
      51,
      0.21596244131455397
    ],
    [
      52,
      0.16774193548387098
    ],
    [
      53,
      0.15294117647058822
    ],
    [
      54,
      0.23121387283236997
    ],
    [
      55,
      0.1925133689839572
    ],
    [
      56,
      0.13924050632911394
    ],
    [
      57,
      0.11827956989247312
    ],
    [
      58,
      0.15568862275449102
    ],
    [
      59,
      0.1595744680851064
    ],
    [
      60,
      0.25698324022346375
    ],
    [
      61,
      0.15384615384615383
    ],
    [
      62,
      0.2271062271062271
    ],
    [
      63,
      0.20731707317073172
    ],
    [
      64,
      0.19867549668874174
    ],
    [
      65,
      0.18292682926829268
    ],
    [
      66,
      0.27118644067796605
    ],
    [
      67,
      0.23893805309734514
    ],
    [
      68,
      0.15135135135135136
    ],
    [
      69,
      0.1348314606741573
    ],
    [
      70,
      0.19354838709677416
    ],
    [
      71,
      0.13173652694610777
    ],
    [
      72,
      0.21118012422360244
    ],
    [
      73,
      0.16504854368932037
    ],
    [
      74,
      0.16216216216216214
    ],
    [
      75,
      0.23423423423423423
    ],
    [
      76,
      0.15075376884422112
    ],
    [
      77,
      0.09333333333333335
    ],
    [
      78,
      0.2376237623762376
    ],
    [
      79,
      0.16551724137931031
    ],
    [
      80,
      0.22510822510822512
    ],
    [
      81,
      0.12048192771084337
    ],
    [
      82,
      0.1862348178137652
    ],
    [
      83,
      0.18867924528301885
    ],
    [
      84,
      0.25870646766169153
    ],
    [
      85,
      0.1919191919191919
    ],
    [
      86,
      0.2619047619047619
    ],
    [
      87,
      0.21839080459770116
    ],
    [
      88,
      0.18502202643171806
    ],
    [
      89,
      0.19565217391304346
    ],
    [
      90,
      0.2061855670103093
    ],
    [
      91,
      0.14965986394557823
    ],
    [
      92,
      0.16568047337278108
    ],
    [
      93,
      0.18433179723502305
    ],
    [
      94,
      0.15000000000000002
    ],
    [
      95,
      0.19047619047619047
    ],
    [
      96,
      0.21951219512195122
    ],
    [
      97,
      0.1948051948051948
    ],
    [
      98,
      0.18848167539267013
    ],
    [
      99,
      0.22222222222222224
    ],
    [
      100,
      0.16279069767441862
    ],
    [
      101,
      0.18421052631578946
    ],
    [
      102,
      0.09599999999999999
    ],
    [
      103,
      0.19672131147540986
    ],
    [
      104,
      0.16883116883116883
    ],
    [
      105,
      0.24870466321243523
    ],
    [
      106,
      0.1883408071748879
    ],
    [
      107,
      0.1956521739130435
    ],
    [
      108,
      0.23204419889502764
    ],
    [
      109,
      0.1768707482993197
    ],
    [
      110,
      0.20430107526881722
    ],
    [
      111,
      0.24409448818897636
    ],
    [
      112,
      0.10810810810810811
    ],
    [
      113,
      0.25112107623318386
    ],
    [
      114,
      0.16528925619834708
    ],
    [
      115,
      0.14473684210526314
    ],
    [
      116,
      0.21761658031088085
    ],
    [
      117,
      0.17045454545454547
    ],
    [
      118,
      0.14473684210526316
    ],
    [
      119,
      0.16666666666666666
    ],
    [
      120,
      0.16574585635359118
    ],
    [
      121,
      0.1797752808988764
    ],
    [
      122,
      0.168141592920354
    ],
    [
      123,
      0.23880597014925373
    ],
    [
      124,
      0.15789473684210528
    ],
    [
      125,
      0.17341040462427748
    ],
    [
      126,
      0.23952095808383236
    ],
    [
      127,
      0.17073170731707318
    ],
    [
      128,
      0.23076923076923078
    ],
    [
      129,
      0.18518518518518517
    ],
    [
      130,
      0.12903225806451615
    ],
    [
      131,
      0.1420118343195266
    ],
    [
      132,
      0.2275449101796407
    ],
    [
      133,
      0.11851851851851851
    ],
    [
      134,
      0.26548672566371684
    ],
    [
      135,
      0.15686274509803919
    ],
    [
      136,
      0.14503816793893132
    ],
    [
      137,
      0.20125786163522014
    ],
    [
      138,
      0.2087912087912088
    ],
    [
      139,
      0.12972972972972974
    ],
    [
      140,
      0.17751479289940827
    ],
    [
      141,
      0.32258064516129037
    ],
    [
      142,
      0.12560386473429952
    ],
    [
      143,
      0.20909090909090908
    ],
    [
      144,
      0.18090452261306533
    ],
    [
      145,
      0.1358024691358025
    ],
    [
      146,
      0.21904761904761902
    ],
    [
      147,
      0.14054054054054055
    ],
    [
      148,
      0.11267605633802817
    ],
    [
      149,
      0.15294117647058825
    ],
    [
      150,
      0.15555555555555556
    ],
    [
      151,
      0.20689655172413793
    ],
    [
      152,
      0.10084033613445377
    ],
    [
      153,
      0.16560509554140126
    ],
    [
      154,
      0.20915032679738563
    ],
    [
      155,
      0.17877094972067037
    ],
    [
      156,
      0.1
    ],
    [
      157,
      0.1818181818181818
    ],
    [
      158,
      0.21390374331550802
    ],
    [
      159,
      0.18604651162790697
