{
  "dataset": "QMSum",
  "num_samples": 200,
  "rouge1": 0.27443481702264416,
  "rouge2": 0.07475701989543287,
  "rougeL": 0.19258082757980943,
  "rougeLsum": 0.19294339626798232,
  "per_sample_rougeL": [
    [
      0,
      0.2608695652173913
    ],
    [
      1,
      0.22399999999999998
    ],
    [
      2,
      0.19487179487179485
    ],
    [
      3,
      0.20270270270270271
    ],
    [
      4,
      0.08450704225352113
    ],
    [
      5,
      0.17045454545454544
    ],
    [
      6,
      0.125
    ],
    [
      7,
      0.1904761904761905
    ],
    [
      8,
      0.16249999999999998
    ],
    [
      9,
      0.16949152542372883
    ],
    [
      10,
      0.2119205298013245
    ],
    [
      11,
      0.2048780487804878
    ],
    [
      12,
      0.21768707482993196
    ],
    [
      13,
      0.24
    ],
    [
      14,
      0.18433179723502308
    ],
    [
      15,
      0.15286624203821655
    ],
    [
      16,
      0.1751824817518248
    ],
    [
      17,
      0.12359550561797754
    ],
    [
      18,
      0.17454545454545453
    ],
    [
      19,
      0.15135135135135133
    ],
    [
      20,
      0.09944751381215469
    ],
    [
      21,
      0.21052631578947364
    ],
    [
      22,
      0.09248554913294797
    ],
    [
      23,
      0.1951219512195122
    ],
    [
      24,
      0.1570680628272251
    ],
    [
      25,
      0.2738095238095238
    ],
    [
      26,
      0.24719101123595502
    ],
    [
      27,
      0.11842105263157895
    ],
    [
      28,
      0.2558139534883721
    ],
    [
      29,
      0.15204678362573099
    ],
    [
      30,
      0.1739130434782609
    ],
    [
      31,
      0.1342281879194631
    ],
    [
      32,
      0.11891891891891893
    ],
    [
      33,
      0.2094240837696335
    ],
    [
      34,
      0.10191082802547771
    ],
    [
      35,
      0.21568627450980393
    ],
    [
      36,
      0.2125
    ],
    [
      37,
      0.09142857142857143
    ],
    [
      38,
      0.15189873417721522
    ],
    [
      39,
      0.05714285714285714
    ],
    [
      40,
      0.21212121212121213
    ],
    [
      41,
      0.29523809523809524
    ],
    [
      42,
      0.19534883720930232
    ],
    [
      43,
      0.28571428571428575
    ],
    [
      44,
      0.21978021978021978
    ],
    [
      45,
      0.11188811188811189
    ],
    [
      46,
      0.1863354037267081
    ],
    [
      47,
      0.2
    ],
    [
      48,
      0.24719101123595505
    ],
    [
      49,
      0.18181818181818182
    ],
    [
      50,
      0.2427745664739884
    ],
    [
      51,
      0.24644549763033177
    ],
    [
      52,
      0.15286624203821655
    ],
    [
      53,
      0.17741935483870966
    ],
    [
      54,
      0.2458100558659218
    ],
    [
      55,
      0.13612565445026178
    ],
    [
      56,
      0.1625
    ],
    [
      57,
      0.14207650273224043
    ],
    [
      58,
      0.3584905660377358
    ],
    [
      59,
      0.13675213675213674
    ],
    [
      60,
      0.16326530612244897
    ],
    [
      61,
      0.19883040935672514
    ],
    [
      62,
      0.14393939393939392
    ],
    [
      63,
      0.19161676646706588
    ],
    [
      64,
      0.24675324675324675
    ],
    [
      65,
      0.23999999999999996
    ],
    [
      66,
      0.17721518987341772
    ],
    [
      67,
      0.2543352601156069
    ],
    [
      68,
      0.26229508196721313
    ],
    [
      69,
      0.08284023668639054
    ],
    [
      70,
      0.23999999999999996
    ],
    [
      71,
      0.10256410256410257
    ],
    [
      72,
      0.1780821917808219
    ],
    [
      73,
      0.1941747572815534
    ],
    [
      74,
      0.10191082802547771
    ],
    [
      75,
      0.1565217391304348
    ],
    [
      76,
      0.2380952380952381
    ],
    [
      77,
      0.10666666666666667
    ],
    [
      78,
      0.21153846153846154
    ],
    [
      79,
      0.18478260869565216
    ],
    [
      80,
      0.21276595744680848
    ],
    [
      81,
      0.11627906976744186
    ],
    [
      82,
      0.1721311475409836
    ],
    [
      83,
      0.4545454545454546
    ],
    [
      84,
      0.2634146341463414
    ],
    [
      85,
      0.23529411764705882
    ],
    [
      86,
      0.17254901960784316
    ],
    [
      87,
      0.17073170731707318
    ],
    [
      88,
      0.16170212765957448
    ],
    [
      89,
      0.15463917525773194
    ],
    [
      90,
      0.23645320197044337
    ],
    [
      91,
      0.16438356164383564
    ],
    [
      92,
      0.21568627450980393
    ],
    [
      93,
      0.22784810126582278
    ],
    [
      94,
      0.052980132450331126
    ],
    [
      95,
      0.2017543859649123
    ],
    [
      96,
      0.20634920634920634
    ],
    [
      97,
      0.2484472049689441
    ],
    [
      98,
      0.13861386138613863
    ],
    [
      99,
      0.22818791946308725
    ],
    [
      100,
      0.1878453038674033
    ],
    [
      101,
      0.3125
    ],
    [
      102,
      0.24365482233502536
    ],
    [
      103,
      0.26890756302521013
    ],
    [
      104,
      0.13836477987421383
    ],
    [
      105,
      0.2639593908629442
    ],
    [
      106,
      0.20627802690582958
    ],
    [
      107,
      0.11049723756906077
    ],
    [
      108,
      0.21348314606741572
    ],
    [
      109,
      0.22222222222222224
    ],
    [
      110,
      0.2
    ],
    [
      111,
      0.2751322751322752
    ],
    [
      112,
      0.18750000000000003
    ],
    [
      113,
      0.22123893805309733
    ],
    [
      114,
      0.23015873015873017
    ],
    [
      115,
      0.12658227848101267
    ],
    [
      116,
      0.19999999999999998
    ],
    [
      117,
      0.16000000000000003
    ],
    [
      118,
      0.12422360248447206
    ],
    [
      119,
      0.12903225806451615
    ],
    [
      120,
      0.20652173913043476
    ],
    [
      121,
      0.13186813186813187
    ],
    [
      122,
      0.1607142857142857
    ],
    [
      123,
      0.17989417989417988
    ],
    [
      124,
      0.20512820512820515
    ],
    [
      125,
      0.192090395480226
    ],
    [
      126,
      0.17857142857142855
    ],
    [
      127,
      0.20809248554913296
    ],
    [
      128,
      0.3018867924528302
    ],
    [
      129,
      0.22085889570552145
    ],
    [
      130,
      0.1595744680851064
    ],
    [
      131,
      0.2276422764227642
    ],
    [
      132,
      0.2097902097902098
    ],
    [
      133,
      0.08275862068965517
    ],
    [
      134,
      0.367713004484305
    ],
    [
      135,
      0.29411764705882354
    ],
    [
      136,
      0.2625482625482625
    ],
    [
      137,
      0.1744186046511628
    ],
    [
      138,
      0.22797927461139897
    ],
    [
      139,
      0.1375
    ],
    [
      140,
      0.13333333333333333
    ],
    [
      141,
      0.34594594594594597
    ],
    [
      142,
      0.25641025641025644
    ],
    [
      143,
      0.17167381974248927
    ],
    [
      144,
      0.0808080808080808
    ],
    [
      145,
      0.07352941176470588
    ],
    [
      146,
      0.12307692307692307
    ],
    [
      147,
      0.15053763440860218
    ],
    [
      148,
      0.2777777777777778
    ],
    [
      149,
      0.12790697674418605
    ],
    [
      150,
      0.19780219780219777
    ],
    [
      151,
      0.26666666666666666
    ],
    [
      152,
      0.2553191489361702
    ],
    [
      153,
      0.1978021978021978
    ],
    [
      154,
      0.10738255033557048
    ],
    [
      155,
      0.12048192771084339
    ],
    [
      156,
      0.18269230769230768
    ],
    [
      157,
      0.2247191011235955
    ],
    [
      158,
      0.21428571428571427
    ],
    [
      159,
      0.20858895705521474
    ],
    [
      160,
      0.1641025641025641
    ],
    [
