{
  "dataset": "QMSum",
  "num_samples": 200,
  "rouge1": 0.32514297598024,
  "rouge2": 0.08552084312195282,
  "rougeL": 0.20380797566363157,
  "rougeLsum": 0.2096776321522629,
  "per_sample_rougeL": [
    [
      0,
      0.25892857142857145
    ],
    [
      1,
      0.19
    ],
    [
      2,
      0.1890547263681592
    ],
    [
      3,
      0.1954022988505747
    ],
    [
      4,
      0.13533834586466167
    ],
    [
      5,
      0.29508196721311475
    ],
    [
      6,
      0.18285714285714286
    ],
    [
      7,
      0.16766467065868262
    ],
    [
      8,
      0.18987341772151897
    ],
    [
      9,
      0.1875
    ],
    [
      10,
      0.171875
    ],
    [
      11,
      0.19801980198019803
    ],
    [
      12,
      0.22222222222222224
    ],
    [
      13,
      0.23711340206185566
    ],
    [
      14,
      0.21296296296296297
    ],
    [
      15,
      0.14193548387096774
    ],
    [
      16,
      0.20588235294117646
    ],
    [
      17,
      0.17441860465116282
    ],
    [
      18,
      0.1726618705035971
    ],
    [
      19,
      0.13793103448275862
    ],
    [
      20,
      0.19101123595505617
    ],
    [
      21,
      0.1875
    ],
    [
      22,
      0.16091954022988506
    ],
    [
      23,
      0.22085889570552147
    ],
    [
      24,
      0.18750000000000003
    ],
    [
      25,
      0.21367521367521367
    ],
    [
      26,
      0.16184971098265893
    ],
    [
      27,
      0.12578616352201258
    ],
    [
      28,
      0.21463414634146338
    ],
    [
      29,
      0.25
    ],
    [
      30,
      0.19101123595505617
    ],
    [
      31,
      0.17567567567567569
    ],
    [
      32,
      0.25906735751295334
    ],
    [
      33,
      0.1791044776119403
    ],
    [
      34,
      0.21686746987951808
    ],
    [
      35,
      0.18811881188118815
    ],
    [
      36,
      0.192090395480226
    ],
    [
      37,
      0.1435897435897436
    ],
    [
      38,
      0.13513513513513514
    ],
    [
      39,
      0.13513513513513514
    ],
    [
      40,
      0.19289340101522842
    ],
    [
      41,
      0.17061611374407584
    ],
    [
      42,
      0.1651376146788991
    ],
    [
      43,
      0.2261904761904762
    ],
    [
      44,
      0.17543859649122806
    ],
    [
      45,
      0.33333333333333337
    ],
    [
      46,
      0.19607843137254902
    ],
    [
      47,
      0.18719211822660098
    ],
    [
      48,
      0.2298850574712644
    ],
    [
      49,
      0.17073170731707316
    ],
    [
      50,
      0.19101123595505617
    ],
    [
      51,
      0.15454545454545457
    ],
    [
      52,
      0.18421052631578946
    ],
    [
      53,
      0.15476190476190477
    ],
    [
      54,
      0.25
    ],
    [
      55,
      0.15730337078651685
    ],
    [
      56,
      0.15894039735099336
    ],
    [
      57,
      0.1807909604519774
    ],
    [
      58,
      0.23783783783783788
    ],
    [
      59,
      0.18556701030927836
    ],
    [
      60,
      0.22598870056497175
    ],
    [
      61,
      0.26744186046511625
    ],
    [
      62,
      0.31851851851851853
    ],
    [
      63,
      0.21965317919075147
    ],
    [
      64,
      0.2105263157894737
    ],
    [
      65,
      0.1987577639751553
    ],
    [
      66,
      0.24719101123595505
    ],
    [
      67,
      0.2743362831858407
    ],
    [
      68,
      0.12087912087912088
    ],
    [
      69,
      0.33333333333333337
    ],
    [
      70,
      0.21656050955414013
    ],
    [
      71,
      0.18181818181818182
    ],
    [
      72,
      0.18867924528301885
    ],
    [
      73,
      0.19289340101522842
    ],
    [
      74,
      0.14379084967320263
    ],
    [
      75,
      0.3105022831050228
    ],
    [
      76,
      0.18999999999999997
    ],
    [
      77,
      0.11842105263157895
    ],
    [
      78,
      0.20833333333333331
    ],
    [
      79,
      0.18994413407821228
    ],
    [
      80,
      0.23423423423423423
    ],
    [
      81,
      0.22702702702702704
    ],
    [
      82,
      0.19433198380566805
    ],
    [
      83,
      0.2838709677419355
    ],
    [
      84,
      0.1650485436893204
    ],
    [
      85,
      0.18999999999999997
    ],
    [
      86,
      0.24603174603174602
    ],
    [
      87,
      0.26285714285714284
    ],
    [
      88,
      0.20720720720720723
    ],
    [
      89,
      0.354066985645933
    ],
    [
      90,
      0.22564102564102562
    ],
    [
      91,
      0.15584415584415587
    ],
    [
      92,
      0.1724137931034483
    ],
    [
      93,
      0.2222222222222222
    ],
    [
      94,
      0.21917808219178084
    ],
    [
      95,
      0.2374429223744292
    ],
    [
      96,
      0.1951219512195122
    ],
    [
      97,
      0.2911392405063291
    ],
    [
      98,
      0.1761658031088083
    ],
    [
      99,
      0.2611683848797251
    ],
    [
      100,
      0.22471910112359553
    ],
    [
      101,
      0.2278481012658228
    ],
    [
      102,
      0.21164021164021163
    ],
    [
      103,
      0.2043010752688172
    ],
    [
      104,
      0.1756756756756757
    ],
    [
      105,
      0.3020833333333333
    ],
    [
      106,
      0.24107142857142858
    ],
    [
      107,
      0.20105820105820105
    ],
    [
      108,
      0.20224719101123595
    ],
    [
      109,
      0.20134228187919462
    ],
    [
      110,
      0.2076502732240437
    ],
    [
      111,
      0.311284046692607
    ],
    [
      112,
      0.12903225806451613
    ],
    [
      113,
      0.2314814814814815
    ],
    [
      114,
      0.2580645161290323
    ],
    [
      115,
      0.1733333333333333
    ],
    [
      116,
      0.1978021978021978
    ],
    [
      117,
      0.19767441860465115
    ],
    [
      118,
      0.2222222222222222
    ],
    [
      119,
      0.24675324675324672
    ],
    [
      120,
      0.1639344262295082
    ],
    [
      121,
      0.18497109826589594
    ],
    [
      122,
      0.1447963800904977
    ],
    [
      123,
      0.20895522388059704
    ],
    [
      124,
      0.16107382550335572
    ],
    [
      125,
      0.16304347826086957
    ],
    [
      126,
      0.23952095808383236
    ],
    [
      127,
      0.23312883435582818
    ],
    [
      128,
      0.3867924528301887
    ],
    [
      129,
      0.25
    ],
    [
      130,
      0.15789473684210525
    ],
    [
      131,
      0.15950920245398773
    ],
    [
      132,
      0.22471910112359553
    ],
    [
      133,
      0.17647058823529413
    ],
    [
      134,
      0.2702702702702703
    ],
    [
      135,
      0.15789473684210525
    ],
    [
      136,
      0.20233463035019453
    ],
    [
      137,
      0.15384615384615385
    ],
    [
      138,
      0.24598930481283424
    ],
    [
      139,
      0.13114754098360656
    ],
    [
      140,
      0.18934911242603553
    ],
    [
      141,
      0.3386243386243386
    ],
    [
      142,
      0.1523809523809524
    ],
    [
      143,
      0.2648401826484018
    ],
    [
      144,
      0.19387755102040818
    ],
    [
      145,
      0.12422360248447206
    ],
    [
      146,
      0.2616822429906542
    ],
    [
      147,
      0.12765957446808512
    ],
    [
      148,
      0.15827338129496402
    ],
    [
      149,
      0.16766467065868262
    ],
    [
      150,
      0.24858757062146894
    ],
    [
      151,
      0.24390243902439024
    ],
    [
      152,
      0.203125
    ],
    [
      153,
      0.15384615384615383
    ],
    [
      154,
      0.2191780821917808
    ],
    [
      155,
      0.23728813559322037
    ],
    [
      156,
      0.1782178217821782
    ],
    [
      157,
      0.12162162162162163
    ],
    [
      158,
      0.20224719101123595
    ],
    [
      159,
      0.24691358024691357
    ],
    [
      160,
      0.21463414634146344
    ],
    [
