{
  "dataset": "QMSum",
  "num_samples": 200,
  "rouge1": 0.226498870059367,
  "rouge2": 0.03525970668445491,
  "rougeL": 0.14062629077803224,
  "rougeLsum": 0.14981166907912472,
  "per_sample_rougeL": [
    [
      0,
      0.16593886462882096
    ],
    [
      1,
      0.1391304347826087
    ],
    [
      2,
      0.09356725146198831
    ],
    [
      3,
      0.09523809523809523
    ],
    [
      4,
      0.10810810810810811
    ],
    [
      5,
      0.23469387755102045
    ],
    [
      6,
      0.15294117647058822
    ],
    [
      7,
      0.16352201257861634
    ],
    [
      8,
      0.13043478260869568
    ],
    [
      9,
      0.0983606557377049
    ],
    [
      10,
      0.1111111111111111
    ],
    [
      11,
      0.12871287128712872
    ],
    [
      12,
      0.072992700729927
    ],
    [
      13,
      0.1758241758241758
    ],
    [
      14,
      0.1507537688442211
    ],
    [
      15,
      0.13157894736842105
    ],
    [
      16,
      0.11965811965811965
    ],
    [
      17,
      0.14102564102564102
    ],
    [
      18,
      0.13043478260869568
    ],
    [
      19,
      0.1485714285714286
    ],
    [
      20,
      0.07954545454545454
    ],
    [
      21,
      0.2553191489361702
    ],
    [
      22,
      0.15909090909090912
    ],
    [
      23,
      0.12080536912751678
    ],
    [
      24,
      0.1411764705882353
    ],
    [
      25,
      0.12264150943396228
    ],
    [
      26,
      0.13223140495867766
    ],
    [
      27,
      0.11111111111111109
    ],
    [
      28,
      0.08839779005524862
    ],
    [
      29,
      0.13414634146341461
    ],
    [
      30,
      0
    ],
    [
      31,
      0.1342281879194631
    ],
    [
      32,
      0.18181818181818182
    ],
    [
      33,
      0.16580310880829016
    ],
    [
      34,
      0.17751479289940827
    ],
    [
      35,
      0.15384615384615385
    ],
    [
      36,
      0.14857142857142858
    ],
    [
      37,
      0.08064516129032258
    ],
    [
      38,
      0.11940298507462688
    ],
    [
      39,
      0.1313868613138686
    ],
    [
      40,
      0.15306122448979592
    ],
    [
      41,
      0.17351598173515984
    ],
    [
      42,
      0.12093023255813952
    ],
    [
      43,
      0.1411764705882353
    ],
    [
      44,
      0.19883040935672514
    ],
    [
      45,
      0.08974358974358974
    ],
    [
      46,
      0.18181818181818182
    ],
    [
      47,
      0.1313131313131313
    ],
    [
      48,
      0.1724137931034483
    ],
    [
      49,
      0.2073170731707317
    ],
    [
      50,
      0.14444444444444443
    ],
    [
      51,
      0.18691588785046728
    ],
    [
      52,
      0.02173913043478261
    ],
    [
      53,
      0.12195121951219512
    ],
    [
      54,
      0.12658227848101264
    ],
    [
      55,
      0.15555555555555553
    ],
    [
      56,
      0.12403100775193797
    ],
    [
      57,
      0.0994475138121547
    ],
    [
      58,
      0.12429378531073446
    ],
    [
      59,
      0.14371257485029942
    ],
    [
      60,
      0.17307692307692307
    ],
    [
      61,
      0.12500000000000003
    ],
    [
      62,
      0.0894308943089431
    ],
    [
      63,
      0.1568627450980392
    ],
    [
      64,
      0.1830065359477124
    ],
    [
      65,
      0.2
    ],
    [
      66,
      0.2033898305084746
    ],
    [
      67,
      0.0707070707070707
    ],
    [
      68,
      0.11678832116788322
    ],
    [
      69,
      0.26744186046511637
    ],
    [
      70,
      0.19444444444444445
    ],
    [
      71,
      0.08641975308641975
    ],
    [
      72,
      0.1923076923076923
    ],
    [
      73,
      0.1652892561983471
    ],
    [
      74,
      0.11764705882352941
    ],
    [
      75,
      0.18181818181818182
    ],
    [
      76,
      0.07894736842105264
    ],
    [
      77,
      0.07619047619047618
    ],
    [
      78,
      0.13471502590673576
    ],
    [
      79,
      0.16049382716049382
    ],
    [
      80,
      0.1294964028776978
    ],
    [
      81,
      0.17073170731707316
    ],
    [
      82,
      0.1951219512195122
    ],
    [
      83,
      0.2352941176470588
    ],
    [
      84,
      0.15458937198067635
    ],
    [
      85,
      0.1015228426395939
    ],
    [
      86,
      0.16744186046511628
    ],
    [
      87,
      0.1411764705882353
    ],
    [
      88,
      0.14285714285714288
    ],
    [
      89,
      0.17751479289940827
    ],
    [
      90,
      0.2268041237113402
    ],
    [
      91,
      0.17721518987341772
    ],
    [
      92,
      0.09722222222222222
    ],
    [
      93,
      0.11872146118721462
    ],
    [
      94,
      0.11764705882352941
    ],
    [
      95,
      0.19730941704035876
    ],
    [
      96,
      0.08411214953271028
    ],
    [
      97,
      0.05555555555555556
    ],
    [
      98,
      0.15706806282722513
    ],
    [
      99,
      0.08633093525179855
    ],
    [
      100,
      0.13978494623655913
    ],
    [
      101,
      0.14492753623188404
    ],
    [
      102,
      0.07058823529411766
    ],
    [
      103,
      0.09523809523809525
    ],
    [
      104,
      0.18750000000000003
    ],
    [
      105,
      0.18652849740932645
    ],
    [
      106,
      0.17857142857142858
    ],
    [
      107,
      0.16759776536312848
    ],
    [
      108,
      0.06504065040650406
    ],
    [
      109,
      0.12698412698412698
    ],
    [
      110,
      0.1095890410958904
    ],
    [
      111,
      0.06369426751592357
    ],
    [
      112,
      0.14893617021276595
    ],
    [
      113,
      0.0
    ],
    [
      114,
      0.13765182186234817
    ],
    [
      115,
      0.12987012987012989
    ],
    [
      116,
      0.13333333333333333
    ],
    [
      117,
      0.19444444444444445
    ],
    [
      118,
      0.17142857142857143
    ],
    [
      119,
      0.14864864864864863
    ],
    [
      120,
      0.16279069767441862
    ],
    [
      121,
      0.13872832369942195
    ],
    [
      122,
      0.12844036697247707
    ],
    [
      123,
      0.19607843137254902
    ],
    [
      124,
      0.12413793103448277
    ],
    [
      125,
      0.15286624203821653
    ],
    [
      126,
      0.13333333333333333
    ],
    [
      127,
      0.1212121212121212
    ],
    [
      128,
      0.19900497512437812
    ],
    [
      129,
      0.12903225806451613
    ],
    [
      130,
      0.1301775147928994
    ],
    [
      131,
      0.06611570247933883
    ],
    [
      132,
      0.19459459459459458
    ],
    [
      133,
      0.12658227848101267
    ],
    [
      134,
      0.18009478672985785
    ],
    [
      135,
      0.12307692307692308
    ],
    [
      136,
      0.1486988847583643
    ],
    [
      137,
      0.15476190476190474
    ],
    [
      138,
      0.17751479289940827
    ],
    [
      139,
      0.14583333333333331
    ],
    [
      140,
      0.11009174311926606
    ],
    [
      141,
      0.15789473684210525
    ],
    [
      142,
      0.15596330275229356
    ],
    [
      143,
      0.12631578947368421
    ],
    [
      144,
      0.163265306122449
    ],
    [
      145,
      0.12857142857142856
    ],
    [
      146,
      0.16267942583732056
    ],
    [
      147,
      0.12765957446808512
    ],
    [
      148,
      0.07936507936507937
    ],
    [
      149,
      0.12290502793296089
    ],
    [
      150,
      0.17777777777777778
    ],
    [
      151,
      0.16842105263157894
    ],
    [
      152,
      0.07407407407407408
    ],
    [
      153,
      0.15483870967741933
    ],
    [
      154,
      0.136986301369863
    ],
    [
      155,
      0.1348314606741573
    ],
    [
      156,
      0.12154696132596685
    ],
    [
      157,
      0.08333333333333333
    ],
    [
      158,
      0.1846153846153846
    ],
    [
      159,
      0.23529411764705885
