{
  "dataset": "QMSum",
  "num_samples": 200,
  "rouge1": 0.1945561682118035,
  "rouge2": 0.044635601980237985,
  "rougeL": 0.15254555498959183,
  "rougeLsum": 0.15156965749722262,
  "per_sample_rougeL": [
    [
      0,
      0.22413793103448276
    ],
    [
      1,
      0.21897810218978103
    ],
    [
      2,
      0.19417475728155337
    ],
    [
      3,
      0.1724137931034483
    ],
    [
      4,
      0.09375000000000001
    ],
    [
      5,
      0.21761658031088082
    ],
    [
      6,
      0.15730337078651685
    ],
    [
      7,
      0.1286549707602339
    ],
    [
      8,
      0.14906832298136644
    ],
    [
      9,
      0.17283950617283952
    ],
    [
      10,
      0.18064516129032257
    ],
    [
      11,
      0.18095238095238098
    ],
    [
      12,
      0.23076923076923078
    ],
    [
      13,
      0.27272727272727276
    ],
    [
      14,
      0.07894736842105263
    ],
    [
      15,
      0.16176470588235295
    ],
    [
      16,
      0.19626168224299065
    ],
    [
      17,
      0.10344827586206896
    ],
    [
      18,
      0.15942028985507248
    ],
    [
      19,
      0.1530054644808743
    ],
    [
      20,
      0.1219512195121951
    ],
    [
      21,
      0.15568862275449102
    ],
    [
      22,
      0.12
    ],
    [
      23,
      0.2111801242236025
    ],
    [
      24,
      0.08205128205128205
    ],
    [
      25,
      0.011173184357541898
    ],
    [
      26,
      0.1311475409836066
    ],
    [
      27,
      0.08974358974358974
    ],
    [
      28,
      0.08839779005524862
    ],
    [
      29,
      0.14857142857142858
    ],
    [
      30,
      0.1092896174863388
    ],
    [
      31,
      0.07594936708860761
    ],
    [
      32,
      0.23157894736842102
    ],
    [
      33,
      0.16585365853658535
    ],
    [
      34,
      0.19161676646706585
    ],
    [
      35,
      0.24489795918367344
    ],
    [
      36,
      0.1297297297297297
    ],
    [
      37,
      0.08
    ],
    [
      38,
      0.1509433962264151
    ],
    [
      39,
      0.08805031446540881
    ],
    [
      40,
      0.17647058823529413
    ],
    [
      41,
      0.16346153846153846
    ],
    [
      42,
      0.10999999999999999
    ],
    [
      43,
      0.25842696629213485
    ],
    [
      44,
      0.20454545454545459
    ],
    [
      45,
      0.12658227848101267
    ],
    [
      46,
      0.12682926829268293
    ],
    [
      47,
      0.12871287128712874
    ],
    [
      48,
      0.16853932584269662
    ],
    [
      49,
      0.1775147928994083
    ],
    [
      50,
      0.1509433962264151
    ],
    [
      51,
      0.23744292237442924
    ],
    [
      52,
      0.061349693251533735
    ],
    [
      53,
      0.14444444444444443
    ],
    [
      54,
      0.23463687150837986
    ],
    [
      55,
      0.16494845360824742
    ],
    [
      56,
      0.18072289156626506
    ],
    [
      57,
      0.06629834254143646
    ],
    [
      58,
      0.1311475409836066
    ],
    [
      59,
      0.12
    ],
    [
      60,
      0.18604651162790697
    ],
    [
      61,
      0.16969696969696968
    ],
    [
      62,
      0.04790419161676646
    ],
    [
      63,
      0.0718562874251497
    ],
    [
      64,
      0.26666666666666666
    ],
    [
      65,
      0.11510791366906475
    ],
    [
      66,
      0.19895287958115182
    ],
    [
      67,
      0.07792207792207792
    ],
    [
      68,
      0.09836065573770492
    ],
    [
      69,
      0.6432748538011697
    ],
    [
      70,
      0.11764705882352941
    ],
    [
      71,
      0.14864864864864863
    ],
    [
      72,
      0.1527777777777778
    ],
    [
      73,
      0.18811881188118812
    ],
    [
      74,
      0.06369426751592357
    ],
    [
      75,
      0.15384615384615385
    ],
    [
      76,
      0.12280701754385964
    ],
    [
      77,
      0.11764705882352938
    ],
    [
      78,
      0.20987654320987653
    ],
    [
      79,
      0.14207650273224043
    ],
    [
      80,
      0.11650485436893204
    ],
    [
      81,
      0.08917197452229299
    ],
    [
      82,
      0.16733067729083664
    ],
    [
      83,
      0.18749999999999997
    ],
    [
      84,
      0.1642512077294686
    ],
    [
      85,
      0.21256038647342992
    ],
    [
      86,
      0.2
    ],
    [
      87,
      0.1476510067114094
    ],
    [
      88,
      0.16877637130801687
    ],
    [
      89,
      0.10055865921787711
    ],
    [
      90,
      0.22999999999999998
    ],
    [
      91,
      0.0909090909090909
    ],
    [
      92,
      0.06629834254143646
    ],
    [
      93,
      0.064
    ],
    [
      94,
      0.051948051948051945
    ],
    [
      95,
      0.168141592920354
    ],
    [
      96,
      0.20491803278688525
    ],
    [
      97,
      0.1595092024539877
    ],
    [
      98,
      0.12307692307692307
    ],
    [
      99,
      0.0796812749003984
    ],
    [
      100,
      0.13793103448275862
    ],
    [
      101,
      0.2035928143712575
    ],
    [
      102,
      0.23622047244094488
    ],
    [
      103,
      0.14054054054054055
    ],
    [
      104,
      0.17834394904458598
    ],
    [
      105,
      0.20408163265306123
    ],
    [
      106,
      0.17040358744394618
    ],
    [
      107,
      0.16666666666666669
    ],
    [
      108,
      0.19780219780219782
    ],
    [
      109,
      0.10884353741496597
    ],
    [
      110,
      0.20634920634920634
    ],
    [
      111,
      0.09821428571428571
    ],
    [
      112,
      0.0879120879120879
    ],
    [
      113,
      0.1116751269035533
    ],
    [
      114,
      0.09782608695652174
    ],
    [
      115,
      0.14379084967320263
    ],
    [
      116,
      0.17733990147783252
    ],
    [
      117,
      0.1954022988505747
    ],
    [
      118,
      0.17582417582417584
    ],
    [
      119,
      0.12790697674418602
    ],
    [
      120,
      0.1711229946524064
    ],
    [
      121,
      0.21390374331550802
    ],
    [
      122,
      0.14847161572052403
    ],
    [
      123,
      0.23300970873786409
    ],
    [
      124,
      0.16842105263157894
    ],
    [
      125,
      0.16759776536312848
    ],
    [
      126,
      0.045977011494252866
    ],
    [
      127,
      0.12048192771084337
    ],
    [
      128,
      0.27053140096618356
    ],
    [
      129,
      0.21951219512195122
    ],
    [
      130,
      0.14659685863874344
    ],
    [
      131,
      0.12790697674418602
    ],
    [
      132,
      0.16853932584269662
    ],
    [
      133,
      0.16901408450704222
    ],
    [
      134,
      0.10309278350515463
    ],
    [
      135,
      0.1103448275862069
    ],
    [
      136,
      0.10852713178294573
    ],
    [
      137,
      0.16184971098265896
    ],
    [
      138,
      0.14583333333333334
    ],
    [
      139,
      0.14893617021276595
    ],
    [
      140,
      0.07194244604316546
    ],
    [
      141,
      0.3404255319148936
    ],
    [
      142,
      0.1917808219178082
    ],
    [
      143,
      0.09137055837563451
    ],
    [
      144,
      0.19753086419753085
    ],
    [
      145,
      0.11538461538461539
    ],
    [
      146,
      0.09944751381215469
    ],
    [
      147,
      0.16666666666666666
    ],
    [
      148,
      0.11267605633802817
    ],
    [
      149,
      0.1564245810055866
    ],
    [
      150,
      0.0392156862745098
    ],
    [
      151,
      0.22857142857142856
    ],
    [
      152,
      0.2727272727272727
    ],
    [
      153,
      0.12658227848101267
    ],
    [
      154,
      0.11764705882352942
    ],
    [
      155,
      0.223463687150838
    ],
    [
      156,
      0.11494252873563218
    ],
    [
      157,
      0.15068493150684933
    ],
    [
      158,
      0.19999999999999998
    ],
    [
      159,
      0.13872832369942195
    ],
    [
