{
  "dataset": "QMSum",
  "num_samples": 200,
  "rouge1": 0.2661868067992773,
  "rouge2": 0.06020792834809052,
  "rougeL": 0.17423215980725146,
  "rougeLsum": 0.177424062950377,
  "per_sample_rougeL": [
    [
      0,
      0.19469026548672563
    ],
    [
      1,
      0.23636363636363636
    ],
    [
      2,
      0.1641025641025641
    ],
    [
      3,
      0.20731707317073172
    ],
    [
      4,
      0.14035087719298245
    ],
    [
      5,
      0.20304568527918782
    ],
    [
      6,
      0.1610738255033557
    ],
    [
      7,
      0.14184397163120566
    ],
    [
      8,
      0.21875
    ],
    [
      9,
      0.034782608695652174
    ],
    [
      10,
      0.1879194630872483
    ],
    [
      11,
      0.15686274509803924
    ],
    [
      12,
      0.21333333333333332
    ],
    [
      13,
      0.2631578947368421
    ],
    [
      14,
      0.16589861751152074
    ],
    [
      15,
      0.21153846153846156
    ],
    [
      16,
      0.18357487922705315
    ],
    [
      17,
      0.14525139664804468
    ],
    [
      18,
      0.12451361867704279
    ],
    [
      19,
      0.08333333333333334
    ],
    [
      20,
      0.12941176470588237
    ],
    [
      21,
      0.2903225806451613
    ],
    [
      22,
      0.11538461538461539
    ],
    [
      23,
      0.19753086419753088
    ],
    [
      24,
      0.17931034482758623
    ],
    [
      25,
      0.2231404958677686
    ],
    [
      26,
      0.2824858757062147
    ],
    [
      27,
      0.11464968152866241
    ],
    [
      28,
      0.2222222222222222
    ],
    [
      29,
      0.1411764705882353
    ],
    [
      30,
      0.10344827586206896
    ],
    [
      31,
      0.14473684210526316
    ],
    [
      32,
      0.10869565217391304
    ],
    [
      33,
      0.1090909090909091
    ],
    [
      34,
      0.12738853503184713
    ],
    [
      35,
      0.20382165605095545
    ],
    [
      36,
      0.19108280254777069
    ],
    [
      37,
      0.1243523316062176
    ],
    [
      38,
      0.1639344262295082
    ],
    [
      39,
      0.06622516556291391
    ],
    [
      40,
      0.20202020202020202
    ],
    [
      41,
      0.07894736842105263
    ],
    [
      42,
      0.13636363636363635
    ],
    [
      43,
      0.18571428571428572
    ],
    [
      44,
      0.17142857142857143
    ],
    [
      45,
      0.26347305389221554
    ],
    [
      46,
      0.175
    ],
    [
      47,
      0.13559322033898305
    ],
    [
      48,
      0.25142857142857145
    ],
    [
      49,
      0.2366863905325444
    ],
    [
      50,
      0.13333333333333333
    ],
    [
      51,
      0.13793103448275862
    ],
    [
      52,
      0.1518987341772152
    ],
    [
      53,
      0.21839080459770113
    ],
    [
      54,
      0.23529411764705882
    ],
    [
      55,
      0.17525773195876285
    ],
    [
      56,
      0.189873417721519
    ],
    [
      57,
      0.0710059171597633
    ],
    [
      58,
      0.25555555555555554
    ],
    [
      59,
      0.1217391304347826
    ],
    [
      60,
      0.19047619047619047
    ],
    [
      61,
      0.26285714285714284
    ],
    [
      62,
      0.18656716417910446
    ],
    [
      63,
      0.2014388489208633
    ],
    [
      64,
      0.19999999999999998
    ],
    [
      65,
      0.18487394957983194
    ],
    [
      66,
      0.17073170731707316
    ],
    [
      67,
      0.07407407407407407
    ],
    [
      68,
      0.17204301075268819
    ],
    [
      69,
      0.5028571428571428
    ],
    [
      70,
      0.1323529411764706
    ],
    [
      71,
      0.10256410256410257
    ],
    [
      72,
      0.20472440944881892
    ],
    [
      73,
      0.15217391304347827
    ],
    [
      74,
      0.171875
    ],
    [
      75,
      0.2119815668202765
    ],
    [
      76,
      0.1
    ],
    [
      77,
      0.11881188118811882
    ],
    [
      78,
      0.1945945945945946
    ],
    [
      79,
      0.19148936170212766
    ],
    [
      80,
      0.17094017094017094
    ],
    [
      81,
      0.1875
    ],
    [
      82,
      0.19753086419753085
    ],
    [
      83,
      0.2137404580152672
    ],
    [
      84,
      0.22818791946308722
    ],
    [
      85,
      0.20382165605095542
    ],
    [
      86,
      0.16999999999999998
    ],
    [
      87,
      0.125
    ],
    [
      88,
      0.14414414414414417
    ],
    [
      89,
      0.08620689655172414
    ],
    [
      90,
      0.1739130434782609
    ],
    [
      91,
      0.2
    ],
    [
      92,
      0.13414634146341464
    ],
    [
      93,
      0.16000000000000003
    ],
    [
      94,
      0.108843537414966
    ],
    [
      95,
      0.19354838709677422
    ],
    [
      96,
      0.0923076923076923
    ],
    [
      97,
      0.14723926380368096
    ],
    [
      98,
      0.13999999999999999
    ],
    [
      99,
      0.13953488372093023
    ],
    [
      100,
      0.2346368715083799
    ],
    [
      101,
      0.27184466019417475
    ],
    [
      102,
      0.16042780748663102
    ],
    [
      103,
      0.1894736842105263
    ],
    [
      104,
      0.20382165605095542
    ],
    [
      105,
      0.09836065573770492
    ],
    [
      106,
      0.20994475138121546
    ],
    [
      107,
      0.16417910447761194
    ],
    [
      108,
      0.24
    ],
    [
      109,
      0.1896551724137931
    ],
    [
      110,
      0.18749999999999997
    ],
    [
      111,
      0.25365853658536586
    ],
    [
      112,
      0.21649484536082472
    ],
    [
      113,
      0.21296296296296297
    ],
    [
      114,
      0.16194331983805668
    ],
    [
      115,
      0.17500000000000002
    ],
    [
      116,
      0.18181818181818182
    ],
    [
      117,
      0.20338983050847456
    ],
    [
      118,
      0.16149068322981366
    ],
    [
      119,
      0.1282051282051282
    ],
    [
      120,
      0.14876033057851237
    ],
    [
      121,
      0.20472440944881892
    ],
    [
      122,
      0.10062893081761005
    ],
    [
      123,
      0.17989417989417988
    ],
    [
      124,
      0.17948717948717946
    ],
    [
      125,
      0.17751479289940827
    ],
    [
      126,
      0.20606060606060608
    ],
    [
      127,
      0.1818181818181818
    ],
    [
      128,
      0.21935483870967742
    ],
    [
      129,
      0.1686746987951807
    ],
    [
      130,
      0.18285714285714286
    ],
    [
      131,
      0.15384615384615383
    ],
    [
      132,
      0.1896551724137931
    ],
    [
      133,
      0.1621621621621622
    ],
    [
      134,
      0.2557077625570776
    ],
    [
      135,
      0.12
    ],
    [
      136,
      0.07272727272727272
    ],
    [
      137,
      0.21428571428571427
    ],
    [
      138,
      0.18556701030927836
    ],
    [
      139,
      0.12941176470588237
    ],
    [
      140,
      0.015873015873015872
    ],
    [
      141,
      0.28421052631578947
    ],
    [
      142,
      0.16190476190476188
    ],
    [
      143,
      0.1386138613861386
    ],
    [
      144,
      0.15555555555555556
    ],
    [
      145,
      0.14906832298136646
    ],
    [
      146,
      0.12307692307692307
    ],
    [
      147,
      0.2094240837696335
    ],
    [
      148,
      0.2692307692307692
    ],
    [
      149,
      0.15714285714285714
    ],
    [
      150,
      0.11510791366906475
    ],
    [
      151,
      0.23529411764705885
    ],
    [
      152,
      0.09836065573770492
    ],
    [
      153,
      0.25
    ],
    [
      154,
      0.1276595744680851
    ],
    [
      155,
      0.1566265060240964
    ],
    [
      156,
      0.18357487922705315
    ],
    [
      157,
      0.13513513513513514
    ],
    [
      158,
      0.21818181818181817
    ],
    [
      159,
      0.2644628099173554
    ],
    [
      160,
      0.1443298969072165
    ],
    [
      161,
