{
  "dataset": "QMSum",
  "num_samples": 200,
  "rouge1": 0.21188509621660462,
  "rouge2": 0.043693061716135566,
  "rougeL": 0.15031891501163258,
  "rougeLsum": 0.1516531982136265,
  "per_sample_rougeL": [
    [
      0,
      0.1276595744680851
    ],
    [
      1,
      0.22222222222222224
    ],
    [
      2,
      0.1414141414141414
    ],
    [
      3,
      0.1744186046511628
    ],
    [
      4,
      0.072992700729927
    ],
    [
      5,
      0.2413793103448276
    ],
    [
      6,
      0.18604651162790697
    ],
    [
      7,
      0.17964071856287422
    ],
    [
      8,
      0.1656050955414013
    ],
    [
      9,
      0.1702127659574468
    ],
    [
      10,
      0.10071942446043167
    ],
    [
      11,
      0.14634146341463414
    ],
    [
      12,
      0.21621621621621623
    ],
    [
      13,
      0.28140703517587945
    ],
    [
      14,
      0.1509433962264151
    ],
    [
      15,
      0.1111111111111111
    ],
    [
      16,
      0.17647058823529413
    ],
    [
      17,
      0.1
    ],
    [
      18,
      0.17142857142857143
    ],
    [
      19,
      0.12941176470588234
    ],
    [
      20,
      0.0945945945945946
    ],
    [
      21,
      0.16049382716049385
    ],
    [
      22,
      0.08391608391608392
    ],
    [
      23,
      0.13114754098360654
    ],
    [
      24,
      0.11458333333333334
    ],
    [
      25,
      0.08092485549132947
    ],
    [
      26,
      0.1910112359550562
    ],
    [
      27,
      0.15384615384615383
    ],
    [
      28,
      0.1111111111111111
    ],
    [
      29,
      0.1125
    ],
    [
      30,
      0.1264367816091954
    ],
    [
      31,
      0.12307692307692308
    ],
    [
      32,
      0.12834224598930483
    ],
    [
      33,
      0.08839779005524862
    ],
    [
      34,
      0.2435897435897436
    ],
    [
      35,
      0.20202020202020202
    ],
    [
      36,
      0.19101123595505617
    ],
    [
      37,
      0.08433734939759037
    ],
    [
      38,
      0.08433734939759037
    ],
    [
      39,
      0.07692307692307693
    ],
    [
      40,
      0.18032786885245902
    ],
    [
      41,
      0.16289592760180996
    ],
    [
      42,
      0.18264840182648404
    ],
    [
      43,
      0.1267605633802817
    ],
    [
      44,
      0.1530054644808743
    ],
    [
      45,
      0.12716763005780346
    ],
    [
      46,
      0.125
    ],
    [
      47,
      0.16748768472906403
    ],
    [
      48,
      0.07518796992481204
    ],
    [
      49,
      0.1893491124260355
    ],
    [
      50,
      0.20779220779220778
    ],
    [
      51,
      0.2844036697247706
    ],
    [
      52,
      0.14634146341463414
    ],
    [
      53,
      0.0
    ],
    [
      54,
      0.20454545454545456
    ],
    [
      55,
      0.17435897435897432
    ],
    [
      56,
      0.14285714285714285
    ],
    [
      57,
      0.11827956989247312
    ],
    [
      58,
      0.20869565217391306
    ],
    [
      59,
      0.20512820512820515
    ],
    [
      60,
      0.16129032258064516
    ],
    [
      61,
      0.06779661016949154
    ],
    [
      62,
      0.17424242424242423
    ],
    [
      63,
      0.09195402298850575
    ],
    [
      64,
      0.21333333333333332
    ],
    [
      65,
      0.16568047337278108
    ],
    [
      66,
      0.25
    ],
    [
      67,
      0.07792207792207792
    ],
    [
      68,
      0.12903225806451615
    ],
    [
      69,
      0.6358381502890172
    ],
    [
      70,
      0.1879194630872483
    ],
    [
      71,
      0.13333333333333333
    ],
    [
      72,
      0.18666666666666668
    ],
    [
      73,
      0.15151515151515152
    ],
    [
      74,
      0.13223140495867766
    ],
    [
      75,
      0.2009132420091324
    ],
    [
      76,
      0.13402061855670105
    ],
    [
      77,
      0.125
    ],
    [
      78,
      0.13471502590673576
    ],
    [
      79,
      0.13259668508287292
    ],
    [
      80,
      0.09852216748768472
    ],
    [
      81,
      0.14207650273224043
    ],
    [
      82,
      0.1847389558232932
    ],
    [
      83,
      0.15757575757575754
    ],
    [
      84,
      0.16113744075829384
    ],
    [
      85,
      0.10344827586206898
    ],
    [
      86,
      0.14814814814814814
    ],
    [
      87,
      0.13714285714285712
    ],
    [
      88,
      0.22317596566523604
    ],
    [
      89,
      0.10055865921787711
    ],
    [
      90,
      0.1809045226130653
    ],
    [
      91,
      0.14473684210526316
    ],
    [
      92,
      0.12048192771084339
    ],
    [
      93,
      0.19213973799126638
    ],
    [
      94,
      0.05369127516778523
    ],
    [
      95,
      0.17272727272727276
    ],
    [
      96,
      0.10480349344978165
    ],
    [
      97,
      0.12738853503184713
    ],
    [
      98,
      0.18848167539267013
    ],
    [
      99,
      0.09187279151943463
    ],
    [
      100,
      0.1348314606741573
    ],
    [
      101,
      0.24324324324324323
    ],
    [
      102,
      0.1164021164021164
    ],
    [
      103,
      0.15625000000000003
    ],
    [
      104,
      0.14965986394557823
    ],
    [
      105,
      0.1208791208791209
    ],
    [
      106,
      0.2081447963800905
    ],
    [
      107,
      0.11976047904191617
    ],
    [
      108,
      0.2011173184357542
    ],
    [
      109,
      0.19999999999999998
    ],
    [
      110,
      0.0880503144654088
    ],
    [
      111,
      0.10762331838565022
    ],
    [
      112,
      0.3050847457627119
    ],
    [
      113,
      0.034782608695652174
    ],
    [
      114,
      0.17213114754098363
    ],
    [
      115,
      0.12500000000000003
    ],
    [
      116,
      0.126984126984127
    ],
    [
      117,
      0.19428571428571426
    ],
    [
      118,
      0.12121212121212122
    ],
    [
      119,
      0.1793103448275862
    ],
    [
      120,
      0.017857142857142856
    ],
    [
      121,
      0.19672131147540986
    ],
    [
      122,
      0.1459227467811159
    ],
    [
      123,
      0.21782178217821782
    ],
    [
      124,
      0.09655172413793102
    ],
    [
      125,
      0.1807909604519774
    ],
    [
      126,
      0.155688622754491
    ],
    [
      127,
      0.15757575757575756
    ],
    [
      128,
      0.3271028037383178
    ],
    [
      129,
      0.20833333333333331
    ],
    [
      130,
      0.18085106382978722
    ],
    [
      131,
      0.11428571428571428
    ],
    [
      132,
      0.20994475138121546
    ],
    [
      133,
      0.16049382716049382
    ],
    [
      134,
      0.10309278350515463
    ],
    [
      135,
      0.11510791366906474
    ],
    [
      136,
      0.19047619047619052
    ],
    [
      137,
      0.16091954022988506
    ],
    [
      138,
      0.21276595744680854
    ],
    [
      139,
      0.09523809523809523
    ],
    [
      140,
      0.043795620437956206
    ],
    [
      141,
      0.31746031746031744
    ],
    [
      142,
      0.20359281437125748
    ],
    [
      143,
      0.11764705882352941
    ],
    [
      144,
      0.20618556701030927
    ],
    [
      145,
      0.10526315789473685
    ],
    [
      146,
      0.23474178403755866
    ],
    [
      147,
      0.1264367816091954
    ],
    [
      148,
      0.10526315789473684
    ],
    [
      149,
      0.13953488372093023
    ],
    [
      150,
      0.05128205128205128
    ],
    [
      151,
      0.10185185185185185
    ],
    [
      152,
      0.08196721311475409
    ],
    [
      153,
      0.20634920634920634
    ],
    [
      154,
      0.0
    ],
    [
      155,
      0.18478260869565216
    ],
    [
      156,
      0.11494252873563218
    ],
    [
      157,
      0.16
    ],
    [
      158,
      0.20994475138121546
    ],
    [
      159,
      0.19310344827586207
    ],
    [
      160,
      0.22325581395348837
    ],
    [
