{
  "dataset": "QMSum",
  "num_samples": 200,
  "rouge1": 0.27816828957489614,
  "rouge2": 0.07445601104954891,
  "rougeL": 0.1958410545475517,
  "rougeLsum": 0.19627604501082968,
  "per_sample_rougeL": [
    [
      0,
      0.26956521739130435
    ],
    [
      1,
      0.1568627450980392
    ],
    [
      2,
      0.2222222222222222
    ],
    [
      3,
      0.24000000000000002
    ],
    [
      4,
      0.13043478260869565
    ],
    [
      5,
      0.35602094240837695
    ],
    [
      6,
      0.12790697674418605
    ],
    [
      7,
      0.16568047337278105
    ],
    [
      8,
      0.19801980198019803
    ],
    [
      9,
      0.16949152542372883
    ],
    [
      10,
      0.20270270270270271
    ],
    [
      11,
      0.16585365853658535
    ],
    [
      12,
      0.23943661971830987
    ],
    [
      13,
      0.18446601941747573
    ],
    [
      14,
      0.1588785046728972
    ],
    [
      15,
      0.19672131147540986
    ],
    [
      16,
      0.18666666666666665
    ],
    [
      17,
      0.12359550561797754
    ],
    [
      18,
      0.16487455197132617
    ],
    [
      19,
      0.14130434782608695
    ],
    [
      20,
      0.111731843575419
    ],
    [
      21,
      0.21052631578947364
    ],
    [
      22,
      0.13496932515337423
    ],
    [
      23,
      0.2155688622754491
    ],
    [
      24,
      0.15789473684210525
    ],
    [
      25,
      0.226890756302521
    ],
    [
      26,
      0.22857142857142854
    ],
    [
      27,
      0.18518518518518515
    ],
    [
      28,
      0.27624309392265195
    ],
    [
      29,
      0.23391812865497078
    ],
    [
      30,
      0.1878453038674033
    ],
    [
      31,
      0.0958904109589041
    ],
    [
      32,
      0.12631578947368421
    ],
    [
      33,
      0.2094240837696335
    ],
    [
      34,
      0.1785714285714286
    ],
    [
      35,
      0.18090452261306533
    ],
    [
      36,
      0.1787709497206704
    ],
    [
      37,
      0.09142857142857143
    ],
    [
      38,
      0.1782178217821782
    ],
    [
      39,
      0.05714285714285714
    ],
    [
      40,
      0.21
    ],
    [
      41,
      0.2705314009661835
    ],
    [
      42,
      0.2374429223744292
    ],
    [
      43,
      0.2742857142857143
    ],
    [
      44,
      0.16853932584269662
    ],
    [
      45,
      0.16883116883116883
    ],
    [
      46,
      0.18055555555555558
    ],
    [
      47,
      0.1614906832298137
    ],
    [
      48,
      0.2222222222222222
    ],
    [
      49,
      0.22900763358778625
    ],
    [
      50,
      0.223463687150838
    ],
    [
      51,
      0.18461538461538457
    ],
    [
      52,
      0.15483870967741933
    ],
    [
      53,
      0.21666666666666667
    ],
    [
      54,
      0.29473684210526313
    ],
    [
      55,
      0.11764705882352941
    ],
    [
      56,
      0.16883116883116883
    ],
    [
      57,
      0.15492957746478875
    ],
    [
      58,
      0.36538461538461536
    ],
    [
      59,
      0.16793893129770993
    ],
    [
      60,
      0.27350427350427353
    ],
    [
      61,
      0.2954545454545454
    ],
    [
      62,
      0.14393939393939392
    ],
    [
      63,
      0.18072289156626506
    ],
    [
      64,
      0.24193548387096772
    ],
    [
      65,
      0.23999999999999996
    ],
    [
      66,
      0.17721518987341772
    ],
    [
      67,
      0.25609756097560976
    ],
    [
      68,
      0.30434782608695654
    ],
    [
      69,
      0.08284023668639054
    ],
    [
      70,
      0.3846153846153846
    ],
    [
      71,
      0.10256410256410257
    ],
    [
      72,
      0.18543046357615894
    ],
    [
      73,
      0.1492537313432836
    ],
    [
      74,
      0.16216216216216217
    ],
    [
      75,
      0.1565217391304348
    ],
    [
      76,
      0.11111111111111109
    ],
    [
      77,
      0.0945945945945946
    ],
    [
      78,
      0.20952380952380953
    ],
    [
      79,
      0.18478260869565216
    ],
    [
      80,
      0.18181818181818182
    ],
    [
      81,
      0.11627906976744186
    ],
    [
      82,
      0.1721311475409836
    ],
    [
      83,
      0.32051282051282054
    ],
    [
      84,
      0.19875776397515527
    ],
    [
      85,
      0.21212121212121213
    ],
    [
      86,
      0.1803921568627451
    ],
    [
      87,
      0.17073170731707318
    ],
    [
      88,
      0.18723404255319148
    ],
    [
      89,
      0.15463917525773194
    ],
    [
      90,
      0.23645320197044337
    ],
    [
      91,
      0.16438356164383564
    ],
    [
      92,
      0.21568627450980393
    ],
    [
      93,
      0.22784810126582278
    ],
    [
      94,
      0.08064516129032258
    ],
    [
      95,
      0.2017543859649123
    ],
    [
      96,
      0.20161290322580644
    ],
    [
      97,
      0.19631901840490798
    ],
    [
      98,
      0.12435233160621763
    ],
    [
      99,
      0.2809364548494983
    ],
    [
      100,
      0.2138364779874214
    ],
    [
      101,
      0.29213483146067415
    ],
    [
      102,
      0.2323232323232323
    ],
    [
      103,
      0.21164021164021163
    ],
    [
      104,
      0.21518987341772153
    ],
    [
      105,
      0.2872340425531915
    ],
    [
      106,
      0.16
    ],
    [
      107,
      0.11049723756906077
    ],
    [
      108,
      0.21348314606741572
    ],
    [
      109,
      0.20689655172413793
    ],
    [
      110,
      0.23280423280423282
    ],
    [
      111,
      0.23463687150837986
    ],
    [
      112,
      0.18750000000000003
    ],
    [
      113,
      0.2300884955752212
    ],
    [
      114,
      0.2745098039215686
    ],
    [
      115,
      0.12422360248447205
    ],
    [
      116,
      0.1691542288557214
    ],
    [
      117,
      0.16000000000000003
    ],
    [
      118,
      0.13924050632911394
    ],
    [
      119,
      0.12903225806451615
    ],
    [
      120,
      0.1693121693121693
    ],
    [
      121,
      0.17142857142857143
    ],
    [
      122,
      0.17316017316017313
    ],
    [
      123,
      0.17989417989417988
    ],
    [
      124,
      0.21794871794871798
    ],
    [
      125,
      0.25287356321839083
    ],
    [
      126,
      0.1893491124260355
    ],
    [
      127,
      0.25149700598802394
    ],
    [
      128,
      0.2547169811320754
    ],
    [
      129,
      0.3037974683544304
    ],
    [
      130,
      0.16753926701570682
    ],
    [
      131,
      0.18320610687022904
    ],
    [
      132,
      0.18439716312056736
    ],
    [
      133,
      0.08275862068965517
    ],
    [
      134,
      0.42152466367713004
    ],
    [
      135,
      0.29411764705882354
    ],
    [
      136,
      0.1520912547528517
    ],
    [
      137,
      0.19767441860465115
    ],
    [
      138,
      0.23834196891191706
    ],
    [
      139,
      0.14678899082568805
    ],
    [
      140,
      0.13496932515337423
    ],
    [
      141,
      0.34594594594594597
    ],
    [
      142,
      0.30769230769230765
    ],
    [
      143,
      0.1630901287553648
    ],
    [
      144,
      0.10471204188481675
    ],
    [
      145,
      0.07194244604316548
    ],
    [
      146,
      0.13265306122448983
    ],
    [
      147,
      0.17307692307692307
    ],
    [
      148,
      0.2777777777777778
    ],
    [
      149,
      0.14285714285714285
    ],
    [
      150,
      0.19999999999999998
    ],
    [
      151,
      0.23076923076923078
    ],
    [
      152,
      0.2553191489361702
    ],
    [
      153,
      0.20930232558139533
    ],
    [
      154,
      0.15068493150684933
    ],
    [
      155,
      0.12048192771084339
    ],
    [
      156,
      0.13793103448275865
    ],
    [
      157,
      0.1342281879194631
    ],
    [
      158,
      0.18691588785046728
    ],
    [
      159,
