{
  "dataset": "QMSum",
  "num_samples": 200,
  "rouge1": 0.31891978181230396,
  "rouge2": 0.08099667771408489,
  "rougeL": 0.20050306831134976,
  "rougeLsum": 0.20660811383880257,
  "per_sample_rougeL": [
    [
      0,
      0.27312775330396477
    ],
    [
      1,
      0.22549019607843138
    ],
    [
      2,
      0.19
    ],
    [
      3,
      0.18285714285714283
    ],
    [
      4,
      0.11851851851851852
    ],
    [
      5,
      0.29473684210526313
    ],
    [
      6,
      0.1818181818181818
    ],
    [
      7,
      0.1437125748502994
    ],
    [
      8,
      0.1910828025477707
    ],
    [
      9,
      0.16455696202531644
    ],
    [
      10,
      0.2119205298013245
    ],
    [
      11,
      0.20689655172413793
    ],
    [
      12,
      0.22535211267605632
    ],
    [
      13,
      0.26229508196721313
    ],
    [
      14,
      0.1851851851851852
    ],
    [
      15,
      0.14193548387096774
    ],
    [
      16,
      0.23076923076923075
    ],
    [
      17,
      0.2
    ],
    [
      18,
      0.16236162361623616
    ],
    [
      19,
      0.14689265536723164
    ],
    [
      20,
      0.14942528735632182
    ],
    [
      21,
      0.20253164556962025
    ],
    [
      22,
      0.16470588235294117
    ],
    [
      23,
      0.2439024390243902
    ],
    [
      24,
      0.1798941798941799
    ],
    [
      25,
      0.19827586206896555
    ],
    [
      26,
      0.16
    ],
    [
      27,
      0.13245033112582782
    ],
    [
      28,
      0.2233502538071066
    ],
    [
      29,
      0.13071895424836602
    ],
    [
      30,
      0.15469613259668508
    ],
    [
      31,
      0.1476510067114094
    ],
    [
      32,
      0.2604166666666667
    ],
    [
      33,
      0.19251336898395724
    ],
    [
      34,
      0.21428571428571427
    ],
    [
      35,
      0.233502538071066
    ],
    [
      36,
      0.18285714285714288
    ],
    [
      37,
      0.2094240837696335
    ],
    [
      38,
      0.14473684210526316
    ],
    [
      39,
      0.1678321678321678
    ],
    [
      40,
      0.19289340101522842
    ],
    [
      41,
      0.15165876777251183
    ],
    [
      42,
      0.16589861751152074
    ],
    [
      43,
      0.24096385542168677
    ],
    [
      44,
      0.17341040462427748
    ],
    [
      45,
      0.25316455696202533
    ],
    [
      46,
      0.1827956989247312
    ],
    [
      47,
      0.17910447761194026
    ],
    [
      48,
      0.2222222222222222
    ],
    [
      49,
      0.18713450292397657
    ],
    [
      50,
      0.192090395480226
    ],
    [
      51,
      0.17194570135746606
    ],
    [
      52,
      0.13664596273291926
    ],
    [
      53,
      0.17218543046357618
    ],
    [
      54,
      0.29714285714285715
    ],
    [
      55,
      0.14942528735632185
    ],
    [
      56,
      0.12162162162162161
    ],
    [
      57,
      0.15469613259668508
    ],
    [
      58,
      0.25
    ],
    [
      59,
      0.15706806282722513
    ],
    [
      60,
      0.22346368715083798
    ],
    [
      61,
      0.2716049382716049
    ],
    [
      62,
      0.2835820895522388
    ],
    [
      63,
      0.2209302325581395
    ],
    [
      64,
      0.21192052980132448
    ],
    [
      65,
      0.19631901840490795
    ],
    [
      66,
      0.23595505617977527
    ],
    [
      67,
      0.28193832599118945
    ],
    [
      68,
      0.14054054054054052
    ],
    [
      69,
      0.20689655172413793
    ],
    [
      70,
      0.23376623376623376
    ],
    [
      71,
      0.17073170731707316
    ],
    [
      72,
      0.17721518987341772
    ],
    [
      73,
      0.1890547263681592
    ],
    [
      74,
      0.15483870967741936
    ],
    [
      75,
      0.28959276018099545
    ],
    [
      76,
      0.16748768472906406
    ],
    [
      77,
      0.10666666666666667
    ],
    [
      78,
      0.21428571428571427
    ],
    [
      79,
      0.20994475138121546
    ],
    [
      80,
      0.20689655172413796
    ],
    [
      81,
      0.22702702702702704
    ],
    [
      82,
      0.1991701244813278
    ],
    [
      83,
      0.2038216560509554
    ],
    [
      84,
      0.18269230769230768
    ],
    [
      85,
      0.23115577889447236
    ],
    [
      86,
      0.34146341463414637
    ],
    [
      87,
      0.23463687150837986
    ],
    [
      88,
      0.21333333333333332
    ],
    [
      89,
      0.3619047619047619
    ],
    [
      90,
      0.22
    ],
    [
      91,
      0.18064516129032257
    ],
    [
      92,
      0.19653179190751444
    ],
    [
      93,
      0.2192982456140351
    ],
    [
      94,
      0.1780821917808219
    ],
    [
      95,
      0.20909090909090908
    ],
    [
      96,
      0.19834710743801653
    ],
    [
      97,
      0.23602484472049687
    ],
    [
      98,
      0.16580310880829016
    ],
    [
      99,
      0.2593856655290102
    ],
    [
      100,
      0.20454545454545456
    ],
    [
      101,
      0.2077922077922078
    ],
    [
      102,
      0.17989417989417988
    ],
    [
      103,
      0.21390374331550804
    ],
    [
      104,
      0.17218543046357615
    ],
    [
      105,
      0.3020833333333333
    ],
    [
      106,
      0.20535714285714288
    ],
    [
      107,
      0.19209039548022597
    ],
    [
      108,
      0.21590909090909088
    ],
    [
      109,
      0.21768707482993194
    ],
    [
      110,
      0.17486338797814208
    ],
    [
      111,
      0.24409448818897636
    ],
    [
      112,
      0.11956521739130435
    ],
    [
      113,
      0.3027522935779816
    ],
    [
      114,
      0.24193548387096775
    ],
    [
      115,
      0.17808219178082194
    ],
    [
      116,
      0.21875
    ],
    [
      117,
      0.17679558011049723
    ],
    [
      118,
      0.16149068322981366
    ],
    [
      119,
      0.25301204819277107
    ],
    [
      120,
      0.1452513966480447
    ],
    [
      121,
      0.19540229885057472
    ],
    [
      122,
      0.1447963800904977
    ],
    [
      123,
      0.19417475728155337
    ],
    [
      124,
      0.13513513513513514
    ],
    [
      125,
      0.1639344262295082
    ],
    [
      126,
      0.2181818181818182
    ],
    [
      127,
      0.25149700598802394
    ],
    [
      128,
      0.3867924528301887
    ],
    [
      129,
      0.2331288343558282
    ],
    [
      130,
      0.16753926701570682
    ],
    [
      131,
      0.17543859649122806
    ],
    [
      132,
      0.20765027322404372
    ],
    [
      133,
      0.1621621621621622
    ],
    [
      134,
      0.29357798165137616
    ],
    [
      135,
      0.18543046357615894
    ],
    [
      136,
      0.21011673151750973
    ],
    [
      137,
      0.16568047337278108
    ],
    [
      138,
      0.25396825396825395
    ],
    [
      139,
      0.13186813186813187
    ],
    [
      140,
      0.16091954022988506
    ],
    [
      141,
      0.4043715846994535
    ],
    [
      142,
      0.18095238095238095
    ],
    [
      143,
      0.20909090909090908
    ],
    [
      144,
      0.19487179487179485
    ],
    [
      145,
      0.1219512195121951
    ],
    [
      146,
      0.2857142857142857
    ],
    [
      147,
      0.18749999999999997
    ],
    [
      148,
      0.18750000000000003
    ],
    [
      149,
      0.16568047337278108
    ],
    [
      150,
      0.23204419889502761
    ],
    [
      151,
      0.22549019607843138
    ],
    [
      152,
      0.1984732824427481
    ],
    [
      153,
      0.13071895424836602
    ],
    [
      154,
      0.21333333333333335
    ],
    [
      155,
      0.21978021978021978
    ],
    [
      156,
      0.18446601941747573
    ],
    [
      157,
      0.11764705882352942
    ],
    [
      158,
      0.18681318681318682
    ],
    [
      159,
      0.18867924528301885
    ],
    [
      160,
