{
  "dataset": "QMSum",
  "num_samples": 200,
  "rouge1": 0.2047591455740045,
  "rouge2": 0.043958927839011674,
  "rougeL": 0.1526483932977335,
  "rougeLsum": 0.1491536937991254,
  "per_sample_rougeL": [
    [
      0,
      0.1518987341772152
    ],
    [
      1,
      0.2105263157894737
    ],
    [
      2,
      0.14563106796116504
    ],
    [
      3,
      0.15730337078651685
    ],
    [
      4,
      0.15384615384615385
    ],
    [
      5,
      0.22564102564102564
    ],
    [
      6,
      0.15028901734104047
    ],
    [
      7,
      0.09815950920245399
    ],
    [
      8,
      0.17500000000000002
    ],
    [
      9,
      0.1863354037267081
    ],
    [
      10,
      0.14184397163120568
    ],
    [
      11,
      0.20540540540540542
    ],
    [
      12,
      0.08888888888888888
    ],
    [
      13,
      0.2525252525252525
    ],
    [
      14,
      0.12556053811659193
    ],
    [
      15,
      0.0923076923076923
    ],
    [
      16,
      0.21705426356589147
    ],
    [
      17,
      0.20338983050847456
    ],
    [
      18,
      0.16911764705882354
    ],
    [
      19,
      0.13095238095238093
    ],
    [
      20,
      0.11180124223602485
    ],
    [
      21,
      0.15151515151515152
    ],
    [
      22,
      0.08974358974358974
    ],
    [
      23,
      0.1585365853658537
    ],
    [
      24,
      0.12371134020618559
    ],
    [
      25,
      0.0106951871657754
    ],
    [
      26,
      0.15028901734104044
    ],
    [
      27,
      0.06666666666666667
    ],
    [
      28,
      0.18181818181818185
    ],
    [
      29,
      0.12422360248447202
    ],
    [
      30,
      0.11627906976744186
    ],
    [
      31,
      0.1324503311258278
    ],
    [
      32,
      0.2608695652173913
    ],
    [
      33,
      0.1791044776119403
    ],
    [
      34,
      0.12269938650306747
    ],
    [
      35,
      0.23
    ],
    [
      36,
      0.1807909604519774
    ],
    [
      37,
      0.12560386473429952
    ],
    [
      38,
      0.10769230769230768
    ],
    [
      39,
      0.13888888888888887
    ],
    [
      40,
      0.16666666666666666
    ],
    [
      41,
      0.17194570135746606
    ],
    [
      42,
      0.12962962962962962
    ],
    [
      43,
      0.18181818181818182
    ],
    [
      44,
      0.034782608695652174
    ],
    [
      45,
      0.15853658536585366
    ],
    [
      46,
      0.1134020618556701
    ],
    [
      47,
      0.1696969696969697
    ],
    [
      48,
      0.14772727272727273
    ],
    [
      49,
      0.21153846153846154
    ],
    [
      50,
      0.15469613259668508
    ],
    [
      51,
      0.28571428571428575
    ],
    [
      52,
      0.03592814371257485
    ],
    [
      53,
      0.19230769230769232
    ],
    [
      54,
      0.24
    ],
    [
      55,
      0.18461538461538463
    ],
    [
      56,
      0.1761006289308176
    ],
    [
      57,
      0.11956521739130435
    ],
    [
      58,
      0.17582417582417584
    ],
    [
      59,
      0.14213197969543145
    ],
    [
      60,
      0.1724137931034483
    ],
    [
      61,
      0.1787709497206704
    ],
    [
      62,
      0.0693069306930693
    ],
    [
      63,
      0.125
    ],
    [
      64,
      0.2064516129032258
    ],
    [
      65,
      0.08571428571428572
    ],
    [
      66,
      0.253968253968254
    ],
    [
      67,
      0.07792207792207792
    ],
    [
      68,
      0.21052631578947367
    ],
    [
      69,
      0.6432748538011697
    ],
    [
      70,
      0.12162162162162163
    ],
    [
      71,
      0.13496932515337423
    ],
    [
      72,
      0.16568047337278108
    ],
    [
      73,
      0.09278350515463918
    ],
    [
      74,
      0.1408450704225352
    ],
    [
      75,
      0.23148148148148148
    ],
    [
      76,
      0.1739130434782609
    ],
    [
      77,
      0.15625
    ],
    [
      78,
      0.1919191919191919
    ],
    [
      79,
      0.14689265536723164
    ],
    [
      80,
      0.11822660098522167
    ],
    [
      81,
      0.15544041450777205
    ],
    [
      82,
      0.18410041841004182
    ],
    [
      83,
      0.18633540372670807
    ],
    [
      84,
      0.23645320197044334
    ],
    [
      85,
      0.18357487922705315
    ],
    [
      86,
      0.1700404858299595
    ],
    [
      87,
      0.1476510067114094
    ],
    [
      88,
      0.1694915254237288
    ],
    [
      89,
      0.10055865921787711
    ],
    [
      90,
      0.19487179487179487
    ],
    [
      91,
      0.1793103448275862
    ],
    [
      92,
      0.10256410256410256
    ],
    [
      93,
      0.064
    ],
    [
      94,
      0.1509433962264151
    ],
    [
      95,
      0.20087336244541484
    ],
    [
      96,
      0.07608695652173914
    ],
    [
      97,
      0.1076923076923077
    ],
    [
      98,
      0.15748031496062992
    ],
    [
      99,
      0.08627450980392157
    ],
    [
      100,
      0.11578947368421053
    ],
    [
      101,
      0.23312883435582818
    ],
    [
      102,
      0.1846153846153846
    ],
    [
      103,
      0.21621621621621623
    ],
    [
      104,
      0.19259259259259262
    ],
    [
      105,
      0.19047619047619047
    ],
    [
      106,
      0.2232558139534884
    ],
    [
      107,
      0.16759776536312848
    ],
    [
      108,
      0.21311475409836064
    ],
    [
      109,
      0.10606060606060606
    ],
    [
      110,
      0.1958041958041958
    ],
    [
      111,
      0.04597701149425288
    ],
    [
      112,
      0.11891891891891893
    ],
    [
      113,
      0.09565217391304347
    ],
    [
      114,
      0.11049723756906078
    ],
    [
      115,
      0.12738853503184713
    ],
    [
      116,
      0.18999999999999997
    ],
    [
      117,
      0.175
    ],
    [
      118,
      0.163265306122449
    ],
    [
      119,
      0.15476190476190477
    ],
    [
      120,
      0.15476190476190477
    ],
    [
      121,
      0.19354838709677416
    ],
    [
      122,
      0.1391304347826087
    ],
    [
      123,
      0.1320754716981132
    ],
    [
      124,
      0.08108108108108107
    ],
    [
      125,
      0.22471910112359553
    ],
    [
      126,
      0.22619047619047616
    ],
    [
      127,
      0.14666666666666667
    ],
    [
      128,
      0.15311004784688997
    ],
    [
      129,
      0.155688622754491
    ],
    [
      130,
      0.16842105263157897
    ],
    [
      131,
      0.1839080459770115
    ],
    [
      132,
      0.16853932584269662
    ],
    [
      133,
      0.09523809523809522
    ],
    [
      134,
      0.02777777777777778
    ],
    [
      135,
      0.1103448275862069
    ],
    [
      136,
      0.15555555555555556
    ],
    [
      137,
      0.15116279069767444
    ],
    [
      138,
      0.18085106382978722
    ],
    [
      139,
      0.10638297872340426
    ],
    [
      140,
      0.045454545454545456
    ],
    [
      141,
      0.30366492146596863
    ],
    [
      142,
      0.1509433962264151
    ],
    [
      143,
      0.09278350515463916
    ],
    [
      144,
      0.11392405063291139
    ],
    [
      145,
      0.13114754098360654
    ],
    [
      146,
      0.19811320754716982
    ],
    [
      147,
      0.16842105263157894
    ],
    [
      148,
      0.06349206349206349
    ],
    [
      149,
      0.16759776536312848
    ],
    [
      150,
      0.0392156862745098
    ],
    [
      151,
      0.14545454545454545
    ],
    [
      152,
      0.04511278195488722
    ],
    [
      153,
      0.15000000000000002
    ],
    [
      154,
      0.1267605633802817
    ],
    [
      155,
      0.08888888888888889
    ],
    [
      156,
      0.0
    ],
    [
      157,
      0.14965986394557826
    ],
    [
      158,
      0.22702702702702704
    ],
    [
      159,
      0.14285714285714285
    ],
    [
      160,
      0.2621359223300971
