{
  "dataset": "QMSum",
  "num_samples": 200,
  "rouge1": 0.3227375381361912,
  "rouge2": 0.08305418643023885,
  "rougeL": 0.20025652946833306,
  "rougeLsum": 0.2082000815865009,
  "per_sample_rougeL": [
    [
      0,
      0.20720720720720723
    ],
    [
      1,
      0.21212121212121213
    ],
    [
      2,
      0.20202020202020204
    ],
    [
      3,
      0.19101123595505617
    ],
    [
      4,
      0.13740458015267176
    ],
    [
      5,
      0.28421052631578947
    ],
    [
      6,
      0.16666666666666666
    ],
    [
      7,
      0.15476190476190477
    ],
    [
      8,
      0.14102564102564102
    ],
    [
      9,
      0.13924050632911394
    ],
    [
      10,
      0.22222222222222224
    ],
    [
      11,
      0.2318840579710145
    ],
    [
      12,
      0.22222222222222224
    ],
    [
      13,
      0.27272727272727276
    ],
    [
      14,
      0.22641509433962262
    ],
    [
      15,
      0.2251655629139073
    ],
    [
      16,
      0.1932367149758454
    ],
    [
      17,
      0.18285714285714286
    ],
    [
      18,
      0.13818181818181818
    ],
    [
      19,
      0.13333333333333333
    ],
    [
      20,
      0.18285714285714283
    ],
    [
      21,
      0.1568627450980392
    ],
    [
      22,
      0.1590909090909091
    ],
    [
      23,
      0.23312883435582823
    ],
    [
      24,
      0.18181818181818185
    ],
    [
      25,
      0.19130434782608693
    ],
    [
      26,
      0.18497109826589592
    ],
    [
      27,
      0.13580246913580246
    ],
    [
      28,
      0.19289340101522842
    ],
    [
      29,
      0.16279069767441862
    ],
    [
      30,
      0.14772727272727273
    ],
    [
      31,
      0.15492957746478872
    ],
    [
      32,
      0.2176165803108808
    ],
    [
      33,
      0.1791044776119403
    ],
    [
      34,
      0.20359281437125745
    ],
    [
      35,
      0.17085427135678394
    ],
    [
      36,
      0.20454545454545459
    ],
    [
      37,
      0.14814814814814814
    ],
    [
      38,
      0.16107382550335572
    ],
    [
      39,
      0.13513513513513514
    ],
    [
      40,
      0.19791666666666666
    ],
    [
      41,
      0.14953271028037382
    ],
    [
      42,
      0.17592592592592596
    ],
    [
      43,
      0.21301775147928997
    ],
    [
      44,
      0.19393939393939394
    ],
    [
      45,
      0.3151515151515152
    ],
    [
      46,
      0.17486338797814208
    ],
    [
      47,
      0.16915422885572137
    ],
    [
      48,
      0.26744186046511625
    ],
    [
      49,
      0.2261904761904762
    ],
    [
      50,
      0.20338983050847462
    ],
    [
      51,
      0.2777777777777778
    ],
    [
      52,
      0.1509433962264151
    ],
    [
      53,
      0.15294117647058822
    ],
    [
      54,
      0.24277456647398843
    ],
    [
      55,
      0.16753926701570682
    ],
    [
      56,
      0.16883116883116883
    ],
    [
      57,
      0.12154696132596685
    ],
    [
      58,
      0.24444444444444446
    ],
    [
      59,
      0.1780104712041885
    ],
    [
      60,
      0.1878453038674033
    ],
    [
      61,
      0.26744186046511625
    ],
    [
      62,
      0.2867647058823529
    ],
    [
      63,
      0.16666666666666666
    ],
    [
      64,
      0.2222222222222222
    ],
    [
      65,
      0.2360248447204969
    ],
    [
      66,
      0.22099447513812154
    ],
    [
      67,
      0.23529411764705882
    ],
    [
      68,
      0.16216216216216217
    ],
    [
      69,
      0.28735632183908044
    ],
    [
      70,
      0.2158273381294964
    ],
    [
      71,
      0.1566265060240964
    ],
    [
      72,
      0.16455696202531644
    ],
    [
      73,
      0.20202020202020202
    ],
    [
      74,
      0.16993464052287582
    ],
    [
      75,
      0.30697674418604654
    ],
    [
      76,
      0.1414141414141414
    ],
    [
      77,
      0.18421052631578946
    ],
    [
      78,
      0.22105263157894736
    ],
    [
      79,
      0.22826086956521738
    ],
    [
      80,
      0.23684210526315788
    ],
    [
      81,
      0.21390374331550804
    ],
    [
      82,
      0.18032786885245902
    ],
    [
      83,
      0.20512820512820512
    ],
    [
      84,
      0.17733990147783252
    ],
    [
      85,
      0.23300970873786406
    ],
    [
      86,
      0.30645161290322587
    ],
    [
      87,
      0.23121387283236994
    ],
    [
      88,
      0.20353982300884954
    ],
    [
      89,
      0.30331753554502366
    ],
    [
      90,
      0.14285714285714288
    ],
    [
      91,
      0.16883116883116883
    ],
    [
      92,
      0.17543859649122806
    ],
    [
      93,
      0.2096069868995633
    ],
    [
      94,
      0.1342281879194631
    ],
    [
      95,
      0.25225225225225223
    ],
    [
      96,
      0.20408163265306123
    ],
    [
      97,
      0.24691358024691357
    ],
    [
      98,
      0.18556701030927839
    ],
    [
      99,
      0.26666666666666666
    ],
    [
      100,
      0.24444444444444444
    ],
    [
      101,
      0.23225806451612904
    ],
    [
      102,
      0.2105263157894737
    ],
    [
      103,
      0.20253164556962025
    ],
    [
      104,
      0.18543046357615894
    ],
    [
      105,
      0.3061224489795918
    ],
    [
      106,
      0.24545454545454543
    ],
    [
      107,
      0.18681318681318682
    ],
    [
      108,
      0.23728813559322032
    ],
    [
      109,
      0.21768707482993194
    ],
    [
      110,
      0.2111111111111111
    ],
    [
      111,
      0.26666666666666666
    ],
    [
      112,
      0.2285714285714286
    ],
    [
      113,
      0.2805429864253393
    ],
    [
      114,
      0.27199999999999996
    ],
    [
      115,
      0.1466666666666667
    ],
    [
      116,
      0.1711229946524064
    ],
    [
      117,
      0.25581395348837205
    ],
    [
      118,
      0.16455696202531644
    ],
    [
      119,
      0.23809523809523808
    ],
    [
      120,
      0.14444444444444446
    ],
    [
      121,
      0.19428571428571428
    ],
    [
      122,
      0.1688888888888889
    ],
    [
      123,
      0.1890547263681592
    ],
    [
      124,
      0.12244897959183672
    ],
    [
      125,
      0.17777777777777778
    ],
    [
      126,
      0.20118343195266272
    ],
    [
      127,
      0.2261904761904762
    ],
    [
      128,
      0.2559241706161137
    ],
    [
      129,
      0.22754491017964074
    ],
    [
      130,
      0.18181818181818182
    ],
    [
      131,
      0.21176470588235294
    ],
    [
      132,
      0.20454545454545456
    ],
    [
      133,
      0.16326530612244897
    ],
    [
      134,
      0.24434389140271495
    ],
    [
      135,
      0.14102564102564105
    ],
    [
      136,
      0.18032786885245902
    ],
    [
      137,
      0.17647058823529413
    ],
    [
      138,
      0.23958333333333334
    ],
    [
      139,
      0.12290502793296088
    ],
    [
      140,
      0.17177914110429449
    ],
    [
      141,
      0.3333333333333333
    ],
    [
      142,
      0.14150943396226418
    ],
    [
      143,
      0.19909502262443438
    ],
    [
      144,
      0.17801047120418848
    ],
    [
      145,
      0.11320754716981131
    ],
    [
      146,
      0.3271028037383178
    ],
    [
      147,
      0.15706806282722513
    ],
    [
      148,
      0.16901408450704225
    ],
    [
      149,
      0.15476190476190477
    ],
    [
      150,
      0.1967213114754098
    ],
    [
      151,
      0.2058823529411765
    ],
    [
      152,
      0.13846153846153844
    ],
    [
      153,
      0.13071895424836602
    ],
    [
      154,
      0.15492957746478875
    ],
    [
      155,
      0.19540229885057472
    ],
    [
      156,
      0.18627450980392155
    ],
    [
      157,
      0.13333333333333333
    ],
    [
      158,
