{
  "dataset": "QMSum",
  "num_samples": 200,
  "rouge1": 0.2900636866136472,
  "rouge2": 0.07186924548042214,
  "rougeL": 0.19074824583920985,
  "rougeLsum": 0.1945073838067412,
  "per_sample_rougeL": [
    [
      0,
      0.20444444444444443
    ],
    [
      1,
      0.18439716312056736
    ],
    [
      2,
      0.21904761904761905
    ],
    [
      3,
      0.16759776536312848
    ],
    [
      4,
      0.14173228346456693
    ],
    [
      5,
      0.23225806451612904
    ],
    [
      6,
      0.136986301369863
    ],
    [
      7,
      0.17142857142857146
    ],
    [
      8,
      0.21428571428571425
    ],
    [
      9,
      0.17218543046357615
    ],
    [
      10,
      0.174496644295302
    ],
    [
      11,
      0.2048780487804878
    ],
    [
      12,
      0.24460431654676257
    ],
    [
      13,
      0.18556701030927833
    ],
    [
      14,
      0.17757009345794392
    ],
    [
      15,
      0.17910447761194032
    ],
    [
      16,
      0.1941747572815534
    ],
    [
      17,
      0.11363636363636363
    ],
    [
      18,
      0.16504854368932037
    ],
    [
      19,
      0.09523809523809523
    ],
    [
      20,
      0.1348314606741573
    ],
    [
      21,
      0.2549019607843137
    ],
    [
      22,
      0.22222222222222224
    ],
    [
      23,
      0.21428571428571427
    ],
    [
      24,
      0.13223140495867766
    ],
    [
      25,
      0.2403846153846154
    ],
    [
      26,
      0.2485875706214689
    ],
    [
      27,
      0.12738853503184713
    ],
    [
      28,
      0.19642857142857142
    ],
    [
      29,
      0.19607843137254902
    ],
    [
      30,
      0.15384615384615385
    ],
    [
      31,
      0.13157894736842105
    ],
    [
      32,
      0.20725388601036268
    ],
    [
      33,
      0.192
    ],
    [
      34,
      0.10191082802547771
    ],
    [
      35,
      0.169811320754717
    ],
    [
      36,
      0.16574585635359115
    ],
    [
      37,
      0.19672131147540983
    ],
    [
      38,
      0.16666666666666666
    ],
    [
      39,
      0.05714285714285714
    ],
    [
      40,
      0.18
    ],
    [
      41,
      0.14150943396226415
    ],
    [
      42,
      0.10062893081761007
    ],
    [
      43,
      0.21965317919075145
    ],
    [
      44,
      0.22399999999999998
    ],
    [
      45,
      0.12658227848101267
    ],
    [
      46,
      0.21348314606741575
    ],
    [
      47,
      0.15568862275449102
    ],
    [
      48,
      0.25287356321839083
    ],
    [
      49,
      0.2275449101796407
    ],
    [
      50,
      0.23121387283236994
    ],
    [
      51,
      0.22727272727272727
    ],
    [
      52,
      0.16049382716049382
    ],
    [
      53,
      0.19642857142857145
    ],
    [
      54,
      0.25
    ],
    [
      55,
      0.15037593984962408
    ],
    [
      56,
      0.19199999999999998
    ],
    [
      57,
      0.0710059171597633
    ],
    [
      58,
      0.3314917127071823
    ],
    [
      59,
      0.2073170731707317
    ],
    [
      60,
      0.2097902097902098
    ],
    [
      61,
      0.18518518518518515
    ],
    [
      62,
      0.14393939393939392
    ],
    [
      63,
      0.17142857142857143
    ],
    [
      64,
      0.20000000000000004
    ],
    [
      65,
      0.17283950617283952
    ],
    [
      66,
      0.2962962962962963
    ],
    [
      67,
      0.10309278350515465
    ],
    [
      68,
      0.2087912087912088
    ],
    [
      69,
      0.6358381502890172
    ],
    [
      70,
      0.28125000000000006
    ],
    [
      71,
      0.12612612612612614
    ],
    [
      72,
      0.22222222222222224
    ],
    [
      73,
      0.13930348258706468
    ],
    [
      74,
      0.13924050632911394
    ],
    [
      75,
      0.2336448598130841
    ],
    [
      76,
      0.1518987341772152
    ],
    [
      77,
      0.14285714285714288
    ],
    [
      78,
      0.17708333333333331
    ],
    [
      79,
      0.21978021978021978
    ],
    [
      80,
      0.12682926829268293
    ],
    [
      81,
      0.11627906976744186
    ],
    [
      82,
      0.17283950617283952
    ],
    [
      83,
      0.25
    ],
    [
      84,
      0.1650485436893204
    ],
    [
      85,
      0.1758241758241758
    ],
    [
      86,
      0.13389121338912136
    ],
    [
      87,
      0.1744186046511628
    ],
    [
      88,
      0.12727272727272726
    ],
    [
      89,
      0.15463917525773194
    ],
    [
      90,
      0.21105527638190952
    ],
    [
      91,
      0.1891891891891892
    ],
    [
      92,
      0.1801801801801802
    ],
    [
      93,
      0.20353982300884957
    ],
    [
      94,
      0.3010752688172043
    ],
    [
      95,
      0.20087336244541484
    ],
    [
      96,
      0.18699186991869918
    ],
    [
      97,
      0.25477707006369427
    ],
    [
      98,
      0.17679558011049726
    ],
    [
      99,
      0.1450381679389313
    ],
    [
      100,
      0.2594594594594595
    ],
    [
      101,
      0.28571428571428575
    ],
    [
      102,
      0.2686567164179104
    ],
    [
      103,
      0.20105820105820102
    ],
    [
      104,
      0.19999999999999998
    ],
    [
      105,
      0.22110552763819097
    ],
    [
      106,
      0.1651376146788991
    ],
    [
      107,
      0.18439716312056736
    ],
    [
      108,
      0.27745664739884396
    ],
    [
      109,
      0.18181818181818182
    ],
    [
      110,
      0.2608695652173913
    ],
    [
      111,
      0.26515151515151514
    ],
    [
      112,
      0.14583333333333334
    ],
    [
      113,
      0.28125
    ],
    [
      114,
      0.2755905511811024
    ],
    [
      115,
      0.16774193548387098
    ],
    [
      116,
      0.17708333333333334
    ],
    [
      117,
      0.2528735632183908
    ],
    [
      118,
      0.1626016260162602
    ],
    [
      119,
      0.12903225806451615
    ],
    [
      120,
      0.17699115044247785
    ],
    [
      121,
      0.17808219178082188
    ],
    [
      122,
      0.15044247787610618
    ],
    [
      123,
      0.17989417989417988
    ],
    [
      124,
      0.16883116883116883
    ],
    [
      125,
      0.17297297297297298
    ],
    [
      126,
      0.1927710843373494
    ],
    [
      127,
      0.19444444444444448
    ],
    [
      128,
      0.15126050420168066
    ],
    [
      129,
      0.2592592592592593
    ],
    [
      130,
      0.22105263157894736
    ],
    [
      131,
      0.16417910447761194
    ],
    [
      132,
      0.21666666666666665
    ],
    [
      133,
      0.1506849315068493
    ],
    [
      134,
      0.28193832599118945
    ],
    [
      135,
      0.12765957446808512
    ],
    [
      136,
      0.13584905660377358
    ],
    [
      137,
      0.16279069767441862
    ],
    [
      138,
      0.24742268041237114
    ],
    [
      139,
      0.16393442622950818
    ],
    [
      140,
      0.07194244604316546
    ],
    [
      141,
      0.23157894736842105
    ],
    [
      142,
      0.2222222222222222
    ],
    [
      143,
      0.2061855670103093
    ],
    [
      144,
      0.09424083769633508
    ],
    [
      145,
      0.0662251655629139
    ],
    [
      146,
      0.13402061855670103
    ],
    [
      147,
      0.1616161616161616
    ],
    [
      148,
      0.2222222222222222
    ],
    [
      149,
      0.19540229885057472
    ],
    [
      150,
      0.31764705882352945
    ],
    [
      151,
      0.2748091603053435
    ],
    [
      152,
      0.2727272727272727
    ],
    [
      153,
      0.26229508196721313
    ],
    [
      154,
      0.1232876712328767
    ],
    [
      155,
      0.4198895027624309
    ],
    [
      156,
      0.19354838709677416
    ],
    [
      157,
      0.2857142857142857
    ],
    [
      158,
      0.272
    ],
    [
      159,
      0.19631901840490795
    ],
    [
      160,
