{
  "dataset": "QMSum",
  "num_samples": 200,
  "rouge1": 0.20255799484048148,
  "rouge2": 0.043180839285479354,
  "rougeL": 0.15621599973409647,
  "rougeLsum": 0.15156584363279285,
  "per_sample_rougeL": [
    [
      0,
      0.16593886462882096
    ],
    [
      1,
      0.23414634146341465
    ],
    [
      2,
      0.1890547263681592
    ],
    [
      3,
      0.16666666666666666
    ],
    [
      4,
      0.09638554216867469
    ],
    [
      5,
      0.25396825396825395
    ],
    [
      6,
      0.17241379310344826
    ],
    [
      7,
      0.15568862275449102
    ],
    [
      8,
      0.20560747663551404
    ],
    [
      9,
      0.20869565217391303
    ],
    [
      10,
      0.1388888888888889
    ],
    [
      11,
      0.17475728155339806
    ],
    [
      12,
      0.1925925925925926
    ],
    [
      13,
      0.2626262626262626
    ],
    [
      14,
      0.18518518518518517
    ],
    [
      15,
      0.15625
    ],
    [
      16,
      0.2380952380952381
    ],
    [
      17,
      0.18823529411764706
    ],
    [
      18,
      0.16911764705882354
    ],
    [
      19,
      0.0
    ],
    [
      20,
      0.1219512195121951
    ],
    [
      21,
      0.17073170731707318
    ],
    [
      22,
      0.08235294117647059
    ],
    [
      23,
      0.2073170731707317
    ],
    [
      24,
      0.06185567010309279
    ],
    [
      25,
      0.0115606936416185
    ],
    [
      26,
      0.1311475409836066
    ],
    [
      27,
      0.1509433962264151
    ],
    [
      28,
      0.08839779005524862
    ],
    [
      29,
      0.14857142857142858
    ],
    [
      30,
      0.1607142857142857
    ],
    [
      31,
      0.12738853503184713
    ],
    [
      32,
      0.13756613756613756
    ],
    [
      33,
      0.21782178217821782
    ],
    [
      34,
      0.2105263157894737
    ],
    [
      35,
      0.22448979591836735
    ],
    [
      36,
      0.17777777777777778
    ],
    [
      37,
      0.10285714285714286
    ],
    [
      38,
      0.1375
    ],
    [
      39,
      0.08108108108108109
    ],
    [
      40,
      0.1691542288557214
    ],
    [
      41,
      0.18099547511312214
    ],
    [
      42,
      0.09569377990430622
    ],
    [
      43,
      0.1746031746031746
    ],
    [
      44,
      0.19318181818181818
    ],
    [
      45,
      0.19753086419753085
    ],
    [
      46,
      0.1477832512315271
    ],
    [
      47,
      0.12560386473429955
    ],
    [
      48,
      0.17297297297297298
    ],
    [
      49,
      0.14857142857142858
    ],
    [
      50,
      0.11956521739130434
    ],
    [
      51,
      0.2347417840375587
    ],
    [
      52,
      0.11042944785276074
    ],
    [
      53,
      0.16091954022988506
    ],
    [
      54,
      0.22471910112359547
    ],
    [
      55,
      0.21989528795811517
    ],
    [
      56,
      0.014598540145985403
    ],
    [
      57,
      0.09523809523809523
    ],
    [
      58,
      0.16393442622950818
    ],
    [
      59,
      0.17021276595744683
    ],
    [
      60,
      0.18478260869565216
    ],
    [
      61,
      0.23668639053254437
    ],
    [
      62,
      0.16727272727272727
    ],
    [
      63,
      0.010869565217391304
    ],
    [
      64,
      0.2105263157894737
    ],
    [
      65,
      0.14814814814814814
    ],
    [
      66,
      0.27536231884057966
    ],
    [
      67,
      0.07792207792207792
    ],
    [
      68,
      0.15384615384615385
    ],
    [
      69,
      0.6432748538011697
    ],
    [
      70,
      0.20547945205479454
    ],
    [
      71,
      0.2208588957055215
    ],
    [
      72,
      0.15950920245398773
    ],
    [
      73,
      0.1485148514851485
    ],
    [
      74,
      0.08974358974358976
    ],
    [
      75,
      0.07766990291262135
    ],
    [
      76,
      0.16585365853658537
    ],
    [
      77,
      0.08275862068965517
    ],
    [
      78,
      0.23076923076923078
    ],
    [
      79,
      0.20571428571428574
    ],
    [
      80,
      0.13658536585365855
    ],
    [
      81,
      0.1847826086956522
    ],
    [
      82,
      0.20325203252032517
    ],
    [
      83,
      0.19753086419753088
    ],
    [
      84,
      0.2549019607843137
    ],
    [
      85,
      0.21904761904761905
    ],
    [
      86,
      0.14342629482071714
    ],
    [
      87,
      0.16853932584269662
    ],
    [
      88,
      0.19658119658119658
    ],
    [
      89,
      0.18461538461538463
    ],
    [
      90,
      0.20100502512562815
    ],
    [
      91,
      0.10126582278481014
    ],
    [
      92,
      0.0790960451977401
    ],
    [
      93,
      0.09395973154362415
    ],
    [
      94,
      0.11464968152866242
    ],
    [
      95,
      0.2222222222222222
    ],
    [
      96,
      0.17721518987341772
    ],
    [
      97,
      0.12422360248447205
    ],
    [
      98,
      0.12435233160621763
    ],
    [
      99,
      0.05577689243027889
    ],
    [
      100,
      0.10309278350515463
    ],
    [
      101,
      0.14754098360655737
    ],
    [
      102,
      0.17708333333333334
    ],
    [
      103,
      0.13756613756613756
    ],
    [
      104,
      0.15894039735099336
    ],
    [
      105,
      0.25
    ],
    [
      106,
      0.19130434782608696
    ],
    [
      107,
      0.15789473684210525
    ],
    [
      108,
      0.1956521739130435
    ],
    [
      109,
      0.10294117647058824
    ],
    [
      110,
      0.07643312101910828
    ],
    [
      111,
      0.03243243243243243
    ],
    [
      112,
      0.0879120879120879
    ],
    [
      113,
      0.21238938053097345
    ],
    [
      114,
      0.10695187165775402
    ],
    [
      115,
      0.10256410256410255
    ],
    [
      116,
      0.15533980582524273
    ],
    [
      117,
      0.18994413407821228
    ],
    [
      118,
      0.11612903225806452
    ],
    [
      119,
      0.15294117647058825
    ],
    [
      120,
      0.14207650273224043
    ],
    [
      121,
      0.12359550561797751
    ],
    [
      122,
      0.15859030837004406
    ],
    [
      123,
      0.04255319148936171
    ],
    [
      124,
      0.10596026490066225
    ],
    [
      125,
      0.1904761904761905
    ],
    [
      126,
      0.16766467065868262
    ],
    [
      127,
      0.1234567901234568
    ],
    [
      128,
      0.24186046511627907
    ],
    [
      129,
      0.1686746987951807
    ],
    [
      130,
      0.1780104712041885
    ],
    [
      131,
      0.11560693641618495
    ],
    [
      132,
      0.2185792349726776
    ],
    [
      133,
      0.125
    ],
    [
      134,
      0.10810810810810811
    ],
    [
      135,
      0.07751937984496124
    ],
    [
      136,
      0.20224719101123595
    ],
    [
      137,
      0.15028901734104044
    ],
    [
      138,
      0.2421052631578947
    ],
    [
      139,
      0.10416666666666666
    ],
    [
      140,
      0.07194244604316546
    ],
    [
      141,
      0.2931937172774869
    ],
    [
      142,
      0.11981566820276499
    ],
    [
      143,
      0.11398963730569948
    ],
    [
      144,
      0.1875
    ],
    [
      145,
      0.1509433962264151
    ],
    [
      146,
      0.09944751381215469
    ],
    [
      147,
      0.07407407407407408
    ],
    [
      148,
      0.15172413793103448
    ],
    [
      149,
      0.06818181818181819
    ],
    [
      150,
      0.18579234972677594
    ],
    [
      151,
      0.2311557788944724
    ],
    [
      152,
      0.13114754098360654
    ],
    [
      153,
      0.12903225806451613
    ],
    [
      154,
      0.17105263157894737
    ],
    [
      155,
      0.12658227848101264
    ],
    [
      156,
      0.027777777777777776
    ],
    [
      157,
      0.12000000000000001
    ],
    [
      158,
      0.25641025641025644
    ],
    [
      159,
      0.17045454545454544
    ],
    [
      160,
