{
  "dataset": "QMSum",
  "num_samples": 200,
  "rouge1": 0.3106201028086438,
  "rouge2": 0.07114163719415739,
  "rougeL": 0.18936230069049256,
  "rougeLsum": 0.19796125862905684,
  "per_sample_rougeL": [
    [
      0,
      0.2368421052631579
    ],
    [
      1,
      0.20895522388059698
    ],
    [
      2,
      0.16243654822335027
    ],
    [
      3,
      0.1797752808988764
    ],
    [
      4,
      0.14173228346456693
    ],
    [
      5,
      0.25
    ],
    [
      6,
      0.17857142857142858
    ],
    [
      7,
      0.16666666666666666
    ],
    [
      8,
      0.16774193548387098
    ],
    [
      9,
      0.17834394904458598
    ],
    [
      10,
      0.1342281879194631
    ],
    [
      11,
      0.1818181818181818
    ],
    [
      12,
      0.22535211267605632
    ],
    [
      13,
      0.2885572139303482
    ],
    [
      14,
      0.18433179723502308
    ],
    [
      15,
      0.18064516129032257
    ],
    [
      16,
      0.1941747572815534
    ],
    [
      17,
      0.17441860465116282
    ],
    [
      18,
      0.16974169741697415
    ],
    [
      19,
      0.13407821229050282
    ],
    [
      20,
      0.1183431952662722
    ],
    [
      21,
      0.17834394904458598
    ],
    [
      22,
      0.17441860465116282
    ],
    [
      23,
      0.16993464052287582
    ],
    [
      24,
      0.20105820105820105
    ],
    [
      25,
      0.21367521367521367
    ],
    [
      26,
      0.3859649122807018
    ],
    [
      27,
      0.13071895424836602
    ],
    [
      28,
      0.17647058823529413
    ],
    [
      29,
      0.16091954022988506
    ],
    [
      30,
      0.16304347826086957
    ],
    [
      31,
      0.1408450704225352
    ],
    [
      32,
      0.23834196891191708
    ],
    [
      33,
      0.1890547263681592
    ],
    [
      34,
      0.1951219512195122
    ],
    [
      35,
      0.22335025380710663
    ],
    [
      36,
      0.19318181818181818
    ],
    [
      37,
      0.18085106382978727
    ],
    [
      38,
      0.14379084967320263
    ],
    [
      39,
      0.16326530612244897
    ],
    [
      40,
      0.15384615384615383
    ],
    [
      41,
      0.3285024154589372
    ],
    [
      42,
      0.13658536585365852
    ],
    [
      43,
      0.23668639053254437
    ],
    [
      44,
      0.1477272727272727
    ],
    [
      45,
      0.16149068322981366
    ],
    [
      46,
      0.16580310880829016
    ],
    [
      47,
      0.19900497512437812
    ],
    [
      48,
      0.2033898305084746
    ],
    [
      49,
      0.20000000000000004
    ],
    [
      50,
      0.19428571428571428
    ],
    [
      51,
      0.1784037558685446
    ],
    [
      52,
      0.16774193548387098
    ],
    [
      53,
      0.15028901734104047
    ],
    [
      54,
      0.20238095238095238
    ],
    [
      55,
      0.1627906976744186
    ],
    [
      56,
      0.1610738255033557
    ],
    [
      57,
      0.13714285714285715
    ],
    [
      58,
      0.2598870056497175
    ],
    [
      59,
      0.1904761904761905
    ],
    [
      60,
      0.23728813559322032
    ],
    [
      61,
      0.28571428571428575
    ],
    [
      62,
      0.23443223443223443
    ],
    [
      63,
      0.19161676646706588
    ],
    [
      64,
      0.22077922077922074
    ],
    [
      65,
      0.17721518987341775
    ],
    [
      66,
      0.19653179190751444
    ],
    [
      67,
      0.2488479262672811
    ],
    [
      68,
      0.15642458100558657
    ],
    [
      69,
      0.18518518518518515
    ],
    [
      70,
      0.25757575757575757
    ],
    [
      71,
      0.2138364779874214
    ],
    [
      72,
      0.2138364779874214
    ],
    [
      73,
      0.15306122448979592
    ],
    [
      74,
      0.13157894736842105
    ],
    [
      75,
      0.26291079812206575
    ],
    [
      76,
      0.16042780748663102
    ],
    [
      77,
      0.125
    ],
    [
      78,
      0.1925133689839572
    ],
    [
      79,
      0.17582417582417584
    ],
    [
      80,
      0.18433179723502305
    ],
    [
      81,
      0.16949152542372878
    ],
    [
      82,
      0.18487394957983194
    ],
    [
      83,
      0.16249999999999998
    ],
    [
      84,
      0.19607843137254902
    ],
    [
      85,
      0.22660098522167488
    ],
    [
      86,
      0.32653061224489793
    ],
    [
      87,
      0.2033898305084746
    ],
    [
      88,
      0.23008849557522124
    ],
    [
      89,
      0.3564356435643564
    ],
    [
      90,
      0.15706806282722516
    ],
    [
      91,
      0.16216216216216214
    ],
    [
      92,
      0.16176470588235295
    ],
    [
      93,
      0.19213973799126638
    ],
    [
      94,
      0.16666666666666666
    ],
    [
      95,
      0.23423423423423423
    ],
    [
      96,
      0.21666666666666662
    ],
    [
      97,
      0.1910828025477707
    ],
    [
      98,
      0.17435897435897435
    ],
    [
      99,
      0.22377622377622378
    ],
    [
      100,
      0.1714285714285714
    ],
    [
      101,
      0.22641509433962265
    ],
    [
      102,
      0.14659685863874347
    ],
    [
      103,
      0.19565217391304346
    ],
    [
      104,
      0.22368421052631574
    ],
    [
      105,
      0.28
    ],
    [
      106,
      0.20720720720720723
    ],
    [
      107,
      0.17679558011049723
    ],
    [
      108,
      0.20689655172413793
    ],
    [
      109,
      0.19867549668874174
    ],
    [
      110,
      0.2485207100591716
    ],
    [
      111,
      0.23715415019762848
    ],
    [
      112,
      0.20652173913043476
    ],
    [
      113,
      0.21052631578947367
    ],
    [
      114,
      0.2122448979591837
    ],
    [
      115,
      0.18666666666666665
    ],
    [
      116,
      0.14285714285714285
    ],
    [
      117,
      0.21348314606741572
    ],
    [
      118,
      0.16774193548387098
    ],
    [
      119,
      0.18518518518518517
    ],
    [
      120,
      0.17204301075268816
    ],
    [
      121,
      0.16470588235294117
    ],
    [
      122,
      0.16744186046511628
    ],
    [
      123,
      0.14778325123152708
    ],
    [
      124,
      0.13333333333333333
    ],
    [
      125,
      0.11904761904761904
    ],
    [
      126,
      0.2278481012658228
    ],
    [
      127,
      0.22754491017964076
    ],
    [
      128,
      0.21782178217821785
    ],
    [
      129,
      0.18404907975460122
    ],
    [
      130,
      0.1702127659574468
    ],
    [
      131,
      0.16470588235294117
    ],
    [
      132,
      0.20224719101123595
    ],
    [
      133,
      0.19999999999999998
    ],
    [
      134,
      0.27433628318584075
    ],
    [
      135,
      0.17834394904458598
    ],
    [
      136,
      0.16535433070866143
    ],
    [
      137,
      0.1951219512195122
    ],
    [
      138,
      0.23157894736842105
    ],
    [
      139,
      0.12359550561797754
    ],
    [
      140,
      0.1437125748502994
    ],
    [
      141,
      0.23529411764705882
    ],
    [
      142,
      0.1683168316831683
    ],
    [
      143,
      0.24
    ],
    [
      144,
      0.17857142857142858
    ],
    [
      145,
      0.12987012987012986
    ],
    [
      146,
      0.1904761904761905
    ],
    [
      147,
      0.12222222222222225
    ],
    [
      148,
      0.16923076923076924
    ],
    [
      149,
      0.14201183431952663
    ],
    [
      150,
      0.2127659574468085
    ],
    [
      151,
      0.19289340101522842
    ],
    [
      152,
      0.17322834645669294
    ],
    [
      153,
      0.14864864864864866
    ],
    [
      154,
      0.16551724137931034
    ],
    [
      155,
      0.16091954022988506
    ],
    [
      156,
      0.1616161616161616
    ],
    [
      157,
      0.14765100671140938
    ],
    [
      158,
      0.19209039548022597
    ],
    [
      159,
      0.16470588235294117
    ],
