{
  "dataset": "QMSum",
  "num_samples": 200,
  "rouge1": 0.28017516619323046,
  "rouge2": 0.06613314711942947,
  "rougeL": 0.18735720929091193,
  "rougeLsum": 0.18805301941057814,
  "per_sample_rougeL": [
    [
      0,
      0.20353982300884954
    ],
    [
      1,
      0.22549019607843138
    ],
    [
      2,
      0.1708542713567839
    ],
    [
      3,
      0.2222222222222222
    ],
    [
      4,
      0.13953488372093023
    ],
    [
      5,
      0.2887700534759359
    ],
    [
      6,
      0.19101123595505617
    ],
    [
      7,
      0.14285714285714288
    ],
    [
      8,
      0.13664596273291924
    ],
    [
      9,
      0.1948051948051948
    ],
    [
      10,
      0.18543046357615894
    ],
    [
      11,
      0.23414634146341465
    ],
    [
      12,
      0.15503875968992248
    ],
    [
      13,
      0.23880597014925373
    ],
    [
      14,
      0.19266055045871558
    ],
    [
      15,
      0.13245033112582782
    ],
    [
      16,
      0.21463414634146344
    ],
    [
      17,
      0.25862068965517243
    ],
    [
      18,
      0.11510791366906475
    ],
    [
      19,
      0.16666666666666666
    ],
    [
      20,
      0.14201183431952663
    ],
    [
      21,
      0.17177914110429449
    ],
    [
      22,
      0.1871345029239766
    ],
    [
      23,
      0.23030303030303031
    ],
    [
      24,
      0.15463917525773194
    ],
    [
      25,
      0.21008403361344538
    ],
    [
      26,
      0.13872832369942195
    ],
    [
      27,
      0.11999999999999998
    ],
    [
      28,
      0.16666666666666669
    ],
    [
      29,
      0.16279069767441862
    ],
    [
      30,
      0.1797752808988764
    ],
    [
      31,
      0.1891891891891892
    ],
    [
      32,
      0.20202020202020204
    ],
    [
      33,
      0.198019801980198
    ],
    [
      34,
      0.2275449101796407
    ],
    [
      35,
      0.1683168316831683
    ],
    [
      36,
      0.1581920903954802
    ],
    [
      37,
      0.16666666666666669
    ],
    [
      38,
      0.1456953642384106
    ],
    [
      39,
      0.21476510067114093
    ],
    [
      40,
      0.1761658031088083
    ],
    [
      41,
      0.15023474178403756
    ],
    [
      42,
      0.11981566820276496
    ],
    [
      43,
      0.25287356321839083
    ],
    [
      44,
      0.1530054644808743
    ],
    [
      45,
      0.1744186046511628
    ],
    [
      46,
      0.1923076923076923
    ],
    [
      47,
      0.15075376884422112
    ],
    [
      48,
      0.1807909604519774
    ],
    [
      49,
      0.18285714285714288
    ],
    [
      50,
      0.15476190476190477
    ],
    [
      51,
      0.2304147465437788
    ],
    [
      52,
      0.1656050955414013
    ],
    [
      53,
      0.1893491124260355
    ],
    [
      54,
      0.21348314606741572
    ],
    [
      55,
      0.13259668508287292
    ],
    [
      56,
      0.1830065359477124
    ],
    [
      57,
      0.13829787234042554
    ],
    [
      58,
      0.20224719101123598
    ],
    [
      59,
      0.1904761904761905
    ],
    [
      60,
      0.17142857142857143
    ],
    [
      61,
      0.19767441860465118
    ],
    [
      62,
      0.28787878787878785
    ],
    [
      63,
      0.16470588235294117
    ],
    [
      64,
      0.17333333333333334
    ],
    [
      65,
      0.28750000000000003
    ],
    [
      66,
      0.24864864864864863
    ],
    [
      67,
      0.24
    ],
    [
      68,
      0.16574585635359115
    ],
    [
      69,
      0.1546961325966851
    ],
    [
      70,
      0.19999999999999998
    ],
    [
      71,
      0.15254237288135594
    ],
    [
      72,
      0.17333333333333334
    ],
    [
      73,
      0.16748768472906406
    ],
    [
      74,
      0.11320754716981134
    ],
    [
      75,
      0.21100917431192662
    ],
    [
      76,
      0.14778325123152708
    ],
    [
      77,
      0.07999999999999999
    ],
    [
      78,
      0.1809045226130653
    ],
    [
      79,
      0.21857923497267762
    ],
    [
      80,
      0.18584070796460175
    ],
    [
      81,
      0.15469613259668505
    ],
    [
      82,
      0.24691358024691357
    ],
    [
      83,
      0.16455696202531644
    ],
    [
      84,
      0.25120772946859904
    ],
    [
      85,
      0.20289855072463772
    ],
    [
      86,
      0.19607843137254902
    ],
    [
      87,
      0.22598870056497175
    ],
    [
      88,
      0.16814159292035397
    ],
    [
      89,
      0.3047619047619048
    ],
    [
      90,
      0.18461538461538463
    ],
    [
      91,
      0.1456953642384106
    ],
    [
      92,
      0.1818181818181818
    ],
    [
      93,
      0.23076923076923078
    ],
    [
      94,
      0.17687074829931973
    ],
    [
      95,
      0.18340611353711792
    ],
    [
      96,
      0.22950819672131145
    ],
    [
      97,
      0.1728395061728395
    ],
    [
      98,
      0.16326530612244897
    ],
    [
      99,
      0.27303754266211605
    ],
    [
      100,
      0.1758241758241758
    ],
    [
      101,
      0.18292682926829265
    ],
    [
      102,
      0.22564102564102562
    ],
    [
      103,
      0.2210526315789474
    ],
    [
      104,
      0.17105263157894737
    ],
    [
      105,
      0.2446808510638298
    ],
    [
      106,
      0.20444444444444446
    ],
    [
      107,
      0.20540540540540542
    ],
    [
      108,
      0.24
    ],
    [
      109,
      0.21621621621621626
    ],
    [
      110,
      0.21978021978021978
    ],
    [
      111,
      0.3023255813953488
    ],
    [
      112,
      0.21989528795811517
    ],
    [
      113,
      0.25688073394495414
    ],
    [
      114,
      0.2157676348547718
    ],
    [
      115,
      0.16783216783216784
    ],
    [
      116,
      0.08849557522123895
    ],
    [
      117,
      0.14525139664804468
    ],
    [
      118,
      0.1935483870967742
    ],
    [
      119,
      0.1761006289308176
    ],
    [
      120,
      0.21505376344086022
    ],
    [
      121,
      0.1787709497206704
    ],
    [
      122,
      0.16666666666666666
    ],
    [
      123,
      0.25365853658536586
    ],
    [
      124,
      0.2077922077922078
    ],
    [
      125,
      0.1899441340782123
    ],
    [
      126,
      0.20987654320987656
    ],
    [
      127,
      0.2261904761904762
    ],
    [
      128,
      0.2549019607843137
    ],
    [
      129,
      0.175
    ],
    [
      130,
      0.14893617021276595
    ],
    [
      131,
      0.13953488372093023
    ],
    [
      132,
      0.22950819672131145
    ],
    [
      133,
      0.16774193548387095
    ],
    [
      134,
      0.24324324324324328
    ],
    [
      135,
      0.10526315789473684
    ],
    [
      136,
      0.17293233082706766
    ],
    [
      137,
      0.19631901840490795
    ],
    [
      138,
      0.24731182795698922
    ],
    [
      139,
      0.1325966850828729
    ],
    [
      140,
      0.15730337078651685
    ],
    [
      141,
      0.24175824175824173
    ],
    [
      142,
      0.15311004784688997
    ],
    [
      143,
      0.20909090909090908
    ],
    [
      144,
      0.233502538071066
    ],
    [
      145,
      0.1476510067114094
    ],
    [
      146,
      0.2592592592592593
    ],
    [
      147,
      0.12765957446808512
    ],
    [
      148,
      0.1282051282051282
    ],
    [
      149,
      0.1511627906976744
    ],
    [
      150,
      0.18652849740932642
    ],
    [
      151,
      0.2296650717703349
    ],
    [
      152,
      0.0967741935483871
    ],
    [
      153,
      0.13924050632911394
    ],
    [
      154,
      0.1589403973509934
    ],
    [
      155,
      0.1839080459770115
    ],
    [
      156,
      0.16190476190476188
    ],
    [
      157,
      0.09333333333333334
    ],
    [
      158,
      0.18579234972677594
    ],
    [
      159,
      0.16969696969696965
    ],
