{
  "dataset": "QMSum",
  "num_samples": 200,
  "rouge1": 0.27932817826372414,
  "rouge2": 0.06379238527107517,
  "rougeL": 0.18636516756825716,
  "rougeLsum": 0.18689132909614425,
  "per_sample_rougeL": [
    [
      0,
      0.23008849557522124
    ],
    [
      1,
      0.22772277227722773
    ],
    [
      2,
      0.18357487922705312
    ],
    [
      3,
      0.192090395480226
    ],
    [
      4,
      0.11111111111111112
    ],
    [
      5,
      0.24489795918367346
    ],
    [
      6,
      0.18285714285714286
    ],
    [
      7,
      0.17964071856287422
    ],
    [
      8,
      0.15
    ],
    [
      9,
      0.16666666666666666
    ],
    [
      10,
      0.2206896551724138
    ],
    [
      11,
      0.17647058823529413
    ],
    [
      12,
      0.14666666666666667
    ],
    [
      13,
      0.23000000000000004
    ],
    [
      14,
      0.2191780821917808
    ],
    [
      15,
      0.18064516129032257
    ],
    [
      16,
      0.2
    ],
    [
      17,
      0.18285714285714286
    ],
    [
      18,
      0.12996389891696752
    ],
    [
      19,
      0.1694915254237288
    ],
    [
      20,
      0.12941176470588237
    ],
    [
      21,
      0.18064516129032257
    ],
    [
      22,
      0.11299435028248588
    ],
    [
      23,
      0.17391304347826086
    ],
    [
      24,
      0.2131979695431472
    ],
    [
      25,
      0.20425531914893616
    ],
    [
      26,
      0.2569832402234637
    ],
    [
      27,
      0.1342281879194631
    ],
    [
      28,
      0.18719211822660098
    ],
    [
      29,
      0.16091954022988506
    ],
    [
      30,
      0.18888888888888886
    ],
    [
      31,
      0.17567567567567569
    ],
    [
      32,
      0.21000000000000002
    ],
    [
      33,
      0.21105527638190952
    ],
    [
      34,
      0.20987654320987653
    ],
    [
      35,
      0.2040816326530612
    ],
    [
      36,
      0.21468926553672316
    ],
    [
      37,
      0.1752577319587629
    ],
    [
      38,
      0.12499999999999997
    ],
    [
      39,
      0.19178082191780824
    ],
    [
      40,
      0.18999999999999997
    ],
    [
      41,
      0.18604651162790695
    ],
    [
      42,
      0.19444444444444445
    ],
    [
      43,
      0.25287356321839083
    ],
    [
      44,
      0.19889502762430938
    ],
    [
      45,
      0.13095238095238096
    ],
    [
      46,
      0.18090452261306533
    ],
    [
      47,
      0.15763546798029557
    ],
    [
      48,
      0.18181818181818185
    ],
    [
      49,
      0.16374269005847952
    ],
    [
      50,
      0.16091954022988506
    ],
    [
      51,
      0.24657534246575344
    ],
    [
      52,
      0.1794871794871795
    ],
    [
      53,
      0.15950920245398773
    ],
    [
      54,
      0.21468926553672316
    ],
    [
      55,
      0.1797752808988764
    ],
    [
      56,
      0.16666666666666666
    ],
    [
      57,
      0.16304347826086957
    ],
    [
      58,
      0.1724137931034483
    ],
    [
      59,
      0.20618556701030927
    ],
    [
      60,
      0.1967213114754098
    ],
    [
      61,
      0.18181818181818182
    ],
    [
      62,
      0.27692307692307694
    ],
    [
      63,
      0.1893491124260355
    ],
    [
      64,
      0.2014388489208633
    ],
    [
      65,
      0.18404907975460122
    ],
    [
      66,
      0.25274725274725274
    ],
    [
      67,
      0.22026431718061673
    ],
    [
      68,
      0.12154696132596685
    ],
    [
      69,
      0.16304347826086954
    ],
    [
      70,
      0.19178082191780818
    ],
    [
      71,
      0.15204678362573096
    ],
    [
      72,
      0.17105263157894737
    ],
    [
      73,
      0.16666666666666666
    ],
    [
      74,
      0.14102564102564102
    ],
    [
      75,
      0.2262443438914027
    ],
    [
      76,
      0.1844660194174757
    ],
    [
      77,
      0.10738255033557048
    ],
    [
      78,
      0.20408163265306123
    ],
    [
      79,
      0.18579234972677594
    ],
    [
      80,
      0.17857142857142855
    ],
    [
      81,
      0.14893617021276595
    ],
    [
      82,
      0.18032786885245902
    ],
    [
      83,
      0.21250000000000002
    ],
    [
      84,
      0.2583732057416268
    ],
    [
      85,
      0.24038461538461536
    ],
    [
      86,
      0.23809523809523808
    ],
    [
      87,
      0.2105263157894737
    ],
    [
      88,
      0.17467248908296945
    ],
    [
      89,
      0.18357487922705315
    ],
    [
      90,
      0.1836734693877551
    ],
    [
      91,
      0.15789473684210528
    ],
    [
      92,
      0.16560509554140126
    ],
    [
      93,
      0.24561403508771928
    ],
    [
      94,
      0.189873417721519
    ],
    [
      95,
      0.19913419913419916
    ],
    [
      96,
      0.16733067729083664
    ],
    [
      97,
      0.198019801980198
    ],
    [
      98,
      0.16580310880829016
    ],
    [
      99,
      0.2422145328719723
    ],
    [
      100,
      0.1978021978021978
    ],
    [
      101,
      0.17834394904458598
    ],
    [
      102,
      0.21761658031088085
    ],
    [
      103,
      0.17801047120418848
    ],
    [
      104,
      0.196078431372549
    ],
    [
      105,
      0.2210526315789474
    ],
    [
      106,
      0.17840375586854457
    ],
    [
      107,
      0.18947368421052632
    ],
    [
      108,
      0.27932960893854747
    ],
    [
      109,
      0.16216216216216214
    ],
    [
      110,
      0.20105820105820105
    ],
    [
      111,
      0.2911877394636015
    ],
    [
      112,
      0.15789473684210525
    ],
    [
      113,
      0.19999999999999998
    ],
    [
      114,
      0.22310756972111556
    ],
    [
      115,
      0.174496644295302
    ],
    [
      116,
      0.18652849740932642
    ],
    [
      117,
      0.17679558011049723
    ],
    [
      118,
      0.175
    ],
    [
      119,
      0.19277108433734938
    ],
    [
      120,
      0.1827956989247312
    ],
    [
      121,
      0.15555555555555556
    ],
    [
      122,
      0.15111111111111108
    ],
    [
      123,
      0.22110552763819097
    ],
    [
      124,
      0.19999999999999996
    ],
    [
      125,
      0.16574585635359115
    ],
    [
      126,
      0.21052631578947367
    ],
    [
      127,
      0.16766467065868265
    ],
    [
      128,
      0.21153846153846154
    ],
    [
      129,
      0.18072289156626506
    ],
    [
      130,
      0.13541666666666666
    ],
    [
      131,
      0.11904761904761904
    ],
    [
      132,
      0.2087912087912088
    ],
    [
      133,
      0.15894039735099336
    ],
    [
      134,
      0.2643171806167401
    ],
    [
      135,
      0.12162162162162161
    ],
    [
      136,
      0.1691176470588235
    ],
    [
      137,
      0.1696969696969697
    ],
    [
      138,
      0.23280423280423282
    ],
    [
      139,
      0.10810810810810811
    ],
    [
      140,
      0.16766467065868262
    ],
    [
      141,
      0.35978835978835977
    ],
    [
      142,
      0.16822429906542055
    ],
    [
      143,
      0.19004524886877827
    ],
    [
      144,
      0.21761658031088082
    ],
    [
      145,
      0.15584415584415584
    ],
    [
      146,
      0.2429906542056075
    ],
    [
      147,
      0.14814814814814817
    ],
    [
      148,
      0.125
    ],
    [
      149,
      0.16279069767441862
    ],
    [
      150,
      0.1693121693121693
    ],
    [
      151,
      0.18357487922705315
    ],
    [
      152,
      0.07518796992481203
    ],
    [
      153,
      0.12658227848101267
    ],
    [
      154,
      0.19607843137254902
    ],
    [
      155,
      0.1627906976744186
    ],
    [
      156,
      0.21359223300970875
    ],
    [
      157,
      0.11188811188811189
    ],
    [
      158,
      0.2222222222222222
    ],
    [
      159,
      0.18072289156626506
    ],
