{
  "dataset": "QMSum",
  "num_samples": 200,
  "rouge1": 0.20783701001168214,
  "rouge2": 0.024886540792086922,
  "rougeL": 0.1272052493862759,
  "rougeLsum": 0.13881760944507396,
  "per_sample_rougeL": [
    [
      0,
      0.11578947368421053
    ],
    [
      1,
      0.12429378531073446
    ],
    [
      2,
      0.10810810810810811
    ],
    [
      3,
      0.13253012048192772
    ],
    [
      4,
      0.034482758620689655
    ],
    [
      5,
      0.14857142857142855
    ],
    [
      6,
      0.130718954248366
    ],
    [
      7,
      0.12162162162162161
    ],
    [
      8,
      0.10989010989010989
    ],
    [
      9,
      0.10958904109589042
    ],
    [
      10,
      0.09708737864077668
    ],
    [
      11,
      0.18627450980392152
    ],
    [
      12,
      0.11428571428571427
    ],
    [
      13,
      0.18518518518518517
    ],
    [
      14,
      0.14864864864864866
    ],
    [
      15,
      0.10062893081761005
    ],
    [
      16,
      0.1971830985915493
    ],
    [
      17,
      0.13793103448275865
    ],
    [
      18,
      0.12454212454212454
    ],
    [
      19,
      0.08633093525179857
    ],
    [
      20,
      0.0736196319018405
    ],
    [
      21,
      0.2028985507246377
    ],
    [
      22,
      0.11976047904191617
    ],
    [
      23,
      0.11678832116788322
    ],
    [
      24,
      0.0
    ],
    [
      25,
      0.05555555555555555
    ],
    [
      26,
      0.1103448275862069
    ],
    [
      27,
      0.15827338129496404
    ],
    [
      28,
      0.11340206185567012
    ],
    [
      29,
      0.14102564102564102
    ],
    [
      30,
      0
    ],
    [
      31,
      0.11538461538461538
    ],
    [
      32,
      0.1595744680851064
    ],
    [
      33,
      0.14070351758793967
    ],
    [
      34,
      0.13253012048192772
    ],
    [
      35,
      0.18000000000000002
    ],
    [
      36,
      0.1896551724137931
    ],
    [
      37,
      0.12972972972972974
    ],
    [
      38,
      0.16666666666666666
    ],
    [
      39,
      0.15172413793103448
    ],
    [
      40,
      0.125
    ],
    [
      41,
      0.1574074074074074
    ],
    [
      42,
      0.1262135922330097
    ],
    [
      43,
      0.12121212121212122
    ],
    [
      44,
      0.11042944785276074
    ],
    [
      45,
      0.13414634146341464
    ],
    [
      46,
      0.1116751269035533
    ],
    [
      47,
      0.11891891891891893
    ],
    [
      48,
      0.1523809523809524
    ],
    [
      49,
      0.13095238095238096
    ],
    [
      50,
      0.14857142857142858
    ],
    [
      51,
      0.15228426395939085
    ],
    [
      52,
      0.048780487804878044
    ],
    [
      53,
      0.125
    ],
    [
      54,
      0.15294117647058825
    ],
    [
      55,
      0.13924050632911392
    ],
    [
      56,
      0.136986301369863
    ],
    [
      57,
      0.13259668508287292
    ],
    [
      58,
      0.12941176470588234
    ],
    [
      59,
      0.147239263803681
    ],
    [
      60,
      0.15584415584415587
    ],
    [
      61,
      0.11695906432748537
    ],
    [
      62,
      0.1323529411764706
    ],
    [
      63,
      0.11627906976744189
    ],
    [
      64,
      0.09210526315789475
    ],
    [
      65,
      0.2
    ],
    [
      66,
      0.19047619047619047
    ],
    [
      67,
      0.1218274111675127
    ],
    [
      68,
      0.0979020979020979
    ],
    [
      69,
      0.14545454545454545
    ],
    [
      70,
      0.12328767123287672
    ],
    [
      71,
      0.0880503144654088
    ],
    [
      72,
      0.14473684210526316
    ],
    [
      73,
      0.16580310880829016
    ],
    [
      74,
      0.1103448275862069
    ],
    [
      75,
      0.12999999999999998
    ],
    [
      76,
      0.1450777202072539
    ],
    [
      77,
      0.10606060606060604
    ],
    [
      78,
      0.12154696132596686
    ],
    [
      79,
      0.13872832369942195
    ],
    [
      80,
      0.06060606060606061
    ],
    [
      81,
      0.09523809523809523
    ],
    [
      82,
      0.16666666666666666
    ],
    [
      83,
      0.16216216216216217
    ],
    [
      84,
      0.16999999999999998
    ],
    [
      85,
      0.13559322033898305
    ],
    [
      86,
      0.1509433962264151
    ],
    [
      87,
      0.14193548387096772
    ],
    [
      88,
      0.13513513513513511
    ],
    [
      89,
      0.21739130434782605
    ],
    [
      90,
      0.12290502793296089
    ],
    [
      91,
      0.09999999999999999
    ],
    [
      92,
      0.19753086419753085
    ],
    [
      93,
      0.08333333333333334
    ],
    [
      94,
      0.09210526315789473
    ],
    [
      95,
      0.18584070796460178
    ],
    [
      96,
      0.1531914893617021
    ],
    [
      97,
      0.09929078014184396
    ],
    [
      98,
      0.09589041095890412
    ],
    [
      99,
      0.20689655172413793
    ],
    [
      100,
      0.08695652173913045
    ],
    [
      101,
      0.136986301369863
    ],
    [
      102,
      0.12612612612612611
    ],
    [
      103,
      0.125
    ],
    [
      104,
      0.1984732824427481
    ],
    [
      105,
      0.15217391304347827
    ],
    [
      106,
      0.13513513513513514
    ],
    [
      107,
      0.10975609756097561
    ],
    [
      108,
      0.13333333333333333
    ],
    [
      109,
      0.09259259259259259
    ],
    [
      110,
      0.06993006993006994
    ],
    [
      111,
      0.0410958904109589
    ],
    [
      112,
      0.1229050279329609
    ],
    [
      113,
      0.09523809523809523
    ],
    [
      114,
      0.1440677966101695
    ],
    [
      115,
      0.1818181818181818
    ],
    [
      116,
      0.15254237288135591
    ],
    [
      117,
      0.0
    ],
    [
      118,
      0.10084033613445377
    ],
    [
      119,
      0.1282051282051282
    ],
    [
      120,
      0.16
    ],
    [
      121,
      0.078125
    ],
    [
      122,
      0.09278350515463918
    ],
    [
      123,
      0.15920398009950248
    ],
    [
      124,
      0.11678832116788321
    ],
    [
      125,
      0.15
    ],
    [
      126,
      0.13924050632911392
    ],
    [
      127,
      0.12403100775193798
    ],
    [
      128,
      0.21568627450980393
    ],
    [
      129,
      0.16969696969696968
    ],
    [
      130,
      0.16304347826086957
    ],
    [
      131,
      0.09448818897637797
    ],
    [
      132,
      0.198019801980198
    ],
    [
      133,
      0.10810810810810811
    ],
    [
      134,
      0.10204081632653061
    ],
    [
      135,
      0.13559322033898305
    ],
    [
      136,
      0.14516129032258066
    ],
    [
      137,
      0.17177914110429449
    ],
    [
      138,
      0.23008849557522124
    ],
    [
      139,
      0.09625668449197862
    ],
    [
      140,
      0.1111111111111111
    ],
    [
      141,
      0.19689119170984457
    ],
    [
      142,
      0.1818181818181818
    ],
    [
      143,
      0.12444444444444444
    ],
    [
      144,
      0.09890109890109891
    ],
    [
      145,
      0.10884353741496598
    ],
    [
      146,
      0.16744186046511628
    ],
    [
      147,
      0.12500000000000003
    ],
    [
      148,
      0.1090909090909091
    ],
    [
      149,
      0.14705882352941174
    ],
    [
      150,
      0.11023622047244094
    ],
    [
      151,
      0.1923076923076923
    ],
    [
      152,
      0.05405405405405405
    ],
    [
      153,
      0.14473684210526314
    ],
    [
      154,
      0.03773584905660377
    ],
    [
      155,
      0.11904761904761904
    ],
    [
      156,
      0.13333333333333333
    ],
    [
      157,
      0.12962962962962962
    ],
    [
      158,
      0.10071942446043165
    ],
    [
      159,
      0.0
    ],
    [
      160,
      0.13333333333333333
    ],
    [
      161,
      0.12413793103448276
    ],
