{
  "dataset": "QMSum",
  "num_samples": 200,
  "rouge1": 0.2763216098573489,
  "rouge2": 0.05318690120523649,
  "rougeL": 0.16826678749513363,
  "rougeLsum": 0.17862276785368014,
  "per_sample_rougeL": [
    [
      0,
      0.23788546255506607
    ],
    [
      1,
      0.19801980198019803
    ],
    [
      2,
      0.17821782178217824
    ],
    [
      3,
      0.18934911242603553
    ],
    [
      4,
      0.18000000000000002
    ],
    [
      5,
      0.13071895424836602
    ],
    [
      6,
      0.25
    ],
    [
      7,
      0.1437908496732026
    ],
    [
      8,
      0.1794871794871795
    ],
    [
      9,
      0.18749999999999997
    ],
    [
      10,
      0.1408450704225352
    ],
    [
      11,
      0.11976047904191615
    ],
    [
      12,
      0.13207547169811323
    ],
    [
      13,
      0.21649484536082475
    ],
    [
      14,
      0.22857142857142856
    ],
    [
      15,
      0.14473684210526316
    ],
    [
      16,
      0.19
    ],
    [
      17,
      0.19607843137254902
    ],
    [
      18,
      0.13584905660377358
    ],
    [
      19,
      0.12154696132596685
    ],
    [
      20,
      0.14285714285714285
    ],
    [
      21,
      0.14102564102564102
    ],
    [
      22,
      0.1518987341772152
    ],
    [
      23,
      0.175
    ],
    [
      24,
      0.16666666666666669
    ],
    [
      25,
      0.18264840182648404
    ],
    [
      26,
      0.10975609756097561
    ],
    [
      27,
      0.08264462809917356
    ],
    [
      28,
      0.18274111675126903
    ],
    [
      29,
      0.1744186046511628
    ],
    [
      30,
      0.15469613259668508
    ],
    [
      31,
      0.16216216216216217
    ],
    [
      32,
      0.19289340101522842
    ],
    [
      33,
      0.1990049751243781
    ],
    [
      34,
      0.18072289156626506
    ],
    [
      35,
      0.18090452261306533
    ],
    [
      36,
      0.1951219512195122
    ],
    [
      37,
      0.12903225806451613
    ],
    [
      38,
      0.13333333333333333
    ],
    [
      39,
      0.1360544217687075
    ],
    [
      40,
      0.17085427135678394
    ],
    [
      41,
      0.14423076923076922
    ],
    [
      42,
      0.15533980582524273
    ],
    [
      43,
      0.1702127659574468
    ],
    [
      44,
      0.13414634146341464
    ],
    [
      45,
      0.1212121212121212
    ],
    [
      46,
      0.21105527638190952
    ],
    [
      47,
      0.1782178217821782
    ],
    [
      48,
      0.19767441860465115
    ],
    [
      49,
      0.1032258064516129
    ],
    [
      50,
      0.17751479289940827
    ],
    [
      51,
      0.1826923076923077
    ],
    [
      52,
      0.15853658536585366
    ],
    [
      53,
      0.15568862275449102
    ],
    [
      54,
      0.16470588235294117
    ],
    [
      55,
      0.2076502732240437
    ],
    [
      56,
      0.16883116883116883
    ],
    [
      57,
      0.15819209039548024
    ],
    [
      58,
      0.15819209039548024
    ],
    [
      59,
      0.160427807486631
    ],
    [
      60,
      0.20765027322404372
    ],
    [
      61,
      0.18604651162790697
    ],
    [
      62,
      0.24354243542435422
    ],
    [
      63,
      0.18633540372670807
    ],
    [
      64,
      0.10144927536231883
    ],
    [
      65,
      0.18518518518518517
    ],
    [
      66,
      0.17857142857142855
    ],
    [
      67,
      0.20779220779220778
    ],
    [
      68,
      0.13793103448275862
    ],
    [
      69,
      0.11235955056179775
    ],
    [
      70,
      0.136986301369863
    ],
    [
      71,
      0.1090909090909091
    ],
    [
      72,
      0.20779220779220778
    ],
    [
      73,
      0.20100502512562815
    ],
    [
      74,
      0.1294964028776978
    ],
    [
      75,
      0.1895734597156398
    ],
    [
      76,
      0.13541666666666663
    ],
    [
      77,
      0.08695652173913043
    ],
    [
      78,
      0.21649484536082475
    ],
    [
      79,
      0.2162162162162162
    ],
    [
      80,
      0.17467248908296942
    ],
    [
      81,
      0.16304347826086957
    ],
    [
      82,
      0.1916666666666667
    ],
    [
      83,
      0.15384615384615385
    ],
    [
      84,
      0.19387755102040816
    ],
    [
      85,
      0.17708333333333334
    ],
    [
      86,
      0.203921568627451
    ],
    [
      87,
      0.1686746987951807
    ],
    [
      88,
      0.13636363636363635
    ],
    [
      89,
      0.15706806282722513
    ],
    [
      90,
      0.2054054054054054
    ],
    [
      91,
      0.16901408450704225
    ],
    [
      92,
      0.15841584158415842
    ],
    [
      93,
      0.23684210526315788
    ],
    [
      94,
      0.12244897959183673
    ],
    [
      95,
      0.2072072072072072
    ],
    [
      96,
      0.16867469879518074
    ],
    [
      97,
      0.2620689655172414
    ],
    [
      98,
      0.14432989690721648
    ],
    [
      99,
      0.21052631578947367
    ],
    [
      100,
      0.11049723756906078
    ],
    [
      101,
      0.22535211267605632
    ],
    [
      102,
      0.16042780748663102
    ],
    [
      103,
      0.1904761904761905
    ],
    [
      104,
      0.16883116883116883
    ],
    [
      105,
      0.1450777202072539
    ],
    [
      106,
      0.18348623853211013
    ],
    [
      107,
      0.12087912087912088
    ],
    [
      108,
      0.19883040935672514
    ],
    [
      109,
      0.24000000000000002
    ],
    [
      110,
      0.14444444444444443
    ],
    [
      111,
      0.28125
    ],
    [
      112,
      0.10404624277456648
    ],
    [
      113,
      0.19266055045871563
    ],
    [
      114,
      0.1982758620689655
    ],
    [
      115,
      0.13245033112582782
    ],
    [
      116,
      0.17435897435897435
    ],
    [
      117,
      0.1904761904761905
    ],
    [
      118,
      0.11851851851851852
    ],
    [
      119,
      0.1834862385321101
    ],
    [
      120,
      0.13978494623655915
    ],
    [
      121,
      0.17142857142857143
    ],
    [
      122,
      0.16513761467889906
    ],
    [
      123,
      0.19900497512437812
    ],
    [
      124,
      0.10884353741496597
    ],
    [
      125,
      0.1837837837837838
    ],
    [
      126,
      0.21666666666666667
    ],
    [
      127,
      0.1696969696969697
    ],
    [
      128,
      0.18461538461538463
    ],
    [
      129,
      0.1481481481481481
    ],
    [
      130,
      0.19354838709677422
    ],
    [
      131,
      0.15757575757575756
    ],
    [
      132,
      0.19672131147540983
    ],
    [
      133,
      0.1456953642384106
    ],
    [
      134,
      0.23529411764705882
    ],
    [
      135,
      0.1830065359477124
    ],
    [
      136,
      0.09900990099009901
    ],
    [
      137,
      0.12195121951219512
    ],
    [
      138,
      0.22222222222222224
    ],
    [
      139,
      0.15217391304347827
    ],
    [
      140,
      0.17543859649122806
    ],
    [
      141,
      0.21505376344086022
    ],
    [
      142,
      0.14018691588785048
    ],
    [
      143,
      0.24888888888888888
    ],
    [
      144,
      0.202020202020202
    ],
    [
      145,
      0.1103448275862069
    ],
    [
      146,
      0.16504854368932037
    ],
    [
      147,
      0.14054054054054055
    ],
    [
      148,
      0.1111111111111111
    ],
    [
      149,
      0.13924050632911392
    ],
    [
      150,
      0.15217391304347827
    ],
    [
      151,
      0.19704433497536947
    ],
    [
      152,
      0.14457831325301204
    ],
    [
      153,
      0.14379084967320263
    ],
    [
      154,
      0.15942028985507248
    ],
    [
      155,
      0.20359281437125745
    ],
    [
      156,
      0.19607843137254902
    ],
    [
      157,
      0.17777777777777778
    ],
    [
      158,
      0.21164021164021163
    ],
    [
      159,
      0.18604651162790697
    ],
