{
  "dataset": "QMSum",
  "num_samples": 200,
  "rouge1": 0.27810946762404126,
  "rouge2": 0.06500910154427259,
  "rougeL": 0.18840779471097352,
  "rougeLsum": 0.1901583917838727,
  "per_sample_rougeL": [
    [
      0,
      0.2173913043478261
    ],
    [
      1,
      0.2048780487804878
    ],
    [
      2,
      0.19095477386934673
    ],
    [
      3,
      0.18497109826589594
    ],
    [
      4,
      0.11594202898550726
    ],
    [
      5,
      0.2708333333333333
    ],
    [
      6,
      0.19318181818181818
    ],
    [
      7,
      0.16766467065868262
    ],
    [
      8,
      0.1614906832298137
    ],
    [
      9,
      0.16666666666666666
    ],
    [
      10,
      0.15894039735099338
    ],
    [
      11,
      0.21359223300970873
    ],
    [
      12,
      0.14173228346456693
    ],
    [
      13,
      0.21999999999999997
    ],
    [
      14,
      0.19444444444444445
    ],
    [
      15,
      0.2193548387096774
    ],
    [
      16,
      0.2679425837320574
    ],
    [
      17,
      0.16
    ],
    [
      18,
      0.16666666666666666
    ],
    [
      19,
      0.16279069767441862
    ],
    [
      20,
      0.19631901840490795
    ],
    [
      21,
      0.1666666666666667
    ],
    [
      22,
      0.11560693641618495
    ],
    [
      23,
      0.2127659574468085
    ],
    [
      24,
      0.12435233160621763
    ],
    [
      25,
      0.20920502092050206
    ],
    [
      26,
      0.14285714285714285
    ],
    [
      27,
      0.13157894736842105
    ],
    [
      28,
      0.1935483870967742
    ],
    [
      29,
      0.16568047337278108
    ],
    [
      30,
      0.1694915254237288
    ],
    [
      31,
      0.17687074829931976
    ],
    [
      32,
      0.2121212121212121
    ],
    [
      33,
      0.18811881188118815
    ],
    [
      34,
      0.25301204819277107
    ],
    [
      35,
      0.22448979591836735
    ],
    [
      36,
      0.2099447513812155
    ],
    [
      37,
      0.2065217391304348
    ],
    [
      38,
      0.14379084967320263
    ],
    [
      39,
      0.15172413793103448
    ],
    [
      40,
      0.1890547263681592
    ],
    [
      41,
      0.18604651162790695
    ],
    [
      42,
      0.15023474178403756
    ],
    [
      43,
      0.2543352601156069
    ],
    [
      44,
      0.16853932584269662
    ],
    [
      45,
      0.16666666666666666
    ],
    [
      46,
      0.19417475728155342
    ],
    [
      47,
      0.16831683168316833
    ],
    [
      48,
      0.17777777777777778
    ],
    [
      49,
      0.16184971098265896
    ],
    [
      50,
      0.17341040462427748
    ],
    [
      51,
      0.2146341463414634
    ],
    [
      52,
      0.1509433962264151
    ],
    [
      53,
      0.1904761904761905
    ],
    [
      54,
      0.22471910112359547
    ],
    [
      55,
      0.1477272727272727
    ],
    [
      56,
      0.1558441558441558
    ],
    [
      57,
      0.17391304347826086
    ],
    [
      58,
      0.15028901734104044
    ],
    [
      59,
      0.1904761904761905
    ],
    [
      60,
      0.18994413407821228
    ],
    [
      61,
      0.21301775147928992
    ],
    [
      62,
      0.2686567164179104
    ],
    [
      63,
      0.20118343195266272
    ],
    [
      64,
      0.2014388489208633
    ],
    [
      65,
      0.2195121951219512
    ],
    [
      66,
      0.2295081967213115
    ],
    [
      67,
      0.2260869565217391
    ],
    [
      68,
      0.18478260869565216
    ],
    [
      69,
      0.16304347826086954
    ],
    [
      70,
      0.174496644295302
    ],
    [
      71,
      0.13872832369942198
    ],
    [
      72,
      0.22500000000000003
    ],
    [
      73,
      0.17258883248730966
    ],
    [
      74,
      0.15483870967741936
    ],
    [
      75,
      0.28828828828828823
    ],
    [
      76,
      0.1650485436893204
    ],
    [
      77,
      0.13157894736842105
    ],
    [
      78,
      0.21105527638190955
    ],
    [
      79,
      0.1827956989247312
    ],
    [
      80,
      0.19555555555555554
    ],
    [
      81,
      0.16393442622950818
    ],
    [
      82,
      0.21311475409836067
    ],
    [
      83,
      0.2073170731707317
    ],
    [
      84,
      0.25120772946859904
    ],
    [
      85,
      0.2285714285714286
    ],
    [
      86,
      0.1774193548387097
    ],
    [
      87,
      0.15286624203821655
    ],
    [
      88,
      0.13333333333333333
    ],
    [
      89,
      0.3738317757009345
    ],
    [
      90,
      0.20408163265306123
    ],
    [
      91,
      0.14666666666666667
    ],
    [
      92,
      0.20270270270270271
    ],
    [
      93,
      0.2222222222222222
    ],
    [
      94,
      0.19867549668874174
    ],
    [
      95,
      0.20444444444444446
    ],
    [
      96,
      0.21951219512195122
    ],
    [
      97,
      0.15483870967741936
    ],
    [
      98,
      0.1641025641025641
    ],
    [
      99,
      0.23208191126279865
    ],
    [
      100,
      0.1758241758241758
    ],
    [
      101,
      0.20253164556962025
    ],
    [
      102,
      0.22564102564102562
    ],
    [
      103,
      0.1875
    ],
    [
      104,
      0.19736842105263158
    ],
    [
      105,
      0.2736842105263158
    ],
    [
      106,
      0.182648401826484
    ],
    [
      107,
      0.20105820105820105
    ],
    [
      108,
      0.2555555555555556
    ],
    [
      109,
      0.22666666666666666
    ],
    [
      110,
      0.24864864864864863
    ],
    [
      111,
      0.2868217054263566
    ],
    [
      112,
      0.15053763440860216
    ],
    [
      113,
      0.25339366515837103
    ],
    [
      114,
      0.22672064777327935
    ],
    [
      115,
      0.12738853503184713
    ],
    [
      116,
      0.17525773195876287
    ],
    [
      117,
      0.24043715846994537
    ],
    [
      118,
      0.11538461538461539
    ],
    [
      119,
      0.19393939393939394
    ],
    [
      120,
      0.16279069767441862
    ],
    [
      121,
      0.17297297297297298
    ],
    [
      122,
      0.1607142857142857
    ],
    [
      123,
      0.22222222222222224
    ],
    [
      124,
      0.196078431372549
    ],
    [
      125,
      0.17204301075268819
    ],
    [
      126,
      0.2753623188405797
    ],
    [
      127,
      0.1927710843373494
    ],
    [
      128,
      0.2330097087378641
    ],
    [
      129,
      0.18518518518518517
    ],
    [
      130,
      0.13541666666666666
    ],
    [
      131,
      0.12790697674418602
    ],
    [
      132,
      0.25414364640883974
    ],
    [
      133,
      0.14379084967320263
    ],
    [
      134,
      0.25339366515837103
    ],
    [
      135,
      0.13793103448275862
    ],
    [
      136,
      0.19923371647509577
    ],
    [
      137,
      0.15476190476190474
    ],
    [
      138,
      0.22222222222222224
    ],
    [
      139,
      0.1325966850828729
    ],
    [
      140,
      0.17341040462427745
    ],
    [
      141,
      0.32978723404255317
    ],
    [
      142,
      0.1913875598086124
    ],
    [
      143,
      0.20487804878048785
    ],
    [
      144,
      0.1414141414141414
    ],
    [
      145,
      0.12578616352201258
    ],
    [
      146,
      0.2616822429906542
    ],
    [
      147,
      0.15957446808510636
    ],
    [
      148,
      0.11627906976744187
    ],
    [
      149,
      0.16666666666666666
    ],
    [
      150,
      0.16129032258064516
    ],
    [
      151,
      0.224390243902439
    ],
    [
      152,
      0.09523809523809523
    ],
    [
      153,
      0.1282051282051282
    ],
    [
      154,
      0.13157894736842105
    ],
    [
      155,
      0.16184971098265893
    ],
    [
      156,
      0.15609756097560978
    ],
    [
      157,
      0.09655172413793105
    ],
    [
      158,
      0.21468926553672316
    ],
    [
      159,
