{
  "dataset": "QMSum",
  "num_samples": 200,
  "rouge1": 0.32123642059812113,
  "rouge2": 0.08325952845980561,
  "rougeL": 0.2021066299395401,
  "rougeLsum": 0.20816269582144709,
  "per_sample_rougeL": [
    [
      0,
      0.20535714285714285
    ],
    [
      1,
      0.2156862745098039
    ],
    [
      2,
      0.21890547263681592
    ],
    [
      3,
      0.18604651162790697
    ],
    [
      4,
      0.15037593984962405
    ],
    [
      5,
      0.29473684210526313
    ],
    [
      6,
      0.19101123595505617
    ],
    [
      7,
      0.19393939393939394
    ],
    [
      8,
      0.1761006289308176
    ],
    [
      9,
      0.17105263157894737
    ],
    [
      10,
      0.17105263157894737
    ],
    [
      11,
      0.18536585365853656
    ],
    [
      12,
      0.2191780821917808
    ],
    [
      13,
      0.23232323232323232
    ],
    [
      14,
      0.1935483870967742
    ],
    [
      15,
      0.18181818181818182
    ],
    [
      16,
      0.20192307692307693
    ],
    [
      17,
      0.18823529411764706
    ],
    [
      18,
      0.18840579710144928
    ],
    [
      19,
      0.18823529411764703
    ],
    [
      20,
      0.16853932584269662
    ],
    [
      21,
      0.18867924528301885
    ],
    [
      22,
      0.17543859649122806
    ],
    [
      23,
      0.22500000000000003
    ],
    [
      24,
      0.19895287958115182
    ],
    [
      25,
      0.21367521367521367
    ],
    [
      26,
      0.2573099415204678
    ],
    [
      27,
      0.12422360248447206
    ],
    [
      28,
      0.2156862745098039
    ],
    [
      29,
      0.18823529411764706
    ],
    [
      30,
      0.1818181818181818
    ],
    [
      31,
      0.16216216216216217
    ],
    [
      32,
      0.2094240837696335
    ],
    [
      33,
      0.21212121212121213
    ],
    [
      34,
      0.2235294117647059
    ],
    [
      35,
      0.21000000000000002
    ],
    [
      36,
      0.18888888888888888
    ],
    [
      37,
      0.1894736842105263
    ],
    [
      38,
      0.1456953642384106
    ],
    [
      39,
      0.1506849315068493
    ],
    [
      40,
      0.19387755102040816
    ],
    [
      41,
      0.17061611374407584
    ],
    [
      42,
      0.1935483870967742
    ],
    [
      43,
      0.23809523809523814
    ],
    [
      44,
      0.15384615384615385
    ],
    [
      45,
      0.2208588957055215
    ],
    [
      46,
      0.2061855670103093
    ],
    [
      47,
      0.15763546798029557
    ],
    [
      48,
      0.22727272727272727
    ],
    [
      49,
      0.26347305389221554
    ],
    [
      50,
      0.2122905027932961
    ],
    [
      51,
      0.1990521327014218
    ],
    [
      52,
      0.16049382716049382
    ],
    [
      53,
      0.16568047337278105
    ],
    [
      54,
      0.254335260115607
    ],
    [
      55,
      0.14689265536723164
    ],
    [
      56,
      0.1456953642384106
    ],
    [
      57,
      0.12359550561797754
    ],
    [
      58,
      0.24175824175824173
    ],
    [
      59,
      0.18749999999999997
    ],
    [
      60,
      0.21111111111111108
    ],
    [
      61,
      0.2658959537572254
    ],
    [
      62,
      0.22053231939163498
    ],
    [
      63,
      0.22619047619047622
    ],
    [
      64,
      0.21192052980132448
    ],
    [
      65,
      0.2375
    ],
    [
      66,
      0.2247191011235955
    ],
    [
      67,
      0.25438596491228066
    ],
    [
      68,
      0.15217391304347827
    ],
    [
      69,
      0.26666666666666666
    ],
    [
      70,
      0.2571428571428571
    ],
    [
      71,
      0.18292682926829268
    ],
    [
      72,
      0.1794871794871795
    ],
    [
      73,
      0.20408163265306123
    ],
    [
      74,
      0.15894039735099338
    ],
    [
      75,
      0.2727272727272727
    ],
    [
      76,
      0.16326530612244897
    ],
    [
      77,
      0.15277777777777776
    ],
    [
      78,
      0.17346938775510204
    ],
    [
      79,
      0.21739130434782608
    ],
    [
      80,
      0.21145374449339205
    ],
    [
      81,
      0.15957446808510636
    ],
    [
      82,
      0.20661157024793392
    ],
    [
      83,
      0.3137254901960784
    ],
    [
      84,
      0.18627450980392152
    ],
    [
      85,
      0.22110552763819094
    ],
    [
      86,
      0.3524590163934426
    ],
    [
      87,
      0.25287356321839083
    ],
    [
      88,
      0.2077922077922078
    ],
    [
      89,
      0.30622009569377995
    ],
    [
      90,
      0.17085427135678394
    ],
    [
      91,
      0.14379084967320263
    ],
    [
      92,
      0.17834394904458598
    ],
    [
      93,
      0.2096069868995633
    ],
    [
      94,
      0.16551724137931034
    ],
    [
      95,
      0.2831050228310502
    ],
    [
      96,
      0.248995983935743
    ],
    [
      97,
      0.30864197530864196
    ],
    [
      98,
      0.16580310880829016
    ],
    [
      99,
      0.1993127147766323
    ],
    [
      100,
      0.24444444444444444
    ],
    [
      101,
      0.2553191489361702
    ],
    [
      102,
      0.22448979591836735
    ],
    [
      103,
      0.19459459459459458
    ],
    [
      104,
      0.1456953642384106
    ],
    [
      105,
      0.31
    ],
    [
      106,
      0.24
    ],
    [
      107,
      0.18579234972677594
    ],
    [
      108,
      0.20224719101123595
    ],
    [
      109,
      0.21621621621621626
    ],
    [
      110,
      0.21468926553672316
    ],
    [
      111,
      0.2677165354330709
    ],
    [
      112,
      0.2282608695652174
    ],
    [
      113,
      0.26905829596412556
    ],
    [
      114,
      0.25600000000000006
    ],
    [
      115,
      0.1518987341772152
    ],
    [
      116,
      0.1807909604519774
    ],
    [
      117,
      0.22471910112359553
    ],
    [
      118,
      0.18543046357615894
    ],
    [
      119,
      0.24852071005917156
    ],
    [
      120,
      0.15384615384615385
    ],
    [
      121,
      0.16374269005847955
    ],
    [
      122,
      0.15111111111111108
    ],
    [
      123,
      0.22885572139303484
    ],
    [
      124,
      0.18300653594771243
    ],
    [
      125,
      0.16483516483516483
    ],
    [
      126,
      0.23030303030303026
    ],
    [
      127,
      0.2073170731707317
    ],
    [
      128,
      0.3412322274881517
    ],
    [
      129,
      0.24844720496894407
    ],
    [
      130,
      0.16842105263157897
    ],
    [
      131,
      0.16374269005847955
    ],
    [
      132,
      0.2185792349726776
    ],
    [
      133,
      0.15789473684210525
    ],
    [
      134,
      0.29203539823008845
    ],
    [
      135,
      0.1710526315789474
    ],
    [
      136,
      0.17054263565891473
    ],
    [
      137,
      0.1904761904761905
    ],
    [
      138,
      0.22459893048128343
    ],
    [
      139,
      0.16483516483516483
    ],
    [
      140,
      0.15819209039548024
    ],
    [
      141,
      0.3535911602209945
    ],
    [
      142,
      0.1523809523809524
    ],
    [
      143,
      0.228310502283105
    ],
    [
      144,
      0.18652849740932642
    ],
    [
      145,
      0.16149068322981366
    ],
    [
      146,
      0.23188405797101447
    ],
    [
      147,
      0.16129032258064516
    ],
    [
      148,
      0.183206106870229
    ],
    [
      149,
      0.18604651162790697
    ],
    [
      150,
      0.26519337016574585
    ],
    [
      151,
      0.2222222222222222
    ],
    [
      152,
      0.15384615384615383
    ],
    [
      153,
      0.14379084967320263
    ],
    [
      154,
      0.15068493150684933
    ],
    [
      155,
      0.2222222222222222
    ],
    [
      156,
      0.16243654822335027
    ],
    [
      157,
      0.1232876712328767
    ],
    [
      158,
      0.2087912087912088
    ],
    [
      159,
      0.14906832298136646
    ],
