{
  "dataset": "QMSum",
  "num_samples": 200,
  "rouge1": 0.19787780607855981,
  "rouge2": 0.043029489727800824,
  "rougeL": 0.15598448305433749,
  "rougeLsum": 0.15351575459334718,
  "per_sample_rougeL": [
    [
      0,
      0.19047619047619047
    ],
    [
      1,
      0.22439024390243906
    ],
    [
      2,
      0.11851851851851852
    ],
    [
      3,
      0.16091954022988506
    ],
    [
      4,
      0.10169491525423728
    ],
    [
      5,
      0.1702127659574468
    ],
    [
      6,
      0.0963855421686747
    ],
    [
      7,
      0.17964071856287422
    ],
    [
      8,
      0.1656050955414013
    ],
    [
      9,
      0.15853658536585366
    ],
    [
      10,
      0.1891891891891892
    ],
    [
      11,
      0.1626794258373206
    ],
    [
      12,
      0.13445378151260504
    ],
    [
      13,
      0.2268041237113402
    ],
    [
      14,
      0.08866995073891626
    ],
    [
      15,
      0.13414634146341461
    ],
    [
      16,
      0.18691588785046728
    ],
    [
      17,
      0.16759776536312848
    ],
    [
      18,
      0.20289855072463767
    ],
    [
      19,
      0.05555555555555556
    ],
    [
      20,
      0.18666666666666668
    ],
    [
      21,
      0.13245033112582782
    ],
    [
      22,
      0.23952095808383234
    ],
    [
      23,
      0.15568862275449102
    ],
    [
      24,
      0.10204081632653063
    ],
    [
      25,
      0.011299435028248588
    ],
    [
      26,
      0.18285714285714283
    ],
    [
      27,
      0.14814814814814814
    ],
    [
      28,
      0.08839779005524862
    ],
    [
      29,
      0.11612903225806452
    ],
    [
      30,
      0.11956521739130435
    ],
    [
      31,
      0.12903225806451613
    ],
    [
      32,
      0.44559585492227977
    ],
    [
      33,
      0.18627450980392157
    ],
    [
      34,
      0.21250000000000002
    ],
    [
      35,
      0.1928934010152284
    ],
    [
      36,
      0.2574257425742574
    ],
    [
      37,
      0.13333333333333333
    ],
    [
      38,
      0.1375
    ],
    [
      39,
      0.1267605633802817
    ],
    [
      40,
      0.19999999999999998
    ],
    [
      41,
      0.12844036697247704
    ],
    [
      42,
      0.10999999999999999
    ],
    [
      43,
      0.14705882352941177
    ],
    [
      44,
      0.1807909604519774
    ],
    [
      45,
      0.2608695652173913
    ],
    [
      46,
      0.11594202898550725
    ],
    [
      47,
      0.14285714285714285
    ],
    [
      48,
      0.05714285714285714
    ],
    [
      49,
      0.12716763005780346
    ],
    [
      50,
      0.18181818181818185
    ],
    [
      51,
      0.19626168224299062
    ],
    [
      52,
      0.14201183431952663
    ],
    [
      53,
      0.1348314606741573
    ],
    [
      54,
      0.24444444444444446
    ],
    [
      55,
      0.18274111675126906
    ],
    [
      56,
      0.08108108108108107
    ],
    [
      57,
      0.11976047904191615
    ],
    [
      58,
      0.16393442622950818
    ],
    [
      59,
      0.13471502590673573
    ],
    [
      60,
      0.25925925925925924
    ],
    [
      61,
      0.20224719101123598
    ],
    [
      62,
      0.04790419161676646
    ],
    [
      63,
      0.09248554913294797
    ],
    [
      64,
      0.26666666666666666
    ],
    [
      65,
      0.17857142857142858
    ],
    [
      66,
      0.25274725274725274
    ],
    [
      67,
      0.07792207792207792
    ],
    [
      68,
      0.12903225806451615
    ],
    [
      69,
      0.19459459459459458
    ],
    [
      70,
      0.17834394904458598
    ],
    [
      71,
      0.15286624203821655
    ],
    [
      72,
      0.14634146341463414
    ],
    [
      73,
      0.20895522388059704
    ],
    [
      74,
      0.15151515151515152
    ],
    [
      75,
      0.18181818181818185
    ],
    [
      76,
      0.14492753623188406
    ],
    [
      77,
      0.08633093525179857
    ],
    [
      78,
      0.20833333333333331
    ],
    [
      79,
      0.17486338797814208
    ],
    [
      80,
      0.11650485436893204
    ],
    [
      81,
      0.08917197452229299
    ],
    [
      82,
      0.17813765182186236
    ],
    [
      83,
      0.16352201257861634
    ],
    [
      84,
      0.27419354838709675
    ],
    [
      85,
      0.11764705882352941
    ],
    [
      86,
      0.15873015873015872
    ],
    [
      87,
      0.1476510067114094
    ],
    [
      88,
      0.16033755274261605
    ],
    [
      89,
      0.10055865921787711
    ],
    [
      90,
      0.23762376237623764
    ],
    [
      91,
      0.12738853503184713
    ],
    [
      92,
      0.06779661016949154
    ],
    [
      93,
      0.064
    ],
    [
      94,
      0.12080536912751677
    ],
    [
      95,
      0.19130434782608696
    ],
    [
      96,
      0.04419889502762431
    ],
    [
      97,
      0.12048192771084336
    ],
    [
      98,
      0.12244897959183672
    ],
    [
      99,
      0.07751937984496124
    ],
    [
      100,
      0.10843373493975904
    ],
    [
      101,
      0.24844720496894407
    ],
    [
      102,
      0.1958762886597938
    ],
    [
      103,
      0.27083333333333337
    ],
    [
      104,
      0.1910828025477707
    ],
    [
      105,
      0.1435897435897436
    ],
    [
      106,
      0.21153846153846154
    ],
    [
      107,
      0.15789473684210525
    ],
    [
      108,
      0.20652173913043478
    ],
    [
      109,
      0.06993006993006994
    ],
    [
      110,
      0.04
    ],
    [
      111,
      0.09954751131221719
    ],
    [
      112,
      0.0879120879120879
    ],
    [
      113,
      0.0686695278969957
    ],
    [
      114,
      0.10752688172043012
    ],
    [
      115,
      0.12162162162162163
    ],
    [
      116,
      0.18446601941747573
    ],
    [
      117,
      0.11428571428571427
    ],
    [
      118,
      0.14634146341463414
    ],
    [
      119,
      0.14942528735632182
    ],
    [
      120,
      0.160427807486631
    ],
    [
      121,
      0.21390374331550802
    ],
    [
      122,
      0.15859030837004406
    ],
    [
      123,
      0.24390243902439027
    ],
    [
      124,
      0.10810810810810813
    ],
    [
      125,
      0.16216216216216217
    ],
    [
      126,
      0.14201183431952663
    ],
    [
      127,
      0.12578616352201258
    ],
    [
      128,
      0.28708133971291866
    ],
    [
      129,
      0.16969696969696968
    ],
    [
      130,
      0.15706806282722513
    ],
    [
      131,
      0.1511627906976744
    ],
    [
      132,
      0.22950819672131145
    ],
    [
      133,
      0.11267605633802817
    ],
    [
      134,
      0.09523809523809525
    ],
    [
      135,
      0.1103448275862069
    ],
    [
      136,
      0.1183431952662722
    ],
    [
      137,
      0.15568862275449102
    ],
    [
      138,
      0.23157894736842105
    ],
    [
      139,
      0.13684210526315788
    ],
    [
      140,
      0.058823529411764705
    ],
    [
      141,
      0.328042328042328
    ],
    [
      142,
      0.1926605504587156
    ],
    [
      143,
      0.10309278350515465
    ],
    [
      144,
      0.17460317460317462
    ],
    [
      145,
      0.08053691275167785
    ],
    [
      146,
      0.24186046511627907
    ],
    [
      147,
      0.24864864864864863
    ],
    [
      148,
      0.12162162162162161
    ],
    [
      149,
      0.14689265536723164
    ],
    [
      150,
      0.19354838709677416
    ],
    [
      151,
      0.2180094786729858
    ],
    [
      152,
      0.18604651162790697
    ],
    [
      153,
      0.11464968152866244
    ],
    [
      154,
      0.08
    ],
    [
      155,
      0.18713450292397663
    ],
    [
      156,
      0.11494252873563218
    ],
    [
      157,
      0.1793103448275862
    ],
    [
      158,
      0.22797927461139897
    ],
    [
      159,
