{
  "dataset": "QMSum",
  "num_samples": 200,
  "rouge1": 0.27735382926712604,
  "rouge2": 0.07528345555759015,
  "rougeL": 0.19521419880120028,
  "rougeLsum": 0.19394260245353656,
  "per_sample_rougeL": [
    [
      0,
      0.27826086956521734
    ],
    [
      1,
      0.21238938053097345
    ],
    [
      2,
      0.2146341463414634
    ],
    [
      3,
      0.19696969696969693
    ],
    [
      4,
      0.145985401459854
    ],
    [
      5,
      0.17045454545454544
    ],
    [
      6,
      0.125
    ],
    [
      7,
      0.21176470588235294
    ],
    [
      8,
      0.16249999999999998
    ],
    [
      9,
      0.16949152542372883
    ],
    [
      10,
      0.20270270270270271
    ],
    [
      11,
      0.19417475728155342
    ],
    [
      12,
      0.24113475177304963
    ],
    [
      13,
      0.2463054187192118
    ],
    [
      14,
      0.1523809523809524
    ],
    [
      15,
      0.22916666666666663
    ],
    [
      16,
      0.1990521327014218
    ],
    [
      17,
      0.12359550561797754
    ],
    [
      18,
      0.15217391304347827
    ],
    [
      19,
      0.13333333333333333
    ],
    [
      20,
      0.09944751381215469
    ],
    [
      21,
      0.21052631578947364
    ],
    [
      22,
      0.16551724137931034
    ],
    [
      23,
      0.19161676646706588
    ],
    [
      24,
      0.14864864864864866
    ],
    [
      25,
      0.22702702702702704
    ],
    [
      26,
      0.25
    ],
    [
      27,
      0.15189873417721517
    ],
    [
      28,
      0.27807486631016043
    ],
    [
      29,
      0.189873417721519
    ],
    [
      30,
      0.1739130434782609
    ],
    [
      31,
      0.125
    ],
    [
      32,
      0.11458333333333331
    ],
    [
      33,
      0.2185792349726776
    ],
    [
      34,
      0.10191082802547771
    ],
    [
      35,
      0.21568627450980393
    ],
    [
      36,
      0.2011173184357542
    ],
    [
      37,
      0.09142857142857143
    ],
    [
      38,
      0.19999999999999998
    ],
    [
      39,
      0.05714285714285714
    ],
    [
      40,
      0.23312883435582823
    ],
    [
      41,
      0.29523809523809524
    ],
    [
      42,
      0.3
    ],
    [
      43,
      0.3428571428571428
    ],
    [
      44,
      0.21978021978021978
    ],
    [
      45,
      0.12422360248447203
    ],
    [
      46,
      0.19875776397515527
    ],
    [
      47,
      0.17647058823529413
    ],
    [
      48,
      0.20454545454545459
    ],
    [
      49,
      0.24489795918367346
    ],
    [
      50,
      0.2543352601156069
    ],
    [
      51,
      0.18461538461538457
    ],
    [
      52,
      0.15286624203821655
    ],
    [
      53,
      0.16
    ],
    [
      54,
      0.2159090909090909
    ],
    [
      55,
      0.11764705882352941
    ],
    [
      56,
      0.16352201257861634
    ],
    [
      57,
      0.14207650273224043
    ],
    [
      58,
      0.3619047619047619
    ],
    [
      59,
      0.1333333333333333
    ],
    [
      60,
      0.2962962962962963
    ],
    [
      61,
      0.20930232558139536
    ],
    [
      62,
      0.14393939393939392
    ],
    [
      63,
      0.18404907975460122
    ],
    [
      64,
      0.24675324675324675
    ],
    [
      65,
      0.22000000000000003
    ],
    [
      66,
      0.17721518987341772
    ],
    [
      67,
      0.22099447513812154
    ],
    [
      68,
      0.2122905027932961
    ],
    [
      69,
      0.23140495867768593
    ],
    [
      70,
      0.23999999999999996
    ],
    [
      71,
      0.10256410256410257
    ],
    [
      72,
      0.19178082191780818
    ],
    [
      73,
      0.14516129032258063
    ],
    [
      74,
      0.10191082802547771
    ],
    [
      75,
      0.212962962962963
    ],
    [
      76,
      0.2380952380952381
    ],
    [
      77,
      0.10666666666666667
    ],
    [
      78,
      0.20952380952380953
    ],
    [
      79,
      0.15135135135135133
    ],
    [
      80,
      0.21276595744680848
    ],
    [
      81,
      0.11627906976744186
    ],
    [
      82,
      0.1111111111111111
    ],
    [
      83,
      0.2236024844720497
    ],
    [
      84,
      0.2634146341463414
    ],
    [
      85,
      0.25615763546798026
    ],
    [
      86,
      0.16535433070866143
    ],
    [
      87,
      0.17073170731707318
    ],
    [
      88,
      0.15254237288135591
    ],
    [
      89,
      0.15463917525773194
    ],
    [
      90,
      0.23645320197044337
    ],
    [
      91,
      0.16438356164383564
    ],
    [
      92,
      0.21153846153846156
    ],
    [
      93,
      0.1801801801801802
    ],
    [
      94,
      0.1
    ],
    [
      95,
      0.2017543859649123
    ],
    [
      96,
      0.1832669322709163
    ],
    [
      97,
      0.2484472049689441
    ],
    [
      98,
      0.13861386138613863
    ],
    [
      99,
      0.2608695652173913
    ],
    [
      100,
      0.20765027322404372
    ],
    [
      101,
      0.2654867256637168
    ],
    [
      102,
      0.24365482233502536
    ],
    [
      103,
      0.26890756302521013
    ],
    [
      104,
      0.12903225806451613
    ],
    [
      105,
      0.276923076923077
    ],
    [
      106,
      0.19642857142857145
    ],
    [
      107,
      0.11049723756906077
    ],
    [
      108,
      0.21348314606741572
    ],
    [
      109,
      0.24615384615384614
    ],
    [
      110,
      0.2
    ],
    [
      111,
      0.2512562814070351
    ],
    [
      112,
      0.18750000000000003
    ],
    [
      113,
      0.26086956521739135
    ],
    [
      114,
      0.2891566265060241
    ],
    [
      115,
      0.12658227848101267
    ],
    [
      116,
      0.1492537313432836
    ],
    [
      117,
      0.21897810218978103
    ],
    [
      118,
      0.14906832298136646
    ],
    [
      119,
      0.12903225806451615
    ],
    [
      120,
      0.19148936170212763
    ],
    [
      121,
      0.18079096045197743
    ],
    [
      122,
      0.1572052401746725
    ],
    [
      123,
      0.17989417989417988
    ],
    [
      124,
      0.368421052631579
    ],
    [
      125,
      0.1888888888888889
    ],
    [
      126,
      0.1893491124260355
    ],
    [
      127,
      0.20606060606060608
    ],
    [
      128,
      0.24644549763033177
    ],
    [
      129,
      0.22085889570552145
    ],
    [
      130,
      0.1595744680851064
    ],
    [
      131,
      0.2276422764227642
    ],
    [
      132,
      0.2112676056338028
    ],
    [
      133,
      0.08275862068965517
    ],
    [
      134,
      0.35135135135135137
    ],
    [
      135,
      0.18421052631578946
    ],
    [
      136,
      0.16
    ],
    [
      137,
      0.15116279069767444
    ],
    [
      138,
      0.2631578947368421
    ],
    [
      139,
      0.11827956989247311
    ],
    [
      140,
      0.13714285714285715
    ],
    [
      141,
      0.2736842105263158
    ],
    [
      142,
      0.30769230769230765
    ],
    [
      143,
      0.17167381974248927
    ],
    [
      144,
      0.08040201005025126
    ],
    [
      145,
      0.07352941176470588
    ],
    [
      146,
      0.25806451612903225
    ],
    [
      147,
      0.1139896373056995
    ],
    [
      148,
      0.2777777777777778
    ],
    [
      149,
      0.13114754098360656
    ],
    [
      150,
      0.26490066225165565
    ],
    [
      151,
      0.26666666666666666
    ],
    [
      152,
      0.2553191489361702
    ],
    [
      153,
      0.13071895424836602
    ],
    [
      154,
      0.13513513513513514
    ],
    [
      155,
      0.12048192771084339
    ],
    [
      156,
      0.21052631578947367
    ],
    [
      157,
      0.27027027027027023
    ],
    [
      158,
      0.2105263157894737
    ],
    [
      159,
      0.23668639053254437
    ],
    [
      160,
      0.1641025641025641
    ],
    [
      161,
