{
  "dataset": "QMSum",
  "num_samples": 200,
  "rouge1": 0.23691105725301614,
  "rouge2": 0.03852681775340104,
  "rougeL": 0.14446212919249396,
  "rougeLsum": 0.15461079510819886,
  "per_sample_rougeL": [
    [
      0,
      0.16888888888888892
    ],
    [
      1,
      0.20289855072463767
    ],
    [
      2,
      0.155440414507772
    ],
    [
      3,
      0.1724137931034483
    ],
    [
      4,
      0.11290322580645161
    ],
    [
      5,
      0.18085106382978725
    ],
    [
      6,
      0.1325301204819277
    ],
    [
      7,
      0.15483870967741936
    ],
    [
      8,
      0.16049382716049385
    ],
    [
      9,
      0.11764705882352941
    ],
    [
      10,
      0.1259842519685039
    ],
    [
      11,
      0.21359223300970873
    ],
    [
      12,
      0.13698630136986303
    ],
    [
      13,
      0.16842105263157894
    ],
    [
      14,
      0.1851851851851852
    ],
    [
      15,
      0.10144927536231885
    ],
    [
      16,
      0.1553398058252427
    ],
    [
      17,
      0.19428571428571428
    ],
    [
      18,
      0.11111111111111112
    ],
    [
      19,
      0.10404624277456646
    ],
    [
      20,
      0.16049382716049382
    ],
    [
      21,
      0.1643835616438356
    ],
    [
      22,
      0.13414634146341464
    ],
    [
      23,
      0.1038961038961039
    ],
    [
      24,
      0.16129032258064516
    ],
    [
      25,
      0.11483253588516747
    ],
    [
      26,
      0.07272727272727271
    ],
    [
      27,
      0.13245033112582782
    ],
    [
      28,
      0.11764705882352942
    ],
    [
      29,
      0.15294117647058825
    ],
    [
      30,
      0.17486338797814208
    ],
    [
      31,
      0.13793103448275865
    ],
    [
      32,
      0.21897810218978103
    ],
    [
      33,
      0.09473684210526316
    ],
    [
      34,
      0.2352941176470588
    ],
    [
      35,
      0.18556701030927836
    ],
    [
      36,
      0.17441860465116277
    ],
    [
      37,
      0.11224489795918367
    ],
    [
      38,
      0.14666666666666667
    ],
    [
      39,
      0.13888888888888887
    ],
    [
      40,
      0.13903743315508021
    ],
    [
      41,
      0.1792452830188679
    ],
    [
      42,
      0.1507537688442211
    ],
    [
      43,
      0.1818181818181818
    ],
    [
      44,
      0.11235955056179775
    ],
    [
      45,
      0.17721518987341772
    ],
    [
      46,
      0.13186813186813187
    ],
    [
      47,
      0.1793103448275862
    ],
    [
      48,
      0.16568047337278108
    ],
    [
      49,
      0.16551724137931034
    ],
    [
      50,
      0.15204678362573099
    ],
    [
      51,
      0.14423076923076922
    ],
    [
      52,
      0.1509433962264151
    ],
    [
      53,
      0.10112359550561797
    ],
    [
      54,
      0.16560509554140126
    ],
    [
      55,
      0.10227272727272727
    ],
    [
      56,
      0.16326530612244897
    ],
    [
      57,
      0.0972972972972973
    ],
    [
      58,
      0.12738853503184713
    ],
    [
      59,
      0.19895287958115182
    ],
    [
      60,
      0.07142857142857142
    ],
    [
      61,
      0.16666666666666666
    ],
    [
      62,
      0.1348314606741573
    ],
    [
      63,
      0.17073170731707316
    ],
    [
      64,
      0.15894039735099338
    ],
    [
      65,
      0.14285714285714288
    ],
    [
      66,
      0.1899441340782123
    ],
    [
      67,
      0.12227074235807861
    ],
    [
      68,
      0.12499999999999997
    ],
    [
      69,
      0.21951219512195122
    ],
    [
      70,
      0.02564102564102564
    ],
    [
      71,
      0.10126582278481014
    ],
    [
      72,
      0.13414634146341464
    ],
    [
      73,
      0.042105263157894736
    ],
    [
      74,
      0.11940298507462688
    ],
    [
      75,
      0.22325581395348834
    ],
    [
      76,
      0.1414141414141414
    ],
    [
      77,
      0.07142857142857142
    ],
    [
      78,
      0.1894736842105263
    ],
    [
      79,
      0.11976047904191617
    ],
    [
      80,
      0.09523809523809523
    ],
    [
      81,
      0.1538461538461538
    ],
    [
      82,
      0.08071748878923768
    ],
    [
      83,
      0.12987012987012986
    ],
    [
      84,
      0.16000000000000003
    ],
    [
      85,
      0.1894736842105263
    ],
    [
      86,
      0.1475409836065574
    ],
    [
      87,
      0.11920529801324503
    ],
    [
      88,
      0.11981566820276497
    ],
    [
      89,
      0.10416666666666666
    ],
    [
      90,
      0.1789473684210526
    ],
    [
      91,
      0.171875
    ],
    [
      92,
      0.15950920245398773
    ],
    [
      93,
      0.2026431718061674
    ],
    [
      94,
      0.13333333333333333
    ],
    [
      95,
      0.1509433962264151
    ],
    [
      96,
      0.12182741116751267
    ],
    [
      97,
      0.22608695652173913
    ],
    [
      98,
      0.17435897435897435
    ],
    [
      99,
      0.09824561403508772
    ],
    [
      100,
      0.09815950920245398
    ],
    [
      101,
      0.12820512820512822
    ],
    [
      102,
      0.11180124223602485
    ],
    [
      103,
      0.14814814814814817
    ],
    [
      104,
      0.17687074829931973
    ],
    [
      105,
      0.2162162162162162
    ],
    [
      106,
      0.14545454545454545
    ],
    [
      107,
      0.17777777777777773
    ],
    [
      108,
      0.15
    ],
    [
      109,
      0.06896551724137931
    ],
    [
      110,
      0.06134969325153374
    ],
    [
      111,
      0.15810276679841898
    ],
    [
      112,
      0.10112359550561797
    ],
    [
      113,
      0.2477064220183486
    ],
    [
      114,
      0.15767634854771784
    ],
    [
      115,
      0.12598425196850394
    ],
    [
      116,
      0.16666666666666666
    ],
    [
      117,
      0.20454545454545456
    ],
    [
      118,
      0.19108280254777069
    ],
    [
      119,
      0.1437125748502994
    ],
    [
      120,
      0.13095238095238093
    ],
    [
      121,
      0.20338983050847456
    ],
    [
      122,
      0.15044247787610618
    ],
    [
      123,
      0.14893617021276598
    ],
    [
      124,
      0.08391608391608392
    ],
    [
      125,
      0.11111111111111112
    ],
    [
      126,
      0.1139240506329114
    ],
    [
      127,
      0.15789473684210525
    ],
    [
      128,
      0.11578947368421053
    ],
    [
      129,
      0.16551724137931034
    ],
    [
      130,
      0.12154696132596685
    ],
    [
      131,
      0.12987012987012989
    ],
    [
      132,
      0.1888888888888889
    ],
    [
      133,
      0.10389610389610389
    ],
    [
      134,
      0.1278538812785388
    ],
    [
      135,
      0.10169491525423728
    ],
    [
      136,
      0.1195219123505976
    ],
    [
      137,
      0.12080536912751678
    ],
    [
      138,
      0.1878453038674033
    ],
    [
      139,
      0.046242774566473986
    ],
    [
      140,
      0.12422360248447206
    ],
    [
      141,
      0.15730337078651685
    ],
    [
      142,
      0.12
    ],
    [
      143,
      0.23148148148148148
    ],
    [
      144,
      0.12087912087912088
    ],
    [
      145,
      0.126984126984127
    ],
    [
      146,
      0.14213197969543148
    ],
    [
      147,
      0.12698412698412698
    ],
    [
      148,
      0.1037037037037037
    ],
    [
      149,
      0.12658227848101267
    ],
    [
      150,
      0.1111111111111111
    ],
    [
      151,
      0.1702127659574468
    ],
    [
      152,
      0.20967741935483872
    ],
    [
      153,
      0.14965986394557823
    ],
    [
      154,
      0.0
    ],
    [
      155,
      0.09580838323353294
    ],
    [
      156,
      0.1919191919191919
    ],
    [
      157,
      0.09677419354838708
    ],
    [
      158,
      0.19148936170212766
    ],
    [
      159,
      0.06493506493506493
