{
  "dataset": "QMSum",
  "num_samples": 200,
  "rouge1": 0.19914009421106035,
  "rouge2": 0.04559098959877425,
  "rougeL": 0.15753616613643218,
  "rougeLsum": 0.1562905687043496,
  "per_sample_rougeL": [
    [
      0,
      0.1784037558685446
    ],
    [
      1,
      0.2583732057416268
    ],
    [
      2,
      0.11851851851851852
    ],
    [
      3,
      0.16
    ],
    [
      4,
      0.10169491525423728
    ],
    [
      5,
      0.2371134020618557
    ],
    [
      6,
      0.1694915254237288
    ],
    [
      7,
      0.20606060606060608
    ],
    [
      8,
      0.11320754716981134
    ],
    [
      9,
      0.15853658536585366
    ],
    [
      10,
      0.20915032679738563
    ],
    [
      11,
      0.13397129186602874
    ],
    [
      12,
      0.23076923076923078
    ],
    [
      13,
      0.21649484536082475
    ],
    [
      14,
      0.13574660633484162
    ],
    [
      15,
      0.17721518987341775
    ],
    [
      16,
      0.16744186046511628
    ],
    [
      17,
      0.10526315789473684
    ],
    [
      18,
      0.1732851985559567
    ],
    [
      19,
      0.14444444444444443
    ],
    [
      20,
      0.10344827586206896
    ],
    [
      21,
      0.1728395061728395
    ],
    [
      22,
      0.25
    ],
    [
      23,
      0.14457831325301204
    ],
    [
      24,
      0.06185567010309279
    ],
    [
      25,
      0.011976047904191617
    ],
    [
      26,
      0.17297297297297295
    ],
    [
      27,
      0.14723926380368096
    ],
    [
      28,
      0.08839779005524862
    ],
    [
      29,
      0.07650273224043715
    ],
    [
      30,
      0.1818181818181818
    ],
    [
      31,
      0.13445378151260506
    ],
    [
      32,
      0.44559585492227977
    ],
    [
      33,
      0.14925373134328357
    ],
    [
      34,
      0.14634146341463417
    ],
    [
      35,
      0.22660098522167488
    ],
    [
      36,
      0.18378378378378377
    ],
    [
      37,
      0.12371134020618557
    ],
    [
      38,
      0.1375
    ],
    [
      39,
      0.12413793103448276
    ],
    [
      40,
      0.1890547263681592
    ],
    [
      41,
      0.13145539906103287
    ],
    [
      42,
      0.2242152466367713
    ],
    [
      43,
      0.1746031746031746
    ],
    [
      44,
      0.1797752808988764
    ],
    [
      45,
      0.17307692307692307
    ],
    [
      46,
      0.12380952380952381
    ],
    [
      47,
      0.15311004784688995
    ],
    [
      48,
      0.16853932584269662
    ],
    [
      49,
      0.1893491124260355
    ],
    [
      50,
      0.18681318681318682
    ],
    [
      51,
      0.23744292237442924
    ],
    [
      52,
      0.08917197452229299
    ],
    [
      53,
      0.16
    ],
    [
      54,
      0.26136363636363635
    ],
    [
      55,
      0.17258883248730963
    ],
    [
      56,
      0.11180124223602485
    ],
    [
      57,
      0.13978494623655913
    ],
    [
      58,
      0.15217391304347824
    ],
    [
      59,
      0.11282051282051284
    ],
    [
      60,
      0.1935483870967742
    ],
    [
      61,
      0.14444444444444443
    ],
    [
      62,
      0.1111111111111111
    ],
    [
      63,
      0.09248554913294797
    ],
    [
      64,
      0.15853658536585366
    ],
    [
      65,
      0.17177914110429446
    ],
    [
      66,
      0.253968253968254
    ],
    [
      67,
      0.07792207792207792
    ],
    [
      68,
      0.12903225806451615
    ],
    [
      69,
      0.6432748538011697
    ],
    [
      70,
      0.1910828025477707
    ],
    [
      71,
      0.15384615384615385
    ],
    [
      72,
      0.1780821917808219
    ],
    [
      73,
      0.18627450980392157
    ],
    [
      74,
      0.07741935483870968
    ],
    [
      75,
      0.16143497757847533
    ],
    [
      76,
      0.14354066985645933
    ],
    [
      77,
      0.10256410256410257
    ],
    [
      78,
      0.24365482233502536
    ],
    [
      79,
      0.13186813186813187
    ],
    [
      80,
      0.11822660098522167
    ],
    [
      81,
      0.08917197452229299
    ],
    [
      82,
      0.22040816326530613
    ],
    [
      83,
      0.1375
    ],
    [
      84,
      0.27419354838709675
    ],
    [
      85,
      0.22966507177033493
    ],
    [
      86,
      0.15810276679841898
    ],
    [
      87,
      0.1476510067114094
    ],
    [
      88,
      0.16806722689075632
    ],
    [
      89,
      0.10055865921787711
    ],
    [
      90,
      0.22999999999999998
    ],
    [
      91,
      0.12738853503184713
    ],
    [
      92,
      0.06779661016949154
    ],
    [
      93,
      0.064
    ],
    [
      94,
      0.12080536912751677
    ],
    [
      95,
      0.1810344827586207
    ],
    [
      96,
      0.04419889502762431
    ],
    [
      97,
      0.14102564102564102
    ],
    [
      98,
      0.12244897959183672
    ],
    [
      99,
      0.07751937984496124
    ],
    [
      100,
      0.10843373493975904
    ],
    [
      101,
      0.18181818181818182
    ],
    [
      102,
      0.125
    ],
    [
      103,
      0.07608695652173914
    ],
    [
      104,
      0.17333333333333334
    ],
    [
      105,
      0.25510204081632654
    ],
    [
      106,
      0.23255813953488372
    ],
    [
      107,
      0.17435897435897432
    ],
    [
      108,
      0.19780219780219782
    ],
    [
      109,
      0.10884353741496597
    ],
    [
      110,
      0.21487603305785122
    ],
    [
      111,
      0.09821428571428571
    ],
    [
      112,
      0.0879120879120879
    ],
    [
      113,
      0.008510638297872339
    ],
    [
      114,
      0.09782608695652174
    ],
    [
      115,
      0.11764705882352944
    ],
    [
      116,
      0.16585365853658537
    ],
    [
      117,
      0.20930232558139536
    ],
    [
      118,
      0.14634146341463414
    ],
    [
      119,
      0.15476190476190477
    ],
    [
      120,
      0.14457831325301204
    ],
    [
      121,
      0.16393442622950816
    ],
    [
      122,
      0.15859030837004406
    ],
    [
      123,
      0.22966507177033493
    ],
    [
      124,
      0.15384615384615385
    ],
    [
      125,
      0.12359550561797755
    ],
    [
      126,
      0.16374269005847955
    ],
    [
      127,
      0.1358024691358025
    ],
    [
      128,
      0.11920529801324505
    ],
    [
      129,
      0.14634146341463414
    ],
    [
      130,
      0.16753926701570682
    ],
    [
      131,
      0.1420118343195266
    ],
    [
      132,
      0.19565217391304346
    ],
    [
      133,
      0.09459459459459459
    ],
    [
      134,
      0.09523809523809525
    ],
    [
      135,
      0.1103448275862069
    ],
    [
      136,
      0.1183431952662722
    ],
    [
      137,
      0.1437125748502994
    ],
    [
      138,
      0.23834196891191706
    ],
    [
      139,
      0.14659685863874347
    ],
    [
      140,
      0.058823529411764705
    ],
    [
      141,
      0.3263157894736842
    ],
    [
      142,
      0.1990950226244344
    ],
    [
      143,
      0.10309278350515465
    ],
    [
      144,
      0.13253012048192772
    ],
    [
      145,
      0.06711409395973154
    ],
    [
      146,
      0.23148148148148145
    ],
    [
      147,
      0.15625
    ],
    [
      148,
      0.15172413793103448
    ],
    [
      149,
      0.13714285714285715
    ],
    [
      150,
      0.1497326203208556
    ],
    [
      151,
      0.20853080568720378
    ],
    [
      152,
      0.2727272727272727
    ],
    [
      153,
      0.11464968152866244
    ],
    [
      154,
      0.14473684210526316
    ],
    [
      155,
      0.07947019867549668
    ],
    [
      156,
      0.11494252873563218
    ],
    [
      157,
      0.13071895424836602
    ],
    [
      158,
      0.2105263157894737
    ],
    [
      159,
      0.15028901734104044
    ],
    [
      160,
      0.25233644859813087
