{
  "dataset": "QMSum",
  "num_samples": 200,
  "rouge1": 0.2962520623122743,
  "rouge2": 0.08056236408520942,
  "rougeL": 0.20498398706221024,
  "rougeLsum": 0.20437155190093798,
  "per_sample_rougeL": [
    [
      0,
      0.28571428571428575
    ],
    [
      1,
      0.2233009708737864
    ],
    [
      2,
      0.2
    ],
    [
      3,
      0.15469613259668508
    ],
    [
      4,
      0.08823529411764706
    ],
    [
      5,
      0.22448979591836735
    ],
    [
      6,
      0.16374269005847952
    ],
    [
      7,
      0.17241379310344826
    ],
    [
      8,
      0.15853658536585363
    ],
    [
      9,
      0.20125786163522016
    ],
    [
      10,
      0.17105263157894737
    ],
    [
      11,
      0.22009569377990432
    ],
    [
      12,
      0.16216216216216214
    ],
    [
      13,
      0.24365482233502536
    ],
    [
      14,
      0.26605504587155965
    ],
    [
      15,
      0.17834394904458598
    ],
    [
      16,
      0.1895734597156398
    ],
    [
      17,
      0.21468926553672316
    ],
    [
      18,
      0.23272727272727273
    ],
    [
      19,
      0.18181818181818182
    ],
    [
      20,
      0.11494252873563217
    ],
    [
      21,
      0.18072289156626506
    ],
    [
      22,
      0.13636363636363638
    ],
    [
      23,
      0.2111801242236025
    ],
    [
      24,
      0.15306122448979592
    ],
    [
      25,
      0.2016806722689076
    ],
    [
      26,
      0.4046242774566474
    ],
    [
      27,
      0.1595092024539877
    ],
    [
      28,
      0.23300970873786406
    ],
    [
      29,
      0.18181818181818182
    ],
    [
      30,
      0.1587301587301587
    ],
    [
      31,
      0.18791946308724833
    ],
    [
      32,
      0.2268041237113402
    ],
    [
      33,
      0.18999999999999997
    ],
    [
      34,
      0.2023809523809524
    ],
    [
      35,
      0.22885572139303487
    ],
    [
      36,
      0.18888888888888888
    ],
    [
      37,
      0.16842105263157894
    ],
    [
      38,
      0.14285714285714285
    ],
    [
      39,
      0.13888888888888887
    ],
    [
      40,
      0.20202020202020202
    ],
    [
      41,
      0.13953488372093023
    ],
    [
      42,
      0.1643835616438356
    ],
    [
      43,
      0.22857142857142856
    ],
    [
      44,
      0.20224719101123595
    ],
    [
      45,
      0.3018867924528302
    ],
    [
      46,
      0.18719211822660098
    ],
    [
      47,
      0.21359223300970878
    ],
    [
      48,
      0.22598870056497172
    ],
    [
      49,
      0.2530120481927711
    ],
    [
      50,
      0.20338983050847462
    ],
    [
      51,
      0.31674208144796384
    ],
    [
      52,
      0.15950920245398773
    ],
    [
      53,
      0.1714285714285714
    ],
    [
      54,
      0.2033898305084746
    ],
    [
      55,
      0.16753926701570682
    ],
    [
      56,
      0.1830065359477124
    ],
    [
      57,
      0.16842105263157897
    ],
    [
      58,
      0.2983425414364641
    ],
    [
      59,
      0.2371134020618557
    ],
    [
      60,
      0.18681318681318682
    ],
    [
      61,
      0.20224719101123598
    ],
    [
      62,
      0.22556390977443605
    ],
    [
      63,
      0.19540229885057472
    ],
    [
      64,
      0.21476510067114093
    ],
    [
      65,
      0.1807228915662651
    ],
    [
      66,
      0.2021276595744681
    ],
    [
      67,
      0.27192982456140347
    ],
    [
      68,
      0.2947368421052632
    ],
    [
      69,
      0.2222222222222222
    ],
    [
      70,
      0.21052631578947367
    ],
    [
      71,
      0.20606060606060606
    ],
    [
      72,
      0.13580246913580246
    ],
    [
      73,
      0.20895522388059704
    ],
    [
      74,
      0.1910828025477707
    ],
    [
      75,
      0.2488479262672811
    ],
    [
      76,
      0.18627450980392157
    ],
    [
      77,
      0.16216216216216214
    ],
    [
      78,
      0.2
    ],
    [
      79,
      0.2486486486486487
    ],
    [
      80,
      0.21739130434782608
    ],
    [
      81,
      0.16494845360824742
    ],
    [
      82,
      0.1951219512195122
    ],
    [
      83,
      0.1927710843373494
    ],
    [
      84,
      0.3219512195121951
    ],
    [
      85,
      0.2156862745098039
    ],
    [
      86,
      0.28125000000000006
    ],
    [
      87,
      0.2065217391304348
    ],
    [
      88,
      0.16143497757847536
    ],
    [
      89,
      0.42105263157894735
    ],
    [
      90,
      0.17297297297297295
    ],
    [
      91,
      0.15584415584415587
    ],
    [
      92,
      0.1348314606741573
    ],
    [
      93,
      0.23529411764705882
    ],
    [
      94,
      0.14012738853503184
    ],
    [
      95,
      0.24669603524229072
    ],
    [
      96,
      0.2276422764227642
    ],
    [
      97,
      0.2732919254658385
    ],
    [
      98,
      0.19095477386934673
    ],
    [
      99,
      0.27986348122866894
    ],
    [
      100,
      0.21739130434782608
    ],
    [
      101,
      0.24096385542168675
    ],
    [
      102,
      0.17894736842105263
    ],
    [
      103,
      0.25136612021857924
    ],
    [
      104,
      0.20915032679738566
    ],
    [
      105,
      0.3384615384615385
    ],
    [
      106,
      0.1900452488687783
    ],
    [
      107,
      0.20618556701030927
    ],
    [
      108,
      0.24043715846994537
    ],
    [
      109,
      0.20915032679738563
    ],
    [
      110,
      0.23280423280423282
    ],
    [
      111,
      0.23166023166023164
    ],
    [
      112,
      0.22916666666666669
    ],
    [
      113,
      0.28959276018099545
    ],
    [
      114,
      0.26720647773279355
    ],
    [
      115,
      0.14906832298136646
    ],
    [
      116,
      0.21
    ],
    [
      117,
      0.2011173184357542
    ],
    [
      118,
      0.1699346405228758
    ],
    [
      119,
      0.14857142857142858
    ],
    [
      120,
      0.12429378531073446
    ],
    [
      121,
      0.17486338797814208
    ],
    [
      122,
      0.15454545454545454
    ],
    [
      123,
      0.20895522388059704
    ],
    [
      124,
      0.17333333333333334
    ],
    [
      125,
      0.16483516483516483
    ],
    [
      126,
      0.2634730538922156
    ],
    [
      127,
      0.23391812865497072
    ],
    [
      128,
      0.5333333333333333
    ],
    [
      129,
      0.22485207100591714
    ],
    [
      130,
      0.15706806282722513
    ],
    [
      131,
      0.16867469879518074
    ],
    [
      132,
      0.17297297297297298
    ],
    [
      133,
      0.174496644295302
    ],
    [
      134,
      0.30837004405286345
    ],
    [
      135,
      0.20512820512820512
    ],
    [
      136,
      0.21874999999999997
    ],
    [
      137,
      0.15204678362573099
    ],
    [
      138,
      0.24083769633507854
    ],
    [
      139,
      0.10638297872340426
    ],
    [
      140,
      0.2
    ],
    [
      141,
      0.2708333333333333
    ],
    [
      142,
      0.16589861751152077
    ],
    [
      143,
      0.25438596491228066
    ],
    [
      144,
      0.2871287128712871
    ],
    [
      145,
      0.14285714285714285
    ],
    [
      146,
      0.24074074074074076
    ],
    [
      147,
      0.20105820105820105
    ],
    [
      148,
      0.15384615384615383
    ],
    [
      149,
      0.1797752808988764
    ],
    [
      150,
      0.24598930481283418
    ],
    [
      151,
      0.22535211267605637
    ],
    [
      152,
      0.18032786885245902
    ],
    [
      153,
      0.11320754716981131
    ],
    [
      154,
      0.13157894736842105
    ],
    [
      155,
      0.19148936170212763
    ],
    [
      156,
      0.208955223880597
    ],
    [
      157,
      0.1589403973509934
    ],
    [
      158,
      0.19487179487179487
    ],
    [
      159,
      0.1627906976744186
    ],
    [
