{
  "dataset": "QMSum",
  "num_samples": 200,
  "rouge1": 0.29791575319331304,
  "rouge2": 0.06655294506019634,
  "rougeL": 0.19053465955973287,
  "rougeLsum": 0.19097263161625422,
  "per_sample_rougeL": [
    [
      0,
      0.22321428571428573
    ],
    [
      1,
      0.2555555555555556
    ],
    [
      2,
      0.1691542288557214
    ],
    [
      3,
      0.18994413407821228
    ],
    [
      4,
      0.145985401459854
    ],
    [
      5,
      0.25906735751295334
    ],
    [
      6,
      0.16374269005847952
    ],
    [
      7,
      0.15189873417721517
    ],
    [
      8,
      0.15789473684210528
    ],
    [
      9,
      0.17834394904458598
    ],
    [
      10,
      0.21621621621621623
    ],
    [
      11,
      0.22439024390243906
    ],
    [
      12,
      0.15894039735099338
    ],
    [
      13,
      0.25
    ],
    [
      14,
      0.21296296296296297
    ],
    [
      15,
      0.17948717948717946
    ],
    [
      16,
      0.19138755980861247
    ],
    [
      17,
      0.22346368715083798
    ],
    [
      18,
      0.16236162361623616
    ],
    [
      19,
      0.1564245810055866
    ],
    [
      20,
      0.16091954022988506
    ],
    [
      21,
      0.19999999999999998
    ],
    [
      22,
      0.12571428571428572
    ],
    [
      23,
      0.2111801242236025
    ],
    [
      24,
      0.23711340206185566
    ],
    [
      25,
      0.21367521367521367
    ],
    [
      26,
      0.13872832369942195
    ],
    [
      27,
      0.15584415584415584
    ],
    [
      28,
      0.18536585365853656
    ],
    [
      29,
      0.2142857142857143
    ],
    [
      30,
      0.1956521739130435
    ],
    [
      31,
      0.1935483870967742
    ],
    [
      32,
      0.2577319587628866
    ],
    [
      33,
      0.18999999999999997
    ],
    [
      34,
      0.1739130434782609
    ],
    [
      35,
      0.17171717171717168
    ],
    [
      36,
      0.192090395480226
    ],
    [
      37,
      0.19289340101522842
    ],
    [
      38,
      0.14193548387096774
    ],
    [
      39,
      0.1793103448275862
    ],
    [
      40,
      0.17
    ],
    [
      41,
      0.20465116279069767
    ],
    [
      42,
      0.1674418604651163
    ],
    [
      43,
      0.21052631578947367
    ],
    [
      44,
      0.11111111111111112
    ],
    [
      45,
      0.24539877300613497
    ],
    [
      46,
      0.17733990147783252
    ],
    [
      47,
      0.17475728155339806
    ],
    [
      48,
      0.1954022988505747
    ],
    [
      49,
      0.16568047337278105
    ],
    [
      50,
      0.17679558011049726
    ],
    [
      51,
      0.25339366515837103
    ],
    [
      52,
      0.17218543046357615
    ],
    [
      53,
      0.152046783625731
    ],
    [
      54,
      0.22988505747126434
    ],
    [
      55,
      0.1641025641025641
    ],
    [
      56,
      0.141025641025641
    ],
    [
      57,
      0.1925133689839572
    ],
    [
      58,
      0.22727272727272727
    ],
    [
      59,
      0.16580310880829016
    ],
    [
      60,
      0.20765027322404372
    ],
    [
      61,
      0.1871345029239766
    ],
    [
      62,
      0.22302158273381295
    ],
    [
      63,
      0.20481927710843373
    ],
    [
      64,
      0.20979020979020982
    ],
    [
      65,
      0.2085889570552147
    ],
    [
      66,
      0.2808988764044944
    ],
    [
      67,
      0.23214285714285715
    ],
    [
      68,
      0.19148936170212766
    ],
    [
      69,
      0.1797752808988764
    ],
    [
      70,
      0.18867924528301888
    ],
    [
      71,
      0.16666666666666666
    ],
    [
      72,
      0.2222222222222222
    ],
    [
      73,
      0.20304568527918784
    ],
    [
      74,
      0.14666666666666667
    ],
    [
      75,
      0.2616822429906542
    ],
    [
      76,
      0.1932367149758454
    ],
    [
      77,
      0.10738255033557048
    ],
    [
      78,
      0.20725388601036268
    ],
    [
      79,
      0.15384615384615383
    ],
    [
      80,
      0.18502202643171808
    ],
    [
      81,
      0.15789473684210525
    ],
    [
      82,
      0.19433198380566805
    ],
    [
      83,
      0.14379084967320263
    ],
    [
      84,
      0.2105263157894737
    ],
    [
      85,
      0.2323232323232323
    ],
    [
      86,
      0.20746887966804978
    ],
    [
      87,
      0.1888888888888889
    ],
    [
      88,
      0.19999999999999998
    ],
    [
      89,
      0.1895734597156398
    ],
    [
      90,
      0.18274111675126903
    ],
    [
      91,
      0.19480519480519476
    ],
    [
      92,
      0.14772727272727273
    ],
    [
      93,
      0.20338983050847456
    ],
    [
      94,
      0.16296296296296298
    ],
    [
      95,
      0.20909090909090908
    ],
    [
      96,
      0.205761316872428
    ],
    [
      97,
      0.20731707317073172
    ],
    [
      98,
      0.15228426395939088
    ],
    [
      99,
      0.21527777777777776
    ],
    [
      100,
      0.20765027322404372
    ],
    [
      101,
      0.20731707317073172
    ],
    [
      102,
      0.2094240837696335
    ],
    [
      103,
      0.253968253968254
    ],
    [
      104,
      0.1476510067114094
    ],
    [
      105,
      0.23469387755102042
    ],
    [
      106,
      0.19909502262443438
    ],
    [
      107,
      0.24864864864864863
    ],
    [
      108,
      0.223463687150838
    ],
    [
      109,
      0.18666666666666668
    ],
    [
      110,
      0.2032085561497326
    ],
    [
      111,
      0.2265625
    ],
    [
      112,
      0.12903225806451613
    ],
    [
      113,
      0.24215246636771298
    ],
    [
      114,
      0.23577235772357721
    ],
    [
      115,
      0.16352201257861634
    ],
    [
      116,
      0.1890547263681592
    ],
    [
      117,
      0.19101123595505617
    ],
    [
      118,
      0.12658227848101264
    ],
    [
      119,
      0.2222222222222222
    ],
    [
      120,
      0.1530054644808743
    ],
    [
      121,
      0.16
    ],
    [
      122,
      0.168141592920354
    ],
    [
      123,
      0.22549019607843138
    ],
    [
      124,
      0.1232876712328767
    ],
    [
      125,
      0.16091954022988506
    ],
    [
      126,
      0.22891566265060237
    ],
    [
      127,
      0.16049382716049382
    ],
    [
      128,
      0.2616822429906542
    ],
    [
      129,
      0.21333333333333335
    ],
    [
      130,
      0.18848167539267016
    ],
    [
      131,
      0.10126582278481013
    ],
    [
      132,
      0.17486338797814208
    ],
    [
      133,
      0.08333333333333333
    ],
    [
      134,
      0.23423423423423423
    ],
    [
      135,
      0.23076923076923078
    ],
    [
      136,
      0.16541353383458646
    ],
    [
      137,
      0.2
    ],
    [
      138,
      0.21390374331550802
    ],
    [
      139,
      0.14207650273224043
    ],
    [
      140,
      0.16279069767441862
    ],
    [
      141,
      0.2994652406417112
    ],
    [
      142,
      0.15740740740740738
    ],
    [
      143,
      0.1891891891891892
    ],
    [
      144,
      0.18181818181818185
    ],
    [
      145,
      0.15894039735099338
    ],
    [
      146,
      0.25116279069767444
    ],
    [
      147,
      0.16216216216216214
    ],
    [
      148,
      0.15714285714285714
    ],
    [
      149,
      0.11904761904761905
    ],
    [
      150,
      0.1798941798941799
    ],
    [
      151,
      0.2608695652173913
    ],
    [
      152,
      0.2439024390243902
    ],
    [
      153,
      0.141025641025641
    ],
    [
      154,
      0.17687074829931973
    ],
    [
      155,
      0.2087912087912088
    ],
    [
      156,
      0.17475728155339806
    ],
    [
      157,
      0.136986301369863
    ],
    [
      158,
      0.1988950276243094
    ],
    [
      159,
      0.15757575757575756
    ],
    [
      160,
