{
  "dataset": "QMSum",
  "num_samples": 200,
  "rouge1": 0.27231552728834835,
  "rouge2": 0.062083335668247835,
  "rougeL": 0.1824404900000765,
  "rougeLsum": 0.18004580795443256,
  "per_sample_rougeL": [
    [
      0,
      0.19555555555555557
    ],
    [
      1,
      0.2040816326530612
    ],
    [
      2,
      0.18274111675126906
    ],
    [
      3,
      0.1839080459770115
    ],
    [
      4,
      0.11851851851851852
    ],
    [
      5,
      0.21505376344086022
    ],
    [
      6,
      0.15294117647058822
    ],
    [
      7,
      0.09638554216867469
    ],
    [
      8,
      0.14012738853503184
    ],
    [
      9,
      0.12987012987012986
    ],
    [
      10,
      0.22077922077922077
    ],
    [
      11,
      0.21890547263681592
    ],
    [
      12,
      0.21582733812949637
    ],
    [
      13,
      0.21649484536082475
    ],
    [
      14,
      0.2304147465437788
    ],
    [
      15,
      0.11688311688311688
    ],
    [
      16,
      0.1691542288557214
    ],
    [
      17,
      0.1818181818181818
    ],
    [
      18,
      0.14074074074074075
    ],
    [
      19,
      0.17679558011049726
    ],
    [
      20,
      0.14285714285714285
    ],
    [
      21,
      0.1733333333333333
    ],
    [
      22,
      0.11695906432748537
    ],
    [
      23,
      0.2138364779874214
    ],
    [
      24,
      0.12698412698412698
    ],
    [
      25,
      0.18181818181818182
    ],
    [
      26,
      0.11173184357541899
    ],
    [
      27,
      0.15189873417721517
    ],
    [
      28,
      0.16243654822335024
    ],
    [
      29,
      0.23952095808383234
    ],
    [
      30,
      0.24358974358974358
    ],
    [
      31,
      0.2014388489208633
    ],
    [
      32,
      0.25
    ],
    [
      33,
      0.1798941798941799
    ],
    [
      34,
      0.17283950617283947
    ],
    [
      35,
      0.21111111111111114
    ],
    [
      36,
      0.1807909604519774
    ],
    [
      37,
      0.17616580310880828
    ],
    [
      38,
      0.15686274509803919
    ],
    [
      39,
      0.16901408450704222
    ],
    [
      40,
      0.18947368421052632
    ],
    [
      41,
      0.15311004784688997
    ],
    [
      42,
      0.14018691588785046
    ],
    [
      43,
      0.2222222222222222
    ],
    [
      44,
      0.16049382716049382
    ],
    [
      45,
      0.25316455696202533
    ],
    [
      46,
      0.0
    ],
    [
      47,
      0.13333333333333333
    ],
    [
      48,
      0.1871345029239766
    ],
    [
      49,
      0.20740740740740743
    ],
    [
      50,
      0.20689655172413793
    ],
    [
      51,
      0.303921568627451
    ],
    [
      52,
      0.11464968152866241
    ],
    [
      53,
      0.15950920245398773
    ],
    [
      54,
      0.24418604651162792
    ],
    [
      55,
      0.15950920245398773
    ],
    [
      56,
      0.16
    ],
    [
      57,
      0.15873015873015872
    ],
    [
      58,
      0.17857142857142855
    ],
    [
      59,
      0.17021276595744683
    ],
    [
      60,
      0.21468926553672316
    ],
    [
      61,
      0.24852071005917165
    ],
    [
      62,
      0.2690909090909091
    ],
    [
      63,
      0.16049382716049382
    ],
    [
      64,
      0.1842105263157895
    ],
    [
      65,
      0.20606060606060608
    ],
    [
      66,
      0.2826086956521739
    ],
    [
      67,
      0.29090909090909084
    ],
    [
      68,
      0.18478260869565216
    ],
    [
      69,
      0.3274853801169591
    ],
    [
      70,
      0.2173913043478261
    ],
    [
      71,
      0.1875
    ],
    [
      72,
      0.17834394904458598
    ],
    [
      73,
      0.19289340101522842
    ],
    [
      74,
      0.14666666666666667
    ],
    [
      75,
      0.2090909090909091
    ],
    [
      76,
      0.1492537313432836
    ],
    [
      77,
      0.12162162162162161
    ],
    [
      78,
      0.1092896174863388
    ],
    [
      79,
      0.16091954022988506
    ],
    [
      80,
      0.18666666666666668
    ],
    [
      81,
      0.15706806282722513
    ],
    [
      82,
      0.24369747899159666
    ],
    [
      83,
      0.16249999999999998
    ],
    [
      84,
      0.1708542713567839
    ],
    [
      85,
      0.22000000000000003
    ],
    [
      86,
      0.1959183673469388
    ],
    [
      87,
      0.24444444444444446
    ],
    [
      88,
      0.18518518518518517
    ],
    [
      89,
      0.1895734597156398
    ],
    [
      90,
      0.1267605633802817
    ],
    [
      91,
      0.15827338129496402
    ],
    [
      92,
      0.21176470588235297
    ],
    [
      93,
      0.24786324786324784
    ],
    [
      94,
      0.11612903225806452
    ],
    [
      95,
      0.24324324324324326
    ],
    [
      96,
      0.08333333333333333
    ],
    [
      97,
      0.155688622754491
    ],
    [
      98,
      0.17297297297297298
    ],
    [
      99,
      0.22145328719723184
    ],
    [
      100,
      0.21428571428571427
    ],
    [
      101,
      0.18518518518518517
    ],
    [
      102,
      0.20320855614973263
    ],
    [
      103,
      0.20320855614973263
    ],
    [
      104,
      0.17218543046357615
    ],
    [
      105,
      0.2736842105263158
    ],
    [
      106,
      0.2171945701357466
    ],
    [
      107,
      0.2162162162162162
    ],
    [
      108,
      0.18934911242603547
    ],
    [
      109,
      0.11920529801324503
    ],
    [
      110,
      0.15053763440860216
    ],
    [
      111,
      0.21951219512195122
    ],
    [
      112,
      0.0
    ],
    [
      113,
      0.18811881188118815
    ],
    [
      114,
      0.275
    ],
    [
      115,
      0.16774193548387098
    ],
    [
      116,
      0.20212765957446807
    ],
    [
      117,
      0.21818181818181817
    ],
    [
      118,
      0.12738853503184713
    ],
    [
      119,
      0.20606060606060608
    ],
    [
      120,
      0.15476190476190477
    ],
    [
      121,
      0.17543859649122806
    ],
    [
      122,
      0.168141592920354
    ],
    [
      123,
      0.23923444976076555
    ],
    [
      124,
      0.0875912408759124
    ],
    [
      125,
      0.19101123595505617
    ],
    [
      126,
      0.19161676646706588
    ],
    [
      127,
      0.15384615384615385
    ],
    [
      128,
      0.21052631578947367
    ],
    [
      129,
      0.18292682926829268
    ],
    [
      130,
      0.18378378378378377
    ],
    [
      131,
      0.11464968152866242
    ],
    [
      132,
      0.19101123595505617
    ],
    [
      133,
      0.14379084967320263
    ],
    [
      134,
      0.31390134529147984
    ],
    [
      135,
      0.18055555555555552
    ],
    [
      136,
      0.17037037037037037
    ],
    [
      137,
      0.17073170731707318
    ],
    [
      138,
      0.2150537634408602
    ],
    [
      139,
      0.13186813186813187
    ],
    [
      140,
      0.15204678362573099
    ],
    [
      141,
      0.31182795698924737
    ],
    [
      142,
      0.17924528301886794
    ],
    [
      143,
      0.24545454545454545
    ],
    [
      144,
      0.17021276595744683
    ],
    [
      145,
      0.14906832298136646
    ],
    [
      146,
      0.23696682464454974
    ],
    [
      147,
      0.21739130434782608
    ],
    [
      148,
      0.14705882352941177
    ],
    [
      149,
      0.10714285714285715
    ],
    [
      150,
      0.17679558011049723
    ],
    [
      151,
      0.18947368421052632
    ],
    [
      152,
      0.10294117647058823
    ],
    [
      153,
      0.13071895424836602
    ],
    [
      154,
      0.14184397163120568
    ],
    [
      155,
      0.18478260869565216
    ],
    [
      156,
      0.16915422885572137
    ],
    [
      157,
      0.17647058823529413
    ],
    [
      158,
      0.23595505617977527
    ],
    [
      159,
      0.1986754966887417
    ],
    [
      160,
