{
  "dataset": "QMSum",
  "num_samples": 200,
  "rouge1": 0.3338050627889393,
  "rouge2": 0.08915969736415363,
  "rougeL": 0.2058134882535607,
  "rougeLsum": 0.20889089619508716,
  "per_sample_rougeL": [
    [
      0,
      0.1704035874439462
    ],
    [
      1,
      0.19704433497536944
    ],
    [
      2,
      0.20359281437125748
    ],
    [
      3,
      0.16969696969696968
    ],
    [
      4,
      0.12121212121212122
    ],
    [
      5,
      0.2901554404145078
    ],
    [
      6,
      0.17241379310344826
    ],
    [
      7,
      0.17948717948717946
    ],
    [
      8,
      0.2064516129032258
    ],
    [
      9,
      0.1176470588235294
    ],
    [
      10,
      0.17333333333333334
    ],
    [
      11,
      0.20895522388059698
    ],
    [
      12,
      0.29411764705882354
    ],
    [
      13,
      0.2634730538922156
    ],
    [
      14,
      0.24186046511627904
    ],
    [
      15,
      0.17218543046357615
    ],
    [
      16,
      0.19230769230769232
    ],
    [
      17,
      0.23255813953488372
    ],
    [
      18,
      0.20817843866171004
    ],
    [
      19,
      0.1477272727272727
    ],
    [
      20,
      0.17449664429530198
    ],
    [
      21,
      0.20952380952380953
    ],
    [
      22,
      0.18633540372670807
    ],
    [
      23,
      0.23899371069182387
    ],
    [
      24,
      0.24309392265193372
    ],
    [
      25,
      0.20535714285714285
    ],
    [
      26,
      0.4028776978417266
    ],
    [
      27,
      0.15714285714285714
    ],
    [
      28,
      0.2156862745098039
    ],
    [
      29,
      0.17964071856287428
    ],
    [
      30,
      0.2057142857142857
    ],
    [
      31,
      0.18791946308724833
    ],
    [
      32,
      0.2631578947368421
    ],
    [
      33,
      0.17258883248730966
    ],
    [
      34,
      0.19631901840490795
    ],
    [
      35,
      0.17435897435897438
    ],
    [
      36,
      0.2033898305084746
    ],
    [
      37,
      0.17989417989417986
    ],
    [
      38,
      0.14012738853503184
    ],
    [
      39,
      0.1643835616438356
    ],
    [
      40,
      0.1782178217821782
    ],
    [
      41,
      0.2072538860103627
    ],
    [
      42,
      0.1809045226130653
    ],
    [
      43,
      0.2235294117647059
    ],
    [
      44,
      0.15294117647058825
    ],
    [
      45,
      0.33333333333333337
    ],
    [
      46,
      0.18556701030927836
    ],
    [
      47,
      0.16161616161616163
    ],
    [
      48,
      0.22598870056497172
    ],
    [
      49,
      0.2406015037593985
    ],
    [
      50,
      0.16470588235294117
    ],
    [
      51,
      0.24210526315789474
    ],
    [
      52,
      0.19867549668874174
    ],
    [
      53,
      0.16279069767441862
    ],
    [
      54,
      0.3511450381679389
    ],
    [
      55,
      0.15819209039548024
    ],
    [
      56,
      0.15483870967741936
    ],
    [
      57,
      0.08988764044943821
    ],
    [
      58,
      0.23076923076923078
    ],
    [
      59,
      0.1780104712041885
    ],
    [
      60,
      0.1941747572815534
    ],
    [
      61,
      0.27906976744186046
    ],
    [
      62,
      0.21686746987951808
    ],
    [
      63,
      0.18823529411764706
    ],
    [
      64,
      0.16923076923076927
    ],
    [
      65,
      0.22033898305084745
    ],
    [
      66,
      0.20652173913043478
    ],
    [
      67,
      0.20792079207920794
    ],
    [
      68,
      0.24060150375939848
    ],
    [
      69,
      0.2485875706214689
    ],
    [
      70,
      0.34567901234567905
    ],
    [
      71,
      0.1761006289308176
    ],
    [
      72,
      0.3275862068965517
    ],
    [
      73,
      0.19095477386934673
    ],
    [
      74,
      0.20915032679738563
    ],
    [
      75,
      0.28310502283105016
    ],
    [
      76,
      0.14778325123152708
    ],
    [
      77,
      0.16296296296296298
    ],
    [
      78,
      0.22702702702702704
    ],
    [
      79,
      0.21857923497267762
    ],
    [
      80,
      0.20091324200913244
    ],
    [
      81,
      0.17021276595744683
    ],
    [
      82,
      0.200836820083682
    ],
    [
      83,
      0.23529411764705882
    ],
    [
      84,
      0.18
    ],
    [
      85,
      0.20000000000000004
    ],
    [
      86,
      0.22040816326530613
    ],
    [
      87,
      0.1774193548387097
    ],
    [
      88,
      0.15463917525773194
    ],
    [
      89,
      0.27488151658767773
    ],
    [
      90,
      0.2131979695431472
    ],
    [
      91,
      0.18421052631578946
    ],
    [
      92,
      0.2222222222222222
    ],
    [
      93,
      0.23580786026200873
    ],
    [
      94,
      0.23287671232876714
    ],
    [
      95,
      0.2072072072072072
    ],
    [
      96,
      0.18930041152263374
    ],
    [
      97,
      0.302158273381295
    ],
    [
      98,
      0.18947368421052632
    ],
    [
      99,
      0.24199288256227763
    ],
    [
      100,
      0.20540540540540542
    ],
    [
      101,
      0.3010752688172043
    ],
    [
      102,
      0.21839080459770116
    ],
    [
      103,
      0.30120481927710846
    ],
    [
      104,
      0.18705035971223022
    ],
    [
      105,
      0.24083769633507854
    ],
    [
      106,
      0.14953271028037385
    ],
    [
      107,
      0.2125
    ],
    [
      108,
      0.24539877300613497
    ],
    [
      109,
      0.22972972972972971
    ],
    [
      110,
      0.21428571428571427
    ],
    [
      111,
      0.2134387351778656
    ],
    [
      112,
      0.12359550561797754
    ],
    [
      113,
      0.27149321266968324
    ],
    [
      114,
      0.2231404958677686
    ],
    [
      115,
      0.17567567567567569
    ],
    [
      116,
      0.19875776397515527
    ],
    [
      117,
      0.21935483870967745
    ],
    [
      118,
      0.1643835616438356
    ],
    [
      119,
      0.20134228187919465
    ],
    [
      120,
      0.17045454545454544
    ],
    [
      121,
      0.21176470588235294
    ],
    [
      122,
      0.16
    ],
    [
      123,
      0.25806451612903225
    ],
    [
      124,
      0.14473684210526316
    ],
    [
      125,
      0.21714285714285717
    ],
    [
      126,
      0.21176470588235294
    ],
    [
      127,
      0.15662650602409636
    ],
    [
      128,
      0.3131313131313131
    ],
    [
      129,
      0.25301204819277107
    ],
    [
      130,
      0.2032085561497326
    ],
    [
      131,
      0.1234567901234568
    ],
    [
      132,
      0.24817518248175183
    ],
    [
      133,
      0
    ],
    [
      134,
      0.19999999999999998
    ],
    [
      135,
      0.12244897959183673
    ],
    [
      136,
      0.2548262548262548
    ],
    [
      137,
      0.1807228915662651
    ],
    [
      138,
      0.19696969696969693
    ],
    [
      139,
      0.14444444444444446
    ],
    [
      140,
      0.1456953642384106
    ],
    [
      141,
      0.41081081081081083
    ],
    [
      142,
      0.2222222222222222
    ],
    [
      143,
      0.15384615384615385
    ],
    [
      144,
      0.18934911242603553
    ],
    [
      145,
      0.1111111111111111
    ],
    [
      146,
      0.22115384615384615
    ],
    [
      147,
      0.3503649635036496
    ],
    [
      148,
      0.19834710743801653
    ],
    [
      149,
      0.16000000000000003
    ],
    [
      150,
      0.2247191011235955
    ],
    [
      151,
      0.23
    ],
    [
      152,
      0.21276595744680854
    ],
    [
      153,
      0.16993464052287582
    ],
    [
      154,
      0.18055555555555555
    ],
    [
      155,
      0.2122905027932961
    ],
    [
      156,
      0.2277227722772277
    ],
    [
      157,
      0.1285714285714286
    ],
    [
      158,
      0.21301775147928995
    ],
    [
      159,
      0.21686746987951808
    ],
    [
      160,
