{
  "dataset": "QMSum",
  "num_samples": 200,
  "rouge1": 0.2971642157192096,
  "rouge2": 0.06769615742864657,
  "rougeL": 0.19034317613607077,
  "rougeLsum": 0.18953881941535863,
  "per_sample_rougeL": [
    [
      0,
      0.18666666666666665
    ],
    [
      1,
      0.26865671641791045
    ],
    [
      2,
      0.18000000000000002
    ],
    [
      3,
      0.1978021978021978
    ],
    [
      4,
      0.08955223880597013
    ],
    [
      5,
      0.2408376963350785
    ],
    [
      6,
      0.17341040462427743
    ],
    [
      7,
      0.1761006289308176
    ],
    [
      8,
      0.14814814814814814
    ],
    [
      9,
      0.13749999999999998
    ],
    [
      10,
      0.2206896551724138
    ],
    [
      11,
      0.22439024390243906
    ],
    [
      12,
      0.15894039735099338
    ],
    [
      13,
      0.2885572139303482
    ],
    [
      14,
      0.215962441314554
    ],
    [
      15,
      0.17948717948717946
    ],
    [
      16,
      0.1971830985915493
    ],
    [
      17,
      0.18888888888888886
    ],
    [
      18,
      0.14598540145985403
    ],
    [
      19,
      0.17679558011049726
    ],
    [
      20,
      0.1286549707602339
    ],
    [
      21,
      0.19999999999999998
    ],
    [
      22,
      0.16279069767441862
    ],
    [
      23,
      0.23030303030303031
    ],
    [
      24,
      0.24242424242424238
    ],
    [
      25,
      0.24034334763948495
    ],
    [
      26,
      0.21839080459770116
    ],
    [
      27,
      0.15286624203821655
    ],
    [
      28,
      0.1791044776119403
    ],
    [
      29,
      0.20809248554913296
    ],
    [
      30,
      0.1798941798941799
    ],
    [
      31,
      0.18666666666666668
    ],
    [
      32,
      0.22564102564102562
    ],
    [
      33,
      0.1890547263681592
    ],
    [
      34,
      0.22485207100591717
    ],
    [
      35,
      0.18367346938775508
    ],
    [
      36,
      0.16853932584269662
    ],
    [
      37,
      0.17801047120418848
    ],
    [
      38,
      0.16107382550335572
    ],
    [
      39,
      0.18439716312056736
    ],
    [
      40,
      0.1990049751243781
    ],
    [
      41,
      0.18666666666666665
    ],
    [
      42,
      0.15525114155251143
    ],
    [
      43,
      0.25287356321839083
    ],
    [
      44,
      0.1149425287356322
    ],
    [
      45,
      0.1575757575757576
    ],
    [
      46,
      0.18181818181818182
    ],
    [
      47,
      0.17989417989417988
    ],
    [
      48,
      0.2105263157894737
    ],
    [
      49,
      0.19161676646706585
    ],
    [
      50,
      0.17777777777777778
    ],
    [
      51,
      0.2660550458715596
    ],
    [
      52,
      0.1518987341772152
    ],
    [
      53,
      0.15028901734104047
    ],
    [
      54,
      0.24719101123595502
    ],
    [
      55,
      0.17525773195876285
    ],
    [
      56,
      0.141025641025641
    ],
    [
      57,
      0.1595744680851064
    ],
    [
      58,
      0.22471910112359547
    ],
    [
      59,
      0.14893617021276595
    ],
    [
      60,
      0.18579234972677594
    ],
    [
      61,
      0.2159090909090909
    ],
    [
      62,
      0.1935483870967742
    ],
    [
      63,
      0.17647058823529407
    ],
    [
      64,
      0.16666666666666663
    ],
    [
      65,
      0.1923076923076923
    ],
    [
      66,
      0.26373626373626374
    ],
    [
      67,
      0.25663716814159293
    ],
    [
      68,
      0.15469613259668508
    ],
    [
      69,
      0.17582417582417584
    ],
    [
      70,
      0.19354838709677416
    ],
    [
      71,
      0.1676646706586826
    ],
    [
      72,
      0.1780821917808219
    ],
    [
      73,
      0.18274111675126906
    ],
    [
      74,
      0.16993464052287582
    ],
    [
      75,
      0.2830188679245283
    ],
    [
      76,
      0.1932367149758454
    ],
    [
      77,
      0.09589041095890412
    ],
    [
      78,
      0.20765027322404372
    ],
    [
      79,
      0.15384615384615383
    ],
    [
      80,
      0.18340611353711792
    ],
    [
      81,
      0.17708333333333331
    ],
    [
      82,
      0.22672064777327938
    ],
    [
      83,
      0.17610062893081763
    ],
    [
      84,
      0.18181818181818185
    ],
    [
      85,
      0.21782178217821782
    ],
    [
      86,
      0.20472440944881887
    ],
    [
      87,
      0.20994475138121546
    ],
    [
      88,
      0.17316017316017315
    ],
    [
      89,
      0.17224880382775118
    ],
    [
      90,
      0.2613065326633166
    ],
    [
      91,
      0.15999999999999998
    ],
    [
      92,
      0.16853932584269662
    ],
    [
      93,
      0.2297872340425532
    ],
    [
      94,
      0.15000000000000002
    ],
    [
      95,
      0.22707423580786024
    ],
    [
      96,
      0.205761316872428
    ],
    [
      97,
      0.2222222222222222
    ],
    [
      98,
      0.1875
    ],
    [
      99,
      0.23448275862068968
    ],
    [
      100,
      0.2185792349726776
    ],
    [
      101,
      0.19753086419753085
    ],
    [
      102,
      0.19999999999999998
    ],
    [
      103,
      0.21989528795811517
    ],
    [
      104,
      0.19047619047619047
    ],
    [
      105,
      0.23469387755102042
    ],
    [
      106,
      0.18099547511312217
    ],
    [
      107,
      0.24043715846994534
    ],
    [
      108,
      0.20224719101123595
    ],
    [
      109,
      0.1456953642384106
    ],
    [
      110,
      0.1827956989247312
    ],
    [
      111,
      0.23529411764705885
    ],
    [
      112,
      0.14285714285714285
    ],
    [
      113,
      0.23423423423423423
    ],
    [
      114,
      0.26720647773279355
    ],
    [
      115,
      0.18181818181818182
    ],
    [
      116,
      0.18
    ],
    [
      117,
      0.17679558011049723
    ],
    [
      118,
      0.13924050632911394
    ],
    [
      119,
      0.20987654320987653
    ],
    [
      120,
      0.16483516483516483
    ],
    [
      121,
      0.18994413407821228
    ],
    [
      122,
      0.15929203539823011
    ],
    [
      123,
      0.22439024390243903
    ],
    [
      124,
      0.10810810810810813
    ],
    [
      125,
      0.18072289156626506
    ],
    [
      126,
      0.20731707317073172
    ],
    [
      127,
      0.26035502958579887
    ],
    [
      128,
      0.2616822429906542
    ],
    [
      129,
      0.20731707317073172
    ],
    [
      130,
      0.14814814814814814
    ],
    [
      131,
      0.1125
    ],
    [
      132,
      0.20652173913043478
    ],
    [
      133,
      0.10126582278481011
    ],
    [
      134,
      0.23744292237442924
    ],
    [
      135,
      0.20833333333333334
    ],
    [
      136,
      0.17037037037037037
    ],
    [
      137,
      0.20606060606060608
    ],
    [
      138,
      0.21390374331550802
    ],
    [
      139,
      0.12765957446808512
    ],
    [
      140,
      0.14857142857142855
    ],
    [
      141,
      0.3101604278074866
    ],
    [
      142,
      0.17674418604651165
    ],
    [
      143,
      0.24
    ],
    [
      144,
      0.21538461538461537
    ],
    [
      145,
      0.1456953642384106
    ],
    [
      146,
      0.2857142857142857
    ],
    [
      147,
      0.1587301587301587
    ],
    [
      148,
      0.1870503597122302
    ],
    [
      149,
      0.1317365269461078
    ],
    [
      150,
      0.21390374331550802
    ],
    [
      151,
      0.24644549763033177
    ],
    [
      152,
      0.20634920634920634
    ],
    [
      153,
      0.15483870967741933
    ],
    [
      154,
      0.16666666666666666
    ],
    [
      155,
      0.1899441340782123
    ],
    [
      156,
      0.1782178217821782
    ],
    [
      157,
      0.15827338129496402
    ],
    [
      158,
      0.20994475138121546
    ],
    [
      159,
      0.15853658536585366
    ],
    [
