{
  "dataset": "QMSum",
  "num_samples": 200,
  "rouge1": 0.3187288930836424,
  "rouge2": 0.07337159665367934,
  "rougeL": 0.19561707184032973,
  "rougeLsum": 0.1958405870888856,
  "per_sample_rougeL": [
    [
      0,
      0.16216216216216214
    ],
    [
      1,
      0.21463414634146338
    ],
    [
      2,
      0.20100502512562815
    ],
    [
      3,
      0.18285714285714283
    ],
    [
      4,
      0.11940298507462686
    ],
    [
      5,
      0.23036649214659688
    ],
    [
      6,
      0.14201183431952663
    ],
    [
      7,
      0.17073170731707316
    ],
    [
      8,
      0.1656050955414013
    ],
    [
      9,
      0.16352201257861634
    ],
    [
      10,
      0.1780821917808219
    ],
    [
      11,
      0.21000000000000002
    ],
    [
      12,
      0.18543046357615894
    ],
    [
      13,
      0.29441624365482233
    ],
    [
      14,
      0.18357487922705312
    ],
    [
      15,
      0.1699346405228758
    ],
    [
      16,
      0.1941747572815534
    ],
    [
      17,
      0.18390804597701152
    ],
    [
      18,
      0.16541353383458646
    ],
    [
      19,
      0.15555555555555556
    ],
    [
      20,
      0.15028901734104044
    ],
    [
      21,
      0.15789473684210525
    ],
    [
      22,
      0.16184971098265896
    ],
    [
      23,
      0.21656050955414013
    ],
    [
      24,
      0.23834196891191708
    ],
    [
      25,
      0.23529411764705882
    ],
    [
      26,
      0.1871345029239766
    ],
    [
      27,
      0.16993464052287585
    ],
    [
      28,
      0.21999999999999997
    ],
    [
      29,
      0.1893491124260355
    ],
    [
      30,
      0.2
    ],
    [
      31,
      0.19047619047619044
    ],
    [
      32,
      0.2931937172774869
    ],
    [
      33,
      0.20304568527918782
    ],
    [
      34,
      0.2138364779874214
    ],
    [
      35,
      0.17525773195876287
    ],
    [
      36,
      0.2033898305084746
    ],
    [
      37,
      0.20320855614973263
    ],
    [
      38,
      0.19310344827586204
    ],
    [
      39,
      0.15172413793103448
    ],
    [
      40,
      0.16000000000000003
    ],
    [
      41,
      0.15813953488372096
    ],
    [
      42,
      0.17511520737327188
    ],
    [
      43,
      0.2193548387096774
    ],
    [
      44,
      0.17045454545454544
    ],
    [
      45,
      0.21951219512195122
    ],
    [
      46,
      0.15763546798029557
    ],
    [
      47,
      0.16915422885572137
    ],
    [
      48,
      0.23863636363636362
    ],
    [
      49,
      0.2456140350877193
    ],
    [
      50,
      0.20689655172413793
    ],
    [
      51,
      0.2660550458715596
    ],
    [
      52,
      0.1358024691358025
    ],
    [
      53,
      0.16091954022988506
    ],
    [
      54,
      0.20930232558139536
    ],
    [
      55,
      0.15873015873015872
    ],
    [
      56,
      0.1568627450980392
    ],
    [
      57,
      0.14130434782608697
    ],
    [
      58,
      0.23463687150837986
    ],
    [
      59,
      0.19689119170984454
    ],
    [
      60,
      0.20879120879120877
    ],
    [
      61,
      0.16000000000000003
    ],
    [
      62,
      0.24087591240875914
    ],
    [
      63,
      0.18713450292397663
    ],
    [
      64,
      0.22695035460992907
    ],
    [
      65,
      0.1830065359477124
    ],
    [
      66,
      0.22580645161290322
    ],
    [
      67,
      0.25688073394495414
    ],
    [
      68,
      0.2032085561497326
    ],
    [
      69,
      0.20224719101123598
    ],
    [
      70,
      0.26315789473684215
    ],
    [
      71,
      0.15476190476190477
    ],
    [
      72,
      0.17834394904458598
    ],
    [
      73,
      0.20408163265306123
    ],
    [
      74,
      0.15686274509803924
    ],
    [
      75,
      0.24186046511627907
    ],
    [
      76,
      0.15151515151515152
    ],
    [
      77,
      0.12413793103448277
    ],
    [
      78,
      0.21761658031088082
    ],
    [
      79,
      0.1878453038674033
    ],
    [
      80,
      0.17543859649122806
    ],
    [
      81,
      0.17894736842105263
    ],
    [
      82,
      0.21487603305785125
    ],
    [
      83,
      0.2038216560509554
    ],
    [
      84,
      0.18811881188118812
    ],
    [
      85,
      0.21256038647342992
    ],
    [
      86,
      0.20161290322580644
    ],
    [
      87,
      0.2159090909090909
    ],
    [
      88,
      0.18965517241379312
    ],
    [
      89,
      0.3412322274881517
    ],
    [
      90,
      0.23350253807106597
    ],
    [
      91,
      0.174496644295302
    ],
    [
      92,
      0.1785714285714286
    ],
    [
      93,
      0.2413793103448276
    ],
    [
      94,
      0.1987577639751553
    ],
    [
      95,
      0.23853211009174313
    ],
    [
      96,
      0.19917012448132781
    ],
    [
      97,
      0.1987577639751553
    ],
    [
      98,
      0.17435897435897435
    ],
    [
      99,
      0.23287671232876714
    ],
    [
      100,
      0.1827956989247312
    ],
    [
      101,
      0.2345679012345679
    ],
    [
      102,
      0.18947368421052632
    ],
    [
      103,
      0.18579234972677594
    ],
    [
      104,
      0.21656050955414013
    ],
    [
      105,
      0.3061224489795918
    ],
    [
      106,
      0.17272727272727273
    ],
    [
      107,
      0.22222222222222218
    ],
    [
      108,
      0.264367816091954
    ],
    [
      109,
      0.21621621621621626
    ],
    [
      110,
      0.16129032258064516
    ],
    [
      111,
      0.2608695652173913
    ],
    [
      112,
      0.2688172043010753
    ],
    [
      113,
      0.21428571428571427
    ],
    [
      114,
      0.24680851063829784
    ],
    [
      115,
      0.1733333333333333
    ],
    [
      116,
      0.16666666666666666
    ],
    [
      117,
      0.20338983050847462
    ],
    [
      118,
      0.22077922077922074
    ],
    [
      119,
      0.19653179190751446
    ],
    [
      120,
      0.1967213114754098
    ],
    [
      121,
      0.20454545454545456
    ],
    [
      122,
      0.17777777777777778
    ],
    [
      123,
      0.20689655172413796
    ],
    [
      124,
      0.12080536912751678
    ],
    [
      125,
      0.1564245810055866
    ],
    [
      126,
      0.2181818181818182
    ],
    [
      127,
      0.19393939393939394
    ],
    [
      128,
      0.25837320574162675
    ],
    [
      129,
      0.23899371069182393
    ],
    [
      130,
      0.17708333333333331
    ],
    [
      131,
      0.147239263803681
    ],
    [
      132,
      0.1888888888888889
    ],
    [
      133,
      0.24324324324324323
    ],
    [
      134,
      0.23744292237442924
    ],
    [
      135,
      0.21476510067114093
    ],
    [
      136,
      0.15267175572519082
    ],
    [
      137,
      0.17857142857142858
    ],
    [
      138,
      0.25
    ],
    [
      139,
      0.1111111111111111
    ],
    [
      140,
      0.17441860465116282
    ],
    [
      141,
      0.2978723404255319
    ],
    [
      142,
      0.1642512077294686
    ],
    [
      143,
      0.21428571428571427
    ],
    [
      144,
      0.17435897435897432
    ],
    [
      145,
      0.1509433962264151
    ],
    [
      146,
      0.2
    ],
    [
      147,
      0.16753926701570682
    ],
    [
      148,
      0.21374045801526717
    ],
    [
      149,
      0.15204678362573099
    ],
    [
      150,
      0.20652173913043478
    ],
    [
      151,
      0.24880382775119617
    ],
    [
      152,
      0.21374045801526717
    ],
    [
      153,
      0.1324503311258278
    ],
    [
      154,
      0.2162162162162162
    ],
    [
      155,
      0.23076923076923078
    ],
    [
      156,
      0.15763546798029557
    ],
    [
      157,
      0.13513513513513514
    ],
    [
      158,
      0.20320855614973263
    ],
    [
      159,
      0.19393939393939394
