{
  "dataset": "QMSum",
  "num_samples": 200,
  "rouge1": 0.3348717668356547,
  "rouge2": 0.08617896203877563,
  "rougeL": 0.20438323448399479,
  "rougeLsum": 0.20756318870849258,
  "per_sample_rougeL": [
    [
      0,
      0.19730941704035876
    ],
    [
      1,
      0.21463414634146338
    ],
    [
      2,
      0.20606060606060606
    ],
    [
      3,
      0.18079096045197743
    ],
    [
      4,
      0.13846153846153847
    ],
    [
      5,
      0.29940119760479045
    ],
    [
      6,
      0.14457831325301204
    ],
    [
      7,
      0.19393939393939394
    ],
    [
      8,
      0.18987341772151897
    ],
    [
      9,
      0.1568627450980392
    ],
    [
      10,
      0.16901408450704225
    ],
    [
      11,
      0.21463414634146338
    ],
    [
      12,
      0.20833333333333334
    ],
    [
      13,
      0.2764227642276423
    ],
    [
      14,
      0.18264840182648404
    ],
    [
      15,
      0.17105263157894735
    ],
    [
      16,
      0.22115384615384615
    ],
    [
      17,
      0.22222222222222224
    ],
    [
      18,
      0.20300751879699244
    ],
    [
      19,
      0.10989010989010989
    ],
    [
      20,
      0.15384615384615385
    ],
    [
      21,
      0.1842105263157895
    ],
    [
      22,
      0.1739130434782609
    ],
    [
      23,
      0.20606060606060608
    ],
    [
      24,
      0.20731707317073172
    ],
    [
      25,
      0.1981981981981982
    ],
    [
      26,
      0.45033112582781454
    ],
    [
      27,
      0.16216216216216217
    ],
    [
      28,
      0.16666666666666669
    ],
    [
      29,
      0.1696969696969697
    ],
    [
      30,
      0.19318181818181818
    ],
    [
      31,
      0.15894039735099338
    ],
    [
      32,
      0.25130890052356025
    ],
    [
      33,
      0.18556701030927833
    ],
    [
      34,
      0.21428571428571427
    ],
    [
      35,
      0.15957446808510636
    ],
    [
      36,
      0.18181818181818185
    ],
    [
      37,
      0.17204301075268816
    ],
    [
      38,
      0.15384615384615385
    ],
    [
      39,
      0.13513513513513514
    ],
    [
      40,
      0.22222222222222224
    ],
    [
      41,
      0.20192307692307693
    ],
    [
      42,
      0.12206572769953052
    ],
    [
      43,
      0.23170731707317072
    ],
    [
      44,
      0.13173652694610777
    ],
    [
      45,
      0.34838709677419355
    ],
    [
      46,
      0.15463917525773194
    ],
    [
      47,
      0.2210526315789474
    ],
    [
      48,
      0.20689655172413793
    ],
    [
      49,
      0.25599999999999995
    ],
    [
      50,
      0.18713450292397663
    ],
    [
      51,
      0.23958333333333337
    ],
    [
      52,
      0.16883116883116883
    ],
    [
      53,
      0.20809248554913296
    ],
    [
      54,
      0.2894736842105263
    ],
    [
      55,
      0.14942528735632185
    ],
    [
      56,
      0.19444444444444448
    ],
    [
      57,
      0.0909090909090909
    ],
    [
      58,
      0.2818791946308725
    ],
    [
      59,
      0.19895287958115182
    ],
    [
      60,
      0.2112676056338028
    ],
    [
      61,
      0.2598870056497175
    ],
    [
      62,
      0.2867647058823529
    ],
    [
      63,
      0.1744186046511628
    ],
    [
      64,
      0.23448275862068962
    ],
    [
      65,
      0.23809523809523808
    ],
    [
      66,
      0.25142857142857145
    ],
    [
      67,
      0.22448979591836732
    ],
    [
      68,
      0.2620689655172414
    ],
    [
      69,
      0.20879120879120877
    ],
    [
      70,
      0.3888888888888889
    ],
    [
      71,
      0.2222222222222222
    ],
    [
      72,
      0.20155038759689922
    ],
    [
      73,
      0.1890547263681592
    ],
    [
      74,
      0.20155038759689922
    ],
    [
      75,
      0.28272251308900526
    ],
    [
      76,
      0.18497109826589594
    ],
    [
      77,
      0.11267605633802816
    ],
    [
      78,
      0.19672131147540986
    ],
    [
      79,
      0.22222222222222224
    ],
    [
      80,
      0.21596244131455397
    ],
    [
      81,
      0.15873015873015872
    ],
    [
      82,
      0.21459227467811157
    ],
    [
      83,
      0.18867924528301885
    ],
    [
      84,
      0.15609756097560976
    ],
    [
      85,
      0.1951219512195122
    ],
    [
      86,
      0.2222222222222222
    ],
    [
      87,
      0.2235294117647059
    ],
    [
      88,
      0.1623931623931624
    ],
    [
      89,
      0.2801932367149758
    ],
    [
      90,
      0.22105263157894736
    ],
    [
      91,
      0.16058394160583944
    ],
    [
      92,
      0.2255639097744361
    ],
    [
      93,
      0.2434782608695652
    ],
    [
      94,
      0.16
    ],
    [
      95,
      0.3063063063063063
    ],
    [
      96,
      0.2081447963800905
    ],
    [
      97,
      0.302158273381295
    ],
    [
      98,
      0.19689119170984457
    ],
    [
      99,
      0.1631205673758865
    ],
    [
      100,
      0.24731182795698925
    ],
    [
      101,
      0.19444444444444442
    ],
    [
      102,
      0.22222222222222224
    ],
    [
      103,
      0.24999999999999994
    ],
    [
      104,
      0.23728813559322035
    ],
    [
      105,
      0.24083769633507854
    ],
    [
      106,
      0.19444444444444445
    ],
    [
      107,
      0.20105820105820105
    ],
    [
      108,
      0.24691358024691357
    ],
    [
      109,
      0.22068965517241382
    ],
    [
      110,
      0.19480519480519481
    ],
    [
      111,
      0.251082251082251
    ],
    [
      112,
      0.1264367816091954
    ],
    [
      113,
      0.2524271844660194
    ],
    [
      114,
      0.23481781376518215
    ],
    [
      115,
      0.18064516129032257
    ],
    [
      116,
      0.1837837837837838
    ],
    [
      117,
      0.1954022988505747
    ],
    [
      118,
      0.174496644295302
    ],
    [
      119,
      0.2
    ],
    [
      120,
      0.14444444444444446
    ],
    [
      121,
      0.17751479289940827
    ],
    [
      122,
      0.15178571428571427
    ],
    [
      123,
      0.2450980392156863
    ],
    [
      124,
      0.18181818181818182
    ],
    [
      125,
      0.1891891891891892
    ],
    [
      126,
      0.19753086419753085
    ],
    [
      127,
      0.12738853503184713
    ],
    [
      128,
      0.3092783505154639
    ],
    [
      129,
      0.24096385542168677
    ],
    [
      130,
      0.18478260869565216
    ],
    [
      131,
      0.17266187050359713
    ],
    [
      132,
      0.23841059602649006
    ],
    [
      133,
      0.17094017094017092
    ],
    [
      134,
      0.22115384615384615
    ],
    [
      135,
      0.13740458015267173
    ],
    [
      136,
      0.2109375
    ],
    [
      137,
      0.1775147928994083
    ],
    [
      138,
      0.1984732824427481
    ],
    [
      139,
      0.13333333333333333
    ],
    [
      140,
      0.15686274509803924
    ],
    [
      141,
      0.3333333333333333
    ],
    [
      142,
      0.17297297297297295
    ],
    [
      143,
      0.17061611374407584
    ],
    [
      144,
      0.18378378378378377
    ],
    [
      145,
      0.1282051282051282
    ],
    [
      146,
      0.21890547263681592
    ],
    [
      147,
      0.24793388429752067
    ],
    [
      148,
      0.2641509433962264
    ],
    [
      149,
      0.11347517730496455
    ],
    [
      150,
      0.2598870056497175
    ],
    [
      151,
      0.2617801047120419
    ],
    [
      152,
      0.21276595744680854
    ],
    [
      153,
      0.15827338129496404
    ],
    [
      154,
      0.16666666666666666
    ],
    [
      155,
      0.24096385542168677
    ],
    [
      156,
      0.22660098522167488
    ],
    [
      157,
      0.14084507042253522
    ],
    [
      158,
      0.19310344827586207
    ],
    [
      159,
      0.25301204819277107
