{
  "dataset": "QMSum",
  "num_samples": 200,
  "rouge1": 0.3353112549309571,
  "rouge2": 0.08736089803969467,
  "rougeL": 0.20865825246830302,
  "rougeLsum": 0.21153817950018639,
  "per_sample_rougeL": [
    [
      0,
      0.16216216216216214
    ],
    [
      1,
      0.21000000000000002
    ],
    [
      2,
      0.1807909604519774
    ],
    [
      3,
      0.1686746987951807
    ],
    [
      4,
      0.11594202898550726
    ],
    [
      5,
      0.313953488372093
    ],
    [
      6,
      0.18439716312056736
    ],
    [
      7,
      0.23622047244094488
    ],
    [
      8,
      0.2064516129032258
    ],
    [
      9,
      0.1176470588235294
    ],
    [
      10,
      0.2727272727272727
    ],
    [
      11,
      0.2198952879581152
    ],
    [
      12,
      0.29411764705882354
    ],
    [
      13,
      0.26993865030674846
    ],
    [
      14,
      0.2374429223744292
    ],
    [
      15,
      0.19480519480519481
    ],
    [
      16,
      0.19999999999999998
    ],
    [
      17,
      0.19607843137254902
    ],
    [
      18,
      0.15037593984962405
    ],
    [
      19,
      0.13636363636363635
    ],
    [
      20,
      0.16666666666666669
    ],
    [
      21,
      0.20952380952380953
    ],
    [
      22,
      0.15757575757575756
    ],
    [
      23,
      0.23899371069182387
    ],
    [
      24,
      0.2282608695652174
    ],
    [
      25,
      0.1883408071748879
    ],
    [
      26,
      0.4028776978417266
    ],
    [
      27,
      0.10218978102189782
    ],
    [
      28,
      0.23750000000000002
    ],
    [
      29,
      0.1818181818181818
    ],
    [
      30,
      0.1818181818181818
    ],
    [
      31,
      0.163265306122449
    ],
    [
      32,
      0.23255813953488372
    ],
    [
      33,
      0.19191919191919188
    ],
    [
      34,
      0.19631901840490795
    ],
    [
      35,
      0.2048192771084337
    ],
    [
      36,
      0.2285714285714286
    ],
    [
      37,
      0.1789473684210526
    ],
    [
      38,
      0.1375
    ],
    [
      39,
      0.1643835616438356
    ],
    [
      40,
      0.18811881188118812
    ],
    [
      41,
      0.20588235294117646
    ],
    [
      42,
      0.14150943396226415
    ],
    [
      43,
      0.2235294117647059
    ],
    [
      44,
      0.15294117647058825
    ],
    [
      45,
      0.2769230769230769
    ],
    [
      46,
      0.16580310880829016
    ],
    [
      47,
      0.1881188118811881
    ],
    [
      48,
      0.2261904761904762
    ],
    [
      49,
      0.2424242424242424
    ],
    [
      50,
      0.16568047337278108
    ],
    [
      51,
      0.24083769633507854
    ],
    [
      52,
      0.19867549668874174
    ],
    [
      53,
      0.19883040935672514
    ],
    [
      54,
      0.2948717948717949
    ],
    [
      55,
      0.15469613259668508
    ],
    [
      56,
      0.2
    ],
    [
      57,
      0.08988764044943821
    ],
    [
      58,
      0.2514285714285714
    ],
    [
      59,
      0.17894736842105266
    ],
    [
      60,
      0.23529411764705885
    ],
    [
      61,
      0.22857142857142856
    ],
    [
      62,
      0.23616236162361623
    ],
    [
      63,
      0.18713450292397663
    ],
    [
      64,
      0.2206896551724138
    ],
    [
      65,
      0.17073170731707316
    ],
    [
      66,
      0.20652173913043478
    ],
    [
      67,
      0.23115577889447236
    ],
    [
      68,
      0.22972972972972974
    ],
    [
      69,
      0.22099447513812154
    ],
    [
      70,
      0.34567901234567905
    ],
    [
      71,
      0.20915032679738563
    ],
    [
      72,
      0.3275862068965517
    ],
    [
      73,
      0.21105527638190955
    ],
    [
      74,
      0.20915032679738563
    ],
    [
      75,
      0.26943005181347146
    ],
    [
      76,
      0.2087912087912088
    ],
    [
      77,
      0.11267605633802816
    ],
    [
      78,
      0.23280423280423282
    ],
    [
      79,
      0.1967213114754098
    ],
    [
      80,
      0.21052631578947367
    ],
    [
      81,
      0.160427807486631
    ],
    [
      82,
      0.200836820083682
    ],
    [
      83,
      0.2905982905982906
    ],
    [
      84,
      0.1809045226130653
    ],
    [
      85,
      0.21621621621621623
    ],
    [
      86,
      0.2530612244897959
    ],
    [
      87,
      0.16666666666666666
    ],
    [
      88,
      0.15463917525773194
    ],
    [
      89,
      0.321608040201005
    ],
    [
      90,
      0.1809045226130653
    ],
    [
      91,
      0.18421052631578946
    ],
    [
      92,
      0.17721518987341772
    ],
    [
      93,
      0.23580786026200873
    ],
    [
      94,
      0.23287671232876714
    ],
    [
      95,
      0.21524663677130043
    ],
    [
      96,
      0.19433198380566802
    ],
    [
      97,
      0.24347826086956523
    ],
    [
      98,
      0.20930232558139536
    ],
    [
      99,
      0.17793594306049823
    ],
    [
      100,
      0.22702702702702704
    ],
    [
      101,
      0.21238938053097345
    ],
    [
      102,
      0.2577319587628866
    ],
    [
      103,
      0.22388059701492535
    ],
    [
      104,
      0.2260869565217391
    ],
    [
      105,
      0.24083769633507854
    ],
    [
      106,
      0.17475728155339804
    ],
    [
      107,
      0.20382165605095542
    ],
    [
      108,
      0.24539877300613497
    ],
    [
      109,
      0.22972972972972971
    ],
    [
      110,
      0.22093023255813954
    ],
    [
      111,
      0.21524663677130043
    ],
    [
      112,
      0.12359550561797754
    ],
    [
      113,
      0.2648401826484018
    ],
    [
      114,
      0.22950819672131145
    ],
    [
      115,
      0.18918918918918917
    ],
    [
      116,
      0.17297297297297295
    ],
    [
      117,
      0.18994413407821228
    ],
    [
      118,
      0.1643835616438356
    ],
    [
      119,
      0.21333333333333332
    ],
    [
      120,
      0.1530054644808743
    ],
    [
      121,
      0.2
    ],
    [
      122,
      0.13392857142857142
    ],
    [
      123,
      0.2391304347826087
    ],
    [
      124,
      0.13008130081300812
    ],
    [
      125,
      0.19318181818181818
    ],
    [
      126,
      0.3214285714285714
    ],
    [
      127,
      0.1696969696969697
    ],
    [
      128,
      0.4585365853658537
    ],
    [
      129,
      0.2666666666666667
    ],
    [
      130,
      0.17112299465240638
    ],
    [
      131,
      0.10975609756097562
    ],
    [
      132,
      0.22727272727272727
    ],
    [
      133,
      0
    ],
    [
      134,
      0.2946428571428571
    ],
    [
      135,
      0.12244897959183673
    ],
    [
      136,
      0.2548262548262548
    ],
    [
      137,
      0.1951219512195122
    ],
    [
      138,
      0.254335260115607
    ],
    [
      139,
      0.15909090909090906
    ],
    [
      140,
      0.15686274509803924
    ],
    [
      141,
      0.4268292682926829
    ],
    [
      142,
      0.22429906542056074
    ],
    [
      143,
      0.20952380952380953
    ],
    [
      144,
      0.18934911242603553
    ],
    [
      145,
      0.12857142857142856
    ],
    [
      146,
      0.22660098522167485
    ],
    [
      147,
      0.38961038961038963
    ],
    [
      148,
      0.2121212121212121
    ],
    [
      149,
      0.14857142857142855
    ],
    [
      150,
      0.23456790123456792
    ],
    [
      151,
      0.18446601941747576
    ],
    [
      152,
      0.21276595744680854
    ],
    [
      153,
      0.13953488372093023
    ],
    [
      154,
      0.18055555555555555
    ],
    [
      155,
      0.4044943820224719
    ],
    [
      156,
      0.2277227722772277
    ],
    [
      157,
      0.13432835820895522
    ],
    [
      158,
      0.2021276595744681
    ],
    [
      159,
      0.22222222222222218
    ],
    [
      160,
