{
  "dataset": "QMSum",
  "num_samples": 200,
  "rouge1": 0.3190135012449833,
  "rouge2": 0.07369061465855026,
  "rougeL": 0.19636379845885202,
  "rougeLsum": 0.19638376972864013,
  "per_sample_rougeL": [
    [
      0,
      0.17857142857142858
    ],
    [
      1,
      0.2048780487804878
    ],
    [
      2,
      0.1919191919191919
    ],
    [
      3,
      0.1797752808988764
    ],
    [
      4,
      0.12030075187969924
    ],
    [
      5,
      0.2383419689119171
    ],
    [
      6,
      0.1395348837209302
    ],
    [
      7,
      0.16969696969696968
    ],
    [
      8,
      0.1656050955414013
    ],
    [
      9,
      0.16352201257861634
    ],
    [
      10,
      0.1891891891891892
    ],
    [
      11,
      0.2058823529411765
    ],
    [
      12,
      0.17687074829931973
    ],
    [
      13,
      0.25510204081632654
    ],
    [
      14,
      0.21256038647342995
    ],
    [
      15,
      0.20134228187919462
    ],
    [
      16,
      0.1981132075471698
    ],
    [
      17,
      0.18390804597701152
    ],
    [
      18,
      0.17164179104477612
    ],
    [
      19,
      0.15028901734104044
    ],
    [
      20,
      0.13793103448275862
    ],
    [
      21,
      0.17567567567567569
    ],
    [
      22,
      0.14942528735632182
    ],
    [
      23,
      0.22500000000000003
    ],
    [
      24,
      0.21875
    ],
    [
      25,
      0.226890756302521
    ],
    [
      26,
      0.21951219512195122
    ],
    [
      27,
      0.19607843137254904
    ],
    [
      28,
      0.2412060301507538
    ],
    [
      29,
      0.22222222222222218
    ],
    [
      30,
      0.1899441340782123
    ],
    [
      31,
      0.1610738255033557
    ],
    [
      32,
      0.25263157894736843
    ],
    [
      33,
      0.20202020202020202
    ],
    [
      34,
      0.21518987341772153
    ],
    [
      35,
      0.1919191919191919
    ],
    [
      36,
      0.1694915254237288
    ],
    [
      37,
      0.1935483870967742
    ],
    [
      38,
      0.2
    ],
    [
      39,
      0.14965986394557823
    ],
    [
      40,
      0.1691542288557214
    ],
    [
      41,
      0.19704433497536944
    ],
    [
      42,
      0.19534883720930232
    ],
    [
      43,
      0.21656050955414016
    ],
    [
      44,
      0.17045454545454544
    ],
    [
      45,
      0.21951219512195122
    ],
    [
      46,
      0.16666666666666669
    ],
    [
      47,
      0.17
    ],
    [
      48,
      0.23728813559322037
    ],
    [
      49,
      0.1893491124260355
    ],
    [
      50,
      0.21839080459770116
    ],
    [
      51,
      0.2660550458715596
    ],
    [
      52,
      0.15
    ],
    [
      53,
      0.16184971098265896
    ],
    [
      54,
      0.20930232558139536
    ],
    [
      55,
      0.17582417582417584
    ],
    [
      56,
      0.19736842105263155
    ],
    [
      57,
      0.13114754098360656
    ],
    [
      58,
      0.22598870056497175
    ],
    [
      59,
      0.18947368421052632
    ],
    [
      60,
      0.2099447513812155
    ],
    [
      61,
      0.1807909604519774
    ],
    [
      62,
      0.26373626373626374
    ],
    [
      63,
      0.15568862275449102
    ],
    [
      64,
      0.22695035460992907
    ],
    [
      65,
      0.19736842105263155
    ],
    [
      66,
      0.2185792349726776
    ],
    [
      67,
      0.2385321100917431
    ],
    [
      68,
      0.2032085561497326
    ],
    [
      69,
      0.20689655172413793
    ],
    [
      70,
      0.2649006622516556
    ],
    [
      71,
      0.1437125748502994
    ],
    [
      72,
      0.1558441558441558
    ],
    [
      73,
      0.18274111675126906
    ],
    [
      74,
      0.2
    ],
    [
      75,
      0.24074074074074073
    ],
    [
      76,
      0.12935323383084577
    ],
    [
      77,
      0.09333333333333335
    ],
    [
      78,
      0.23280423280423282
    ],
    [
      79,
      0.1978021978021978
    ],
    [
      80,
      0.1592920353982301
    ],
    [
      81,
      0.19148936170212766
    ],
    [
      82,
      0.21487603305785125
    ],
    [
      83,
      0.2038216560509554
    ],
    [
      84,
      0.19801980198019803
    ],
    [
      85,
      0.20289855072463772
    ],
    [
      86,
      0.20242914979757085
    ],
    [
      87,
      0.2122905027932961
    ],
    [
      88,
      0.16379310344827586
    ],
    [
      89,
      0.354066985645933
    ],
    [
      90,
      0.22110552763819097
    ],
    [
      91,
      0.174496644295302
    ],
    [
      92,
      0.1818181818181818
    ],
    [
      93,
      0.2413793103448276
    ],
    [
      94,
      0.1863354037267081
    ],
    [
      95,
      0.23853211009174313
    ],
    [
      96,
      0.20746887966804978
    ],
    [
      97,
      0.25477707006369427
    ],
    [
      98,
      0.23157894736842105
    ],
    [
      99,
      0.2422145328719723
    ],
    [
      100,
      0.19540229885057472
    ],
    [
      101,
      0.23030303030303031
    ],
    [
      102,
      0.18750000000000003
    ],
    [
      103,
      0.23783783783783782
    ],
    [
      104,
      0.2119205298013245
    ],
    [
      105,
      0.29743589743589743
    ],
    [
      106,
      0.16289592760180996
    ],
    [
      107,
      0.20540540540540542
    ],
    [
      108,
      0.2298850574712644
    ],
    [
      109,
      0.19718309859154934
    ],
    [
      110,
      0.18181818181818182
    ],
    [
      111,
      0.25098039215686274
    ],
    [
      112,
      0.27027027027027023
    ],
    [
      113,
      0.19266055045871563
    ],
    [
      114,
      0.22033898305084745
    ],
    [
      115,
      0.14379084967320263
    ],
    [
      116,
      0.163265306122449
    ],
    [
      117,
      0.2068965517241379
    ],
    [
      118,
      0.13924050632911394
    ],
    [
      119,
      0.19653179190751446
    ],
    [
      120,
      0.1758241758241758
    ],
    [
      121,
      0.20454545454545456
    ],
    [
      122,
      0.16964285714285715
    ],
    [
      123,
      0.2058823529411765
    ],
    [
      124,
      0.12080536912751678
    ],
    [
      125,
      0.15819209039548024
    ],
    [
      126,
      0.22754491017964074
    ],
    [
      127,
      0.19393939393939394
    ],
    [
      128,
      0.27751196172248804
    ],
    [
      129,
      0.21768707482993196
    ],
    [
      130,
      0.17708333333333331
    ],
    [
      131,
      0.15662650602409636
    ],
    [
      132,
      0.19459459459459458
    ],
    [
      133,
      0.24324324324324323
    ],
    [
      134,
      0.25806451612903225
    ],
    [
      135,
      0.21476510067114093
    ],
    [
      136,
      0.178988326848249
    ],
    [
      137,
      0.2
    ],
    [
      138,
      0.22797927461139897
    ],
    [
      139,
      0.13186813186813187
    ],
    [
      140,
      0.18285714285714286
    ],
    [
      141,
      0.2931937172774869
    ],
    [
      142,
      0.16822429906542055
    ],
    [
      143,
      0.2081447963800905
    ],
    [
      144,
      0.17435897435897432
    ],
    [
      145,
      0.12658227848101264
    ],
    [
      146,
      0.1904761904761905
    ],
    [
      147,
      0.16753926701570682
    ],
    [
      148,
      0.20895522388059704
    ],
    [
      149,
      0.13793103448275862
    ],
    [
      150,
      0.2185792349726776
    ],
    [
      151,
      0.22857142857142856
    ],
    [
      152,
      0.2121212121212121
    ],
    [
      153,
      0.15686274509803919
    ],
    [
      154,
      0.1733333333333333
    ],
    [
      155,
      0.23076923076923078
    ],
    [
      156,
      0.15763546798029557
    ],
    [
      157,
      0.1258741258741259
    ],
    [
      158,
      0.20320855614973263
    ],
    [
      159,
      0.26751592356687903
    ],
    [
      160,
      0.2079207920792079
    ],
