{
  "dataset": "QMSum",
  "num_samples": 200,
  "rouge1": 0.3192604825592552,
  "rouge2": 0.07550005033981505,
  "rougeL": 0.19194904250249364,
  "rougeLsum": 0.19410830057947176,
  "per_sample_rougeL": [
    [
      0,
      0.24545454545454545
    ],
    [
      1,
      0.24489795918367346
    ],
    [
      2,
      0.16080402010050251
    ],
    [
      3,
      0.21428571428571427
    ],
    [
      4,
      0.13333333333333333
    ],
    [
      5,
      0.30051813471502586
    ],
    [
      6,
      0.14942528735632185
    ],
    [
      7,
      0.19161676646706588
    ],
    [
      8,
      0.14193548387096774
    ],
    [
      9,
      0.15384615384615385
    ],
    [
      10,
      0.20689655172413793
    ],
    [
      11,
      0.2512562814070352
    ],
    [
      12,
      0.19310344827586204
    ],
    [
      13,
      0.24615384615384614
    ],
    [
      14,
      0.2524271844660194
    ],
    [
      15,
      0.24000000000000002
    ],
    [
      16,
      0.16585365853658537
    ],
    [
      17,
      0.22598870056497175
    ],
    [
      18,
      0.1749049429657795
    ],
    [
      19,
      0.1724137931034483
    ],
    [
      20,
      0.11627906976744186
    ],
    [
      21,
      0.16883116883116883
    ],
    [
      22,
      0.19653179190751444
    ],
    [
      23,
      0.2127659574468085
    ],
    [
      24,
      0.23036649214659685
    ],
    [
      25,
      0.17272727272727273
    ],
    [
      26,
      0.2222222222222222
    ],
    [
      27,
      0.18987341772151897
    ],
    [
      28,
      0.19387755102040816
    ],
    [
      29,
      0.15483870967741933
    ],
    [
      30,
      0.17297297297297298
    ],
    [
      31,
      0.136986301369863
    ],
    [
      32,
      0.3316062176165803
    ],
    [
      33,
      0.20100502512562812
    ],
    [
      34,
      0.2275449101796407
    ],
    [
      35,
      0.15544041450777202
    ],
    [
      36,
      0.18285714285714288
    ],
    [
      37,
      0.16574585635359115
    ],
    [
      38,
      0.174496644295302
    ],
    [
      39,
      0.18571428571428572
    ],
    [
      40,
      0.15228426395939085
    ],
    [
      41,
      0.23350253807106597
    ],
    [
      42,
      0.1568627450980392
    ],
    [
      43,
      0.19753086419753088
    ],
    [
      44,
      0.20809248554913293
    ],
    [
      45,
      0.18292682926829268
    ],
    [
      46,
      0.15000000000000002
    ],
    [
      47,
      0.16915422885572137
    ],
    [
      48,
      0.24852071005917162
    ],
    [
      49,
      0.17964071856287425
    ],
    [
      50,
      0.13953488372093023
    ],
    [
      51,
      0.23148148148148148
    ],
    [
      52,
      0.18064516129032254
    ],
    [
      53,
      0.15950920245398773
    ],
    [
      54,
      0.24539877300613497
    ],
    [
      55,
      0.14285714285714285
    ],
    [
      56,
      0.1610738255033557
    ],
    [
      57,
      0.13095238095238096
    ],
    [
      58,
      0.24000000000000005
    ],
    [
      59,
      0.18579234972677594
    ],
    [
      60,
      0.1878453038674033
    ],
    [
      61,
      0.147239263803681
    ],
    [
      62,
      0.1954887218045113
    ],
    [
      63,
      0.1696969696969697
    ],
    [
      64,
      0.2127659574468085
    ],
    [
      65,
      0.16883116883116883
    ],
    [
      66,
      0.19631901840490798
    ],
    [
      67,
      0.19178082191780824
    ],
    [
      68,
      0.12834224598930483
    ],
    [
      69,
      0.23204419889502761
    ],
    [
      70,
      0.2448979591836735
    ],
    [
      71,
      0.19753086419753085
    ],
    [
      72,
      0.2641509433962264
    ],
    [
      73,
      0.21212121212121213
    ],
    [
      74,
      0.2040816326530612
    ],
    [
      75,
      0.2559241706161137
    ],
    [
      76,
      0.16080402010050251
    ],
    [
      77,
      0.12328767123287672
    ],
    [
      78,
      0.23204419889502761
    ],
    [
      79,
      0.2
    ],
    [
      80,
      0.15517241379310345
    ],
    [
      81,
      0.23204419889502761
    ],
    [
      82,
      0.20576131687242796
    ],
    [
      83,
      0.15
    ],
    [
      84,
      0.17733990147783252
    ],
    [
      85,
      0.18811881188118815
    ],
    [
      86,
      0.25641025641025644
    ],
    [
      87,
      0.2117647058823529
    ],
    [
      88,
      0.19999999999999998
    ],
    [
      89,
      0.25
    ],
    [
      90,
      0.19791666666666669
    ],
    [
      91,
      0.1866666666666667
    ],
    [
      92,
      0.2275449101796407
    ],
    [
      93,
      0.19130434782608696
    ],
    [
      94,
      0.1702127659574468
    ],
    [
      95,
      0.18918918918918917
    ],
    [
      96,
      0.1531914893617021
    ],
    [
      97,
      0.24203821656050958
    ],
    [
      98,
      0.20725388601036268
    ],
    [
      99,
      0.22377622377622378
    ],
    [
      100,
      0.19101123595505617
    ],
    [
      101,
      0.189873417721519
    ],
    [
      102,
      0.15544041450777202
    ],
    [
      103,
      0.25
    ],
    [
      104,
      0.16
    ],
    [
      105,
      0.25
    ],
    [
      106,
      0.2100456621004566
    ],
    [
      107,
      0.2011173184357542
    ],
    [
      108,
      0.33519553072625696
    ],
    [
      109,
      0.19310344827586204
    ],
    [
      110,
      0.12154696132596685
    ],
    [
      111,
      0.22924901185770752
    ],
    [
      112,
      0.26455026455026454
    ],
    [
      113,
      0.23529411764705882
    ],
    [
      114,
      0.19087136929460582
    ],
    [
      115,
      0.17105263157894737
    ],
    [
      116,
      0.1827956989247312
    ],
    [
      117,
      0.18994413407821228
    ],
    [
      118,
      0.15584415584415584
    ],
    [
      119,
      0.18064516129032257
    ],
    [
      120,
      0.16374269005847955
    ],
    [
      121,
      0.2235294117647059
    ],
    [
      122,
      0.1388888888888889
    ],
    [
      123,
      0.20105820105820107
    ],
    [
      124,
      0.1768707482993197
    ],
    [
      125,
      0.17297297297297298
    ],
    [
      126,
      0.2111801242236025
    ],
    [
      127,
      0.21052631578947367
    ],
    [
      128,
      0.2634146341463414
    ],
    [
      129,
      0.21621621621621617
    ],
    [
      130,
      0.17112299465240638
    ],
    [
      131,
      0.16766467065868262
    ],
    [
      132,
      0.20111731843575417
    ],
    [
      133,
      0.22077922077922077
    ],
    [
      134,
      0.19811320754716982
    ],
    [
      135,
      0.1830065359477124
    ],
    [
      136,
      0.16091954022988506
    ],
    [
      137,
      0.15950920245398773
    ],
    [
      138,
      0.22105263157894736
    ],
    [
      139,
      0.12087912087912088
    ],
    [
      140,
      0.1232876712328767
    ],
    [
      141,
      0.3804347826086956
    ],
    [
      142,
      0.23414634146341465
    ],
    [
      143,
      0.1743119266055046
    ],
    [
      144,
      0.17021276595744683
    ],
    [
      145,
      0.1375
    ],
    [
      146,
      0.3127962085308057
    ],
    [
      147,
      0.1497326203208556
    ],
    [
      148,
      0.1605839416058394
    ],
    [
      149,
      0.1325301204819277
    ],
    [
      150,
      0.3132530120481927
    ],
    [
      151,
      0.19607843137254902
    ],
    [
      152,
      0.13432835820895525
    ],
    [
      153,
      0.13513513513513514
    ],
    [
      154,
      0.1702127659574468
    ],
    [
      155,
      0.16867469879518074
    ],
    [
      156,
      0.20588235294117646
    ],
    [
      157,
      0.11940298507462686
    ],
    [
      158,
      0.1639344262295082
    ],
    [
      159,
      0.1794871794871795
    ],
    [
      160,
      0.21052631578947367
    ],
    [
