{
  "dataset": "QMSum",
  "num_samples": 200,
  "rouge1": 0.32383555603398195,
  "rouge2": 0.07486665154217692,
  "rougeL": 0.19631063248253267,
  "rougeLsum": 0.1970014475921854,
  "per_sample_rougeL": [
    [
      0,
      0.1891891891891892
    ],
    [
      1,
      0.19417475728155342
    ],
    [
      2,
      0.20895522388059704
    ],
    [
      3,
      0.20224719101123598
    ],
    [
      4,
      0.11851851851851852
    ],
    [
      5,
      0.22916666666666666
    ],
    [
      6,
      0.17647058823529413
    ],
    [
      7,
      0.16766467065868262
    ],
    [
      8,
      0.1656050955414013
    ],
    [
      9,
      0.1656050955414013
    ],
    [
      10,
      0.14864864864864866
    ],
    [
      11,
      0.17560975609756094
    ],
    [
      12,
      0.1818181818181818
    ],
    [
      13,
      0.2914572864321608
    ],
    [
      14,
      0.18691588785046728
    ],
    [
      15,
      0.1830065359477124
    ],
    [
      16,
      0.2028985507246377
    ],
    [
      17,
      0.23863636363636365
    ],
    [
      18,
      0.17910447761194032
    ],
    [
      19,
      0.1530054644808743
    ],
    [
      20,
      0.11428571428571427
    ],
    [
      21,
      0.1935483870967742
    ],
    [
      22,
      0.13714285714285715
    ],
    [
      23,
      0.2138364779874214
    ],
    [
      24,
      0.18652849740932642
    ],
    [
      25,
      0.22222222222222224
    ],
    [
      26,
      0.1954022988505747
    ],
    [
      27,
      0.16666666666666669
    ],
    [
      28,
      0.22549019607843138
    ],
    [
      29,
      0.1818181818181818
    ],
    [
      30,
      0.1878453038674033
    ],
    [
      31,
      0.16783216783216787
    ],
    [
      32,
      0.25263157894736843
    ],
    [
      33,
      0.23589743589743586
    ],
    [
      34,
      0.23529411764705885
    ],
    [
      35,
      0.2040816326530612
    ],
    [
      36,
      0.1807909604519774
    ],
    [
      37,
      0.2061855670103093
    ],
    [
      38,
      0.13071895424836602
    ],
    [
      39,
      0.174496644295302
    ],
    [
      40,
      0.16000000000000003
    ],
    [
      41,
      0.18009478672985782
    ],
    [
      42,
      0.18957345971563985
    ],
    [
      43,
      0.19512195121951217
    ],
    [
      44,
      0.15384615384615385
    ],
    [
      45,
      0.21951219512195122
    ],
    [
      46,
      0.18719211822660098
    ],
    [
      47,
      0.19191919191919193
    ],
    [
      48,
      0.21590909090909088
    ],
    [
      49,
      0.2456140350877193
    ],
    [
      50,
      0.19428571428571428
    ],
    [
      51,
      0.2488479262672811
    ],
    [
      52,
      0.1481481481481481
    ],
    [
      53,
      0.16184971098265896
    ],
    [
      54,
      0.21965317919075147
    ],
    [
      55,
      0.17894736842105266
    ],
    [
      56,
      0.1830065359477124
    ],
    [
      57,
      0.1222222222222222
    ],
    [
      58,
      0.2598870056497175
    ],
    [
      59,
      0.20618556701030927
    ],
    [
      60,
      0.17777777777777778
    ],
    [
      61,
      0.16184971098265896
    ],
    [
      62,
      0.22794117647058823
    ],
    [
      63,
      0.17647058823529407
    ],
    [
      64,
      0.22377622377622378
    ],
    [
      65,
      0.18421052631578946
    ],
    [
      66,
      0.21739130434782608
    ],
    [
      67,
      0.23423423423423423
    ],
    [
      68,
      0.17679558011049723
    ],
    [
      69,
      0.20689655172413793
    ],
    [
      70,
      0.27814569536423844
    ],
    [
      71,
      0.23602484472049687
    ],
    [
      72,
      0.16049382716049382
    ],
    [
      73,
      0.19289340101522842
    ],
    [
      74,
      0.21333333333333335
    ],
    [
      75,
      0.21495327102803738
    ],
    [
      76,
      0.1492537313432836
    ],
    [
      77,
      0.0945945945945946
    ],
    [
      78,
      0.23280423280423282
    ],
    [
      79,
      0.2159090909090909
    ],
    [
      80,
      0.18018018018018017
    ],
    [
      81,
      0.18652849740932642
    ],
    [
      82,
      0.19753086419753085
    ],
    [
      83,
      0.2580645161290323
    ],
    [
      84,
      0.16748768472906403
    ],
    [
      85,
      0.19704433497536944
    ],
    [
      86,
      0.248995983935743
    ],
    [
      87,
      0.1893491124260355
    ],
    [
      88,
      0.18965517241379312
    ],
    [
      89,
      0.32075471698113206
    ],
    [
      90,
      0.21649484536082475
    ],
    [
      91,
      0.17333333333333334
    ],
    [
      92,
      0.18285714285714288
    ],
    [
      93,
      0.22317596566523606
    ],
    [
      94,
      0.16774193548387095
    ],
    [
      95,
      0.20814479638009045
    ],
    [
      96,
      0.20746887966804978
    ],
    [
      97,
      0.2236024844720497
    ],
    [
      98,
      0.19387755102040818
    ],
    [
      99,
      0.22222222222222224
    ],
    [
      100,
      0.21590909090909088
    ],
    [
      101,
      0.2035928143712575
    ],
    [
      102,
      0.18947368421052632
    ],
    [
      103,
      0.18848167539267013
    ],
    [
      104,
      0.16993464052287582
    ],
    [
      105,
      0.28865979381443296
    ],
    [
      106,
      0.18433179723502302
    ],
    [
      107,
      0.24083769633507854
    ],
    [
      108,
      0.24
    ],
    [
      109,
      0.22535211267605634
    ],
    [
      110,
      0.20540540540540542
    ],
    [
      111,
      0.21011673151750973
    ],
    [
      112,
      0.2433862433862434
    ],
    [
      113,
      0.228310502283105
    ],
    [
      114,
      0.21940928270042195
    ],
    [
      115,
      0.1656050955414013
    ],
    [
      116,
      0.17708333333333334
    ],
    [
      117,
      0.20224719101123598
    ],
    [
      118,
      0.1699346405228758
    ],
    [
      119,
      0.2035928143712575
    ],
    [
      120,
      0.16483516483516483
    ],
    [
      121,
      0.20454545454545456
    ],
    [
      122,
      0.15315315315315314
    ],
    [
      123,
      0.2277227722772277
    ],
    [
      124,
      0.1342281879194631
    ],
    [
      125,
      0.16853932584269662
    ],
    [
      126,
      0.2168674698795181
    ],
    [
      127,
      0.15853658536585363
    ],
    [
      128,
      0.2679425837320574
    ],
    [
      129,
      0.21656050955414013
    ],
    [
      130,
      0.16753926701570682
    ],
    [
      131,
      0.1234567901234568
    ],
    [
      132,
      0.2087912087912088
    ],
    [
      133,
      0.24324324324324323
    ],
    [
      134,
      0.24215246636771298
    ],
    [
      135,
      0.21476510067114093
    ],
    [
      136,
      0.1660079051383399
    ],
    [
      137,
      0.1686746987951807
    ],
    [
      138,
      0.22916666666666663
    ],
    [
      139,
      0.1111111111111111
    ],
    [
      140,
      0.17441860465116282
    ],
    [
      141,
      0.3135135135135135
    ],
    [
      142,
      0.1642512077294686
    ],
    [
      143,
      0.2081447963800905
    ],
    [
      144,
      0.1836734693877551
    ],
    [
      145,
      0.1219512195121951
    ],
    [
      146,
      0.24154589371980675
    ],
    [
      147,
      0.19354838709677422
    ],
    [
      148,
      0.2074074074074074
    ],
    [
      149,
      0.13636363636363638
    ],
    [
      150,
      0.20994475138121546
    ],
    [
      151,
      0.24271844660194175
    ],
    [
      152,
      0.25196850393700787
    ],
    [
      153,
      0.17218543046357615
    ],
    [
      154,
      0.18791946308724833
    ],
    [
      155,
      0.21739130434782608
    ],
    [
      156,
      0.1951219512195122
    ],
    [
      157,
      0.1342281879194631
    ],
    [
      158,
      0.21390374331550802
    ],
    [
      159,
