{
  "dataset": "QMSum",
  "num_samples": 200,
  "rouge1": 0.2913834565812701,
  "rouge2": 0.06624749200301418,
  "rougeL": 0.18821274098068702,
  "rougeLsum": 0.18640544482218677,
  "per_sample_rougeL": [
    [
      0,
      0.19730941704035876
    ],
    [
      1,
      0.21890547263681592
    ],
    [
      2,
      0.17733990147783252
    ],
    [
      3,
      0.2033898305084746
    ],
    [
      4,
      0.10370370370370371
    ],
    [
      5,
      0.2631578947368421
    ],
    [
      6,
      0.16184971098265896
    ],
    [
      7,
      0.1761006289308176
    ],
    [
      8,
      0.17283950617283952
    ],
    [
      9,
      0.16149068322981366
    ],
    [
      10,
      0.17218543046357615
    ],
    [
      11,
      0.17647058823529413
    ],
    [
      12,
      0.15894039735099338
    ],
    [
      13,
      0.25
    ],
    [
      14,
      0.19811320754716982
    ],
    [
      15,
      0.19108280254777069
    ],
    [
      16,
      0.22857142857142854
    ],
    [
      17,
      0.19999999999999998
    ],
    [
      18,
      0.12949640287769784
    ],
    [
      19,
      0.15116279069767444
    ],
    [
      20,
      0.14942528735632182
    ],
    [
      21,
      0.17687074829931973
    ],
    [
      22,
      0.17045454545454544
    ],
    [
      23,
      0.23170731707317077
    ],
    [
      24,
      0.24742268041237117
    ],
    [
      25,
      0.16379310344827588
    ],
    [
      26,
      0.23255813953488372
    ],
    [
      27,
      0.15384615384615383
    ],
    [
      28,
      0.18719211822660098
    ],
    [
      29,
      0.20809248554913296
    ],
    [
      30,
      0.2
    ],
    [
      31,
      0.17567567567567569
    ],
    [
      32,
      0.22564102564102562
    ],
    [
      33,
      0.21105527638190952
    ],
    [
      34,
      0.19631901840490795
    ],
    [
      35,
      0.2131979695431472
    ],
    [
      36,
      0.1787709497206704
    ],
    [
      37,
      0.17435897435897435
    ],
    [
      38,
      0.14285714285714285
    ],
    [
      39,
      0.15714285714285714
    ],
    [
      40,
      0.16161616161616163
    ],
    [
      41,
      0.16964285714285712
    ],
    [
      42,
      0.14678899082568808
    ],
    [
      43,
      0.24277456647398843
    ],
    [
      44,
      0.12643678160919541
    ],
    [
      45,
      0.147239263803681
    ],
    [
      46,
      0.19095477386934673
    ],
    [
      47,
      0.17989417989417988
    ],
    [
      48,
      0.24
    ],
    [
      49,
      0.125
    ],
    [
      50,
      0.20338983050847462
    ],
    [
      51,
      0.2660550458715596
    ],
    [
      52,
      0.15286624203821655
    ],
    [
      53,
      0.11695906432748537
    ],
    [
      54,
      0.23255813953488377
    ],
    [
      55,
      0.14583333333333331
    ],
    [
      56,
      0.14193548387096774
    ],
    [
      57,
      0.1595744680851064
    ],
    [
      58,
      0.20111731843575423
    ],
    [
      59,
      0.16666666666666669
    ],
    [
      60,
      0.17486338797814208
    ],
    [
      61,
      0.16374269005847952
    ],
    [
      62,
      0.21428571428571427
    ],
    [
      63,
      0.1893491124260355
    ],
    [
      64,
      0.20979020979020982
    ],
    [
      65,
      0.18404907975460122
    ],
    [
      66,
      0.2688172043010753
    ],
    [
      67,
      0.2290748898678414
    ],
    [
      68,
      0.1878453038674033
    ],
    [
      69,
      0.19780219780219782
    ],
    [
      70,
      0.2278481012658228
    ],
    [
      71,
      0.1686746987951807
    ],
    [
      72,
      0.16149068322981366
    ],
    [
      73,
      0.18367346938775508
    ],
    [
      74,
      0.18543046357615894
    ],
    [
      75,
      0.2685185185185185
    ],
    [
      76,
      0.1722488038277512
    ],
    [
      77,
      0.10666666666666667
    ],
    [
      78,
      0.23036649214659688
    ],
    [
      79,
      0.18681318681318682
    ],
    [
      80,
      0.2077922077922078
    ],
    [
      81,
      0.17708333333333331
    ],
    [
      82,
      0.1951219512195122
    ],
    [
      83,
      0.14285714285714285
    ],
    [
      84,
      0.1739130434782609
    ],
    [
      85,
      0.21890547263681592
    ],
    [
      86,
      0.19917012448132781
    ],
    [
      87,
      0.1888888888888889
    ],
    [
      88,
      0.1834061135371179
    ],
    [
      89,
      0.18009478672985782
    ],
    [
      90,
      0.22448979591836735
    ],
    [
      91,
      0.12987012987012986
    ],
    [
      92,
      0.18285714285714288
    ],
    [
      93,
      0.2222222222222222
    ],
    [
      94,
      0.15000000000000002
    ],
    [
      95,
      0.21551724137931033
    ],
    [
      96,
      0.21951219512195122
    ],
    [
      97,
      0.23170731707317074
    ],
    [
      98,
      0.1875
    ],
    [
      99,
      0.22758620689655173
    ],
    [
      100,
      0.21978021978021978
    ],
    [
      101,
      0.15853658536585366
    ],
    [
      102,
      0.17435897435897438
    ],
    [
      103,
      0.22916666666666666
    ],
    [
      104,
      0.1342281879194631
    ],
    [
      105,
      0.24489795918367344
    ],
    [
      106,
      0.18099547511312217
    ],
    [
      107,
      0.2282608695652174
    ],
    [
      108,
      0.24999999999999994
    ],
    [
      109,
      0.17449664429530198
    ],
    [
      110,
      0.1945945945945946
    ],
    [
      111,
      0.23346303501945523
    ],
    [
      112,
      0.12765957446808512
    ],
    [
      113,
      0.22421524663677128
    ],
    [
      114,
      0.2786885245901639
    ],
    [
      115,
      0.1733333333333333
    ],
    [
      116,
      0.17435897435897435
    ],
    [
      117,
      0.29885057471264365
    ],
    [
      118,
      0.1358024691358025
    ],
    [
      119,
      0.20134228187919465
    ],
    [
      120,
      0.16216216216216214
    ],
    [
      121,
      0.19999999999999998
    ],
    [
      122,
      0.15044247787610618
    ],
    [
      123,
      0.25
    ],
    [
      124,
      0.10738255033557047
    ],
    [
      125,
      0.18072289156626506
    ],
    [
      126,
      0.15950920245398773
    ],
    [
      127,
      0.2456140350877193
    ],
    [
      128,
      0.28169014084507044
    ],
    [
      129,
      0.18072289156626506
    ],
    [
      130,
      0.18947368421052632
    ],
    [
      131,
      0.0975609756097561
    ],
    [
      132,
      0.2185792349726776
    ],
    [
      133,
      0.07894736842105263
    ],
    [
      134,
      0.23636363636363636
    ],
    [
      135,
      0.06896551724137931
    ],
    [
      136,
      0.1556420233463035
    ],
    [
      137,
      0.18633540372670807
    ],
    [
      138,
      0.2043010752688172
    ],
    [
      139,
      0.11827956989247311
    ],
    [
      140,
      0.16374269005847952
    ],
    [
      141,
      0.3101604278074866
    ],
    [
      142,
      0.16666666666666669
    ],
    [
      143,
      0.24888888888888888
    ],
    [
      144,
      0.21105527638190952
    ],
    [
      145,
      0.1728395061728395
    ],
    [
      146,
      0.22009569377990432
    ],
    [
      147,
      0.16216216216216214
    ],
    [
      148,
      0.10144927536231883
    ],
    [
      149,
      0.13872832369942198
    ],
    [
      150,
      0.2282608695652174
    ],
    [
      151,
      0.23188405797101447
    ],
    [
      152,
      0.2047244094488189
    ],
    [
      153,
      0.15286624203821658
    ],
    [
      154,
      0.22222222222222224
    ],
    [
      155,
      0.17679558011049726
    ],
    [
      156,
      0.18536585365853658
    ],
    [
      157,
      0.15602836879432624
    ],
    [
      158,
      0.16853932584269662
    ],
    [
      159,
      0.15853658536585366
    ],
    [
      160,
