{
  "dataset": "QMSum",
  "num_samples": 200,
  "rouge1": 0.3265436643695079,
  "rouge2": 0.078871629614398,
  "rougeL": 0.194086409315432,
  "rougeLsum": 0.1961920539433925,
  "per_sample_rougeL": [
    [
      0,
      0.21428571428571427
    ],
    [
      1,
      0.22797927461139897
    ],
    [
      2,
      0.19095477386934673
    ],
    [
      3,
      0.18497109826589594
    ],
    [
      4,
      0.12030075187969924
    ],
    [
      5,
      0.27225130890052357
    ],
    [
      6,
      0.17647058823529413
    ],
    [
      7,
      0.19161676646706588
    ],
    [
      8,
      0.14102564102564102
    ],
    [
      9,
      0.21052631578947364
    ],
    [
      10,
      0.2328767123287671
    ],
    [
      11,
      0.29850746268656714
    ],
    [
      12,
      0.1702127659574468
    ],
    [
      13,
      0.2653061224489796
    ],
    [
      14,
      0.20289855072463767
    ],
    [
      15,
      0.21333333333333337
    ],
    [
      16,
      0.18446601941747576
    ],
    [
      17,
      0.20224719101123595
    ],
    [
      18,
      0.14339622641509434
    ],
    [
      19,
      0.18823529411764703
    ],
    [
      20,
      0.16568047337278105
    ],
    [
      21,
      0.18867924528301885
    ],
    [
      22,
      0.17441860465116282
    ],
    [
      23,
      0.2533333333333333
    ],
    [
      24,
      0.21875
    ],
    [
      25,
      0.18584070796460178
    ],
    [
      26,
      0.31213872832369943
    ],
    [
      27,
      0.2058823529411765
    ],
    [
      28,
      0.1791044776119403
    ],
    [
      29,
      0.2125
    ],
    [
      30,
      0.17045454545454544
    ],
    [
      31,
      0.13071895424836602
    ],
    [
      32,
      0.29015544041450775
    ],
    [
      33,
      0.2
    ],
    [
      34,
      0.23952095808383234
    ],
    [
      35,
      0.16494845360824742
    ],
    [
      36,
      0.1724137931034483
    ],
    [
      37,
      0.1621621621621622
    ],
    [
      38,
      0.20645161290322583
    ],
    [
      39,
      0.15894039735099338
    ],
    [
      40,
      0.15920398009950248
    ],
    [
      41,
      0.1626794258373206
    ],
    [
      42,
      0.16585365853658537
    ],
    [
      43,
      0.19875776397515527
    ],
    [
      44,
      0.17341040462427748
    ],
    [
      45,
      0.2111801242236025
    ],
    [
      46,
      0.18
    ],
    [
      47,
      0.18556701030927836
    ],
    [
      48,
      0.21839080459770113
    ],
    [
      49,
      0.17543859649122806
    ],
    [
      50,
      0.16853932584269662
    ],
    [
      51,
      0.20657276995305165
    ],
    [
      52,
      0.20547945205479454
    ],
    [
      53,
      0.17543859649122803
    ],
    [
      54,
      0.23456790123456792
    ],
    [
      55,
      0.1368421052631579
    ],
    [
      56,
      0.1621621621621622
    ],
    [
      57,
      0.1764705882352941
    ],
    [
      58,
      0.2727272727272727
    ],
    [
      59,
      0.1837837837837838
    ],
    [
      60,
      0.1978021978021978
    ],
    [
      61,
      0.15204678362573099
    ],
    [
      62,
      0.19083969465648856
    ],
    [
      63,
      0.20987654320987653
    ],
    [
      64,
      0.1897810218978102
    ],
    [
      65,
      0.19753086419753088
    ],
    [
      66,
      0.24444444444444444
    ],
    [
      67,
      0.21153846153846154
    ],
    [
      68,
      0.23076923076923078
    ],
    [
      69,
      0.1988950276243094
    ],
    [
      70,
      0.25333333333333335
    ],
    [
      71,
      0.2303030303030303
    ],
    [
      72,
      0.2564102564102564
    ],
    [
      73,
      0.20689655172413793
    ],
    [
      74,
      0.20547945205479454
    ],
    [
      75,
      0.24528301886792453
    ],
    [
      76,
      0.14285714285714285
    ],
    [
      77,
      0.12857142857142856
    ],
    [
      78,
      0.2298850574712644
    ],
    [
      79,
      0.18181818181818182
    ],
    [
      80,
      0.15454545454545454
    ],
    [
      81,
      0.20765027322404372
    ],
    [
      82,
      0.1869918699186992
    ],
    [
      83,
      0.189873417721519
    ],
    [
      84,
      0.19704433497536944
    ],
    [
      85,
      0.19704433497536944
    ],
    [
      86,
      0.25641025641025644
    ],
    [
      87,
      0.21468926553672316
    ],
    [
      88,
      0.21739130434782608
    ],
    [
      89,
      0.30622009569377995
    ],
    [
      90,
      0.17989417989417986
    ],
    [
      91,
      0.15714285714285714
    ],
    [
      92,
      0.1686746987951807
    ],
    [
      93,
      0.19827586206896552
    ],
    [
      94,
      0.2377622377622378
    ],
    [
      95,
      0.1900452488687783
    ],
    [
      96,
      0.15966386554621848
    ],
    [
      97,
      0.3096774193548387
    ],
    [
      98,
      0.2051282051282051
    ],
    [
      99,
      0.19310344827586207
    ],
    [
      100,
      0.2
    ],
    [
      101,
      0.22929936305732482
    ],
    [
      102,
      0.17801047120418845
    ],
    [
      103,
      0.20320855614973263
    ],
    [
      104,
      0.14864864864864866
    ],
    [
      105,
      0.23589743589743595
    ],
    [
      106,
      0.2081447963800905
    ],
    [
      107,
      0.1797752808988764
    ],
    [
      108,
      0.23121387283236994
    ],
    [
      109,
      0.19999999999999998
    ],
    [
      110,
      0.14689265536723164
    ],
    [
      111,
      0.17670682730923695
    ],
    [
      112,
      0.30526315789473685
    ],
    [
      113,
      0.2009132420091324
    ],
    [
      114,
      0.2139917695473251
    ],
    [
      115,
      0.1568627450980392
    ],
    [
      116,
      0.16042780748663102
    ],
    [
      117,
      0.16279069767441862
    ],
    [
      118,
      0.15584415584415584
    ],
    [
      119,
      0.16774193548387098
    ],
    [
      120,
      0.14035087719298245
    ],
    [
      121,
      0.16574585635359115
    ],
    [
      122,
      0.12727272727272726
    ],
    [
      123,
      0.20105820105820107
    ],
    [
      124,
      0.17567567567567566
    ],
    [
      125,
      0.1452513966480447
    ],
    [
      126,
      0.19512195121951217
    ],
    [
      127,
      0.19631901840490795
    ],
    [
      128,
      0.27884615384615385
    ],
    [
      129,
      0.19999999999999998
    ],
    [
      130,
      0.16483516483516486
    ],
    [
      131,
      0.13333333333333333
    ],
    [
      132,
      0.20000000000000004
    ],
    [
      133,
      0.23529411764705885
    ],
    [
      134,
      0.1990521327014218
    ],
    [
      135,
      0.20779220779220778
    ],
    [
      136,
      0.17054263565891473
    ],
    [
      137,
      0.17857142857142858
    ],
    [
      138,
      0.21276595744680854
    ],
    [
      139,
      0.13333333333333333
    ],
    [
      140,
      0.11612903225806451
    ],
    [
      141,
      0.34636871508379885
    ],
    [
      142,
      0.19704433497536944
    ],
    [
      143,
      0.1883408071748879
    ],
    [
      144,
      0.15789473684210525
    ],
    [
      145,
      0.1610738255033557
    ],
    [
      146,
      0.20192307692307693
    ],
    [
      147,
      0.15469613259668508
    ],
    [
      148,
      0.23357664233576642
    ],
    [
      149,
      0.10778443113772455
    ],
    [
      150,
      0.3018867924528302
    ],
    [
      151,
      0.198019801980198
    ],
    [
      152,
      0.17054263565891473
    ],
    [
      153,
      0.163265306122449
    ],
    [
      154,
      0.2269503546099291
    ],
    [
      155,
      0.16766467065868262
    ],
    [
      156,
      0.2233502538071066
    ],
    [
      157,
      0.145985401459854
    ],
    [
      158,
      0.16666666666666666
    ],
    [
      159,
      0.20382165605095542
    ],
    [
      160,
