{
  "dataset": "QMSum",
  "num_samples": 200,
  "rouge1": 0.2923323446882262,
  "rouge2": 0.06663504629040581,
  "rougeL": 0.18817588551017517,
  "rougeLsum": 0.18678767276317917,
  "per_sample_rougeL": [
    [
      0,
      0.21524663677130043
    ],
    [
      1,
      0.25
    ],
    [
      2,
      0.18090452261306533
    ],
    [
      3,
      0.2057142857142857
    ],
    [
      4,
      0.08888888888888888
    ],
    [
      5,
      0.2631578947368421
    ],
    [
      6,
      0.16279069767441862
    ],
    [
      7,
      0.15483870967741936
    ],
    [
      8,
      0.17283950617283952
    ],
    [
      9,
      0.16149068322981366
    ],
    [
      10,
      0.17333333333333334
    ],
    [
      11,
      0.1739130434782609
    ],
    [
      12,
      0.15894039735099338
    ],
    [
      13,
      0.25510204081632654
    ],
    [
      14,
      0.19626168224299068
    ],
    [
      15,
      0.1923076923076923
    ],
    [
      16,
      0.22857142857142854
    ],
    [
      17,
      0.19999999999999998
    ],
    [
      18,
      0.1386861313868613
    ],
    [
      19,
      0.15730337078651685
    ],
    [
      20,
      0.14942528735632182
    ],
    [
      21,
      0.17687074829931973
    ],
    [
      22,
      0.17045454545454544
    ],
    [
      23,
      0.22500000000000003
    ],
    [
      24,
      0.24242424242424238
    ],
    [
      25,
      0.23829787234042552
    ],
    [
      26,
      0.23255813953488372
    ],
    [
      27,
      0.16249999999999998
    ],
    [
      28,
      0.16000000000000003
    ],
    [
      29,
      0.19277108433734938
    ],
    [
      30,
      0.19148936170212763
    ],
    [
      31,
      0.174496644295302
    ],
    [
      32,
      0.22564102564102562
    ],
    [
      33,
      0.19387755102040813
    ],
    [
      34,
      0.20987654320987653
    ],
    [
      35,
      0.2131979695431472
    ],
    [
      36,
      0.16853932584269662
    ],
    [
      37,
      0.17801047120418848
    ],
    [
      38,
      0.14379084967320263
    ],
    [
      39,
      0.19858156028368792
    ],
    [
      40,
      0.18090452261306536
    ],
    [
      41,
      0.18666666666666665
    ],
    [
      42,
      0.14678899082568808
    ],
    [
      43,
      0.2558139534883721
    ],
    [
      44,
      0.13872832369942198
    ],
    [
      45,
      0.147239263803681
    ],
    [
      46,
      0.15920398009950248
    ],
    [
      47,
      0.17989417989417988
    ],
    [
      48,
      0.19883040935672516
    ],
    [
      49,
      0.17283950617283952
    ],
    [
      50,
      0.20571428571428574
    ],
    [
      51,
      0.2660550458715596
    ],
    [
      52,
      0.15286624203821655
    ],
    [
      53,
      0.11695906432748537
    ],
    [
      54,
      0.24277456647398843
    ],
    [
      55,
      0.14583333333333331
    ],
    [
      56,
      0.141025641025641
    ],
    [
      57,
      0.1595744680851064
    ],
    [
      58,
      0.20111731843575423
    ],
    [
      59,
      0.19587628865979384
    ],
    [
      60,
      0.17486338797814208
    ],
    [
      61,
      0.17241379310344826
    ],
    [
      62,
      0.23104693140794225
    ],
    [
      63,
      0.18823529411764706
    ],
    [
      64,
      0.16551724137931034
    ],
    [
      65,
      0.20731707317073172
    ],
    [
      66,
      0.25531914893617025
    ],
    [
      67,
      0.2290748898678414
    ],
    [
      68,
      0.19767441860465118
    ],
    [
      69,
      0.16949152542372883
    ],
    [
      70,
      0.20512820512820512
    ],
    [
      71,
      0.16568047337278105
    ],
    [
      72,
      0.16149068322981366
    ],
    [
      73,
      0.18367346938775508
    ],
    [
      74,
      0.18543046357615894
    ],
    [
      75,
      0.2685185185185185
    ],
    [
      76,
      0.1722488038277512
    ],
    [
      77,
      0.0945945945945946
    ],
    [
      78,
      0.21390374331550802
    ],
    [
      79,
      0.14444444444444443
    ],
    [
      80,
      0.19913419913419914
    ],
    [
      81,
      0.17801047120418848
    ],
    [
      82,
      0.22672064777327938
    ],
    [
      83,
      0.1282051282051282
    ],
    [
      84,
      0.17142857142857143
    ],
    [
      85,
      0.208955223880597
    ],
    [
      86,
      0.2222222222222222
    ],
    [
      87,
      0.1988950276243094
    ],
    [
      88,
      0.1834061135371179
    ],
    [
      89,
      0.1895734597156398
    ],
    [
      90,
      0.24489795918367346
    ],
    [
      91,
      0.1456953642384106
    ],
    [
      92,
      0.18285714285714288
    ],
    [
      93,
      0.2222222222222222
    ],
    [
      94,
      0.14666666666666664
    ],
    [
      95,
      0.21551724137931033
    ],
    [
      96,
      0.23673469387755103
    ],
    [
      97,
      0.29813664596273287
    ],
    [
      98,
      0.1875
    ],
    [
      99,
      0.21527777777777776
    ],
    [
      100,
      0.20652173913043478
    ],
    [
      101,
      0.18292682926829265
    ],
    [
      102,
      0.21649484536082475
    ],
    [
      103,
      0.21989528795811517
    ],
    [
      104,
      0.1342281879194631
    ],
    [
      105,
      0.24489795918367344
    ],
    [
      106,
      0.1900452488687783
    ],
    [
      107,
      0.227027027027027
    ],
    [
      108,
      0.2122905027932961
    ],
    [
      109,
      0.16
    ],
    [
      110,
      0.19354838709677416
    ],
    [
      111,
      0.23346303501945523
    ],
    [
      112,
      0.14364640883977903
    ],
    [
      113,
      0.21818181818181817
    ],
    [
      114,
      0.23770491803278693
    ],
    [
      115,
      0.1733333333333333
    ],
    [
      116,
      0.17435897435897435
    ],
    [
      117,
      0.2666666666666667
    ],
    [
      118,
      0.1358024691358025
    ],
    [
      119,
      0.20134228187919465
    ],
    [
      120,
      0.16216216216216214
    ],
    [
      121,
      0.1878453038674033
    ],
    [
      122,
      0.15044247787610618
    ],
    [
      123,
      0.25
    ],
    [
      124,
      0.10810810810810813
    ],
    [
      125,
      0.18072289156626506
    ],
    [
      126,
      0.2168674698795181
    ],
    [
      127,
      0.25882352941176473
    ],
    [
      128,
      0.2429906542056075
    ],
    [
      129,
      0.18072289156626506
    ],
    [
      130,
      0.12698412698412698
    ],
    [
      131,
      0.09696969696969697
    ],
    [
      132,
      0.19459459459459458
    ],
    [
      133,
      0.06369426751592357
    ],
    [
      134,
      0.23529411764705882
    ],
    [
      135,
      0.10884353741496598
    ],
    [
      136,
      0.17037037037037037
    ],
    [
      137,
      0.16766467065868265
    ],
    [
      138,
      0.23655913978494625
    ],
    [
      139,
      0.14893617021276595
    ],
    [
      140,
      0.16374269005847952
    ],
    [
      141,
      0.3101604278074866
    ],
    [
      142,
      0.16822429906542055
    ],
    [
      143,
      0.24888888888888888
    ],
    [
      144,
      0.16304347826086957
    ],
    [
      145,
      0.17610062893081763
    ],
    [
      146,
      0.26046511627906976
    ],
    [
      147,
      0.2105263157894737
    ],
    [
      148,
      0.10144927536231883
    ],
    [
      149,
      0.12643678160919541
    ],
    [
      150,
      0.22580645161290325
    ],
    [
      151,
      0.23696682464454974
    ],
    [
      152,
      0.2047244094488189
    ],
    [
      153,
      0.15286624203821658
    ],
    [
      154,
      0.22222222222222224
    ],
    [
      155,
      0.17777777777777778
    ],
    [
      156,
      0.1941747572815534
    ],
    [
      157,
      0.15827338129496402
    ],
    [
      158,
      0.16853932584269662
    ],
    [
      159,
      0.15853658536585366
    ],
    [
