{
  "dataset": "QMSum",
  "num_samples": 200,
  "rouge1": 0.32678432482660036,
  "rouge2": 0.07784599007671335,
  "rougeL": 0.19260317452057213,
  "rougeLsum": 0.19577749705345693,
  "per_sample_rougeL": [
    [
      0,
      0.2242152466367713
    ],
    [
      1,
      0.2222222222222222
    ],
    [
      2,
      0.16494845360824742
    ],
    [
      3,
      0.18823529411764706
    ],
    [
      4,
      0.11851851851851852
    ],
    [
      5,
      0.3212435233160622
    ],
    [
      6,
      0.17341040462427743
    ],
    [
      7,
      0.18518518518518517
    ],
    [
      8,
      0.15286624203821655
    ],
    [
      9,
      0.1568627450980392
    ],
    [
      10,
      0.23611111111111113
    ],
    [
      11,
      0.21890547263681592
    ],
    [
      12,
      0.15714285714285714
    ],
    [
      13,
      0.22564102564102564
    ],
    [
      14,
      0.20289855072463767
    ],
    [
      15,
      0.19607843137254902
    ],
    [
      16,
      0.1626794258373206
    ],
    [
      17,
      0.20809248554913296
    ],
    [
      18,
      0.1865671641791045
    ],
    [
      19,
      0.1485714285714286
    ],
    [
      20,
      0.1183431952662722
    ],
    [
      21,
      0.1761006289308176
    ],
    [
      22,
      0.16374269005847952
    ],
    [
      23,
      0.19736842105263158
    ],
    [
      24,
      0.19791666666666666
    ],
    [
      25,
      0.19555555555555557
    ],
    [
      26,
      0.26993865030674846
    ],
    [
      27,
      0.19310344827586204
    ],
    [
      28,
      0.16915422885572137
    ],
    [
      29,
      0.15853658536585366
    ],
    [
      30,
      0.14606741573033707
    ],
    [
      31,
      0.15277777777777776
    ],
    [
      32,
      0.3229166666666667
    ],
    [
      33,
      0.18999999999999997
    ],
    [
      34,
      0.1818181818181818
    ],
    [
      35,
      0.1693121693121693
    ],
    [
      36,
      0.18994413407821228
    ],
    [
      37,
      0.22099447513812157
    ],
    [
      38,
      0.15789473684210525
    ],
    [
      39,
      0.16666666666666666
    ],
    [
      40,
      0.17435897435897435
    ],
    [
      41,
      0.1435406698564593
    ],
    [
      42,
      0.15533980582524273
    ],
    [
      43,
      0.19512195121951217
    ],
    [
      44,
      0.18497109826589597
    ],
    [
      45,
      0.2035928143712575
    ],
    [
      46,
      0.17435897435897438
    ],
    [
      47,
      0.1836734693877551
    ],
    [
      48,
      0.15476190476190477
    ],
    [
      49,
      0.16568047337278105
    ],
    [
      50,
      0.16666666666666666
    ],
    [
      51,
      0.22119815668202764
    ],
    [
      52,
      0.20382165605095542
    ],
    [
      53,
      0.16470588235294117
    ],
    [
      54,
      0.22619047619047622
    ],
    [
      55,
      0.14893617021276595
    ],
    [
      56,
      0.17105263157894737
    ],
    [
      57,
      0.15476190476190477
    ],
    [
      58,
      0.24277456647398846
    ],
    [
      59,
      0.16304347826086957
    ],
    [
      60,
      0.18478260869565216
    ],
    [
      61,
      0.1566265060240964
    ],
    [
      62,
      0.25830258302583026
    ],
    [
      63,
      0.1818181818181818
    ],
    [
      64,
      0.22377622377622378
    ],
    [
      65,
      0.21794871794871795
    ],
    [
      66,
      0.24390243902439027
    ],
    [
      67,
      0.19090909090909092
    ],
    [
      68,
      0.16042780748663102
    ],
    [
      69,
      0.23076923076923075
    ],
    [
      70,
      0.28378378378378377
    ],
    [
      71,
      0.2111801242236025
    ],
    [
      72,
      0.26666666666666666
    ],
    [
      73,
      0.20304568527918784
    ],
    [
      74,
      0.19867549668874174
    ],
    [
      75,
      0.22535211267605634
    ],
    [
      76,
      0.16494845360824742
    ],
    [
      77,
      0.11347517730496452
    ],
    [
      78,
      0.2185792349726776
    ],
    [
      79,
      0.1839080459770115
    ],
    [
      80,
      0.19004524886877827
    ],
    [
      81,
      0.22950819672131145
    ],
    [
      82,
      0.15510204081632653
    ],
    [
      83,
      0.17610062893081763
    ],
    [
      84,
      0.18
    ],
    [
      85,
      0.17733990147783252
    ],
    [
      86,
      0.2796610169491526
    ],
    [
      87,
      0.2045454545454545
    ],
    [
      88,
      0.21834061135371177
    ],
    [
      89,
      0.2583732057416268
    ],
    [
      90,
      0.16042780748663102
    ],
    [
      91,
      0.16326530612244897
    ],
    [
      92,
      0.16969696969696965
    ],
    [
      93,
      0.1991341991341991
    ],
    [
      94,
      0.18181818181818182
    ],
    [
      95,
      0.20814479638009045
    ],
    [
      96,
      0.15966386554621848
    ],
    [
      97,
      0.28025477707006374
    ],
    [
      98,
      0.2408376963350785
    ],
    [
      99,
      0.22222222222222224
    ],
    [
      100,
      0.22950819672131145
    ],
    [
      101,
      0.20253164556962025
    ],
    [
      102,
      0.2094240837696335
    ],
    [
      103,
      0.23913043478260868
    ],
    [
      104,
      0.22972972972972971
    ],
    [
      105,
      0.2513089005235602
    ],
    [
      106,
      0.23636363636363636
    ],
    [
      107,
      0.19999999999999998
    ],
    [
      108,
      0.2742857142857143
    ],
    [
      109,
      0.21768707482993194
    ],
    [
      110,
      0.16483516483516483
    ],
    [
      111,
      0.21176470588235297
    ],
    [
      112,
      0.26455026455026454
    ],
    [
      113,
      0.2304147465437788
    ],
    [
      114,
      0.1825726141078838
    ],
    [
      115,
      0.18666666666666665
    ],
    [
      116,
      0.18556701030927836
    ],
    [
      117,
      0.19318181818181818
    ],
    [
      118,
      0.1688311688311688
    ],
    [
      119,
      0.20645161290322578
    ],
    [
      120,
      0.15294117647058822
    ],
    [
      121,
      0.23333333333333334
    ],
    [
      122,
      0.13953488372093023
    ],
    [
      123,
      0.14364640883977903
    ],
    [
      124,
      0.1643835616438356
    ],
    [
      125,
      0.1739130434782609
    ],
    [
      126,
      0.22641509433962265
    ],
    [
      127,
      0.1807228915662651
    ],
    [
      128,
      0.32512315270935965
    ],
    [
      129,
      0.25503355704697983
    ],
    [
      130,
      0.16304347826086957
    ],
    [
      131,
      0.15476190476190477
    ],
    [
      132,
      0.21590909090909094
    ],
    [
      133,
      0.24358974358974356
    ],
    [
      134,
      0.20952380952380953
    ],
    [
      135,
      0.19480519480519481
    ],
    [
      136,
      0.16858237547892718
    ],
    [
      137,
      0.15476190476190474
    ],
    [
      138,
      0.20105820105820105
    ],
    [
      139,
      0.1325966850828729
    ],
    [
      140,
      0.14102564102564102
    ],
    [
      141,
      0.3913043478260869
    ],
    [
      142,
      0.19791666666666666
    ],
    [
      143,
      0.19730941704035873
    ],
    [
      144,
      0.19047619047619047
    ],
    [
      145,
      0.10526315789473685
    ],
    [
      146,
      0.30476190476190473
    ],
    [
      147,
      0.15384615384615385
    ],
    [
      148,
      0.1925925925925926
    ],
    [
      149,
      0.13095238095238096
    ],
    [
      150,
      0.324022346368715
    ],
    [
      151,
      0.19323671497584538
    ],
    [
      152,
      0.15384615384615383
    ],
    [
      153,
      0.125
    ],
    [
      154,
      0.18705035971223022
    ],
    [
      155,
      0.2543352601156069
    ],
    [
      156,
      0.17435897435897438
    ],
    [
      157,
      0.09790209790209788
    ],
    [
      158,
      0.18279569892473116
    ],
    [
      159,
