{
  "dataset": "QMSum",
  "num_samples": 200,
  "rouge1": 0.28086160023623397,
  "rouge2": 0.056363763782276616,
  "rougeL": 0.17687276413178377,
  "rougeLsum": 0.18361911052874436,
  "per_sample_rougeL": [
    [
      0,
      0.1320754716981132
    ],
    [
      1,
      0.23300970873786406
    ],
    [
      2,
      0.1708542713567839
    ],
    [
      3,
      0.20224719101123598
    ],
    [
      4,
      0.1044776119402985
    ],
    [
      5,
      0.2580645161290323
    ],
    [
      6,
      0.1714285714285714
    ],
    [
      7,
      0.15853658536585366
    ],
    [
      8,
      0.12658227848101264
    ],
    [
      9,
      0.16352201257861634
    ],
    [
      10,
      0.08955223880597014
    ],
    [
      11,
      0.1990049751243781
    ],
    [
      12,
      0.10526315789473684
    ],
    [
      13,
      0.24242424242424246
    ],
    [
      14,
      0.18433179723502308
    ],
    [
      15,
      0.18064516129032257
    ],
    [
      16,
      0.16666666666666669
    ],
    [
      17,
      0.18079096045197743
    ],
    [
      18,
      0.12686567164179105
    ],
    [
      19,
      0.14444444444444443
    ],
    [
      20,
      0.16184971098265893
    ],
    [
      21,
      0.17177914110429449
    ],
    [
      22,
      0.12571428571428572
    ],
    [
      23,
      0.175
    ],
    [
      24,
      0.12021857923497267
    ],
    [
      25,
      0.20600858369098712
    ],
    [
      26,
      0.15730337078651685
    ],
    [
      27,
      0.16774193548387098
    ],
    [
      28,
      0.16999999999999998
    ],
    [
      29,
      0.18823529411764706
    ],
    [
      30,
      0.1827956989247312
    ],
    [
      31,
      0.16901408450704225
    ],
    [
      32,
      0.268041237113402
    ],
    [
      33,
      0.1641025641025641
    ],
    [
      34,
      0.18867924528301885
    ],
    [
      35,
      0.15920398009950248
    ],
    [
      36,
      0.15204678362573099
    ],
    [
      37,
      0.16129032258064516
    ],
    [
      38,
      0.1456953642384106
    ],
    [
      39,
      0.1643835616438356
    ],
    [
      40,
      0.16831683168316836
    ],
    [
      41,
      0.1643835616438356
    ],
    [
      42,
      0.18604651162790697
    ],
    [
      43,
      0.19767441860465118
    ],
    [
      44,
      0.125
    ],
    [
      45,
      0.1676646706586826
    ],
    [
      46,
      0.14705882352941177
    ],
    [
      47,
      0.19704433497536947
    ],
    [
      48,
      0.1871345029239766
    ],
    [
      49,
      0.16568047337278105
    ],
    [
      50,
      0.20338983050847462
    ],
    [
      51,
      0.2191780821917808
    ],
    [
      52,
      0.13924050632911394
    ],
    [
      53,
      0.13095238095238096
    ],
    [
      54,
      0.24418604651162792
    ],
    [
      55,
      0.15789473684210525
    ],
    [
      56,
      0.18421052631578946
    ],
    [
      57,
      0.1202185792349727
    ],
    [
      58,
      0.2777777777777778
    ],
    [
      59,
      0.14583333333333331
    ],
    [
      60,
      0.1878453038674033
    ],
    [
      61,
      0.16568047337278108
    ],
    [
      62,
      0.18565400843881855
    ],
    [
      63,
      0.20118343195266272
    ],
    [
      64,
      0.0958904109589041
    ],
    [
      65,
      0.19108280254777069
    ],
    [
      66,
      0.27322404371584696
    ],
    [
      67,
      0.27192982456140347
    ],
    [
      68,
      0.23076923076923078
    ],
    [
      69,
      0.1675977653631285
    ],
    [
      70,
      0.21052631578947367
    ],
    [
      71,
      0.12790697674418605
    ],
    [
      72,
      0.24590163934426226
    ],
    [
      73,
      0.18090452261306536
    ],
    [
      74,
      0.16993464052287582
    ],
    [
      75,
      0.2009132420091324
    ],
    [
      76,
      0.14736842105263157
    ],
    [
      77,
      0.09395973154362415
    ],
    [
      78,
      0.2131979695431472
    ],
    [
      79,
      0.1807909604519774
    ],
    [
      80,
      0.17543859649122806
    ],
    [
      81,
      0.14893617021276595
    ],
    [
      82,
      0.21951219512195125
    ],
    [
      83,
      0.16560509554140124
    ],
    [
      84,
      0.1642512077294686
    ],
    [
      85,
      0.22885572139303484
    ],
    [
      86,
      0.1959183673469388
    ],
    [
      87,
      0.21348314606741572
    ],
    [
      88,
      0.1566820276497696
    ],
    [
      89,
      0.2336448598130841
    ],
    [
      90,
      0.20408163265306123
    ],
    [
      91,
      0.15894039735099338
    ],
    [
      92,
      0.17751479289940827
    ],
    [
      93,
      0.19742489270386265
    ],
    [
      94,
      0.17567567567567569
    ],
    [
      95,
      0.20353982300884957
    ],
    [
      96,
      0.17427385892116182
    ],
    [
      97,
      0.18072289156626506
    ],
    [
      98,
      0.19895287958115182
    ],
    [
      99,
      0.19377162629757788
    ],
    [
      100,
      0.1787709497206704
    ],
    [
      101,
      0.1772151898734177
    ],
    [
      102,
      0.23834196891191708
    ],
    [
      103,
      0.15300546448087432
    ],
    [
      104,
      0.17687074829931973
    ],
    [
      105,
      0.2222222222222222
    ],
    [
      106,
      0.18584070796460175
    ],
    [
      107,
      0.21590909090909094
    ],
    [
      108,
      0.19767441860465118
    ],
    [
      109,
      0.15483870967741936
    ],
    [
      110,
      0.17777777777777773
    ],
    [
      111,
      0.21875
    ],
    [
      112,
      0.15469613259668508
    ],
    [
      113,
      0.23636363636363636
    ],
    [
      114,
      0.14222222222222225
    ],
    [
      115,
      0.15286624203821655
    ],
    [
      116,
      0.17085427135678394
    ],
    [
      117,
      0.22346368715083798
    ],
    [
      118,
      0.17721518987341772
    ],
    [
      119,
      0.16867469879518074
    ],
    [
      120,
      0.16574585635359118
    ],
    [
      121,
      0.18994413407821228
    ],
    [
      122,
      0.16740088105726872
    ],
    [
      123,
      0.2115384615384615
    ],
    [
      124,
      0.12162162162162164
    ],
    [
      125,
      0.17877094972067037
    ],
    [
      126,
      0.21176470588235294
    ],
    [
      127,
      0.1893491124260355
    ],
    [
      128,
      0.24880382775119617
    ],
    [
      129,
      0.20858895705521474
    ],
    [
      130,
      0.17679558011049723
    ],
    [
      131,
      0.11904761904761904
    ],
    [
      132,
      0.23076923076923078
    ],
    [
      133,
      0.19607843137254902
    ],
    [
      134,
      0.27555555555555555
    ],
    [
      135,
      0.1818181818181818
    ],
    [
      136,
      0.17358490566037735
    ],
    [
      137,
      0.15483870967741936
    ],
    [
      138,
      0.20942408376963353
    ],
    [
      139,
      0.12903225806451615
    ],
    [
      140,
      0.16766467065868262
    ],
    [
      141,
      0.29834254143646416
    ],
    [
      142,
      0.1722488038277512
    ],
    [
      143,
      0.15165876777251186
    ],
    [
      144,
      0.18848167539267016
    ],
    [
      145,
      0.13836477987421383
    ],
    [
      146,
      0.1971830985915493
    ],
    [
      147,
      0.1317365269461078
    ],
    [
      148,
      0.10526315789473684
    ],
    [
      149,
      0.14035087719298245
    ],
    [
      150,
      0.1693121693121693
    ],
    [
      151,
      0.18357487922705315
    ],
    [
      152,
      0.09448818897637794
    ],
    [
      153,
      0.16216216216216214
    ],
    [
      154,
      0.14965986394557826
    ],
    [
      155,
      0.14444444444444443
    ],
    [
      156,
      0.16585365853658535
    ],
    [
      157,
      0.10666666666666667
    ],
    [
      158,
      0.20652173913043478
    ],
    [
      159,
