{
  "dataset": "QMSum",
  "num_samples": 200,
  "rouge1": 0.28808336835129933,
  "rouge2": 0.06551851112707957,
  "rougeL": 0.18778933125882444,
  "rougeLsum": 0.18598137175480023,
  "per_sample_rougeL": [
    [
      0,
      0.19354838709677422
    ],
    [
      1,
      0.20192307692307693
    ],
    [
      2,
      0.17525773195876287
    ],
    [
      3,
      0.18181818181818182
    ],
    [
      4,
      0.10144927536231883
    ],
    [
      5,
      0.24210526315789474
    ],
    [
      6,
      0.17341040462427743
    ],
    [
      7,
      0.15384615384615388
    ],
    [
      8,
      0.17567567567567566
    ],
    [
      9,
      0.13924050632911394
    ],
    [
      10,
      0.17218543046357615
    ],
    [
      11,
      0.19417475728155342
    ],
    [
      12,
      0.15999999999999998
    ],
    [
      13,
      0.2741116751269036
    ],
    [
      14,
      0.22641509433962262
    ],
    [
      15,
      0.15
    ],
    [
      16,
      0.1792452830188679
    ],
    [
      17,
      0.21839080459770113
    ],
    [
      18,
      0.14022140221402213
    ],
    [
      19,
      0.14035087719298245
    ],
    [
      20,
      0.13953488372093023
    ],
    [
      21,
      0.1388888888888889
    ],
    [
      22,
      0.14942528735632182
    ],
    [
      23,
      0.1761006289308176
    ],
    [
      24,
      0.1798941798941799
    ],
    [
      25,
      0.24892703862660945
    ],
    [
      26,
      0.2543352601156069
    ],
    [
      27,
      0.1388888888888889
    ],
    [
      28,
      0.2058823529411765
    ],
    [
      29,
      0.2142857142857143
    ],
    [
      30,
      0.1945945945945946
    ],
    [
      31,
      0.1476510067114094
    ],
    [
      32,
      0.23469387755102042
    ],
    [
      33,
      0.23589743589743586
    ],
    [
      34,
      0.20481927710843373
    ],
    [
      35,
      0.19387755102040818
    ],
    [
      36,
      0.16853932584269662
    ],
    [
      37,
      0.17021276595744683
    ],
    [
      38,
      0.15894039735099338
    ],
    [
      39,
      0.1793103448275862
    ],
    [
      40,
      0.18090452261306536
    ],
    [
      41,
      0.18433179723502305
    ],
    [
      42,
      0.1834862385321101
    ],
    [
      43,
      0.24277456647398843
    ],
    [
      44,
      0.14942528735632185
    ],
    [
      45,
      0.21686746987951808
    ],
    [
      46,
      0.1782178217821782
    ],
    [
      47,
      0.19047619047619047
    ],
    [
      48,
      0.20454545454545459
    ],
    [
      49,
      0.15662650602409636
    ],
    [
      50,
      0.15730337078651688
    ],
    [
      51,
      0.2592592592592593
    ],
    [
      52,
      0.1794871794871795
    ],
    [
      53,
      0.17241379310344826
    ],
    [
      54,
      0.21348314606741572
    ],
    [
      55,
      0.19587628865979384
    ],
    [
      56,
      0.16883116883116883
    ],
    [
      57,
      0.1595744680851064
    ],
    [
      58,
      0.22598870056497175
    ],
    [
      59,
      0.17894736842105266
    ],
    [
      60,
      0.192090395480226
    ],
    [
      61,
      0.2125
    ],
    [
      62,
      0.18248175182481752
    ],
    [
      63,
      0.19393939393939394
    ],
    [
      64,
      0.19444444444444445
    ],
    [
      65,
      0.2011834319526627
    ],
    [
      66,
      0.2967032967032967
    ],
    [
      67,
      0.2555066079295154
    ],
    [
      68,
      0.17391304347826086
    ],
    [
      69,
      0.21229050279329612
    ],
    [
      70,
      0.20382165605095542
    ],
    [
      71,
      0.16666666666666666
    ],
    [
      72,
      0.20689655172413793
    ],
    [
      73,
      0.21105527638190955
    ],
    [
      74,
      0.14473684210526316
    ],
    [
      75,
      0.27102803738317754
    ],
    [
      76,
      0.1941747572815534
    ],
    [
      77,
      0.09271523178807947
    ],
    [
      78,
      0.2131979695431472
    ],
    [
      79,
      0.1696969696969697
    ],
    [
      80,
      0.19913419913419914
    ],
    [
      81,
      0.17297297297297295
    ],
    [
      82,
      0.21951219512195125
    ],
    [
      83,
      0.16352201257861634
    ],
    [
      84,
      0.1642512077294686
    ],
    [
      85,
      0.22885572139303484
    ],
    [
      86,
      0.2125984251968504
    ],
    [
      87,
      0.20994475138121546
    ],
    [
      88,
      0.22807017543859648
    ],
    [
      89,
      0.18357487922705315
    ],
    [
      90,
      0.23469387755102042
    ],
    [
      91,
      0.15277777777777776
    ],
    [
      92,
      0.16091954022988503
    ],
    [
      93,
      0.20689655172413793
    ],
    [
      94,
      0.1388888888888889
    ],
    [
      95,
      0.20869565217391306
    ],
    [
      96,
      0.22222222222222227
    ],
    [
      97,
      0.24390243902439024
    ],
    [
      98,
      0.173469387755102
    ],
    [
      99,
      0.2620689655172414
    ],
    [
      100,
      0.20652173913043478
    ],
    [
      101,
      0.1863354037267081
    ],
    [
      102,
      0.20618556701030927
    ],
    [
      103,
      0.2021276595744681
    ],
    [
      104,
      0.16
    ],
    [
      105,
      0.2639593908629442
    ],
    [
      106,
      0.18099547511312217
    ],
    [
      107,
      0.2162162162162162
    ],
    [
      108,
      0.23728813559322032
    ],
    [
      109,
      0.17218543046357615
    ],
    [
      110,
      0.1827956989247312
    ],
    [
      111,
      0.24505928853754938
    ],
    [
      112,
      0.13684210526315788
    ],
    [
      113,
      0.20909090909090908
    ],
    [
      114,
      0.2821576763485477
    ],
    [
      115,
      0.14473684210526314
    ],
    [
      116,
      0.1791044776119403
    ],
    [
      117,
      0.16483516483516486
    ],
    [
      118,
      0.175
    ],
    [
      119,
      0.1785714285714286
    ],
    [
      120,
      0.14054054054054055
    ],
    [
      121,
      0.17045454545454544
    ],
    [
      122,
      0.15859030837004406
    ],
    [
      123,
      0.2266009852216749
    ],
    [
      124,
      0.08
    ],
    [
      125,
      0.18681318681318682
    ],
    [
      126,
      0.2181818181818182
    ],
    [
      127,
      0.16666666666666666
    ],
    [
      128,
      0.2358490566037736
    ],
    [
      129,
      0.2236842105263158
    ],
    [
      130,
      0.15789473684210525
    ],
    [
      131,
      0.1325301204819277
    ],
    [
      132,
      0.23204419889502761
    ],
    [
      133,
      0.12080536912751677
    ],
    [
      134,
      0.24107142857142858
    ],
    [
      135,
      0.0821917808219178
    ],
    [
      136,
      0.16356877323420074
    ],
    [
      137,
      0.1686746987951807
    ],
    [
      138,
      0.2032085561497326
    ],
    [
      139,
      0.11827956989247311
    ],
    [
      140,
      0.16000000000000003
    ],
    [
      141,
      0.3101604278074866
    ],
    [
      142,
      0.16901408450704225
    ],
    [
      143,
      0.22421524663677128
    ],
    [
      144,
      0.1958762886597938
    ],
    [
      145,
      0.18749999999999997
    ],
    [
      146,
      0.2429906542056075
    ],
    [
      147,
      0.17708333333333331
    ],
    [
      148,
      0.12765957446808512
    ],
    [
      149,
      0.16184971098265896
    ],
    [
      150,
      0.15217391304347827
    ],
    [
      151,
      0.2233009708737864
    ],
    [
      152,
      0.208
    ],
    [
      153,
      0.13924050632911394
    ],
    [
      154,
      0.1931034482758621
    ],
    [
      155,
      0.20994475138121546
    ],
    [
      156,
      0.18269230769230768
    ],
    [
      157,
      0.14765100671140938
    ],
    [
      158,
      0.18784530386740328
    ],
    [
      159,
      0.16149068322981366
    ],
    [
      160,
      0.2735849056603773
