{
  "dataset": "QMSum",
  "num_samples": 200,
  "rouge1": 0.288764885238053,
  "rouge2": 0.06396986559551976,
  "rougeL": 0.18915141228857285,
  "rougeLsum": 0.18788331335282055,
  "per_sample_rougeL": [
    [
      0,
      0.17699115044247785
    ],
    [
      1,
      0.21890547263681592
    ],
    [
      2,
      0.1881188118811881
    ],
    [
      3,
      0.16483516483516483
    ],
    [
      4,
      0.1176470588235294
    ],
    [
      5,
      0.23157894736842105
    ],
    [
      6,
      0.16374269005847952
    ],
    [
      7,
      0.15483870967741936
    ],
    [
      8,
      0.17283950617283952
    ],
    [
      9,
      0.16149068322981366
    ],
    [
      10,
      0.1830065359477124
    ],
    [
      11,
      0.2156862745098039
    ],
    [
      12,
      0.15894039735099338
    ],
    [
      13,
      0.2741116751269036
    ],
    [
      14,
      0.19534883720930232
    ],
    [
      15,
      0.17948717948717946
    ],
    [
      16,
      0.20657276995305165
    ],
    [
      17,
      0.20111731843575417
    ],
    [
      18,
      0.16356877323420074
    ],
    [
      19,
      0.16184971098265893
    ],
    [
      20,
      0.14942528735632182
    ],
    [
      21,
      0.1388888888888889
    ],
    [
      22,
      0.12359550561797754
    ],
    [
      23,
      0.245398773006135
    ],
    [
      24,
      0.1919191919191919
    ],
    [
      25,
      0.2393162393162393
    ],
    [
      26,
      0.23255813953488372
    ],
    [
      27,
      0.15584415584415584
    ],
    [
      28,
      0.18627450980392152
    ],
    [
      29,
      0.22485207100591717
    ],
    [
      30,
      0.19148936170212763
    ],
    [
      31,
      0.1830065359477124
    ],
    [
      32,
      0.22448979591836735
    ],
    [
      33,
      0.19289340101522842
    ],
    [
      34,
      0.18404907975460125
    ],
    [
      35,
      0.19
    ],
    [
      36,
      0.17977528089887643
    ],
    [
      37,
      0.20105820105820107
    ],
    [
      38,
      0.14285714285714285
    ],
    [
      39,
      0.16666666666666666
    ],
    [
      40,
      0.18090452261306536
    ],
    [
      41,
      0.15315315315315314
    ],
    [
      42,
      0.1834862385321101
    ],
    [
      43,
      0.2222222222222222
    ],
    [
      44,
      0.12359550561797754
    ],
    [
      45,
      0.24675324675324678
    ],
    [
      46,
      0.16831683168316833
    ],
    [
      47,
      0.23000000000000004
    ],
    [
      48,
      0.24
    ],
    [
      49,
      0.19753086419753085
    ],
    [
      50,
      0.20454545454545456
    ],
    [
      51,
      0.2648401826484018
    ],
    [
      52,
      0.18666666666666668
    ],
    [
      53,
      0.1286549707602339
    ],
    [
      54,
      0.2159090909090909
    ],
    [
      55,
      0.14432989690721648
    ],
    [
      56,
      0.15483870967741936
    ],
    [
      57,
      0.16666666666666669
    ],
    [
      58,
      0.2458100558659218
    ],
    [
      59,
      0.18947368421052632
    ],
    [
      60,
      0.14606741573033707
    ],
    [
      61,
      0.26993865030674846
    ],
    [
      62,
      0.2014388489208633
    ],
    [
      63,
      0.18823529411764706
    ],
    [
      64,
      0.19480519480519481
    ],
    [
      65,
      0.2222222222222222
    ],
    [
      66,
      0.2962962962962963
    ],
    [
      67,
      0.2378854625550661
    ],
    [
      68,
      0.16129032258064516
    ],
    [
      69,
      0.17777777777777776
    ],
    [
      70,
      0.1910828025477707
    ],
    [
      71,
      0.11834319526627218
    ],
    [
      72,
      0.16149068322981366
    ],
    [
      73,
      0.20618556701030927
    ],
    [
      74,
      0.18543046357615894
    ],
    [
      75,
      0.28837209302325584
    ],
    [
      76,
      0.17475728155339806
    ],
    [
      77,
      0.12080536912751677
    ],
    [
      78,
      0.21390374331550802
    ],
    [
      79,
      0.15730337078651685
    ],
    [
      80,
      0.18340611353711792
    ],
    [
      81,
      0.18652849740932642
    ],
    [
      82,
      0.21774193548387097
    ],
    [
      83,
      0.17610062893081763
    ],
    [
      84,
      0.19047619047619047
    ],
    [
      85,
      0.21890547263681592
    ],
    [
      86,
      0.20634920634920634
    ],
    [
      87,
      0.22222222222222224
    ],
    [
      88,
      0.19999999999999998
    ],
    [
      89,
      0.2
    ],
    [
      90,
      0.21105527638190952
    ],
    [
      91,
      0.15789473684210528
    ],
    [
      92,
      0.17045454545454544
    ],
    [
      93,
      0.2222222222222222
    ],
    [
      94,
      0.1879194630872483
    ],
    [
      95,
      0.21834061135371177
    ],
    [
      96,
      0.22672064777327935
    ],
    [
      97,
      0.25766871165644173
    ],
    [
      98,
      0.18556701030927839
    ],
    [
      99,
      0.22758620689655173
    ],
    [
      100,
      0.20652173913043478
    ],
    [
      101,
      0.1951219512195122
    ],
    [
      102,
      0.23834196891191708
    ],
    [
      103,
      0.2210526315789474
    ],
    [
      104,
      0.1756756756756757
    ],
    [
      105,
      0.23589743589743595
    ],
    [
      106,
      0.1900452488687783
    ],
    [
      107,
      0.2185792349726776
    ],
    [
      108,
      0.20224719101123595
    ],
    [
      109,
      0.15789473684210528
    ],
    [
      110,
      0.2032085561497326
    ],
    [
      111,
      0.24710424710424708
    ],
    [
      112,
      0.18181818181818185
    ],
    [
      113,
      0.21818181818181817
    ],
    [
      114,
      0.2857142857142857
    ],
    [
      115,
      0.1935483870967742
    ],
    [
      116,
      0.17346938775510204
    ],
    [
      117,
      0.1787709497206704
    ],
    [
      118,
      0.13664596273291926
    ],
    [
      119,
      0.20134228187919465
    ],
    [
      120,
      0.14444444444444446
    ],
    [
      121,
      0.17679558011049726
    ],
    [
      122,
      0.14285714285714288
    ],
    [
      123,
      0.2608695652173913
    ],
    [
      124,
      0.10666666666666667
    ],
    [
      125,
      0.18072289156626506
    ],
    [
      126,
      0.20606060606060608
    ],
    [
      127,
      0.25882352941176473
    ],
    [
      128,
      0.24644549763033177
    ],
    [
      129,
      0.20731707317073172
    ],
    [
      130,
      0.1693121693121693
    ],
    [
      131,
      0.11180124223602485
    ],
    [
      132,
      0.20652173913043478
    ],
    [
      133,
      0.11842105263157894
    ],
    [
      134,
      0.25
    ],
    [
      135,
      0.06896551724137931
    ],
    [
      136,
      0.18867924528301885
    ],
    [
      137,
      0.17073170731707318
    ],
    [
      138,
      0.24468085106382978
    ],
    [
      139,
      0.12154696132596685
    ],
    [
      140,
      0.16374269005847952
    ],
    [
      141,
      0.3101604278074866
    ],
    [
      142,
      0.1581395348837209
    ],
    [
      143,
      0.24888888888888888
    ],
    [
      144,
      0.15116279069767444
    ],
    [
      145,
      0.175
    ],
    [
      146,
      0.25116279069767444
    ],
    [
      147,
      0.1846153846153846
    ],
    [
      148,
      0.11940298507462688
    ],
    [
      149,
      0.11695906432748537
    ],
    [
      150,
      0.2282608695652174
    ],
    [
      151,
      0.24154589371980675
    ],
    [
      152,
      0.05714285714285715
    ],
    [
      153,
      0.15483870967741933
    ],
    [
      154,
      0.22377622377622378
    ],
    [
      155,
      0.16853932584269662
    ],
    [
      156,
      0.17733990147783252
    ],
    [
      157,
      0.15492957746478875
    ],
    [
      158,
      0.16759776536312848
    ],
    [
      159,
      0.1566265060240964
    ],
    [
      160,
