{
  "dataset": "QMSum",
  "num_samples": 200,
  "rouge1": 0.28825235230049345,
  "rouge2": 0.06402510144127774,
  "rougeL": 0.18145839119034898,
  "rougeLsum": 0.18706863189165207,
  "per_sample_rougeL": [
    [
      0,
      0.2026431718061674
    ],
    [
      1,
      0.2167487684729064
    ],
    [
      2,
      0.20100502512562815
    ],
    [
      3,
      0.2033898305084746
    ],
    [
      4,
      0.08955223880597013
    ],
    [
      5,
      0.2604166666666667
    ],
    [
      6,
      0.1437125748502994
    ],
    [
      7,
      0.12658227848101267
    ],
    [
      8,
      0.1761006289308176
    ],
    [
      9,
      0.1509433962264151
    ],
    [
      10,
      0.21476510067114096
    ],
    [
      11,
      0.18446601941747573
    ],
    [
      12,
      0.19310344827586204
    ],
    [
      13,
      0.29441624365482233
    ],
    [
      14,
      0.22119815668202766
    ],
    [
      15,
      0.18064516129032257
    ],
    [
      16,
      0.21256038647342998
    ],
    [
      17,
      0.20689655172413793
    ],
    [
      18,
      0.15441176470588233
    ],
    [
      19,
      0.15568862275449102
    ],
    [
      20,
      0.16568047337278105
    ],
    [
      21,
      0.18309859154929578
    ],
    [
      22,
      0.1764705882352941
    ],
    [
      23,
      0.1951219512195122
    ],
    [
      24,
      0.17616580310880825
    ],
    [
      25,
      0.21276595744680854
    ],
    [
      26,
      0.15819209039548024
    ],
    [
      27,
      0.13924050632911392
    ],
    [
      28,
      0.21000000000000002
    ],
    [
      29,
      0.20987654320987653
    ],
    [
      30,
      0.1647058823529412
    ],
    [
      31,
      0.1733333333333333
    ],
    [
      32,
      0.30051813471502586
    ],
    [
      33,
      0
    ],
    [
      34,
      0.21686746987951808
    ],
    [
      35,
      0.18652849740932645
    ],
    [
      36,
      0.15642458100558662
    ],
    [
      37,
      0.16129032258064516
    ],
    [
      38,
      0.12080536912751677
    ],
    [
      39,
      0.1456953642384106
    ],
    [
      40,
      0.20512820512820512
    ],
    [
      41,
      0.16901408450704225
    ],
    [
      42,
      0.15533980582524273
    ],
    [
      43,
      0.24
    ],
    [
      44,
      0.15204678362573099
    ],
    [
      45,
      0.2435897435897436
    ],
    [
      46,
      0.23333333333333334
    ],
    [
      47,
      0.12682926829268293
    ],
    [
      48,
      0.18497109826589594
    ],
    [
      49,
      0.17857142857142858
    ],
    [
      50,
      0.14444444444444443
    ],
    [
      51,
      0.2201834862385321
    ],
    [
      52,
      0.15483870967741933
    ],
    [
      53,
      0.16091954022988506
    ],
    [
      54,
      0.1744186046511628
    ],
    [
      55,
      0.1590909090909091
    ],
    [
      56,
      0.14765100671140938
    ],
    [
      57,
      0.12154696132596685
    ],
    [
      58,
      0.22346368715083798
    ],
    [
      59,
      0.17021276595744683
    ],
    [
      60,
      0.20118343195266272
    ],
    [
      61,
      0.15204678362573099
    ],
    [
      62,
      0.19305019305019303
    ],
    [
      63,
      0.15568862275449102
    ],
    [
      64,
      0.1987577639751553
    ],
    [
      65,
      0.17500000000000002
    ],
    [
      66,
      0.2777777777777778
    ],
    [
      67,
      0.22702702702702704
    ],
    [
      68,
      0.16374269005847955
    ],
    [
      69,
      0.3005780346820809
    ],
    [
      70,
      0.21794871794871795
    ],
    [
      71,
      0.13173652694610777
    ],
    [
      72,
      0.1643835616438356
    ],
    [
      73,
      0.18090452261306536
    ],
    [
      74,
      0.12587412587412586
    ],
    [
      75,
      0.21256038647342995
    ],
    [
      76,
      0.11707317073170731
    ],
    [
      77,
      0.09589041095890412
    ],
    [
      78,
      0.1789473684210526
    ],
    [
      79,
      0.18181818181818182
    ],
    [
      80,
      0.17543859649122806
    ],
    [
      81,
      0.1675392670157068
    ],
    [
      82,
      0.20408163265306123
    ],
    [
      83,
      0.1518987341772152
    ],
    [
      84,
      0.21359223300970873
    ],
    [
      85,
      0.1616161616161616
    ],
    [
      86,
      0.19753086419753085
    ],
    [
      87,
      0.1910112359550562
    ],
    [
      88,
      0.20512820512820512
    ],
    [
      89,
      0.20192307692307693
    ],
    [
      90,
      0.22916666666666663
    ],
    [
      91,
      0.1342281879194631
    ],
    [
      92,
      0.19631901840490795
    ],
    [
      93,
      0.21367521367521367
    ],
    [
      94,
      0.11464968152866242
    ],
    [
      95,
      0.1875
    ],
    [
      96,
      0.19491525423728814
    ],
    [
      97,
      0.26993865030674846
    ],
    [
      98,
      0.20725388601036268
    ],
    [
      99,
      0.21843003412969283
    ],
    [
      100,
      0.17777777777777778
    ],
    [
      101,
      0.19393939393939394
    ],
    [
      102,
      0.22916666666666666
    ],
    [
      103,
      0.20105820105820102
    ],
    [
      104,
      0.17333333333333334
    ],
    [
      105,
      0.18652849740932645
    ],
    [
      106,
      0.1735159817351598
    ],
    [
      107,
      0.2105263157894737
    ],
    [
      108,
      0.1797752808988764
    ],
    [
      109,
      0.16901408450704228
    ],
    [
      110,
      0.18784530386740333
    ],
    [
      111,
      0.19762845849802368
    ],
    [
      112,
      0.36666666666666664
    ],
    [
      113,
      0.17592592592592596
    ],
    [
      114,
      0.18723404255319145
    ],
    [
      115,
      0.16666666666666666
    ],
    [
      116,
      0.15463917525773196
    ],
    [
      117,
      0.20224719101123598
    ],
    [
      118,
      0.11464968152866241
    ],
    [
      119,
      0.22352941176470587
    ],
    [
      120,
      0.17297297297297298
    ],
    [
      121,
      0.16666666666666669
    ],
    [
      122,
      0.14545454545454548
    ],
    [
      123,
      0.20202020202020204
    ],
    [
      124,
      0.09210526315789475
    ],
    [
      125,
      0.16
    ],
    [
      126,
      0.22891566265060237
    ],
    [
      127,
      0.2366863905325444
    ],
    [
      128,
      0.2046511627906977
    ],
    [
      129,
      0.18518518518518517
    ],
    [
      130,
      0.15642458100558657
    ],
    [
      131,
      0.16374269005847955
    ],
    [
      132,
      0.227027027027027
    ],
    [
      133,
      0.19047619047619044
    ],
    [
      134,
      0.22935779816513763
    ],
    [
      135,
      0.14864864864864866
    ],
    [
      136,
      0.16091954022988506
    ],
    [
      137,
      0.17857142857142858
    ],
    [
      138,
      0.21390374331550802
    ],
    [
      139,
      0.12972972972972974
    ],
    [
      140,
      0.1797752808988764
    ],
    [
      141,
      0.3068783068783069
    ],
    [
      142,
      0.15023474178403753
    ],
    [
      143,
      0.20535714285714288
    ],
    [
      144,
      0.1477272727272727
    ],
    [
      145,
      0.14102564102564102
    ],
    [
      146,
      0.1877934272300469
    ],
    [
      147,
      0.15706806282722513
    ],
    [
      148,
      0.11347517730496455
    ],
    [
      149,
      0.11428571428571428
    ],
    [
      150,
      0.15469613259668508
    ],
    [
      151,
      0.18357487922705315
    ],
    [
      152,
      0.08823529411764705
    ],
    [
      153,
      0.19736842105263158
    ],
    [
      154,
      0.16551724137931034
    ],
    [
      155,
      0.1807909604519774
    ],
    [
      156,
      0.187192118226601
    ],
    [
      157,
      0.1342281879194631
    ],
    [
      158,
      0.18181818181818182
    ],
    [
      159,
      0.14285714285714282
    ],
    [
