{
  "dataset": "QMSum",
  "num_samples": 200,
  "rouge1": 0.3199668405613003,
  "rouge2": 0.07331922229997224,
  "rougeL": 0.1875371183636551,
  "rougeLsum": 0.1908237255709096,
  "per_sample_rougeL": [
    [
      0,
      0.2727272727272727
    ],
    [
      1,
      0.22680412371134023
    ],
    [
      2,
      0.1675392670157068
    ],
    [
      3,
      0.1871345029239766
    ],
    [
      4,
      0.13235294117647056
    ],
    [
      5,
      0.2827225130890052
    ],
    [
      6,
      0.17647058823529413
    ],
    [
      7,
      0.21951219512195125
    ],
    [
      8,
      0.13924050632911392
    ],
    [
      9,
      0.1656050955414013
    ],
    [
      10,
      0.20547945205479454
    ],
    [
      11,
      0.24752475247524752
    ],
    [
      12,
      0.20833333333333334
    ],
    [
      13,
      0.25510204081632654
    ],
    [
      14,
      0.19999999999999998
    ],
    [
      15,
      0.2091503267973856
    ],
    [
      16,
      0.20192307692307693
    ],
    [
      17,
      0.18823529411764706
    ],
    [
      18,
      0.17424242424242425
    ],
    [
      19,
      0.16091954022988506
    ],
    [
      20,
      0.11560693641618497
    ],
    [
      21,
      0.16352201257861634
    ],
    [
      22,
      0.19047619047619047
    ],
    [
      23,
      0.1958041958041958
    ],
    [
      24,
      0.20833333333333334
    ],
    [
      25,
      0.1981981981981982
    ],
    [
      26,
      0.18181818181818185
    ],
    [
      27,
      0.18749999999999997
    ],
    [
      28,
      0.14583333333333331
    ],
    [
      29,
      0.14545454545454545
    ],
    [
      30,
      0.15730337078651685
    ],
    [
      31,
      0.15277777777777776
    ],
    [
      32,
      0.30208333333333337
    ],
    [
      33,
      0.18811881188118815
    ],
    [
      34,
      0.20858895705521474
    ],
    [
      35,
      0.16494845360824742
    ],
    [
      36,
      0.18285714285714288
    ],
    [
      37,
      0.15555555555555556
    ],
    [
      38,
      0.15584415584415584
    ],
    [
      39,
      0.17218543046357615
    ],
    [
      40,
      0.18
    ],
    [
      41,
      0.18357487922705315
    ],
    [
      42,
      0.14705882352941177
    ],
    [
      43,
      0.1893491124260355
    ],
    [
      44,
      0.1724137931034483
    ],
    [
      45,
      0.1851851851851852
    ],
    [
      46,
      0.14432989690721648
    ],
    [
      47,
      0.1492537313432836
    ],
    [
      48,
      0.2011834319526627
    ],
    [
      49,
      0.1775147928994083
    ],
    [
      50,
      0.16568047337278108
    ],
    [
      51,
      0.24074074074074073
    ],
    [
      52,
      0.19108280254777069
    ],
    [
      53,
      0.16374269005847952
    ],
    [
      54,
      0.22619047619047622
    ],
    [
      55,
      0.13978494623655913
    ],
    [
      56,
      0.15894039735099336
    ],
    [
      57,
      0.12790697674418605
    ],
    [
      58,
      0.24137931034482757
    ],
    [
      59,
      0.16393442622950818
    ],
    [
      60,
      0.1739130434782609
    ],
    [
      61,
      0.1325301204819277
    ],
    [
      62,
      0.2509225092250923
    ],
    [
      63,
      0.15950920245398773
    ],
    [
      64,
      0.2112676056338028
    ],
    [
      65,
      0.25974025974025977
    ],
    [
      66,
      0.18823529411764706
    ],
    [
      67,
      0.21917808219178084
    ],
    [
      68,
      0.15135135135135136
    ],
    [
      69,
      0.22099447513812154
    ],
    [
      70,
      0.217687074829932
    ],
    [
      71,
      0.1696969696969697
    ],
    [
      72,
      0.27814569536423844
    ],
    [
      73,
      0.1990049751243781
    ],
    [
      74,
      0.18543046357615894
    ],
    [
      75,
      0.2105263157894737
    ],
    [
      76,
      0.19095477386934678
    ],
    [
      77,
      0.08108108108108107
    ],
    [
      78,
      0.2197802197802198
    ],
    [
      79,
      0.2122905027932961
    ],
    [
      80,
      0.15044247787610618
    ],
    [
      81,
      0.1894736842105263
    ],
    [
      82,
      0.18032786885245902
    ],
    [
      83,
      0.16352201257861634
    ],
    [
      84,
      0.1683168316831683
    ],
    [
      85,
      0.2156862745098039
    ],
    [
      86,
      0.25531914893617025
    ],
    [
      87,
      0.21118012422360247
    ],
    [
      88,
      0.2077922077922078
    ],
    [
      89,
      0.2758620689655172
    ],
    [
      90,
      0.20725388601036268
    ],
    [
      91,
      0.17567567567567569
    ],
    [
      92,
      0.2261904761904762
    ],
    [
      93,
      0.1504424778761062
    ],
    [
      94,
      0.1843971631205674
    ],
    [
      95,
      0.1900452488687783
    ],
    [
      96,
      0.18333333333333332
    ],
    [
      97,
      0.27499999999999997
    ],
    [
      98,
      0.20725388601036268
    ],
    [
      99,
      0.22377622377622378
    ],
    [
      100,
      0.20652173913043478
    ],
    [
      101,
      0.14906832298136644
    ],
    [
      102,
      0.1693121693121693
    ],
    [
      103,
      0.23157894736842105
    ],
    [
      104,
      0.174496644295302
    ],
    [
      105,
      0.24083769633507854
    ],
    [
      106,
      0.21100917431192662
    ],
    [
      107,
      0.18681318681318682
    ],
    [
      108,
      0.23255813953488375
    ],
    [
      109,
      0.2191780821917808
    ],
    [
      110,
      0.16216216216216214
    ],
    [
      111,
      0.19047619047619047
    ],
    [
      112,
      0.2722513089005235
    ],
    [
      113,
      0.23853211009174313
    ],
    [
      114,
      0.19327731092436978
    ],
    [
      115,
      0.1527777777777778
    ],
    [
      116,
      0.17708333333333334
    ],
    [
      117,
      0.26436781609195403
    ],
    [
      118,
      0.16666666666666666
    ],
    [
      119,
      0.16
    ],
    [
      120,
      0.15384615384615385
    ],
    [
      121,
      0.19653179190751444
    ],
    [
      122,
      0.1388888888888889
    ],
    [
      123,
      0.18085106382978727
    ],
    [
      124,
      0.1527777777777778
    ],
    [
      125,
      0.13333333333333336
    ],
    [
      126,
      0.22222222222222224
    ],
    [
      127,
      0.1696969696969697
    ],
    [
      128,
      0.2666666666666667
    ],
    [
      129,
      0.18918918918918917
    ],
    [
      130,
      0.16216216216216214
    ],
    [
      131,
      0.1568627450980392
    ],
    [
      132,
      0.24309392265193372
    ],
    [
      133,
      0.23529411764705885
    ],
    [
      134,
      0.18604651162790697
    ],
    [
      135,
      0.15894039735099338
    ],
    [
      136,
      0.16730038022813687
    ],
    [
      137,
      0.1686746987951807
    ],
    [
      138,
      0.21875
    ],
    [
      139,
      0.12222222222222222
    ],
    [
      140,
      0.15286624203821655
    ],
    [
      141,
      0.3027027027027027
    ],
    [
      142,
      0.19
    ],
    [
      143,
      0.16589861751152074
    ],
    [
      144,
      0.17021276595744683
    ],
    [
      145,
      0.14864864864864866
    ],
    [
      146,
      0.25961538461538464
    ],
    [
      147,
      0.1711229946524064
    ],
    [
      148,
      0.19117647058823528
    ],
    [
      149,
      0.11695906432748537
    ],
    [
      150,
      0.13333333333333333
    ],
    [
      151,
      0.18905472636815918
    ],
    [
      152,
      0.15384615384615383
    ],
    [
      153,
      0.13513513513513514
    ],
    [
      154,
      0.16901408450704225
    ],
    [
      155,
      0.17857142857142855
    ],
    [
      156,
      0.20487804878048782
    ],
    [
      157,
      0.1258741258741259
    ],
    [
      158,
      0.17679558011049723
    ],
    [
      159,
      0.24390243902439027
    ],
    [
