{
  "dataset": "QMSum",
  "num_samples": 200,
  "rouge1": 0.2927644891393921,
  "rouge2": 0.06121965239385614,
  "rougeL": 0.17270184664715374,
  "rougeLsum": 0.18243785096050663,
  "per_sample_rougeL": [
    [
      0,
      0.2038834951456311
    ],
    [
      1,
      0.18421052631578946
    ],
    [
      2,
      0.17616580310880828
    ],
    [
      3,
      0.1871345029239766
    ],
    [
      4,
      0.125
    ],
    [
      5,
      0.29441624365482233
    ],
    [
      6,
      0.1746031746031746
    ],
    [
      7,
      0.11510791366906475
    ],
    [
      8,
      0.20408163265306123
    ],
    [
      9,
      0.14193548387096774
    ],
    [
      10,
      0.11267605633802816
    ],
    [
      11,
      0.2388059701492537
    ],
    [
      12,
      0.21374045801526717
    ],
    [
      13,
      0.21428571428571425
    ],
    [
      14,
      0.17647058823529413
    ],
    [
      15,
      0.1699346405228758
    ],
    [
      16,
      0.17142857142857143
    ],
    [
      17,
      0.152046783625731
    ],
    [
      18,
      0.15384615384615383
    ],
    [
      19,
      0.17045454545454547
    ],
    [
      20,
      0.11764705882352942
    ],
    [
      21,
      0.19875776397515527
    ],
    [
      22,
      0.09722222222222222
    ],
    [
      23,
      0.1948051948051948
    ],
    [
      24,
      0.16666666666666669
    ],
    [
      25,
      0.19383259911894274
    ],
    [
      26,
      0.24793388429752067
    ],
    [
      27,
      0.17449664429530204
    ],
    [
      28,
      0.16568047337278105
    ],
    [
      29,
      0.19047619047619047
    ],
    [
      30,
      0.16867469879518074
    ],
    [
      31,
      0
    ],
    [
      32,
      0.26595744680851063
    ],
    [
      33,
      0.1836734693877551
    ],
    [
      34,
      0.24096385542168672
    ],
    [
      35,
      0.1791044776119403
    ],
    [
      36,
      0.14371257485029942
    ],
    [
      37,
      0.19689119170984454
    ],
    [
      38,
      0.17600000000000002
    ],
    [
      39,
      0.13071895424836602
    ],
    [
      40,
      0.16049382716049385
    ],
    [
      41,
      0.13526570048309175
    ],
    [
      42,
      0.1722488038277512
    ],
    [
      43,
      0.1935483870967742
    ],
    [
      44,
      0.12422360248447205
    ],
    [
      45,
      0.22641509433962265
    ],
    [
      46,
      0.1450777202072539
    ],
    [
      47,
      0.12222222222222222
    ],
    [
      48,
      0.18633540372670807
    ],
    [
      49,
      0.22360248447204967
    ],
    [
      50,
      0.20437956204379565
    ],
    [
      51,
      0.22535211267605632
    ],
    [
      52,
      0.19607843137254904
    ],
    [
      53,
      0.13793103448275865
    ],
    [
      54,
      0.23129251700680273
    ],
    [
      55,
      0.1925133689839572
    ],
    [
      56,
      0.13513513513513511
    ],
    [
      57,
      0.10650887573964496
    ],
    [
      58,
      0
    ],
    [
      59,
      0.18848167539267016
    ],
    [
      60,
      0.1818181818181818
    ],
    [
      61,
      0.1764705882352941
    ],
    [
      62,
      0.2537313432835821
    ],
    [
      63,
      0.1411764705882353
    ],
    [
      64,
      0.17931034482758618
    ],
    [
      65,
      0.2947368421052632
    ],
    [
      66,
      0.2320441988950276
    ],
    [
      67,
      0.16
    ],
    [
      68,
      0.16766467065868262
    ],
    [
      69,
      0.16666666666666669
    ],
    [
      70,
      0.13043478260869565
    ],
    [
      71,
      0.2
    ],
    [
      72,
      0.22950819672131145
    ],
    [
      73,
      0.18719211822660095
    ],
    [
      74,
      0.23423423423423423
    ],
    [
      75,
      0.20304568527918782
    ],
    [
      76,
      0.17616580310880828
    ],
    [
      77,
      0.15999999999999998
    ],
    [
      78,
      0.22797927461139897
    ],
    [
      79,
      0.13186813186813187
    ],
    [
      80,
      0.16589861751152077
    ],
    [
      81,
      0.13333333333333333
    ],
    [
      82,
      0.1900826446280992
    ],
    [
      83,
      0.1686746987951807
    ],
    [
      84,
      0.1890547263681592
    ],
    [
      85,
      0.1748633879781421
    ],
    [
      86,
      0.19246861924686193
    ],
    [
      87,
      0.1724137931034483
    ],
    [
      88,
      0.17272727272727273
    ],
    [
      89,
      0.1890547263681592
    ],
    [
      90,
      0.1954022988505747
    ],
    [
      91,
      0
    ],
    [
      92,
      0.20312499999999997
    ],
    [
      93,
      0.17621145374449337
    ],
    [
      94,
      0.1
    ],
    [
      95,
      0.20202020202020202
    ],
    [
      96,
      0.17475728155339804
    ],
    [
      97,
      0.13924050632911392
    ],
    [
      98,
      0.1945945945945946
    ],
    [
      99,
      0.19148936170212763
    ],
    [
      100,
      0.14364640883977903
    ],
    [
      101,
      0.2
    ],
    [
      102,
      0.2268041237113402
    ],
    [
      103,
      0.21978021978021978
    ],
    [
      104,
      0.23809523809523808
    ],
    [
      105,
      0.2696629213483146
    ],
    [
      106,
      0.20809248554913293
    ],
    [
      107,
      0.1837837837837838
    ],
    [
      108,
      0.22598870056497175
    ],
    [
      109,
      0.19298245614035087
    ],
    [
      110,
      0.18072289156626503
    ],
    [
      111,
      0.22924901185770752
    ],
    [
      112,
      0.2210526315789474
    ],
    [
      113,
      0.27678571428571425
    ],
    [
      114,
      0.22950819672131145
    ],
    [
      115,
      0.14814814814814817
    ],
    [
      116,
      0.21761658031088085
    ],
    [
      117,
      0.18823529411764708
    ],
    [
      118,
      0.14965986394557823
    ],
    [
      119,
      0.16149068322981366
    ],
    [
      120,
      0.14689265536723162
    ],
    [
      121,
      0.18045112781954883
    ],
    [
      122,
      0.17467248908296942
    ],
    [
      123,
      0.20304568527918782
    ],
    [
      124,
      0.14084507042253522
    ],
    [
      125,
      0.20481927710843376
    ],
    [
      126,
      0.2035928143712575
    ],
    [
      127,
      0.1391304347826087
    ],
    [
      128,
      0.3222748815165877
    ],
    [
      129,
      0.21897810218978103
    ],
    [
      130,
      0.15730337078651685
    ],
    [
      131,
      0.1929824561403509
    ],
    [
      132,
      0.16666666666666666
    ],
    [
      133,
      0.11940298507462685
    ],
    [
      134,
      0.20192307692307693
    ],
    [
      135,
      0.16176470588235292
    ],
    [
      136,
      0.19696969696969696
    ],
    [
      137,
      0.18300653594771246
    ],
    [
      138,
      0.18848167539267013
    ],
    [
      139,
      0
    ],
    [
      140,
      0.15757575757575756
    ],
    [
      141,
      0.22340425531914893
    ],
    [
      142,
      0.14423076923076922
    ],
    [
      143,
      0.12941176470588234
    ],
    [
      144,
      0.186046511627907
    ],
    [
      145,
      0.14736842105263157
    ],
    [
      146,
      0.14778325123152708
    ],
    [
      147,
      0.1497326203208556
    ],
    [
      148,
      0
    ],
    [
      149,
      0.12578616352201258
    ],
    [
      150,
      0.19540229885057472
    ],
    [
      151,
      0.22857142857142856
    ],
    [
      152,
      0.16071428571428573
    ],
    [
      153,
      0.18181818181818185
    ],
    [
      154,
      0.1571428571428571
    ],
    [
      155,
      0.1564245810055866
    ],
    [
      156,
      0.14705882352941177
    ],
    [
      157,
      0.1342281879194631
    ],
    [
      158,
      0.16216216216216214
    ],
    [
      159,
      0.17283950617283947
    ],
    [
      160,
      0.21105527638190955
    ],
    [
      161,
      0.12903225806451615
    ],
    [
