{
  "dataset": "QMSum",
  "num_samples": 200,
  "rouge1": 0.2935072459343695,
  "rouge2": 0.06419438669884765,
  "rougeL": 0.18334801913225965,
  "rougeLsum": 0.1897158310147831,
  "per_sample_rougeL": [
    [
      0,
      0.182648401826484
    ],
    [
      1,
      0.19704433497536944
    ],
    [
      2,
      0.2
    ],
    [
      3,
      0.19101123595505617
    ],
    [
      4,
      0.1176470588235294
    ],
    [
      5,
      0.34375
    ],
    [
      6,
      0.17045454545454547
    ],
    [
      7,
      0.15483870967741936
    ],
    [
      8,
      0.1761006289308176
    ],
    [
      9,
      0.18064516129032257
    ],
    [
      10,
      0.20547945205479454
    ],
    [
      11,
      0.18269230769230768
    ],
    [
      12,
      0.09790209790209789
    ],
    [
      13,
      0.2079207920792079
    ],
    [
      14,
      0.1642512077294686
    ],
    [
      15,
      0.14193548387096774
    ],
    [
      16,
      0.18779342723004694
    ],
    [
      17,
      0.1893491124260355
    ],
    [
      18,
      0.1391941391941392
    ],
    [
      19,
      0.12359550561797751
    ],
    [
      20,
      0.11299435028248588
    ],
    [
      21,
      0.1568627450980392
    ],
    [
      22,
      0.13953488372093023
    ],
    [
      23,
      0.16249999999999998
    ],
    [
      24,
      0.14583333333333334
    ],
    [
      25,
      0.20869565217391306
    ],
    [
      26,
      0.2954545454545454
    ],
    [
      27,
      0.12903225806451613
    ],
    [
      28,
      0.21105527638190952
    ],
    [
      29,
      0.16568047337278108
    ],
    [
      30,
      0.14689265536723162
    ],
    [
      31,
      0.16883116883116883
    ],
    [
      32,
      0.27135678391959794
    ],
    [
      33,
      0.20202020202020202
    ],
    [
      34,
      0.1761006289308176
    ],
    [
      35,
      0.2040816326530612
    ],
    [
      36,
      0.19101123595505617
    ],
    [
      37,
      0.17777777777777776
    ],
    [
      38,
      0.17218543046357615
    ],
    [
      39,
      0.174496644295302
    ],
    [
      40,
      0.2268041237113402
    ],
    [
      41,
      0.14479638009049775
    ],
    [
      42,
      0.125
    ],
    [
      43,
      0.2331288343558282
    ],
    [
      44,
      0.1744186046511628
    ],
    [
      45,
      0.1411764705882353
    ],
    [
      46,
      0.17475728155339806
    ],
    [
      47,
      0.16
    ],
    [
      48,
      0.20809248554913296
    ],
    [
      49,
      0.15384615384615383
    ],
    [
      50,
      0.1797752808988764
    ],
    [
      51,
      0.2171945701357466
    ],
    [
      52,
      0.1656050955414013
    ],
    [
      53,
      0.12790697674418605
    ],
    [
      54,
      0.19767441860465115
    ],
    [
      55,
      0.154639175257732
    ],
    [
      56,
      0.20437956204379562
    ],
    [
      57,
      0.1283422459893048
    ],
    [
      58,
      0.21468926553672316
    ],
    [
      59,
      0.18848167539267016
    ],
    [
      60,
      0.14285714285714285
    ],
    [
      61,
      0.19767441860465118
    ],
    [
      62,
      0.20363636363636362
    ],
    [
      63,
      0.21476510067114093
    ],
    [
      64,
      0.09999999999999999
    ],
    [
      65,
      0.22085889570552147
    ],
    [
      66,
      0.2608695652173913
    ],
    [
      67,
      0.2690582959641256
    ],
    [
      68,
      0.14054054054054052
    ],
    [
      69,
      0.1818181818181818
    ],
    [
      70,
      0.2285714285714286
    ],
    [
      71,
      0.15950920245398773
    ],
    [
      72,
      0.1987577639751553
    ],
    [
      73,
      0.16080402010050251
    ],
    [
      74,
      0.15686274509803924
    ],
    [
      75,
      0.2090909090909091
    ],
    [
      76,
      0.1592039800995025
    ],
    [
      77,
      0.08108108108108107
    ],
    [
      78,
      0.18652849740932645
    ],
    [
      79,
      0.1956521739130435
    ],
    [
      80,
      0.16666666666666666
    ],
    [
      81,
      0.13978494623655915
    ],
    [
      82,
      0.20833333333333331
    ],
    [
      83,
      0.1282051282051282
    ],
    [
      84,
      0.1642512077294686
    ],
    [
      85,
      0.21782178217821782
    ],
    [
      86,
      0.16600790513833993
    ],
    [
      87,
      0.2033898305084746
    ],
    [
      88,
      0.21645021645021645
    ],
    [
      89,
      0.17733990147783252
    ],
    [
      90,
      0.20224719101123595
    ],
    [
      91,
      0.15384615384615385
    ],
    [
      92,
      0.1724137931034483
    ],
    [
      93,
      0.20689655172413793
    ],
    [
      94,
      0.13924050632911394
    ],
    [
      95,
      0.18918918918918917
    ],
    [
      96,
      0.19753086419753088
    ],
    [
      97,
      0.3057324840764331
    ],
    [
      98,
      0.18556701030927839
    ],
    [
      99,
      0.19580419580419584
    ],
    [
      100,
      0.24719101123595508
    ],
    [
      101,
      0.20606060606060606
    ],
    [
      102,
      0.23958333333333334
    ],
    [
      103,
      0.1798941798941799
    ],
    [
      104,
      0.16666666666666666
    ],
    [
      105,
      0.2736842105263158
    ],
    [
      106,
      0.1485148514851485
    ],
    [
      107,
      0.20833333333333331
    ],
    [
      108,
      0.22727272727272727
    ],
    [
      109,
      0.18055555555555552
    ],
    [
      110,
      0.1837837837837838
    ],
    [
      111,
      0.232
    ],
    [
      112,
      0.25396825396825395
    ],
    [
      113,
      0.21524663677130043
    ],
    [
      114,
      0.20491803278688525
    ],
    [
      115,
      0.16249999999999998
    ],
    [
      116,
      0.20100502512562815
    ],
    [
      117,
      0.2068965517241379
    ],
    [
      118,
      0.16666666666666666
    ],
    [
      119,
      0.16883116883116883
    ],
    [
      120,
      0.16304347826086957
    ],
    [
      121,
      0.18285714285714286
    ],
    [
      122,
      0.14285714285714288
    ],
    [
      123,
      0.25252525252525254
    ],
    [
      124,
      0.09722222222222221
    ],
    [
      125,
      0.20000000000000004
    ],
    [
      126,
      0.20118343195266272
    ],
    [
      127,
      0.1927710843373494
    ],
    [
      128,
      0.24154589371980675
    ],
    [
      129,
      0.2168674698795181
    ],
    [
      130,
      0.12359550561797754
    ],
    [
      131,
      0.1301775147928994
    ],
    [
      132,
      0.20765027322404372
    ],
    [
      133,
      0.12587412587412586
    ],
    [
      134,
      0.2222222222222222
    ],
    [
      135,
      0.09859154929577464
    ],
    [
      136,
      0.1647058823529412
    ],
    [
      137,
      0.16470588235294117
    ],
    [
      138,
      0.24598930481283424
    ],
    [
      139,
      0.11956521739130434
    ],
    [
      140,
      0.14857142857142855
    ],
    [
      141,
      0.3370786516853933
    ],
    [
      142,
      0.17475728155339806
    ],
    [
      143,
      0.20444444444444443
    ],
    [
      144,
      0.163265306122449
    ],
    [
      145,
      0.16666666666666666
    ],
    [
      146,
      0.205607476635514
    ],
    [
      147,
      0.1368421052631579
    ],
    [
      148,
      0.1925925925925926
    ],
    [
      149,
      0.16000000000000003
    ],
    [
      150,
      0.15053763440860213
    ],
    [
      151,
      0.24154589371980675
    ],
    [
      152,
      0.12598425196850394
    ],
    [
      153,
      0.17218543046357615
    ],
    [
      154,
      0.20408163265306123
    ],
    [
      155,
      0.16483516483516483
    ],
    [
      156,
      0.17475728155339806
    ],
    [
      157,
      0.14388489208633093
    ],
    [
      158,
      0.20320855614973263
    ],
    [
      159,
      0.15950920245398773
    ],
    [
      160,
