{
  "dataset": "QMSum",
  "num_samples": 200,
  "rouge1": 0.32134240401874825,
  "rouge2": 0.07593150395560476,
  "rougeL": 0.1894693988961638,
  "rougeLsum": 0.19205020053767574,
  "per_sample_rougeL": [
    [
      0,
      0.28054298642533937
    ],
    [
      1,
      0.21212121212121213
    ],
    [
      2,
      0.14213197969543148
    ],
    [
      3,
      0.19161676646706585
    ],
    [
      4,
      0.11940298507462686
    ],
    [
      5,
      0.2827225130890052
    ],
    [
      6,
      0.14942528735632185
    ],
    [
      7,
      0.17964071856287422
    ],
    [
      8,
      0.14285714285714285
    ],
    [
      9,
      0.1518987341772152
    ],
    [
      10,
      0.20689655172413793
    ],
    [
      11,
      0.21000000000000002
    ],
    [
      12,
      0.16438356164383564
    ],
    [
      13,
      0.28865979381443296
    ],
    [
      14,
      0.19047619047619044
    ],
    [
      15,
      0.22368421052631576
    ],
    [
      16,
      0.1650485436893204
    ],
    [
      17,
      0.18390804597701152
    ],
    [
      18,
      0.17228464419475653
    ],
    [
      19,
      0.175
    ],
    [
      20,
      0.11627906976744186
    ],
    [
      21,
      0.17721518987341772
    ],
    [
      22,
      0.19653179190751444
    ],
    [
      23,
      0.2127659574468085
    ],
    [
      24,
      0.2094240837696335
    ],
    [
      25,
      0.19909502262443438
    ],
    [
      26,
      0.24844720496894412
    ],
    [
      27,
      0.2
    ],
    [
      28,
      0.20202020202020204
    ],
    [
      29,
      0.15483870967741933
    ],
    [
      30,
      0.14689265536723162
    ],
    [
      31,
      0.13793103448275865
    ],
    [
      32,
      0.28125
    ],
    [
      33,
      0.2376237623762376
    ],
    [
      34,
      0.23170731707317072
    ],
    [
      35,
      0.18848167539267016
    ],
    [
      36,
      0.18285714285714288
    ],
    [
      37,
      0.15135135135135133
    ],
    [
      38,
      0.12987012987012989
    ],
    [
      39,
      0.18571428571428572
    ],
    [
      40,
      0.163265306122449
    ],
    [
      41,
      0.23350253807106597
    ],
    [
      42,
      0.16190476190476188
    ],
    [
      43,
      0.1927710843373494
    ],
    [
      44,
      0.1744186046511628
    ],
    [
      45,
      0.1851851851851852
    ],
    [
      46,
      0.16
    ],
    [
      47,
      0.15625
    ],
    [
      48,
      0.15204678362573099
    ],
    [
      49,
      0.1775147928994083
    ],
    [
      50,
      0.14035087719298248
    ],
    [
      51,
      0.25806451612903225
    ],
    [
      52,
      0.2012578616352201
    ],
    [
      53,
      0.18072289156626506
    ],
    [
      54,
      0.22619047619047622
    ],
    [
      55,
      0.143646408839779
    ],
    [
      56,
      0.16783216783216784
    ],
    [
      57,
      0.15384615384615383
    ],
    [
      58,
      0.23595505617977527
    ],
    [
      59,
      0.19354838709677416
    ],
    [
      60,
      0.18681318681318682
    ],
    [
      61,
      0.15568862275449102
    ],
    [
      62,
      0.22388059701492535
    ],
    [
      63,
      0.1987577639751553
    ],
    [
      64,
      0.2112676056338028
    ],
    [
      65,
      0.21333333333333337
    ],
    [
      66,
      0.23750000000000002
    ],
    [
      67,
      0.1981981981981982
    ],
    [
      68,
      0.18681318681318684
    ],
    [
      69,
      0.223463687150838
    ],
    [
      70,
      0.24324324324324326
    ],
    [
      71,
      0.1728395061728395
    ],
    [
      72,
      0.19867549668874174
    ],
    [
      73,
      0.20202020202020202
    ],
    [
      74,
      0.2040816326530612
    ],
    [
      75,
      0.25120772946859904
    ],
    [
      76,
      0.1450777202072539
    ],
    [
      77,
      0.1212121212121212
    ],
    [
      78,
      0.2127659574468085
    ],
    [
      79,
      0.192090395480226
    ],
    [
      80,
      0.16521739130434782
    ],
    [
      81,
      0.17021276595744683
    ],
    [
      82,
      0.1557377049180328
    ],
    [
      83,
      0.15
    ],
    [
      84,
      0.18627450980392152
    ],
    [
      85,
      0.18446601941747573
    ],
    [
      86,
      0.26382978723404255
    ],
    [
      87,
      0.20858895705521474
    ],
    [
      88,
      0.1929824561403509
    ],
    [
      89,
      0.2788461538461538
    ],
    [
      90,
      0.1693121693121693
    ],
    [
      91,
      0.14864864864864866
    ],
    [
      92,
      0.2303030303030303
    ],
    [
      93,
      0.19827586206896552
    ],
    [
      94,
      0.14285714285714285
    ],
    [
      95,
      0.1981981981981982
    ],
    [
      96,
      0.16239316239316243
    ],
    [
      97,
      0.22929936305732485
    ],
    [
      98,
      0.19689119170984457
    ],
    [
      99,
      0.24390243902439024
    ],
    [
      100,
      0.21978021978021978
    ],
    [
      101,
      0.17500000000000002
    ],
    [
      102,
      0.18750000000000003
    ],
    [
      103,
      0.2473118279569893
    ],
    [
      104,
      0.21621621621621623
    ],
    [
      105,
      0.23958333333333331
    ],
    [
      106,
      0.20091324200913244
    ],
    [
      107,
      0.152046783625731
    ],
    [
      108,
      0.26136363636363635
    ],
    [
      109,
      0.21476510067114093
    ],
    [
      110,
      0.11363636363636362
    ],
    [
      111,
      0.19199999999999998
    ],
    [
      112,
      0.26455026455026454
    ],
    [
      113,
      0.23696682464454977
    ],
    [
      114,
      0.19327731092436978
    ],
    [
      115,
      0.16883116883116883
    ],
    [
      116,
      0.15789473684210528
    ],
    [
      117,
      0.14942528735632182
    ],
    [
      118,
      0.1780821917808219
    ],
    [
      119,
      0.17218543046357618
    ],
    [
      120,
      0.13953488372093026
    ],
    [
      121,
      0.1988304093567252
    ],
    [
      122,
      0.13574660633484162
    ],
    [
      123,
      0.20105820105820107
    ],
    [
      124,
      0.16901408450704228
    ],
    [
      125,
      0.17486338797814208
    ],
    [
      126,
      0.2035928143712575
    ],
    [
      127,
      0.1696969696969697
    ],
    [
      128,
      0.2574257425742575
    ],
    [
      129,
      0.20270270270270271
    ],
    [
      130,
      0.16129032258064516
    ],
    [
      131,
      0.16149068322981366
    ],
    [
      132,
      0.21590909090909094
    ],
    [
      133,
      0.2222222222222222
    ],
    [
      134,
      0.21153846153846154
    ],
    [
      135,
      0.17834394904458598
    ],
    [
      136,
      0.16730038022813687
    ],
    [
      137,
      0.1728395061728395
    ],
    [
      138,
      0.21164021164021166
    ],
    [
      139,
      0.15217391304347827
    ],
    [
      140,
      0.16250000000000003
    ],
    [
      141,
      0.31868131868131866
    ],
    [
      142,
      0.19704433497536944
    ],
    [
      143,
      0.1834862385321101
    ],
    [
      144,
      0.18085106382978725
    ],
    [
      145,
      0.15894039735099338
    ],
    [
      146,
      0.24509803921568626
    ],
    [
      147,
      0.16304347826086957
    ],
    [
      148,
      0.19117647058823528
    ],
    [
      149,
      0.15476190476190477
    ],
    [
      150,
      0.3668639053254437
    ],
    [
      151,
      0.19900497512437812
    ],
    [
      152,
      0.1550387596899225
    ],
    [
      153,
      0.16216216216216214
    ],
    [
      154,
      0.16783216783216784
    ],
    [
      155,
      0.18934911242603553
    ],
    [
      156,
      0.20487804878048782
    ],
    [
      157,
      0.13793103448275862
    ],
    [
      158,
      0.17297297297297298
    ],
    [
      159,
      0.16993464052287582
    ],
    [
      160,
