{
  "dataset": "QMSum",
  "num_samples": 200,
  "rouge1": 0.33428278644958553,
  "rouge2": 0.08694195348583114,
  "rougeL": 0.20305362036171004,
  "rougeLsum": 0.20797166255295257,
  "per_sample_rougeL": [
    [
      0,
      0.19642857142857142
    ],
    [
      1,
      0.20792079207920794
    ],
    [
      2,
      0.2125
    ],
    [
      3,
      0.22368421052631576
    ],
    [
      4,
      0.10606060606060606
    ],
    [
      5,
      0.29999999999999993
    ],
    [
      6,
      0.1688311688311688
    ],
    [
      7,
      0.14906832298136646
    ],
    [
      8,
      0.17094017094017094
    ],
    [
      9,
      0.12658227848101267
    ],
    [
      10,
      0.20168067226890757
    ],
    [
      11,
      0.2391304347826087
    ],
    [
      12,
      0.2708333333333333
    ],
    [
      13,
      0.25531914893617025
    ],
    [
      14,
      0.2201834862385321
    ],
    [
      15,
      0.18181818181818182
    ],
    [
      16,
      0.1932367149758454
    ],
    [
      17,
      0.25
    ],
    [
      18,
      0.13793103448275862
    ],
    [
      19,
      0.14545454545454542
    ],
    [
      20,
      0.13924050632911394
    ],
    [
      21,
      0.2206896551724138
    ],
    [
      22,
      0.1871345029239766
    ],
    [
      23,
      0.21656050955414013
    ],
    [
      24,
      0.1925133689839572
    ],
    [
      25,
      0.20960698689956334
    ],
    [
      26,
      0.26388888888888884
    ],
    [
      27,
      0.15277777777777776
    ],
    [
      28,
      0.21105527638190952
    ],
    [
      29,
      0.17964071856287428
    ],
    [
      30,
      0.16279069767441862
    ],
    [
      31,
      0.1780821917808219
    ],
    [
      32,
      0.22105263157894736
    ],
    [
      33,
      0
    ],
    [
      34,
      0.2564102564102564
    ],
    [
      35,
      0.15384615384615385
    ],
    [
      36,
      0.1733333333333333
    ],
    [
      37,
      0.2247191011235955
    ],
    [
      38,
      0.14814814814814814
    ],
    [
      39,
      0.16326530612244897
    ],
    [
      40,
      0.1890547263681592
    ],
    [
      41,
      0.17674418604651163
    ],
    [
      42,
      0.1346153846153846
    ],
    [
      43,
      0.21714285714285714
    ],
    [
      44,
      0.1590909090909091
    ],
    [
      45,
      0.288
    ],
    [
      46,
      0.16
    ],
    [
      47,
      0.18556701030927836
    ],
    [
      48,
      0.21468926553672316
    ],
    [
      49,
      0.18181818181818182
    ],
    [
      50,
      0.17647058823529413
    ],
    [
      51,
      0.2929292929292929
    ],
    [
      52,
      0.18421052631578946
    ],
    [
      53,
      0.18604651162790697
    ],
    [
      54,
      0.27397260273972607
    ],
    [
      55,
      0.18947368421052632
    ],
    [
      56,
      0.20155038759689922
    ],
    [
      57,
      0.08588957055214724
    ],
    [
      58,
      0.3357664233576642
    ],
    [
      59,
      0.23943661971830985
    ],
    [
      60,
      0.22033898305084745
    ],
    [
      61,
      0.3103448275862069
    ],
    [
      62,
      0.25830258302583026
    ],
    [
      63,
      0.17543859649122806
    ],
    [
      64,
      0.1897810218978102
    ],
    [
      65,
      0.30508474576271183
    ],
    [
      66,
      0.23076923076923078
    ],
    [
      67,
      0.22439024390243906
    ],
    [
      68,
      0.23529411764705882
    ],
    [
      69,
      0.2742857142857143
    ],
    [
      70,
      0.32608695652173914
    ],
    [
      71,
      0.1176470588235294
    ],
    [
      72,
      0.2750000000000001
    ],
    [
      73,
      0.19191919191919193
    ],
    [
      74,
      0.21138211382113822
    ],
    [
      75,
      0.29596412556053814
    ],
    [
      76,
      0.18181818181818182
    ],
    [
      77,
      0.16176470588235292
    ],
    [
      78,
      0.23076923076923078
    ],
    [
      79,
      0.23952095808383234
    ],
    [
      80,
      0.18918918918918917
    ],
    [
      81,
      0.143646408839779
    ],
    [
      82,
      0.2678571428571429
    ],
    [
      83,
      0.21656050955414013
    ],
    [
      84,
      0.16748768472906403
    ],
    [
      85,
      0.18556701030927836
    ],
    [
      86,
      0.22784810126582283
    ],
    [
      87,
      0.1871345029239766
    ],
    [
      88,
      0.15306122448979592
    ],
    [
      89,
      0.2634146341463415
    ],
    [
      90,
      0.19289340101522842
    ],
    [
      91,
      0.17142857142857143
    ],
    [
      92,
      0.2181818181818182
    ],
    [
      93,
      0.2413793103448276
    ],
    [
      94,
      0.21052631578947364
    ],
    [
      95,
      0.273972602739726
    ],
    [
      96,
      0.2139917695473251
    ],
    [
      97,
      0.16249999999999998
    ],
    [
      98,
      0.13978494623655915
    ],
    [
      99,
      0.2206896551724138
    ],
    [
      100,
      0.21978021978021978
    ],
    [
      101,
      0.18421052631578946
    ],
    [
      102,
      0.19047619047619047
    ],
    [
      103,
      0.375
    ],
    [
      104,
      0.2260869565217391
    ],
    [
      105,
      0.23036649214659685
    ],
    [
      106,
      0.16822429906542055
    ],
    [
      107,
      0.22077922077922077
    ],
    [
      108,
      0.22754491017964074
    ],
    [
      109,
      0.17333333333333334
    ],
    [
      110,
      0.23280423280423282
    ],
    [
      111,
      0.21686746987951805
    ],
    [
      112,
      0.18947368421052632
    ],
    [
      113,
      0.27312775330396477
    ],
    [
      114,
      0.2231404958677686
    ],
    [
      115,
      0.19178082191780824
    ],
    [
      116,
      0.192090395480226
    ],
    [
      117,
      0.22598870056497172
    ],
    [
      118,
      0.15172413793103448
    ],
    [
      119,
      0.27027027027027023
    ],
    [
      120,
      0.1893491124260355
    ],
    [
      121,
      0.16184971098265893
    ],
    [
      122,
      0.12844036697247707
    ],
    [
      123,
      0.21782178217821782
    ],
    [
      124,
      0.15384615384615383
    ],
    [
      125,
      0.15483870967741936
    ],
    [
      126,
      0.2608695652173913
    ],
    [
      127,
      0.16107382550335572
    ],
    [
      128,
      0.49275362318840576
    ],
    [
      129,
      0.2111801242236025
    ],
    [
      130,
      0.1868131868131868
    ],
    [
      131,
      0.14666666666666667
    ],
    [
      132,
      0.26666666666666666
    ],
    [
      133,
      0
    ],
    [
      134,
      0.21904761904761905
    ],
    [
      135,
      0.11940298507462688
    ],
    [
      136,
      0.16666666666666666
    ],
    [
      137,
      0.16666666666666666
    ],
    [
      138,
      0.22222222222222224
    ],
    [
      139,
      0.12087912087912088
    ],
    [
      140,
      0.18518518518518515
    ],
    [
      141,
      0.3236994219653179
    ],
    [
      142,
      0.22429906542056074
    ],
    [
      143,
      0.20192307692307693
    ],
    [
      144,
      0.17857142857142858
    ],
    [
      145,
      0.11764705882352941
    ],
    [
      146,
      0.2358490566037736
    ],
    [
      147,
      0.32
    ],
    [
      148,
      0.18045112781954886
    ],
    [
      149,
      0.12941176470588234
    ],
    [
      150,
      0.2584269662921348
    ],
    [
      151,
      0.19095477386934676
    ],
    [
      152,
      0.21276595744680854
    ],
    [
      153,
      0.125
    ],
    [
      154,
      0.19178082191780824
    ],
    [
      155,
      0.25531914893617025
    ],
    [
      156,
      0.1702127659574468
    ],
    [
      157,
      0.14
    ],
    [
      158,
      0.2
    ],
    [
      159,
      0.17105263157894735
    ],
    [
      160,
      0.21256038647342998
    ],
    [
      161,
      0.21311475409836067
    ],
    [
