{
  "dataset": "QMSum",
  "num_samples": 200,
  "rouge1": 0.2924919305000653,
  "rouge2": 0.06624146419963364,
  "rougeL": 0.18972256015460578,
  "rougeLsum": 0.1911814117161057,
  "per_sample_rougeL": [
    [
      0,
      0.19090909090909094
    ],
    [
      1,
      0.23300970873786406
    ],
    [
      2,
      0.18181818181818185
    ],
    [
      3,
      0.20224719101123598
    ],
    [
      4,
      0.10294117647058824
    ],
    [
      5,
      0.2433862433862434
    ],
    [
      6,
      0.14942528735632185
    ],
    [
      7,
      0.15483870967741936
    ],
    [
      8,
      0.17500000000000002
    ],
    [
      9,
      0.1656050955414013
    ],
    [
      10,
      0.1866666666666667
    ],
    [
      11,
      0.18811881188118812
    ],
    [
      12,
      0.15894039735099338
    ],
    [
      13,
      0.2626262626262626
    ],
    [
      14,
      0.1743119266055046
    ],
    [
      15,
      0.18987341772151897
    ],
    [
      16,
      0.19138755980861247
    ],
    [
      17,
      0.20111731843575417
    ],
    [
      18,
      0.15272727272727274
    ],
    [
      19,
      0.18994413407821228
    ],
    [
      20,
      0.12716763005780346
    ],
    [
      21,
      0.1388888888888889
    ],
    [
      22,
      0.13095238095238096
    ],
    [
      23,
      0.18867924528301885
    ],
    [
      24,
      0.1639344262295082
    ],
    [
      25,
      0.24680851063829787
    ],
    [
      26,
      0.18181818181818182
    ],
    [
      27,
      0.16993464052287585
    ],
    [
      28,
      0.18627450980392152
    ],
    [
      29,
      0.20731707317073172
    ],
    [
      30,
      0.21276595744680848
    ],
    [
      31,
      0.18181818181818182
    ],
    [
      32,
      0.24615384615384614
    ],
    [
      33,
      0.19095477386934673
    ],
    [
      34,
      0.2138364779874214
    ],
    [
      35,
      0.18181818181818182
    ],
    [
      36,
      0.19318181818181818
    ],
    [
      37,
      0.17708333333333334
    ],
    [
      38,
      0.14012738853503184
    ],
    [
      39,
      0.17687074829931976
    ],
    [
      40,
      0.19095477386934673
    ],
    [
      41,
      0.17857142857142855
    ],
    [
      42,
      0.1851851851851852
    ],
    [
      43,
      0.23255813953488372
    ],
    [
      44,
      0.14942528735632185
    ],
    [
      45,
      0.1927710843373494
    ],
    [
      46,
      0.1881188118811881
    ],
    [
      47,
      0.17346938775510204
    ],
    [
      48,
      0.23391812865497075
    ],
    [
      49,
      0.17964071856287425
    ],
    [
      50,
      0.18784530386740333
    ],
    [
      51,
      0.23636363636363636
    ],
    [
      52,
      0.16352201257861637
    ],
    [
      53,
      0.14035087719298245
    ],
    [
      54,
      0.22346368715083798
    ],
    [
      55,
      0.16494845360824742
    ],
    [
      56,
      0.16666666666666666
    ],
    [
      57,
      0.18378378378378377
    ],
    [
      58,
      0.20994475138121546
    ],
    [
      59,
      0.16666666666666669
    ],
    [
      60,
      0.1978021978021978
    ],
    [
      61,
      0.18604651162790697
    ],
    [
      62,
      0.22627737226277372
    ],
    [
      63,
      0.16470588235294117
    ],
    [
      64,
      0.1806451612903226
    ],
    [
      65,
      0.20606060606060608
    ],
    [
      66,
      0.27027027027027023
    ],
    [
      67,
      0.22222222222222227
    ],
    [
      68,
      0.21505376344086022
    ],
    [
      69,
      0.2742857142857143
    ],
    [
      70,
      0.16352201257861634
    ],
    [
      71,
      0.18181818181818182
    ],
    [
      72,
      0.16149068322981366
    ],
    [
      73,
      0.2079207920792079
    ],
    [
      74,
      0.15686274509803924
    ],
    [
      75,
      0.287037037037037
    ],
    [
      76,
      0.1485148514851485
    ],
    [
      77,
      0.0945945945945946
    ],
    [
      78,
      0.22222222222222224
    ],
    [
      79,
      0.14525139664804468
    ],
    [
      80,
      0.18340611353711792
    ],
    [
      81,
      0.1675392670157068
    ],
    [
      82,
      0.18032786885245902
    ],
    [
      83,
      0.14102564102564102
    ],
    [
      84,
      0.1642512077294686
    ],
    [
      85,
      0.25870646766169153
    ],
    [
      86,
      0.1832669322709163
    ],
    [
      87,
      0.21739130434782608
    ],
    [
      88,
      0.26086956521739135
    ],
    [
      89,
      0.18009478672985782
    ],
    [
      90,
      0.22110552763819097
    ],
    [
      91,
      0.15999999999999998
    ],
    [
      92,
      0.1931818181818182
    ],
    [
      93,
      0.21940928270042195
    ],
    [
      94,
      0.19548872180451127
    ],
    [
      95,
      0.22707423580786024
    ],
    [
      96,
      0.21311475409836064
    ],
    [
      97,
      0.30864197530864196
    ],
    [
      98,
      0.1846153846153846
    ],
    [
      99,
      0.25517241379310346
    ],
    [
      100,
      0.21978021978021978
    ],
    [
      101,
      0.17391304347826086
    ],
    [
      102,
      0.2051282051282051
    ],
    [
      103,
      0.16483516483516486
    ],
    [
      104,
      0.1793103448275862
    ],
    [
      105,
      0.23589743589743595
    ],
    [
      106,
      0.1883408071748879
    ],
    [
      107,
      0.21739130434782608
    ],
    [
      108,
      0.23728813559322032
    ],
    [
      109,
      0.17218543046357615
    ],
    [
      110,
      0.24731182795698922
    ],
    [
      111,
      0.23715415019762848
    ],
    [
      112,
      0.1978021978021978
    ],
    [
      113,
      0.22119815668202766
    ],
    [
      114,
      0.24793388429752064
    ],
    [
      115,
      0.18987341772151894
    ],
    [
      116,
      0.20202020202020202
    ],
    [
      117,
      0.17679558011049723
    ],
    [
      118,
      0.1219512195121951
    ],
    [
      119,
      0.16374269005847955
    ],
    [
      120,
      0.15384615384615385
    ],
    [
      121,
      0.17045454545454544
    ],
    [
      122,
      0.16964285714285715
    ],
    [
      123,
      0.19289340101522845
    ],
    [
      124,
      0.09523809523809523
    ],
    [
      125,
      0.17777777777777778
    ],
    [
      126,
      0.15950920245398773
    ],
    [
      127,
      0.15757575757575756
    ],
    [
      128,
      0.21256038647342995
    ],
    [
      129,
      0.20858895705521474
    ],
    [
      130,
      0.18085106382978722
    ],
    [
      131,
      0.13496932515337423
    ],
    [
      132,
      0.2378378378378378
    ],
    [
      133,
      0.10126582278481011
    ],
    [
      134,
      0.25339366515837103
    ],
    [
      135,
      0.1342281879194631
    ],
    [
      136,
      0.1532567049808429
    ],
    [
      137,
      0.17857142857142858
    ],
    [
      138,
      0.23655913978494625
    ],
    [
      139,
      0.1382978723404255
    ],
    [
      140,
      0.17241379310344826
    ],
    [
      141,
      0.3101604278074866
    ],
    [
      142,
      0.16744186046511628
    ],
    [
      143,
      0.2072072072072072
    ],
    [
      144,
      0.14285714285714288
    ],
    [
      145,
      0.175
    ],
    [
      146,
      0.25
    ],
    [
      147,
      0.17708333333333331
    ],
    [
      148,
      0.13138686131386862
    ],
    [
      149,
      0.12865497076023394
    ],
    [
      150,
      0.1847826086956522
    ],
    [
      151,
      0.20895522388059704
    ],
    [
      152,
      0.19999999999999998
    ],
    [
      153,
      0.16
    ],
    [
      154,
      0.20270270270270271
    ],
    [
      155,
      0.20765027322404372
    ],
    [
      156,
      0.16425120772946858
    ],
    [
      157,
      0.13513513513513514
    ],
    [
      158,
      0.1910112359550562
    ],
    [
      159,
