{
  "dataset": "QMSum",
  "num_samples": 200,
  "rouge1": 0.31505707139721995,
  "rouge2": 0.0726329617802681,
  "rougeL": 0.19116211639601477,
  "rougeLsum": 0.19716472965813991,
  "per_sample_rougeL": [
    [
      0,
      0.1777777777777778
    ],
    [
      1,
      0.22009569377990432
    ],
    [
      2,
      0.1881188118811881
    ],
    [
      3,
      0.19428571428571428
    ],
    [
      4,
      0.09022556390977443
    ],
    [
      5,
      0.2408376963350785
    ],
    [
      6,
      0.14285714285714288
    ],
    [
      7,
      0.15476190476190477
    ],
    [
      8,
      0.15584415584415584
    ],
    [
      9,
      0.13836477987421383
    ],
    [
      10,
      0.19607843137254902
    ],
    [
      11,
      0.1951219512195122
    ],
    [
      12,
      0.1818181818181818
    ],
    [
      13,
      0.24870466321243526
    ],
    [
      14,
      0.16190476190476188
    ],
    [
      15,
      0.1904761904761905
    ],
    [
      16,
      0.18181818181818182
    ],
    [
      17,
      0.17543859649122803
    ],
    [
      18,
      0.16356877323420074
    ],
    [
      19,
      0.11363636363636363
    ],
    [
      20,
      0.1581920903954802
    ],
    [
      21,
      0.1656050955414013
    ],
    [
      22,
      0.12643678160919541
    ],
    [
      23,
      0.18633540372670804
    ],
    [
      24,
      0.18848167539267016
    ],
    [
      25,
      0.20960698689956334
    ],
    [
      26,
      0.21301775147928992
    ],
    [
      27,
      0.1843971631205674
    ],
    [
      28,
      0.20100502512562815
    ],
    [
      29,
      0.1893491124260355
    ],
    [
      30,
      0.1878453038674033
    ],
    [
      31,
      0.16
    ],
    [
      32,
      0.2974358974358975
    ],
    [
      33,
      0.21649484536082472
    ],
    [
      34,
      0.2389937106918239
    ],
    [
      35,
      0.18719211822660098
    ],
    [
      36,
      0.19883040935672516
    ],
    [
      37,
      0.18652849740932642
    ],
    [
      38,
      0.16883116883116883
    ],
    [
      39,
      0.17687074829931976
    ],
    [
      40,
      0.163265306122449
    ],
    [
      41,
      0.1650485436893204
    ],
    [
      42,
      0.20560747663551404
    ],
    [
      43,
      0.2545454545454545
    ],
    [
      44,
      0.16184971098265896
    ],
    [
      45,
      0.19393939393939394
    ],
    [
      46,
      0.20792079207920794
    ],
    [
      47,
      0.21105527638190952
    ],
    [
      48,
      0.1724137931034483
    ],
    [
      49,
      0.19393939393939394
    ],
    [
      50,
      0.15730337078651688
    ],
    [
      51,
      0.24657534246575344
    ],
    [
      52,
      0.17073170731707316
    ],
    [
      53,
      0.21965317919075145
    ],
    [
      54,
      0.23529411764705885
    ],
    [
      55,
      0.18681318681318682
    ],
    [
      56,
      0.14473684210526316
    ],
    [
      57,
      0.14207650273224043
    ],
    [
      58,
      0.21468926553672316
    ],
    [
      59,
      0.20833333333333331
    ],
    [
      60,
      0.19101123595505615
    ],
    [
      61,
      0.18823529411764703
    ],
    [
      62,
      0.2453531598513011
    ],
    [
      63,
      0.17751479289940827
    ],
    [
      64,
      0.23776223776223776
    ],
    [
      65,
      0.16774193548387098
    ],
    [
      66,
      0.22580645161290322
    ],
    [
      67,
      0.2262443438914027
    ],
    [
      68,
      0.15555555555555556
    ],
    [
      69,
      0.2413793103448276
    ],
    [
      70,
      0.2207792207792208
    ],
    [
      71,
      0.17177914110429449
    ],
    [
      72,
      0.14285714285714285
    ],
    [
      73,
      0.21105527638190955
    ],
    [
      74,
      0.23129251700680273
    ],
    [
      75,
      0.20276497695852536
    ],
    [
      76,
      0.16748768472906406
    ],
    [
      77,
      0.13513513513513511
    ],
    [
      78,
      0.20725388601036268
    ],
    [
      79,
      0.1694915254237288
    ],
    [
      80,
      0.16585365853658535
    ],
    [
      81,
      0.17204301075268819
    ],
    [
      82,
      0.1959183673469388
    ],
    [
      83,
      0.2077922077922078
    ],
    [
      84,
      0.1951219512195122
    ],
    [
      85,
      0.2222222222222222
    ],
    [
      86,
      0.24096385542168675
    ],
    [
      87,
      0.1910112359550562
    ],
    [
      88,
      0.20869565217391303
    ],
    [
      89,
      0.2583732057416268
    ],
    [
      90,
      0.22999999999999998
    ],
    [
      91,
      0.12328767123287672
    ],
    [
      92,
      0.21428571428571427
    ],
    [
      93,
      0.22222222222222224
    ],
    [
      94,
      0.18181818181818182
    ],
    [
      95,
      0.23636363636363636
    ],
    [
      96,
      0.16528925619834708
    ],
    [
      97,
      0.19999999999999998
    ],
    [
      98,
      0.1958762886597938
    ],
    [
      99,
      0.21993127147766323
    ],
    [
      100,
      0.18478260869565216
    ],
    [
      101,
      0.2105263157894737
    ],
    [
      102,
      0.23157894736842105
    ],
    [
      103,
      0.18994413407821228
    ],
    [
      104,
      0.196078431372549
    ],
    [
      105,
      0.28571428571428575
    ],
    [
      106,
      0.182648401826484
    ],
    [
      107,
      0.1925133689839572
    ],
    [
      108,
      0.2298850574712644
    ],
    [
      109,
      0.21276595744680854
    ],
    [
      110,
      0.16483516483516483
    ],
    [
      111,
      0.18823529411764703
    ],
    [
      112,
      0.2978723404255319
    ],
    [
      113,
      0.26363636363636367
    ],
    [
      114,
      0.2033898305084746
    ],
    [
      115,
      0.18300653594771243
    ],
    [
      116,
      0.19191919191919193
    ],
    [
      117,
      0.19318181818181818
    ],
    [
      118,
      0.16249999999999998
    ],
    [
      119,
      0.20118343195266272
    ],
    [
      120,
      0.1978021978021978
    ],
    [
      121,
      0.18390804597701146
    ],
    [
      122,
      0.16
    ],
    [
      123,
      0.19095477386934673
    ],
    [
      124,
      0.12080536912751678
    ],
    [
      125,
      0.1797752808988764
    ],
    [
      126,
      0.2181818181818182
    ],
    [
      127,
      0.14906832298136646
    ],
    [
      128,
      0.2512077294685991
    ],
    [
      129,
      0.2206896551724138
    ],
    [
      130,
      0.15217391304347824
    ],
    [
      131,
      0.1625
    ],
    [
      132,
      0.20000000000000004
    ],
    [
      133,
      0.22695035460992907
    ],
    [
      134,
      0.25
    ],
    [
      135,
      0.19480519480519481
    ],
    [
      136,
      0.1739130434782609
    ],
    [
      137,
      0.17177914110429449
    ],
    [
      138,
      0.2526315789473684
    ],
    [
      139,
      0.10989010989010989
    ],
    [
      140,
      0.19277108433734938
    ],
    [
      141,
      0.2717391304347826
    ],
    [
      142,
      0.1895734597156398
    ],
    [
      143,
      0.18433179723502305
    ],
    [
      144,
      0.2094240837696335
    ],
    [
      145,
      0.1568627450980392
    ],
    [
      146,
      0.2524271844660194
    ],
    [
      147,
      0.15135135135135136
    ],
    [
      148,
      0.1984732824427481
    ],
    [
      149,
      0.12048192771084336
    ],
    [
      150,
      0.17894736842105263
    ],
    [
      151,
      0.19900497512437812
    ],
    [
      152,
      0.21705426356589144
    ],
    [
      153,
      0.15894039735099336
    ],
    [
      154,
      0.16551724137931034
    ],
    [
      155,
      0.20454545454545456
    ],
    [
      156,
      0.19387755102040816
    ],
    [
      157,
      0.14492753623188406
    ],
    [
      158,
      0.16853932584269662
    ],
    [
      159,
      0.21686746987951808
    ],
    [
