{
  "dataset": "QMSum",
  "num_samples": 200,
  "rouge1": 0.29676166596675796,
  "rouge2": 0.06967469801360687,
  "rougeL": 0.19237922381008948,
  "rougeLsum": 0.19230417078112283,
  "per_sample_rougeL": [
    [
      0,
      0.20627802690582958
    ],
    [
      1,
      0.26130653266331655
    ],
    [
      2,
      0.17910447761194032
    ],
    [
      3,
      0.2122905027932961
    ],
    [
      4,
      0.12121212121212122
    ],
    [
      5,
      0.2631578947368421
    ],
    [
      6,
      0.15294117647058822
    ],
    [
      7,
      0.15483870967741936
    ],
    [
      8,
      0.18404907975460122
    ],
    [
      9,
      0.17283950617283952
    ],
    [
      10,
      0.1830065359477124
    ],
    [
      11,
      0.2352941176470588
    ],
    [
      12,
      0.15894039735099338
    ],
    [
      13,
      0.29
    ],
    [
      14,
      0.2085308056872038
    ],
    [
      15,
      0.19108280254777069
    ],
    [
      16,
      0.20853080568720378
    ],
    [
      17,
      0.20338983050847456
    ],
    [
      18,
      0.13333333333333336
    ],
    [
      19,
      0.16574585635359115
    ],
    [
      20,
      0.11560693641618497
    ],
    [
      21,
      0.15757575757575756
    ],
    [
      22,
      0.14857142857142855
    ],
    [
      23,
      0.20987654320987656
    ],
    [
      24,
      0.2054054054054054
    ],
    [
      25,
      0.18965517241379312
    ],
    [
      26,
      0.1229050279329609
    ],
    [
      27,
      0.15189873417721517
    ],
    [
      28,
      0.2288557213930348
    ],
    [
      29,
      0.19161676646706588
    ],
    [
      30,
      0.22099447513812154
    ],
    [
      31,
      0.18666666666666668
    ],
    [
      32,
      0.23469387755102042
    ],
    [
      33,
      0.16580310880829016
    ],
    [
      34,
      0.21301775147928992
    ],
    [
      35,
      0.19387755102040818
    ],
    [
      36,
      0.20224719101123598
    ],
    [
      37,
      0.19689119170984454
    ],
    [
      38,
      0.14285714285714285
    ],
    [
      39,
      0.17687074829931976
    ],
    [
      40,
      0.163265306122449
    ],
    [
      41,
      0.1875
    ],
    [
      42,
      0.1834862385321101
    ],
    [
      43,
      0.21052631578947367
    ],
    [
      44,
      0.15384615384615385
    ],
    [
      45,
      0.2151898734177215
    ],
    [
      46,
      0.19000000000000003
    ],
    [
      47,
      0.1890547263681592
    ],
    [
      48,
      0.22093023255813954
    ],
    [
      49,
      0.1818181818181818
    ],
    [
      50,
      0.20571428571428574
    ],
    [
      51,
      0.24770642201834864
    ],
    [
      52,
      0.15286624203821655
    ],
    [
      53,
      0.14035087719298245
    ],
    [
      54,
      0.192090395480226
    ],
    [
      55,
      0.14507772020725387
    ],
    [
      56,
      0.15384615384615385
    ],
    [
      57,
      0.16666666666666669
    ],
    [
      58,
      0.22222222222222224
    ],
    [
      59,
      0.17616580310880828
    ],
    [
      60,
      0.22826086956521735
    ],
    [
      61,
      0.23668639053254437
    ],
    [
      62,
      0.2150537634408602
    ],
    [
      63,
      0.18823529411764706
    ],
    [
      64,
      0.1806451612903226
    ],
    [
      65,
      0.2064516129032258
    ],
    [
      66,
      0.2810810810810811
    ],
    [
      67,
      0.25892857142857145
    ],
    [
      68,
      0.2032085561497326
    ],
    [
      69,
      0.2111111111111111
    ],
    [
      70,
      0.1910828025477707
    ],
    [
      71,
      0.16184971098265896
    ],
    [
      72,
      0.1846153846153846
    ],
    [
      73,
      0.2142857142857143
    ],
    [
      74,
      0.1830065359477124
    ],
    [
      75,
      0.28571428571428564
    ],
    [
      76,
      0.1650485436893204
    ],
    [
      77,
      0.09523809523809523
    ],
    [
      78,
      0.2277227722772277
    ],
    [
      79,
      0.16574585635359115
    ],
    [
      80,
      0.16
    ],
    [
      81,
      0.19689119170984457
    ],
    [
      82,
      0.21224489795918366
    ],
    [
      83,
      0.12578616352201258
    ],
    [
      84,
      0.18446601941747573
    ],
    [
      85,
      0.2268041237113402
    ],
    [
      86,
      0.18333333333333335
    ],
    [
      87,
      0.24175824175824173
    ],
    [
      88,
      0.19999999999999998
    ],
    [
      89,
      0.3192488262910798
    ],
    [
      90,
      0.22335025380710657
    ],
    [
      91,
      0.1610738255033557
    ],
    [
      92,
      0.17142857142857143
    ],
    [
      93,
      0.23076923076923078
    ],
    [
      94,
      0.1176470588235294
    ],
    [
      95,
      0.21052631578947367
    ],
    [
      96,
      0.205761316872428
    ],
    [
      97,
      0.2962962962962963
    ],
    [
      98,
      0.1752577319587629
    ],
    [
      99,
      0.22222222222222224
    ],
    [
      100,
      0.1978021978021978
    ],
    [
      101,
      0.18518518518518517
    ],
    [
      102,
      0.22564102564102562
    ],
    [
      103,
      0.2210526315789474
    ],
    [
      104,
      0.16107382550335572
    ],
    [
      105,
      0.23115577889447236
    ],
    [
      106,
      0.1981981981981982
    ],
    [
      107,
      0.2162162162162162
    ],
    [
      108,
      0.21348314606741572
    ],
    [
      109,
      0.19867549668874174
    ],
    [
      110,
      0.2076502732240437
    ],
    [
      111,
      0.22924901185770752
    ],
    [
      112,
      0.16580310880829016
    ],
    [
      113,
      0.23318385650224216
    ],
    [
      114,
      0.2644628099173554
    ],
    [
      115,
      0.1794871794871795
    ],
    [
      116,
      0.15841584158415842
    ],
    [
      117,
      0.17777777777777776
    ],
    [
      118,
      0.15286624203821655
    ],
    [
      119,
      0.1744186046511628
    ],
    [
      120,
      0.15135135135135136
    ],
    [
      121,
      0.17045454545454544
    ],
    [
      122,
      0.15384615384615383
    ],
    [
      123,
      0.23529411764705882
    ],
    [
      124,
      0.10666666666666667
    ],
    [
      125,
      0.17341040462427748
    ],
    [
      126,
      0.25
    ],
    [
      127,
      0.19767441860465115
    ],
    [
      128,
      0.23474178403755866
    ],
    [
      129,
      0.16969696969696968
    ],
    [
      130,
      0.1595744680851064
    ],
    [
      131,
      0.1234567901234568
    ],
    [
      132,
      0.20765027322404372
    ],
    [
      133,
      0.1714285714285714
    ],
    [
      134,
      0.2946428571428571
    ],
    [
      135,
      0.18055555555555552
    ],
    [
      136,
      0.15503875968992245
    ],
    [
      137,
      0.19161676646706588
    ],
    [
      138,
      0.22459893048128343
    ],
    [
      139,
      0.13559322033898305
    ],
    [
      140,
      0.15730337078651685
    ],
    [
      141,
      0.2994652406417112
    ],
    [
      142,
      0.16666666666666669
    ],
    [
      143,
      0.2311111111111111
    ],
    [
      144,
      0.25263157894736843
    ],
    [
      145,
      0.17610062893081763
    ],
    [
      146,
      0.25
    ],
    [
      147,
      0.1473684210526316
    ],
    [
      148,
      0.10526315789473684
    ],
    [
      149,
      0.11428571428571428
    ],
    [
      150,
      0.2282608695652174
    ],
    [
      151,
      0.21153846153846154
    ],
    [
      152,
      0.22764227642276424
    ],
    [
      153,
      0.17500000000000002
    ],
    [
      154,
      0.2162162162162162
    ],
    [
      155,
      0.19101123595505617
    ],
    [
      156,
      0.20487804878048782
    ],
    [
      157,
      0.1232876712328767
    ],
    [
      158,
      0.22459893048128343
    ],
    [
      159,
      0.17073170731707316
    ],
    [
      160,
