{
  "dataset": "QMSum",
  "num_samples": 200,
  "rouge1": 0.29403439493817135,
  "rouge2": 0.06739939201411836,
  "rougeL": 0.19204429862220804,
  "rougeLsum": 0.19013860784292202,
  "per_sample_rougeL": [
    [
      0,
      0.1891891891891892
    ],
    [
      1,
      0.21890547263681592
    ],
    [
      2,
      0.18000000000000002
    ],
    [
      3,
      0.2033898305084746
    ],
    [
      4,
      0.10526315789473685
    ],
    [
      5,
      0.25
    ],
    [
      6,
      0.17441860465116282
    ],
    [
      7,
      0.15483870967741936
    ],
    [
      8,
      0.1614906832298137
    ],
    [
      9,
      0.15950920245398773
    ],
    [
      10,
      0.23129251700680273
    ],
    [
      11,
      0.20095693779904308
    ],
    [
      12,
      0.19718309859154926
    ],
    [
      13,
      0.2741116751269036
    ],
    [
      14,
      0.19811320754716982
    ],
    [
      15,
      0.17500000000000002
    ],
    [
      16,
      0.20754716981132076
    ],
    [
      17,
      0.1818181818181818
    ],
    [
      18,
      0.13284132841328414
    ],
    [
      19,
      0.1797752808988764
    ],
    [
      20,
      0.18285714285714283
    ],
    [
      21,
      0.147239263803681
    ],
    [
      22,
      0.14857142857142855
    ],
    [
      23,
      0.2439024390243902
    ],
    [
      24,
      0.19587628865979378
    ],
    [
      25,
      0.19213973799126635
    ],
    [
      26,
      0.2954545454545454
    ],
    [
      27,
      0.1656050955414013
    ],
    [
      28,
      0.1919191919191919
    ],
    [
      29,
      0.20118343195266272
    ],
    [
      30,
      0.2032085561497326
    ],
    [
      31,
      0.18421052631578952
    ],
    [
      32,
      0.26943005181347146
    ],
    [
      33,
      0.20202020202020202
    ],
    [
      34,
      0.1794871794871795
    ],
    [
      35,
      0.14432989690721648
    ],
    [
      36,
      0.1942857142857143
    ],
    [
      37,
      0.1717171717171717
    ],
    [
      38,
      0.14285714285714285
    ],
    [
      39,
      0.18055555555555552
    ],
    [
      40,
      0.18811881188118812
    ],
    [
      41,
      0.1834862385321101
    ],
    [
      42,
      0.17757009345794392
    ],
    [
      43,
      0.2209302325581395
    ],
    [
      44,
      0.1348314606741573
    ],
    [
      45,
      0.16666666666666666
    ],
    [
      46,
      0.20192307692307693
    ],
    [
      47,
      0.17475728155339806
    ],
    [
      48,
      0.20606060606060606
    ],
    [
      49,
      0.14814814814814817
    ],
    [
      50,
      0.17679558011049726
    ],
    [
      51,
      0.26244343891402716
    ],
    [
      52,
      0.1772151898734177
    ],
    [
      53,
      0.1581920903954802
    ],
    [
      54,
      0.21965317919075147
    ],
    [
      55,
      0.1693121693121693
    ],
    [
      56,
      0.14193548387096774
    ],
    [
      57,
      0.17894736842105263
    ],
    [
      58,
      0.22099447513812154
    ],
    [
      59,
      0.17525773195876285
    ],
    [
      60,
      0.2
    ],
    [
      61,
      0.23668639053254437
    ],
    [
      62,
      0.2327272727272727
    ],
    [
      63,
      0.17964071856287428
    ],
    [
      64,
      0.1830985915492958
    ],
    [
      65,
      0.19393939393939394
    ],
    [
      66,
      0.24468085106382978
    ],
    [
      67,
      0.2368421052631579
    ],
    [
      68,
      0.18579234972677594
    ],
    [
      69,
      0.1988950276243094
    ],
    [
      70,
      0.1986754966887417
    ],
    [
      71,
      0.16470588235294117
    ],
    [
      72,
      0.17177914110429449
    ],
    [
      73,
      0.22999999999999998
    ],
    [
      74,
      0.18543046357615894
    ],
    [
      75,
      0.3055555555555555
    ],
    [
      76,
      0.1923076923076923
    ],
    [
      77,
      0.10884353741496598
    ],
    [
      78,
      0.23711340206185566
    ],
    [
      79,
      0.17391304347826086
    ],
    [
      80,
      0.19130434782608693
    ],
    [
      81,
      0.17112299465240643
    ],
    [
      82,
      0.20491803278688528
    ],
    [
      83,
      0.1324503311258278
    ],
    [
      84,
      0.2
    ],
    [
      85,
      0.2705314009661836
    ],
    [
      86,
      0.21951219512195122
    ],
    [
      87,
      0.22222222222222224
    ],
    [
      88,
      0.17777777777777778
    ],
    [
      89,
      0.19323671497584538
    ],
    [
      90,
      0.17258883248730966
    ],
    [
      91,
      0.16993464052287582
    ],
    [
      92,
      0.16091954022988503
    ],
    [
      93,
      0.23076923076923078
    ],
    [
      94,
      0.17687074829931973
    ],
    [
      95,
      0.21645021645021648
    ],
    [
      96,
      0.2113821138211382
    ],
    [
      97,
      0.29447852760736193
    ],
    [
      98,
      0.1875
    ],
    [
      99,
      0.20422535211267606
    ],
    [
      100,
      0.1818181818181818
    ],
    [
      101,
      0.1686746987951807
    ],
    [
      102,
      0.19689119170984457
    ],
    [
      103,
      0.20105820105820102
    ],
    [
      104,
      0.1780821917808219
    ],
    [
      105,
      0.24742268041237114
    ],
    [
      106,
      0.23636363636363636
    ],
    [
      107,
      0.21649484536082472
    ],
    [
      108,
      0.2569832402234637
    ],
    [
      109,
      0.17333333333333334
    ],
    [
      110,
      0.17297297297297298
    ],
    [
      111,
      0.22399999999999998
    ],
    [
      112,
      0.1764705882352941
    ],
    [
      113,
      0.23853211009174313
    ],
    [
      114,
      0.26778242677824265
    ],
    [
      115,
      0.1794871794871795
    ],
    [
      116,
      0.17435897435897435
    ],
    [
      117,
      0.19209039548022597
    ],
    [
      118,
      0.14906832298136646
    ],
    [
      119,
      0.21301775147928995
    ],
    [
      120,
      0.14207650273224043
    ],
    [
      121,
      0.17679558011049726
    ],
    [
      122,
      0.15929203539823011
    ],
    [
      123,
      0.2621359223300971
    ],
    [
      124,
      0.0945945945945946
    ],
    [
      125,
      0.19753086419753088
    ],
    [
      126,
      0.2168674698795181
    ],
    [
      127,
      0.2456140350877193
    ],
    [
      128,
      0.2547169811320754
    ],
    [
      129,
      0.2035928143712575
    ],
    [
      130,
      0.17894736842105263
    ],
    [
      131,
      0.11042944785276074
    ],
    [
      132,
      0.20652173913043478
    ],
    [
      133,
      0.08333333333333333
    ],
    [
      134,
      0.21621621621621623
    ],
    [
      135,
      0.14193548387096774
    ],
    [
      136,
      0.17358490566037735
    ],
    [
      137,
      0.17857142857142858
    ],
    [
      138,
      0.23529411764705882
    ],
    [
      139,
      0.12222222222222222
    ],
    [
      140,
      0.18285714285714286
    ],
    [
      141,
      0.3101604278074866
    ],
    [
      142,
      0.16666666666666669
    ],
    [
      143,
      0.2232142857142857
    ],
    [
      144,
      0.20304568527918782
    ],
    [
      145,
      0.16149068322981366
    ],
    [
      146,
      0.2429906542056075
    ],
    [
      147,
      0.16304347826086957
    ],
    [
      148,
      0.15827338129496402
    ],
    [
      149,
      0.18285714285714286
    ],
    [
      150,
      0.22222222222222224
    ],
    [
      151,
      0.24880382775119617
    ],
    [
      152,
      0.17741935483870966
    ],
    [
      153,
      0.16774193548387095
    ],
    [
      154,
      0.20689655172413796
    ],
    [
      155,
      0.1340782122905028
    ],
    [
      156,
      0.17647058823529413
    ],
    [
      157,
      0.1456953642384106
    ],
    [
      158,
      0.21739130434782608
    ],
    [
      159,
      0.14035087719298245
    ],
    [
