{
  "dataset": "QMSum",
  "num_samples": 200,
  "rouge1": 0.32242410980231084,
  "rouge2": 0.07651118998716158,
  "rougeL": 0.1900452506853565,
  "rougeLsum": 0.1926273113292154,
  "per_sample_rougeL": [
    [
      0,
      0.23318385650224213
    ],
    [
      1,
      0.2512562814070352
    ],
    [
      2,
      0.14285714285714285
    ],
    [
      3,
      0.21428571428571427
    ],
    [
      4,
      0.11678832116788322
    ],
    [
      5,
      0.30051813471502586
    ],
    [
      6,
      0.13872832369942198
    ],
    [
      7,
      0.1951219512195122
    ],
    [
      8,
      0.14193548387096774
    ],
    [
      9,
      0.14012738853503184
    ],
    [
      10,
      0.23611111111111113
    ],
    [
      11,
      0.2388059701492537
    ],
    [
      12,
      0.19310344827586204
    ],
    [
      13,
      0.24489795918367346
    ],
    [
      14,
      0.22009569377990432
    ],
    [
      15,
      0.18987341772151897
    ],
    [
      16,
      0.15458937198067632
    ],
    [
      17,
      0.20338983050847456
    ],
    [
      18,
      0.17424242424242425
    ],
    [
      19,
      0.18604651162790697
    ],
    [
      20,
      0.11627906976744186
    ],
    [
      21,
      0.15384615384615383
    ],
    [
      22,
      0.18497109826589594
    ],
    [
      23,
      0.19047619047619047
    ],
    [
      24,
      0.23834196891191708
    ],
    [
      25,
      0.19178082191780824
    ],
    [
      26,
      0.2222222222222222
    ],
    [
      27,
      0.18749999999999997
    ],
    [
      28,
      0.19387755102040816
    ],
    [
      29,
      0.2064516129032258
    ],
    [
      30,
      0.192090395480226
    ],
    [
      31,
      0.15172413793103448
    ],
    [
      32,
      0.3316062176165803
    ],
    [
      33,
      0.18811881188118815
    ],
    [
      34,
      0.20481927710843373
    ],
    [
      35,
      0.2222222222222222
    ],
    [
      36,
      0.18497109826589594
    ],
    [
      37,
      0.17989417989417986
    ],
    [
      38,
      0.17333333333333334
    ],
    [
      39,
      0.18571428571428572
    ],
    [
      40,
      0.15306122448979592
    ],
    [
      41,
      0.23350253807106597
    ],
    [
      42,
      0.1346153846153846
    ],
    [
      43,
      0.19753086419753088
    ],
    [
      44,
      0.20930232558139536
    ],
    [
      45,
      0.19512195121951217
    ],
    [
      46,
      0.18
    ],
    [
      47,
      0.16915422885572137
    ],
    [
      48,
      0.21301775147928995
    ],
    [
      49,
      0.19277108433734938
    ],
    [
      50,
      0.13953488372093023
    ],
    [
      51,
      0.24186046511627907
    ],
    [
      52,
      0.18867924528301888
    ],
    [
      53,
      0.16049382716049382
    ],
    [
      54,
      0.23456790123456792
    ],
    [
      55,
      0.17582417582417584
    ],
    [
      56,
      0.18543046357615894
    ],
    [
      57,
      0.13953488372093026
    ],
    [
      58,
      0.23728813559322035
    ],
    [
      59,
      0.1530054644808743
    ],
    [
      60,
      0.17582417582417584
    ],
    [
      61,
      0.15476190476190477
    ],
    [
      62,
      0.20149253731343283
    ],
    [
      63,
      0.1696969696969697
    ],
    [
      64,
      0.2127659574468085
    ],
    [
      65,
      0.16774193548387098
    ],
    [
      66,
      0.24844720496894412
    ],
    [
      67,
      0.19178082191780824
    ],
    [
      68,
      0.1595744680851064
    ],
    [
      69,
      0.223463687150838
    ],
    [
      70,
      0.24324324324324326
    ],
    [
      71,
      0.19753086419753085
    ],
    [
      72,
      0.2597402597402597
    ],
    [
      73,
      0.21212121212121213
    ],
    [
      74,
      0.19580419580419578
    ],
    [
      75,
      0.2571428571428571
    ],
    [
      76,
      0.16080402010050251
    ],
    [
      77,
      0.11428571428571427
    ],
    [
      78,
      0.1888888888888889
    ],
    [
      79,
      0.2045454545454545
    ],
    [
      80,
      0.15584415584415584
    ],
    [
      81,
      0.17777777777777778
    ],
    [
      82,
      0.17813765182186236
    ],
    [
      83,
      0.13333333333333333
    ],
    [
      84,
      0.17733990147783252
    ],
    [
      85,
      0.1782178217821782
    ],
    [
      86,
      0.25641025641025644
    ],
    [
      87,
      0.2117647058823529
    ],
    [
      88,
      0.21929824561403508
    ],
    [
      89,
      0.25
    ],
    [
      90,
      0.17021276595744683
    ],
    [
      91,
      0.17218543046357615
    ],
    [
      92,
      0.18404907975460125
    ],
    [
      93,
      0.1834061135371179
    ],
    [
      94,
      0.1702127659574468
    ],
    [
      95,
      0.1990950226244344
    ],
    [
      96,
      0.17500000000000002
    ],
    [
      97,
      0.24203821656050958
    ],
    [
      98,
      0.20725388601036268
    ],
    [
      99,
      0.22377622377622378
    ],
    [
      100,
      0.20765027322404372
    ],
    [
      101,
      0.1772151898734177
    ],
    [
      102,
      0.15706806282722513
    ],
    [
      103,
      0.2282608695652174
    ],
    [
      104,
      0.2119205298013245
    ],
    [
      105,
      0.24083769633507854
    ],
    [
      106,
      0.15315315315315314
    ],
    [
      107,
      0.14942528735632185
    ],
    [
      108,
      0.28089887640449435
    ],
    [
      109,
      0.20689655172413793
    ],
    [
      110,
      0.14285714285714285
    ],
    [
      111,
      0.19047619047619047
    ],
    [
      112,
      0.25396825396825395
    ],
    [
      113,
      0.23529411764705882
    ],
    [
      114,
      0.20168067226890757
    ],
    [
      115,
      0.15894039735099336
    ],
    [
      116,
      0.1595744680851064
    ],
    [
      117,
      0.18888888888888888
    ],
    [
      118,
      0.16560509554140124
    ],
    [
      119,
      0.18421052631578946
    ],
    [
      120,
      0.15028901734104047
    ],
    [
      121,
      0.19393939393939394
    ],
    [
      122,
      0.12785388127853883
    ],
    [
      123,
      0.1904761904761905
    ],
    [
      124,
      0.1768707482993197
    ],
    [
      125,
      0.15469613259668508
    ],
    [
      126,
      0.2236024844720497
    ],
    [
      127,
      0.19858156028368795
    ],
    [
      128,
      0.19704433497536947
    ],
    [
      129,
      0.19867549668874174
    ],
    [
      130,
      0.15135135135135133
    ],
    [
      131,
      0.1437125748502994
    ],
    [
      132,
      0.20111731843575417
    ],
    [
      133,
      0.22077922077922077
    ],
    [
      134,
      0.22115384615384615
    ],
    [
      135,
      0.1935483870967742
    ],
    [
      136,
      0.1679389312977099
    ],
    [
      137,
      0.15950920245398773
    ],
    [
      138,
      0.22105263157894736
    ],
    [
      139,
      0.10869565217391304
    ],
    [
      140,
      0.10884353741496598
    ],
    [
      141,
      0.3804347826086956
    ],
    [
      142,
      0.23414634146341465
    ],
    [
      143,
      0.1735159817351598
    ],
    [
      144,
      0.17204301075268816
    ],
    [
      145,
      0.13071895424836602
    ],
    [
      146,
      0.3127962085308057
    ],
    [
      147,
      0.13756613756613756
    ],
    [
      148,
      0.14705882352941177
    ],
    [
      149,
      0.1325301204819277
    ],
    [
      150,
      0.3414634146341463
    ],
    [
      151,
      0.18811881188118815
    ],
    [
      152,
      0.13432835820895525
    ],
    [
      153,
      0.14864864864864866
    ],
    [
      154,
      0.18309859154929578
    ],
    [
      155,
      0.16766467065868262
    ],
    [
      156,
      0.18627450980392155
    ],
    [
      157,
      0.12121212121212122
    ],
    [
      158,
      0.17297297297297298
    ],
    [
      159,
