{
  "dataset": "QMSum",
  "num_samples": 200,
  "rouge1": 0.3173515615466601,
  "rouge2": 0.0744675221942809,
  "rougeL": 0.19544464706004722,
  "rougeLsum": 0.19799205637595435,
  "per_sample_rougeL": [
    [
      0,
      0.19469026548672563
    ],
    [
      1,
      0.2318840579710145
    ],
    [
      2,
      0.1881188118811881
    ],
    [
      3,
      0.16759776536312848
    ],
    [
      4,
      0.12030075187969924
    ],
    [
      5,
      0.23280423280423282
    ],
    [
      6,
      0.16666666666666666
    ],
    [
      7,
      0.16766467065868262
    ],
    [
      8,
      0.2125
    ],
    [
      9,
      0.14765100671140938
    ],
    [
      10,
      0.13986013986013987
    ],
    [
      11,
      0.2524271844660194
    ],
    [
      12,
      0.16883116883116883
    ],
    [
      13,
      0.22222222222222224
    ],
    [
      14,
      0.215962441314554
    ],
    [
      15,
      0.16560509554140126
    ],
    [
      16,
      0.16425120772946863
    ],
    [
      17,
      0.19318181818181818
    ],
    [
      18,
      0.16236162361623616
    ],
    [
      19,
      0.17045454545454547
    ],
    [
      20,
      0.11695906432748537
    ],
    [
      21,
      0.17721518987341772
    ],
    [
      22,
      0.13872832369942198
    ],
    [
      23,
      0.23456790123456792
    ],
    [
      24,
      0.19487179487179487
    ],
    [
      25,
      0.18181818181818182
    ],
    [
      26,
      0.23391812865497078
    ],
    [
      27,
      0.16774193548387098
    ],
    [
      28,
      0.18
    ],
    [
      29,
      0.19161676646706588
    ],
    [
      30,
      0.1878453038674033
    ],
    [
      31,
      0.17687074829931976
    ],
    [
      32,
      0.24210526315789474
    ],
    [
      33,
      0.24242424242424246
    ],
    [
      34,
      0.225
    ],
    [
      35,
      0.18652849740932645
    ],
    [
      36,
      0.17977528089887643
    ],
    [
      37,
      0.17989417989417986
    ],
    [
      38,
      0.16666666666666666
    ],
    [
      39,
      0.20408163265306126
    ],
    [
      40,
      0.163265306122449
    ],
    [
      41,
      0.1981132075471698
    ],
    [
      42,
      0.18691588785046728
    ],
    [
      43,
      0.22485207100591717
    ],
    [
      44,
      0.15204678362573099
    ],
    [
      45,
      0.2261904761904762
    ],
    [
      46,
      0.19095477386934673
    ],
    [
      47,
      0.14634146341463414
    ],
    [
      48,
      0.21590909090909088
    ],
    [
      49,
      0.24277456647398846
    ],
    [
      50,
      0.20930232558139533
    ],
    [
      51,
      0.24186046511627907
    ],
    [
      52,
      0.1575757575757576
    ],
    [
      53,
      0.19653179190751446
    ],
    [
      54,
      0.24
    ],
    [
      55,
      0.15625
    ],
    [
      56,
      0.1830065359477124
    ],
    [
      57,
      0.18888888888888886
    ],
    [
      58,
      0.1477272727272727
    ],
    [
      59,
      0.1693121693121693
    ],
    [
      60,
      0.1807909604519774
    ],
    [
      61,
      0.125
    ],
    [
      62,
      0.2647058823529412
    ],
    [
      63,
      0.18713450292397663
    ],
    [
      64,
      0.2054794520547945
    ],
    [
      65,
      0.19480519480519481
    ],
    [
      66,
      0.20879120879120877
    ],
    [
      67,
      0.2232142857142857
    ],
    [
      68,
      0.16042780748663102
    ],
    [
      69,
      0.1818181818181818
    ],
    [
      70,
      0.26666666666666666
    ],
    [
      71,
      0.1851851851851852
    ],
    [
      72,
      0.16883116883116883
    ],
    [
      73,
      0.20202020202020202
    ],
    [
      74,
      0.13245033112582782
    ],
    [
      75,
      0.2557077625570776
    ],
    [
      76,
      0.15841584158415842
    ],
    [
      77,
      0.1095890410958904
    ],
    [
      78,
      0.2127659574468085
    ],
    [
      79,
      0.1967213114754098
    ],
    [
      80,
      0.16666666666666666
    ],
    [
      81,
      0.19354838709677424
    ],
    [
      82,
      0.22040816326530613
    ],
    [
      83,
      0.23841059602649003
    ],
    [
      84,
      0.15763546798029557
    ],
    [
      85,
      0.21212121212121213
    ],
    [
      86,
      0.2105263157894737
    ],
    [
      87,
      0.22727272727272727
    ],
    [
      88,
      0.22413793103448273
    ],
    [
      89,
      0.3714285714285714
    ],
    [
      90,
      0.20725388601036268
    ],
    [
      91,
      0.19178082191780824
    ],
    [
      92,
      0.17045454545454544
    ],
    [
      93,
      0.23684210526315788
    ],
    [
      94,
      0.2
    ],
    [
      95,
      0.2807017543859649
    ],
    [
      96,
      0.23481781376518215
    ],
    [
      97,
      0.25925925925925924
    ],
    [
      98,
      0.1641025641025641
    ],
    [
      99,
      0.19310344827586207
    ],
    [
      100,
      0.1899441340782123
    ],
    [
      101,
      0.18292682926829265
    ],
    [
      102,
      0.19047619047619047
    ],
    [
      103,
      0.19999999999999998
    ],
    [
      104,
      0.2207792207792208
    ],
    [
      105,
      0.24210526315789474
    ],
    [
      106,
      0.2100456621004566
    ],
    [
      107,
      0.22340425531914893
    ],
    [
      108,
      0.22093023255813954
    ],
    [
      109,
      0.20134228187919462
    ],
    [
      110,
      0.18947368421052632
    ],
    [
      111,
      0.2283464566929134
    ],
    [
      112,
      0.30526315789473685
    ],
    [
      113,
      0.2805429864253393
    ],
    [
      114,
      0.225
    ],
    [
      115,
      0.19108280254777069
    ],
    [
      116,
      0.15384615384615383
    ],
    [
      117,
      0.23333333333333336
    ],
    [
      118,
      0.175
    ],
    [
      119,
      0.2236024844720497
    ],
    [
      120,
      0.2043010752688172
    ],
    [
      121,
      0.17777777777777776
    ],
    [
      122,
      0.18018018018018017
    ],
    [
      123,
      0.23300970873786409
    ],
    [
      124,
      0.11034482758620691
    ],
    [
      125,
      0.17045454545454544
    ],
    [
      126,
      0.21951219512195122
    ],
    [
      127,
      0.18750000000000003
    ],
    [
      128,
      0.2571428571428572
    ],
    [
      129,
      0.21935483870967742
    ],
    [
      130,
      0.17204301075268816
    ],
    [
      131,
      0.15757575757575756
    ],
    [
      132,
      0.22099447513812157
    ],
    [
      133,
      0.24
    ],
    [
      134,
      0.24324324324324328
    ],
    [
      135,
      0.16774193548387095
    ],
    [
      136,
      0.1962264150943396
    ],
    [
      137,
      0.15476190476190474
    ],
    [
      138,
      0.2
    ],
    [
      139,
      0.1340782122905028
    ],
    [
      140,
      0.19653179190751444
    ],
    [
      141,
      0.30857142857142855
    ],
    [
      142,
      0.15165876777251186
    ],
    [
      143,
      0.182648401826484
    ],
    [
      144,
      0.155440414507772
    ],
    [
      145,
      0.163265306122449
    ],
    [
      146,
      0.2222222222222222
    ],
    [
      147,
      0.13978494623655915
    ],
    [
      148,
      0.16541353383458648
    ],
    [
      149,
      0.13872832369942198
    ],
    [
      150,
      0.16216216216216217
    ],
    [
      151,
      0.21698113207547168
    ],
    [
      152,
      0.208
    ],
    [
      153,
      0.1456953642384106
    ],
    [
      154,
      0.1780821917808219
    ],
    [
      155,
      0.22950819672131145
    ],
    [
      156,
      0.21105527638190955
    ],
    [
      157,
      0.14285714285714285
    ],
    [
      158,
      0.18784530386740328
    ],
    [
      159,
      0.19047619047619047
    ],
    [
      160,
      0.21904761904761905
    ],
    [
      161,
      0.1656050955414013
    ],
    [
      162,
