{
  "dataset": "QMSum",
  "num_samples": 200,
  "rouge1": 0.29252497947384853,
  "rouge2": 0.065639144362107,
  "rougeL": 0.1887901653477565,
  "rougeLsum": 0.19053279502828852,
  "per_sample_rougeL": [
    [
      0,
      0.19383259911894274
    ],
    [
      1,
      0.2038834951456311
    ],
    [
      2,
      0.18181818181818185
    ],
    [
      3,
      0.2011173184357542
    ],
    [
      4,
      0.11111111111111112
    ],
    [
      5,
      0.23529411764705885
    ],
    [
      6,
      0.19767441860465118
    ],
    [
      7,
      0.16049382716049382
    ],
    [
      8,
      0.13836477987421383
    ],
    [
      9,
      0.189873417721519
    ],
    [
      10,
      0.18543046357615894
    ],
    [
      11,
      0.22439024390243906
    ],
    [
      12,
      0.15999999999999998
    ],
    [
      13,
      0.27
    ],
    [
      14,
      0.2272727272727273
    ],
    [
      15,
      0.16666666666666666
    ],
    [
      16,
      0.18009478672985782
    ],
    [
      17,
      0.19428571428571428
    ],
    [
      18,
      0.1510791366906475
    ],
    [
      19,
      0.18994413407821228
    ],
    [
      20,
      0.14857142857142858
    ],
    [
      21,
      0.19393939393939394
    ],
    [
      22,
      0.12716763005780346
    ],
    [
      23,
      0.18867924528301885
    ],
    [
      24,
      0.1497326203208556
    ],
    [
      25,
      0.23829787234042552
    ],
    [
      26,
      0.14689265536723164
    ],
    [
      27,
      0.1509433962264151
    ],
    [
      28,
      0.21105527638190952
    ],
    [
      29,
      0.20833333333333331
    ],
    [
      30,
      0.21164021164021166
    ],
    [
      31,
      0.16
    ],
    [
      32,
      0.3076923076923077
    ],
    [
      33,
      0.21
    ],
    [
      34,
      0.2138364779874214
    ],
    [
      35,
      0.18367346938775508
    ],
    [
      36,
      0.1787709497206704
    ],
    [
      37,
      0.1752577319587629
    ],
    [
      38,
      0.15384615384615385
    ],
    [
      39,
      0.17687074829931976
    ],
    [
      40,
      0.1791044776119403
    ],
    [
      41,
      0.17040358744394618
    ],
    [
      42,
      0.1566820276497696
    ],
    [
      43,
      0.2209302325581395
    ],
    [
      44,
      0.1477272727272727
    ],
    [
      45,
      0.21686746987951808
    ],
    [
      46,
      0.208955223880597
    ],
    [
      47,
      0.175609756097561
    ],
    [
      48,
      0.2035928143712575
    ],
    [
      49,
      0.18072289156626506
    ],
    [
      50,
      0.1694915254237288
    ],
    [
      51,
      0.31050228310502287
    ],
    [
      52,
      0.1794871794871795
    ],
    [
      53,
      0.14942528735632185
    ],
    [
      54,
      0.25287356321839083
    ],
    [
      55,
      0.19895287958115182
    ],
    [
      56,
      0.1568627450980392
    ],
    [
      57,
      0.19047619047619047
    ],
    [
      58,
      0.22826086956521738
    ],
    [
      59,
      0.18556701030927836
    ],
    [
      60,
      0.18579234972677594
    ],
    [
      61,
      0.20606060606060606
    ],
    [
      62,
      0.2391304347826087
    ],
    [
      63,
      0.17964071856287428
    ],
    [
      64,
      0.2206896551724138
    ],
    [
      65,
      0.1863354037267081
    ],
    [
      66,
      0.28571428571428575
    ],
    [
      67,
      0.26785714285714285
    ],
    [
      68,
      0.18378378378378377
    ],
    [
      69,
      0.28735632183908044
    ],
    [
      70,
      0.1793103448275862
    ],
    [
      71,
      0.17647058823529416
    ],
    [
      72,
      0.1739130434782609
    ],
    [
      73,
      0.20408163265306123
    ],
    [
      74,
      0.16666666666666669
    ],
    [
      75,
      0.27522935779816515
    ],
    [
      76,
      0.15463917525773194
    ],
    [
      77,
      0.07947019867549669
    ],
    [
      78,
      0.2105263157894737
    ],
    [
      79,
      0.1564245810055866
    ],
    [
      80,
      0.17543859649122806
    ],
    [
      81,
      0.15706806282722513
    ],
    [
      82,
      0.18775510204081636
    ],
    [
      83,
      0.1509433962264151
    ],
    [
      84,
      0.18446601941747573
    ],
    [
      85,
      0.24875621890547264
    ],
    [
      86,
      0.1897233201581028
    ],
    [
      87,
      0.20994475138121546
    ],
    [
      88,
      0.1802575107296137
    ],
    [
      89,
      0.17307692307692307
    ],
    [
      90,
      0.2371134020618557
    ],
    [
      91,
      0.1780821917808219
    ],
    [
      92,
      0.18285714285714288
    ],
    [
      93,
      0.21645021645021645
    ],
    [
      94,
      0.14193548387096774
    ],
    [
      95,
      0.21428571428571427
    ],
    [
      96,
      0.20967741935483872
    ],
    [
      97,
      0.24691358024691357
    ],
    [
      98,
      0.19487179487179487
    ],
    [
      99,
      0.25
    ],
    [
      100,
      0.17777777777777778
    ],
    [
      101,
      0.23030303030303031
    ],
    [
      102,
      0.20618556701030927
    ],
    [
      103,
      0.24338624338624337
    ],
    [
      104,
      0.16666666666666666
    ],
    [
      105,
      0.2604166666666667
    ],
    [
      106,
      0.1981981981981982
    ],
    [
      107,
      0.1925133689839572
    ],
    [
      108,
      0.24444444444444444
    ],
    [
      109,
      0.17218543046357615
    ],
    [
      110,
      0.22580645161290325
    ],
    [
      111,
      0.24124513618677043
    ],
    [
      112,
      0.18784530386740333
    ],
    [
      113,
      0.22325581395348837
    ],
    [
      114,
      0.20833333333333334
    ],
    [
      115,
      0.14473684210526314
    ],
    [
      116,
      0.17733990147783252
    ],
    [
      117,
      0.1967213114754098
    ],
    [
      118,
      0.125
    ],
    [
      119,
      0.16374269005847955
    ],
    [
      120,
      0.18478260869565216
    ],
    [
      121,
      0.1878453038674033
    ],
    [
      122,
      0.17777777777777778
    ],
    [
      123,
      0.2450980392156863
    ],
    [
      124,
      0.10810810810810813
    ],
    [
      125,
      0.18579234972677597
    ],
    [
      126,
      0.18823529411764703
    ],
    [
      127,
      0.16374269005847952
    ],
    [
      128,
      0.26291079812206575
    ],
    [
      129,
      0.19631901840490798
    ],
    [
      130,
      0.1595744680851064
    ],
    [
      131,
      0.14634146341463414
    ],
    [
      132,
      0.20430107526881724
    ],
    [
      133,
      0.10457516339869281
    ],
    [
      134,
      0.23423423423423423
    ],
    [
      135,
      0.10738255033557047
    ],
    [
      136,
      0.1893939393939394
    ],
    [
      137,
      0.17647058823529413
    ],
    [
      138,
      0.21739130434782608
    ],
    [
      139,
      0.14207650273224043
    ],
    [
      140,
      0.17045454545454544
    ],
    [
      141,
      0.3529411764705882
    ],
    [
      142,
      0.1509433962264151
    ],
    [
      143,
      0.24434389140271492
    ],
    [
      144,
      0.20725388601036268
    ],
    [
      145,
      0.13333333333333333
    ],
    [
      146,
      0.1913875598086124
    ],
    [
      147,
      0.1894736842105263
    ],
    [
      148,
      0.13636363636363635
    ],
    [
      149,
      0.1511627906976744
    ],
    [
      150,
      0.19354838709677416
    ],
    [
      151,
      0.2654028436018957
    ],
    [
      152,
      0.08955223880597014
    ],
    [
      153,
      0.14666666666666667
    ],
    [
      154,
      0.17687074829931973
    ],
    [
      155,
      0.19672131147540983
    ],
    [
      156,
      0.15841584158415842
    ],
    [
      157,
      0.12413793103448276
    ],
    [
      158,
      0.17391304347826086
    ],
    [
      159,
      0.15294117647058825
    ],
    [
      160,
