{
  "dataset": "QMSum",
  "num_samples": 200,
  "rouge1": 0.2937732553477715,
  "rouge2": 0.06799135744192489,
  "rougeL": 0.18894298976108143,
  "rougeLsum": 0.18923128597059935,
  "per_sample_rougeL": [
    [
      0,
      0.16666666666666666
    ],
    [
      1,
      0.2352941176470588
    ],
    [
      2,
      0.18461538461538463
    ],
    [
      3,
      0.21348314606741572
    ],
    [
      4,
      0.1176470588235294
    ],
    [
      5,
      0.23280423280423282
    ],
    [
      6,
      0.16
    ],
    [
      7,
      0.13095238095238096
    ],
    [
      8,
      0.14906832298136644
    ],
    [
      9,
      0.12738853503184713
    ],
    [
      10,
      0.18543046357615894
    ],
    [
      11,
      0.14705882352941177
    ],
    [
      12,
      0.15894039735099338
    ],
    [
      13,
      0.26600985221674883
    ],
    [
      14,
      0.1743119266055046
    ],
    [
      15,
      0.15384615384615385
    ],
    [
      16,
      0.22115384615384615
    ],
    [
      17,
      0.1694915254237288
    ],
    [
      18,
      0.12996389891696752
    ],
    [
      19,
      0.2
    ],
    [
      20,
      0.12716763005780346
    ],
    [
      21,
      0.1388888888888889
    ],
    [
      22,
      0.17857142857142858
    ],
    [
      23,
      0.22754491017964074
    ],
    [
      24,
      0.10362694300518135
    ],
    [
      25,
      0.21459227467811157
    ],
    [
      26,
      0.15116279069767444
    ],
    [
      27,
      0.1375
    ],
    [
      28,
      0.19801980198019803
    ],
    [
      29,
      0.18497109826589594
    ],
    [
      30,
      0.2162162162162162
    ],
    [
      31,
      0.17218543046357615
    ],
    [
      32,
      0.2371134020618557
    ],
    [
      33,
      0.22999999999999998
    ],
    [
      34,
      0.2235294117647059
    ],
    [
      35,
      0.17171717171717168
    ],
    [
      36,
      0.2011173184357542
    ],
    [
      37,
      0.17435897435897435
    ],
    [
      38,
      0.15384615384615385
    ],
    [
      39,
      0.16216216216216217
    ],
    [
      40,
      0.1717171717171717
    ],
    [
      41,
      0.17194570135746606
    ],
    [
      42,
      0.16822429906542058
    ],
    [
      43,
      0.22485207100591717
    ],
    [
      44,
      0.22093023255813954
    ],
    [
      45,
      0.19875776397515527
    ],
    [
      46,
      0.20487804878048782
    ],
    [
      47,
      0.1641025641025641
    ],
    [
      48,
      0.23121387283236994
    ],
    [
      49,
      0.1775147928994083
    ],
    [
      50,
      0.1797752808988764
    ],
    [
      51,
      0.2604651162790698
    ],
    [
      52,
      0.1610738255033557
    ],
    [
      53,
      0.1411764705882353
    ],
    [
      54,
      0.19540229885057472
    ],
    [
      55,
      0.17708333333333334
    ],
    [
      56,
      0.14666666666666664
    ],
    [
      57,
      0.15135135135135133
    ],
    [
      58,
      0.25136612021857924
    ],
    [
      59,
      0.18461538461538463
    ],
    [
      60,
      0.23204419889502761
    ],
    [
      61,
      0.15028901734104044
    ],
    [
      62,
      0.18840579710144928
    ],
    [
      63,
      0.1893491124260355
    ],
    [
      64,
      0.20979020979020982
    ],
    [
      65,
      0.2085889570552147
    ],
    [
      66,
      0.28723404255319146
    ],
    [
      67,
      0.21238938053097345
    ],
    [
      68,
      0.1758241758241758
    ],
    [
      69,
      0.1581920903954802
    ],
    [
      70,
      0.1910828025477707
    ],
    [
      71,
      0.13333333333333333
    ],
    [
      72,
      0.1558441558441558
    ],
    [
      73,
      0.21649484536082475
    ],
    [
      74,
      0.14379084967320263
    ],
    [
      75,
      0.2672811059907834
    ],
    [
      76,
      0.14285714285714288
    ],
    [
      77,
      0.09333333333333335
    ],
    [
      78,
      0.22448979591836735
    ],
    [
      79,
      0.15469613259668508
    ],
    [
      80,
      0.18340611353711792
    ],
    [
      81,
      0.17708333333333331
    ],
    [
      82,
      0.17886178861788618
    ],
    [
      83,
      0.1509433962264151
    ],
    [
      84,
      0.1485148514851485
    ],
    [
      85,
      0.22330097087378642
    ],
    [
      86,
      0.22134387351778656
    ],
    [
      87,
      0.2122905027932961
    ],
    [
      88,
      0.2413793103448276
    ],
    [
      89,
      0.2274881516587678
    ],
    [
      90,
      0.20408163265306123
    ],
    [
      91,
      0.16216216216216214
    ],
    [
      92,
      0.18072289156626506
    ],
    [
      93,
      0.2
    ],
    [
      94,
      0.23287671232876714
    ],
    [
      95,
      0.18340611353711792
    ],
    [
      96,
      0.21311475409836064
    ],
    [
      97,
      0.26993865030674846
    ],
    [
      98,
      0.17258883248730963
    ],
    [
      99,
      0.26573426573426573
    ],
    [
      100,
      0.1899441340782123
    ],
    [
      101,
      0.18181818181818182
    ],
    [
      102,
      0.20833333333333334
    ],
    [
      103,
      0.18579234972677594
    ],
    [
      104,
      0.1756756756756757
    ],
    [
      105,
      0.2814070351758794
    ],
    [
      106,
      0.1875
    ],
    [
      107,
      0.2105263157894737
    ],
    [
      108,
      0.2033898305084746
    ],
    [
      109,
      0.19047619047619047
    ],
    [
      110,
      0.227027027027027
    ],
    [
      111,
      0.23015873015873017
    ],
    [
      112,
      0.08108108108108109
    ],
    [
      113,
      0.21428571428571427
    ],
    [
      114,
      0.23577235772357721
    ],
    [
      115,
      0.18543046357615894
    ],
    [
      116,
      0.17525773195876287
    ],
    [
      117,
      0.18285714285714283
    ],
    [
      118,
      0.1375
    ],
    [
      119,
      0.18823529411764706
    ],
    [
      120,
      0.18478260869565216
    ],
    [
      121,
      0.18888888888888886
    ],
    [
      122,
      0.17777777777777778
    ],
    [
      123,
      0.25742574257425743
    ],
    [
      124,
      0.08
    ],
    [
      125,
      0.17777777777777778
    ],
    [
      126,
      0.22222222222222224
    ],
    [
      127,
      0.21176470588235294
    ],
    [
      128,
      0.2559241706161137
    ],
    [
      129,
      0.19512195121951217
    ],
    [
      130,
      0.16580310880829016
    ],
    [
      131,
      0.147239263803681
    ],
    [
      132,
      0.20765027322404372
    ],
    [
      133,
      0.22666666666666666
    ],
    [
      134,
      0.2557077625570776
    ],
    [
      135,
      0.189873417721519
    ],
    [
      136,
      0.15730337078651685
    ],
    [
      137,
      0.1904761904761905
    ],
    [
      138,
      0.2032085561497326
    ],
    [
      139,
      0.11956521739130434
    ],
    [
      140,
      0.17045454545454544
    ],
    [
      141,
      0.37433155080213903
    ],
    [
      142,
      0.1588785046728972
    ],
    [
      143,
      0.2511210762331838
    ],
    [
      144,
      0.1836734693877551
    ],
    [
      145,
      0.15286624203821655
    ],
    [
      146,
      0.21256038647342995
    ],
    [
      147,
      0.2094240837696335
    ],
    [
      148,
      0.11678832116788321
    ],
    [
      149,
      0.17543859649122806
    ],
    [
      150,
      0.18579234972677594
    ],
    [
      151,
      0.2358490566037736
    ],
    [
      152,
      0.2047244094488189
    ],
    [
      153,
      0.12987012987012986
    ],
    [
      154,
      0.19178082191780824
    ],
    [
      155,
      0.20994475138121546
    ],
    [
      156,
      0.15920398009950248
    ],
    [
      157,
      0.15602836879432624
    ],
    [
      158,
      0.20994475138121546
    ],
    [
      159,
      0.13496932515337423
    ],
    [
      160,
      0.23474178403755866
    ],
