{
  "dataset": "QMSum",
  "num_samples": 200,
  "rouge1": 0.32164631353475165,
  "rouge2": 0.07348661270660448,
  "rougeL": 0.1878539701484415,
  "rougeLsum": 0.19124838176032694,
  "per_sample_rougeL": [
    [
      0,
      0.25
    ],
    [
      1,
      0.21761658031088082
    ],
    [
      2,
      0.160427807486631
    ],
    [
      3,
      0.19999999999999998
    ],
    [
      4,
      0.10687022900763357
    ],
    [
      5,
      0.2916666666666667
    ],
    [
      6,
      0.17543859649122803
    ],
    [
      7,
      0.2155688622754491
    ],
    [
      8,
      0.14102564102564102
    ],
    [
      9,
      0.14193548387096774
    ],
    [
      10,
      0.21768707482993196
    ],
    [
      11,
      0.20895522388059698
    ],
    [
      12,
      0.19310344827586204
    ],
    [
      13,
      0.24742268041237106
    ],
    [
      14,
      0.22966507177033493
    ],
    [
      15,
      0.24000000000000002
    ],
    [
      16,
      0.20192307692307693
    ],
    [
      17,
      0.18823529411764706
    ],
    [
      18,
      0.15209125475285173
    ],
    [
      19,
      0.16279069767441862
    ],
    [
      20,
      0.11627906976744186
    ],
    [
      21,
      0.15
    ],
    [
      22,
      0.19047619047619047
    ],
    [
      23,
      0.20833333333333334
    ],
    [
      24,
      0.2094240837696335
    ],
    [
      25,
      0.1981981981981982
    ],
    [
      26,
      0.2375
    ],
    [
      27,
      0.18749999999999997
    ],
    [
      28,
      0.15873015873015872
    ],
    [
      29,
      0.189873417721519
    ],
    [
      30,
      0.15819209039548024
    ],
    [
      31,
      0.15277777777777776
    ],
    [
      32,
      0.32124352331606215
    ],
    [
      33,
      0.2
    ],
    [
      34,
      0.19393939393939394
    ],
    [
      35,
      0.15873015873015875
    ],
    [
      36,
      0.18285714285714288
    ],
    [
      37,
      0.1787709497206704
    ],
    [
      38,
      0.15172413793103448
    ],
    [
      39,
      0.17567567567567569
    ],
    [
      40,
      0.16243654822335024
    ],
    [
      41,
      0.1890547263681592
    ],
    [
      42,
      0.13725490196078433
    ],
    [
      43,
      0.19161676646706588
    ],
    [
      44,
      0.17857142857142858
    ],
    [
      45,
      0.18292682926829268
    ],
    [
      46,
      0.15463917525773194
    ],
    [
      47,
      0.15841584158415845
    ],
    [
      48,
      0.20930232558139533
    ],
    [
      49,
      0.18072289156626506
    ],
    [
      50,
      0.13872832369942195
    ],
    [
      51,
      0.24074074074074073
    ],
    [
      52,
      0.18867924528301888
    ],
    [
      53,
      0.14634146341463414
    ],
    [
      54,
      0.2235294117647059
    ],
    [
      55,
      0.15135135135135136
    ],
    [
      56,
      0.1610738255033557
    ],
    [
      57,
      0.12790697674418605
    ],
    [
      58,
      0.24000000000000005
    ],
    [
      59,
      0.16216216216216214
    ],
    [
      60,
      0.1739130434782609
    ],
    [
      61,
      0.23170731707317072
    ],
    [
      62,
      0.21323529411764705
    ],
    [
      63,
      0.15757575757575756
    ],
    [
      64,
      0.19999999999999998
    ],
    [
      65,
      0.24516129032258066
    ],
    [
      66,
      0.19631901840490798
    ],
    [
      67,
      0.1777777777777778
    ],
    [
      68,
      0.15135135135135136
    ],
    [
      69,
      0.22099447513812154
    ],
    [
      70,
      0.2567567567567568
    ],
    [
      71,
      0.19393939393939394
    ],
    [
      72,
      0.25
    ],
    [
      73,
      0.20202020202020202
    ],
    [
      74,
      0.1866666666666667
    ],
    [
      75,
      0.22966507177033493
    ],
    [
      76,
      0.16326530612244897
    ],
    [
      77,
      0.11594202898550723
    ],
    [
      78,
      0.19101123595505617
    ],
    [
      79,
      0.17341040462427745
    ],
    [
      80,
      0.16814159292035397
    ],
    [
      81,
      0.19565217391304346
    ],
    [
      82,
      0.17142857142857143
    ],
    [
      83,
      0.16352201257861634
    ],
    [
      84,
      0.1485148514851485
    ],
    [
      85,
      0.1932367149758454
    ],
    [
      86,
      0.25531914893617025
    ],
    [
      87,
      0.21118012422360247
    ],
    [
      88,
      0.21739130434782608
    ],
    [
      89,
      0.2815533980582524
    ],
    [
      90,
      0.16580310880829016
    ],
    [
      91,
      0.1506849315068493
    ],
    [
      92,
      0.19047619047619047
    ],
    [
      93,
      0.16814159292035397
    ],
    [
      94,
      0.14285714285714285
    ],
    [
      95,
      0.17194570135746604
    ],
    [
      96,
      0.1735537190082645
    ],
    [
      97,
      0.3057324840764331
    ],
    [
      98,
      0.20725388601036268
    ],
    [
      99,
      0.21052631578947367
    ],
    [
      100,
      0.20652173913043478
    ],
    [
      101,
      0.2
    ],
    [
      102,
      0.1693121693121693
    ],
    [
      103,
      0.23913043478260868
    ],
    [
      104,
      0.19178082191780818
    ],
    [
      105,
      0.24083769633507854
    ],
    [
      106,
      0.21100917431192662
    ],
    [
      107,
      0.17777777777777773
    ],
    [
      108,
      0.2727272727272727
    ],
    [
      109,
      0.2191780821917808
    ],
    [
      110,
      0.12972972972972974
    ],
    [
      111,
      0.20312499999999997
    ],
    [
      112,
      0.27956989247311825
    ],
    [
      113,
      0.2162162162162162
    ],
    [
      114,
      0.2033898305084746
    ],
    [
      115,
      0.1466666666666667
    ],
    [
      116,
      0.17801047120418848
    ],
    [
      117,
      0.2711864406779661
    ],
    [
      118,
      0.1699346405228758
    ],
    [
      119,
      0.16
    ],
    [
      120,
      0.14201183431952663
    ],
    [
      121,
      0.19318181818181818
    ],
    [
      122,
      0.1296296296296296
    ],
    [
      123,
      0.20105820105820107
    ],
    [
      124,
      0.15068493150684933
    ],
    [
      125,
      0.16666666666666666
    ],
    [
      126,
      0.2331288343558282
    ],
    [
      127,
      0.14723926380368096
    ],
    [
      128,
      0.3
    ],
    [
      129,
      0.2091503267973856
    ],
    [
      130,
      0.16216216216216214
    ],
    [
      131,
      0.15789473684210525
    ],
    [
      132,
      0.23204419889502761
    ],
    [
      133,
      0.23529411764705885
    ],
    [
      134,
      0.21296296296296297
    ],
    [
      135,
      0.16993464052287582
    ],
    [
      136,
      0.16091954022988506
    ],
    [
      137,
      0.14723926380368096
    ],
    [
      138,
      0.21164021164021166
    ],
    [
      139,
      0.14285714285714285
    ],
    [
      140,
      0.15584415584415587
    ],
    [
      141,
      0.38709677419354843
    ],
    [
      142,
      0.21212121212121215
    ],
    [
      143,
      0.16513761467889912
    ],
    [
      144,
      0.1595744680851064
    ],
    [
      145,
      0.15286624203821655
    ],
    [
      146,
      0.30331753554502366
    ],
    [
      147,
      0.17486338797814208
    ],
    [
      148,
      0.18045112781954886
    ],
    [
      149,
      0.11695906432748537
    ],
    [
      150,
      0.14285714285714288
    ],
    [
      151,
      0.17085427135678394
    ],
    [
      152,
      0.1044776119402985
    ],
    [
      153,
      0.14864864864864866
    ],
    [
      154,
      0.18309859154929578
    ],
    [
      155,
      0.18934911242603553
    ],
    [
      156,
      0.18627450980392155
    ],
    [
      157,
      0.1388888888888889
    ],
    [
      158,
      0.16666666666666666
    ],
    [
      159,
      0.1643835616438356
    ],
    [
      160,
      0.2198952879581152
    ],
    [
