{
  "dataset": "QMSum",
  "num_samples": 200,
  "rouge1": 0.3206918800786098,
  "rouge2": 0.07779561893020065,
  "rougeL": 0.19477590911104156,
  "rougeLsum": 0.19755571831636592,
  "per_sample_rougeL": [
    [
      0,
      0.16143497757847536
    ],
    [
      1,
      0.18536585365853656
    ],
    [
      2,
      0.16748768472906406
    ],
    [
      3,
      0.16666666666666666
    ],
    [
      4,
      0.13333333333333333
    ],
    [
      5,
      0.21875
    ],
    [
      6,
      0.152046783625731
    ],
    [
      7,
      0.18404907975460125
    ],
    [
      8,
      0.1509433962264151
    ],
    [
      9,
      0.1625
    ],
    [
      10,
      0.1702127659574468
    ],
    [
      11,
      0.20792079207920794
    ],
    [
      12,
      0.17105263157894737
    ],
    [
      13,
      0.2358974358974359
    ],
    [
      14,
      0.1722488038277512
    ],
    [
      15,
      0.1923076923076923
    ],
    [
      16,
      0.2200956937799043
    ],
    [
      17,
      0.19540229885057472
    ],
    [
      18,
      0.20437956204379562
    ],
    [
      19,
      0.15116279069767444
    ],
    [
      20,
      0.12790697674418602
    ],
    [
      21,
      0.16352201257861634
    ],
    [
      22,
      0.17543859649122806
    ],
    [
      23,
      0.24691358024691354
    ],
    [
      24,
      0.24210526315789477
    ],
    [
      25,
      0.21367521367521367
    ],
    [
      26,
      0.2045454545454545
    ],
    [
      27,
      0.15286624203821655
    ],
    [
      28,
      0.20202020202020204
    ],
    [
      29,
      0.16666666666666666
    ],
    [
      30,
      0.1711229946524064
    ],
    [
      31,
      0.2054794520547945
    ],
    [
      32,
      0.32804232804232797
    ],
    [
      33,
      0.21212121212121213
    ],
    [
      34,
      0.21656050955414013
    ],
    [
      35,
      0.18848167539267016
    ],
    [
      36,
      0.1871345029239766
    ],
    [
      37,
      0.20105820105820107
    ],
    [
      38,
      0.16107382550335572
    ],
    [
      39,
      0.15172413793103448
    ],
    [
      40,
      0.1791044776119403
    ],
    [
      41,
      0.1881188118811881
    ],
    [
      42,
      0.20560747663551404
    ],
    [
      43,
      0.2117647058823529
    ],
    [
      44,
      0.14942528735632185
    ],
    [
      45,
      0.19047619047619047
    ],
    [
      46,
      0.19900497512437812
    ],
    [
      47,
      0.1649484536082474
    ],
    [
      48,
      0.20689655172413793
    ],
    [
      49,
      0.17543859649122806
    ],
    [
      50,
      0.20930232558139533
    ],
    [
      51,
      0.24186046511627907
    ],
    [
      52,
      0.12987012987012989
    ],
    [
      53,
      0.16470588235294117
    ],
    [
      54,
      0.23728813559322037
    ],
    [
      55,
      0.1904761904761905
    ],
    [
      56,
      0.1568627450980392
    ],
    [
      57,
      0.13186813186813184
    ],
    [
      58,
      0.2458100558659218
    ],
    [
      59,
      0.1711229946524064
    ],
    [
      60,
      0.1477272727272727
    ],
    [
      61,
      0.21468926553672316
    ],
    [
      62,
      0.3025830258302583
    ],
    [
      63,
      0.1744186046511628
    ],
    [
      64,
      0.2206896551724138
    ],
    [
      65,
      0.1986754966887417
    ],
    [
      66,
      0.2295081967213115
    ],
    [
      67,
      0.2304147465437788
    ],
    [
      68,
      0.18681318681318684
    ],
    [
      69,
      0.1787709497206704
    ],
    [
      70,
      0.22972972972972971
    ],
    [
      71,
      0.2
    ],
    [
      72,
      0.16049382716049382
    ],
    [
      73,
      0.18652849740932642
    ],
    [
      74,
      0.18421052631578946
    ],
    [
      75,
      0.2293577981651376
    ],
    [
      76,
      0.15544041450777202
    ],
    [
      77,
      0.10738255033557048
    ],
    [
      78,
      0.22916666666666669
    ],
    [
      79,
      0.1888888888888889
    ],
    [
      80,
      0.15111111111111108
    ],
    [
      81,
      0.17801047120418848
    ],
    [
      82,
      0.19753086419753085
    ],
    [
      83,
      0.2091503267973856
    ],
    [
      84,
      0.1782178217821782
    ],
    [
      85,
      0.2146341463414634
    ],
    [
      86,
      0.22580645161290325
    ],
    [
      87,
      0.2155688622754491
    ],
    [
      88,
      0.1842105263157895
    ],
    [
      89,
      0.23696682464454974
    ],
    [
      90,
      0.2412060301507538
    ],
    [
      91,
      0.1891891891891892
    ],
    [
      92,
      0.18604651162790697
    ],
    [
      93,
      0.23076923076923078
    ],
    [
      94,
      0.1910828025477707
    ],
    [
      95,
      0.19090909090909092
    ],
    [
      96,
      0.2276422764227642
    ],
    [
      97,
      0.28571428571428575
    ],
    [
      98,
      0.1958762886597938
    ],
    [
      99,
      0.21016949152542372
    ],
    [
      100,
      0.19101123595505617
    ],
    [
      101,
      0.2395209580838323
    ],
    [
      102,
      0.22916666666666666
    ],
    [
      103,
      0.22340425531914895
    ],
    [
      104,
      0.2077922077922078
    ],
    [
      105,
      0.28272251308900526
    ],
    [
      106,
      0.18779342723004697
    ],
    [
      107,
      0.2446808510638298
    ],
    [
      108,
      0.26136363636363635
    ],
    [
      109,
      0.20143884892086328
    ],
    [
      110,
      0.16393442622950818
    ],
    [
      111,
      0.20312499999999997
    ],
    [
      112,
      0.27368421052631575
    ],
    [
      113,
      0.2792792792792793
    ],
    [
      114,
      0.24390243902439024
    ],
    [
      115,
      0.12820512820512822
    ],
    [
      116,
      0.15544041450777205
    ],
    [
      117,
      0.21229050279329606
    ],
    [
      118,
      0.17391304347826086
    ],
    [
      119,
      0.19354838709677416
    ],
    [
      120,
      0.19354838709677422
    ],
    [
      121,
      0.1818181818181818
    ],
    [
      122,
      0.15044247787610618
    ],
    [
      123,
      0.24390243902439027
    ],
    [
      124,
      0.11034482758620691
    ],
    [
      125,
      0.17877094972067037
    ],
    [
      126,
      0.22891566265060237
    ],
    [
      127,
      0.20606060606060608
    ],
    [
      128,
      0.30622009569377995
    ],
    [
      129,
      0.2035928143712575
    ],
    [
      130,
      0.15053763440860216
    ],
    [
      131,
      0.147239263803681
    ],
    [
      132,
      0.2282608695652174
    ],
    [
      133,
      0.23287671232876714
    ],
    [
      134,
      0.29090909090909095
    ],
    [
      135,
      0.1935483870967742
    ],
    [
      136,
      0.1893939393939394
    ],
    [
      137,
      0.15294117647058825
    ],
    [
      138,
      0.22459893048128343
    ],
    [
      139,
      0.1325966850828729
    ],
    [
      140,
      0.19540229885057472
    ],
    [
      141,
      0.2594594594594595
    ],
    [
      142,
      0.15311004784688997
    ],
    [
      143,
      0.2262443438914027
    ],
    [
      144,
      0.22448979591836732
    ],
    [
      145,
      0.14634146341463414
    ],
    [
      146,
      0.20952380952380953
    ],
    [
      147,
      0.14893617021276595
    ],
    [
      148,
      0.18181818181818182
    ],
    [
      149,
      0.13714285714285715
    ],
    [
      150,
      0.25274725274725274
    ],
    [
      151,
      0.2358490566037736
    ],
    [
      152,
      0.22033898305084745
    ],
    [
      153,
      0.1476510067114094
    ],
    [
      154,
      0.1643835616438356
    ],
    [
      155,
      0.22727272727272727
    ],
    [
      156,
      0.20588235294117646
    ],
    [
      157,
      0.12949640287769784
    ],
    [
      158,
      0.20320855614973263
    ],
    [
      159,
      0.25301204819277107
    ],
