{
  "dataset": "QMSum",
  "num_samples": 200,
  "rouge1": 0.2945774941405561,
  "rouge2": 0.07011477367343169,
  "rougeL": 0.19193594867605443,
  "rougeLsum": 0.19105957145201857,
  "per_sample_rougeL": [
    [
      0,
      0.20444444444444443
    ],
    [
      1,
      0.2352941176470588
    ],
    [
      2,
      0.1691542288557214
    ],
    [
      3,
      0.16853932584269662
    ],
    [
      4,
      0.10144927536231883
    ],
    [
      5,
      0.2962962962962963
    ],
    [
      6,
      0.16279069767441862
    ],
    [
      7,
      0.16867469879518074
    ],
    [
      8,
      0.17283950617283952
    ],
    [
      9,
      0.13924050632911394
    ],
    [
      10,
      0.19736842105263155
    ],
    [
      11,
      0.2038834951456311
    ],
    [
      12,
      0.17687074829931973
    ],
    [
      13,
      0.24615384615384614
    ],
    [
      14,
      0.215962441314554
    ],
    [
      15,
      0.15
    ],
    [
      16,
      0.19999999999999998
    ],
    [
      17,
      0.21348314606741575
    ],
    [
      18,
      0.12903225806451613
    ],
    [
      19,
      0.18994413407821228
    ],
    [
      20,
      0.16184971098265893
    ],
    [
      21,
      0.1388888888888889
    ],
    [
      22,
      0.16666666666666666
    ],
    [
      23,
      0.23899371069182387
    ],
    [
      24,
      0.20212765957446804
    ],
    [
      25,
      0.2638297872340425
    ],
    [
      26,
      0.23255813953488372
    ],
    [
      27,
      0.14012738853503184
    ],
    [
      28,
      0.18
    ],
    [
      29,
      0.2
    ],
    [
      30,
      0.2282608695652174
    ],
    [
      31,
      0.17567567567567569
    ],
    [
      32,
      0.26666666666666666
    ],
    [
      33,
      0.18999999999999997
    ],
    [
      34,
      0.2236024844720497
    ],
    [
      35,
      0.17258883248730966
    ],
    [
      36,
      0.17045454545454544
    ],
    [
      37,
      0.18461538461538463
    ],
    [
      38,
      0.15686274509803919
    ],
    [
      39,
      0.16551724137931034
    ],
    [
      40,
      0.2079207920792079
    ],
    [
      41,
      0.17937219730941703
    ],
    [
      42,
      0.14746543778801843
    ],
    [
      43,
      0.2441860465116279
    ],
    [
      44,
      0.15568862275449102
    ],
    [
      45,
      0.21428571428571427
    ],
    [
      46,
      0.17910447761194026
    ],
    [
      47,
      0.15458937198067635
    ],
    [
      48,
      0.1965317919075145
    ],
    [
      49,
      0.147239263803681
    ],
    [
      50,
      0.1639344262295082
    ],
    [
      51,
      0.2660550458715596
    ],
    [
      52,
      0.16455696202531647
    ],
    [
      53,
      0.1301775147928994
    ],
    [
      54,
      0.23863636363636356
    ],
    [
      55,
      0.15706806282722513
    ],
    [
      56,
      0.14193548387096774
    ],
    [
      57,
      0.08839779005524862
    ],
    [
      58,
      0.27932960893854747
    ],
    [
      59,
      0.16580310880829016
    ],
    [
      60,
      0.15217391304347824
    ],
    [
      61,
      0.2857142857142857
    ],
    [
      62,
      0.21978021978021978
    ],
    [
      63,
      0.17751479289940827
    ],
    [
      64,
      0.1935483870967742
    ],
    [
      65,
      0.15757575757575756
    ],
    [
      66,
      0.2962962962962963
    ],
    [
      67,
      0.20627802690582958
    ],
    [
      68,
      0.15300546448087432
    ],
    [
      69,
      0.20879120879120877
    ],
    [
      70,
      0.20382165605095542
    ],
    [
      71,
      0.17647058823529416
    ],
    [
      72,
      0.17142857142857143
    ],
    [
      73,
      0.22110552763819094
    ],
    [
      74,
      0.15286624203821655
    ],
    [
      75,
      0.2385321100917431
    ],
    [
      76,
      0.1844660194174757
    ],
    [
      77,
      0.11842105263157895
    ],
    [
      78,
      0.2021276595744681
    ],
    [
      79,
      0.14285714285714285
    ],
    [
      80,
      0.17467248908296942
    ],
    [
      81,
      0.18848167539267013
    ],
    [
      82,
      0.20408163265306123
    ],
    [
      83,
      0.14906832298136646
    ],
    [
      84,
      0.15533980582524273
    ],
    [
      85,
      0.22000000000000003
    ],
    [
      86,
      0.1953125
    ],
    [
      87,
      0.22222222222222224
    ],
    [
      88,
      0.22510822510822512
    ],
    [
      89,
      0.19138755980861244
    ],
    [
      90,
      0.24365482233502542
    ],
    [
      91,
      0.14473684210526316
    ],
    [
      92,
      0.1744186046511628
    ],
    [
      93,
      0.2222222222222222
    ],
    [
      94,
      0.1652892561983471
    ],
    [
      95,
      0.19469026548672566
    ],
    [
      96,
      0.20408163265306123
    ],
    [
      97,
      0.2962962962962963
    ],
    [
      98,
      0.173469387755102
    ],
    [
      99,
      0.20761245674740483
    ],
    [
      100,
      0.22950819672131145
    ],
    [
      101,
      0.23030303030303031
    ],
    [
      102,
      0.22797927461139897
    ],
    [
      103,
      0.2222222222222222
    ],
    [
      104,
      0.18181818181818182
    ],
    [
      105,
      0.17112299465240643
    ],
    [
      106,
      0.1735159817351598
    ],
    [
      107,
      0.23036649214659685
    ],
    [
      108,
      0.22598870056497175
    ],
    [
      109,
      0.14864864864864866
    ],
    [
      110,
      0.21164021164021163
    ],
    [
      111,
      0.1893939393939394
    ],
    [
      112,
      0.2842105263157894
    ],
    [
      113,
      0.228310502283105
    ],
    [
      114,
      0.23868312757201643
    ],
    [
      115,
      0.1794871794871795
    ],
    [
      116,
      0.1958762886597938
    ],
    [
      117,
      0.19209039548022597
    ],
    [
      118,
      0.16249999999999998
    ],
    [
      119,
      0.16666666666666666
    ],
    [
      120,
      0.16483516483516483
    ],
    [
      121,
      0.1878453038674033
    ],
    [
      122,
      0.15111111111111108
    ],
    [
      123,
      0.24271844660194175
    ],
    [
      124,
      0.10884353741496597
    ],
    [
      125,
      0.18579234972677597
    ],
    [
      126,
      0.20987654320987656
    ],
    [
      127,
      0.2485207100591716
    ],
    [
      128,
      0.24413145539906103
    ],
    [
      129,
      0.17073170731707316
    ],
    [
      130,
      0.15625
    ],
    [
      131,
      0.11042944785276074
    ],
    [
      132,
      0.21739130434782608
    ],
    [
      133,
      0.10596026490066225
    ],
    [
      134,
      0.2589285714285714
    ],
    [
      135,
      0.1527777777777778
    ],
    [
      136,
      0.18656716417910446
    ],
    [
      137,
      0.15028901734104044
    ],
    [
      138,
      0.23404255319148937
    ],
    [
      139,
      0.111731843575419
    ],
    [
      140,
      0.17341040462427745
    ],
    [
      141,
      0.3529411764705882
    ],
    [
      142,
      0.14953271028037385
    ],
    [
      143,
      0.23893805309734514
    ],
    [
      144,
      0.233502538071066
    ],
    [
      145,
      0.18867924528301885
    ],
    [
      146,
      0.23364485981308414
    ],
    [
      147,
      0.22105263157894736
    ],
    [
      148,
      0.1388888888888889
    ],
    [
      149,
      0.13793103448275862
    ],
    [
      150,
      0.1798941798941799
    ],
    [
      151,
      0.27358490566037735
    ],
    [
      152,
      0.2622950819672131
    ],
    [
      153,
      0.17948717948717952
    ],
    [
      154,
      0.1891891891891892
    ],
    [
      155,
      0.17679558011049726
    ],
    [
      156,
      0.1782178217821782
    ],
    [
      157,
      0.15172413793103448
    ],
    [
      158,
      0.1978021978021978
    ],
    [
      159,
      0.1739130434782609
    ],
    [
      160,
