{
  "dataset": "QMSum",
  "num_samples": 200,
  "rouge1": 0.31910756060405654,
  "rouge2": 0.07328916480270531,
  "rougeL": 0.18755432267607247,
  "rougeLsum": 0.19259593199361877,
  "per_sample_rougeL": [
    [
      0,
      0.20814479638009048
    ],
    [
      1,
      0.22797927461139897
    ],
    [
      2,
      0.160427807486631
    ],
    [
      3,
      0.19999999999999998
    ],
    [
      4,
      0.14814814814814817
    ],
    [
      5,
      0.2901554404145078
    ],
    [
      6,
      0.1566265060240964
    ],
    [
      7,
      0.19631901840490798
    ],
    [
      8,
      0.12903225806451613
    ],
    [
      9,
      0.141025641025641
    ],
    [
      10,
      0.23129251700680273
    ],
    [
      11,
      0.24242424242424243
    ],
    [
      12,
      0.17391304347826086
    ],
    [
      13,
      0.24875621890547267
    ],
    [
      14,
      0.19811320754716982
    ],
    [
      15,
      0.214765100671141
    ],
    [
      16,
      0.18536585365853658
    ],
    [
      17,
      0.11560693641618497
    ],
    [
      18,
      0.14339622641509434
    ],
    [
      19,
      0.1226993865030675
    ],
    [
      20,
      0.1286549707602339
    ],
    [
      21,
      0.23376623376623376
    ],
    [
      22,
      0.14035087719298245
    ],
    [
      23,
      0.22666666666666668
    ],
    [
      24,
      0.23280423280423282
    ],
    [
      25,
      0.19383259911894274
    ],
    [
      26,
      0.17857142857142855
    ],
    [
      27,
      0.16438356164383564
    ],
    [
      28,
      0.17346938775510204
    ],
    [
      29,
      0.18404907975460122
    ],
    [
      30,
      0.16184971098265896
    ],
    [
      31,
      0.15172413793103448
    ],
    [
      32,
      0.3118279569892473
    ],
    [
      33,
      0.1809045226130653
    ],
    [
      34,
      0.19047619047619047
    ],
    [
      35,
      0.17989417989417988
    ],
    [
      36,
      0.1871345029239766
    ],
    [
      37,
      0.20224719101123595
    ],
    [
      38,
      0.15584415584415584
    ],
    [
      39,
      0.1643835616438356
    ],
    [
      40,
      0.16000000000000003
    ],
    [
      41,
      0.15458937198067632
    ],
    [
      42,
      0.14354066985645933
    ],
    [
      43,
      0.19512195121951217
    ],
    [
      44,
      0.1871345029239766
    ],
    [
      45,
      0.24844720496894407
    ],
    [
      46,
      0.1407035175879397
    ],
    [
      47,
      0.21538461538461537
    ],
    [
      48,
      0.18750000000000003
    ],
    [
      49,
      0.15476190476190477
    ],
    [
      50,
      0.17543859649122806
    ],
    [
      51,
      0.20754716981132076
    ],
    [
      52,
      0.16901408450704228
    ],
    [
      53,
      0.152046783625731
    ],
    [
      54,
      0.2331288343558282
    ],
    [
      55,
      0.1693121693121693
    ],
    [
      56,
      0.15894039735099336
    ],
    [
      57,
      0.13253012048192772
    ],
    [
      58,
      0.25
    ],
    [
      59,
      0.20879120879120877
    ],
    [
      60,
      0.19565217391304346
    ],
    [
      61,
      0.2375
    ],
    [
      62,
      0.21455938697318008
    ],
    [
      63,
      0.14906832298136646
    ],
    [
      64,
      0.20979020979020982
    ],
    [
      65,
      0.18867924528301885
    ],
    [
      66,
      0.19101123595505617
    ],
    [
      67,
      0.182648401826484
    ],
    [
      68,
      0.21164021164021163
    ],
    [
      69,
      0.20338983050847456
    ],
    [
      70,
      0.25333333333333335
    ],
    [
      71,
      0.2151898734177215
    ],
    [
      72,
      0.24489795918367346
    ],
    [
      73,
      0.18090452261306536
    ],
    [
      74,
      0.15999999999999998
    ],
    [
      75,
      0.19138755980861244
    ],
    [
      76,
      0.16999999999999998
    ],
    [
      77,
      0.1294964028776978
    ],
    [
      78,
      0.2087912087912088
    ],
    [
      79,
      0.192090395480226
    ],
    [
      80,
      0.14883720930232555
    ],
    [
      81,
      0.1893491124260355
    ],
    [
      82,
      0.18930041152263374
    ],
    [
      83,
      0.22666666666666666
    ],
    [
      84,
      0.18627450980392152
    ],
    [
      85,
      0.1941747572815534
    ],
    [
      86,
      0.19327731092436976
    ],
    [
      87,
      0.2235294117647059
    ],
    [
      88,
      0.23580786026200876
    ],
    [
      89,
      0.2966507177033493
    ],
    [
      90,
      0.2
    ],
    [
      91,
      0.13793103448275862
    ],
    [
      92,
      0.19047619047619047
    ],
    [
      93,
      0.20869565217391306
    ],
    [
      94,
      0.2206896551724138
    ],
    [
      95,
      0.18099547511312217
    ],
    [
      96,
      0.1728395061728395
    ],
    [
      97,
      0.2727272727272727
    ],
    [
      98,
      0.21649484536082472
    ],
    [
      99,
      0.16370106761565836
    ],
    [
      100,
      0.16853932584269662
    ],
    [
      101,
      0.17500000000000002
    ],
    [
      102,
      0.2072538860103627
    ],
    [
      103,
      0.22950819672131145
    ],
    [
      104,
      0.16666666666666666
    ],
    [
      105,
      0.1978021978021978
    ],
    [
      106,
      0.228310502283105
    ],
    [
      107,
      0.17777777777777773
    ],
    [
      108,
      0.22352941176470587
    ],
    [
      109,
      0.1891891891891892
    ],
    [
      110,
      0.13978494623655913
    ],
    [
      111,
      0.1935483870967742
    ],
    [
      112,
      0.27368421052631575
    ],
    [
      113,
      0.18009478672985782
    ],
    [
      114,
      0.20242914979757085
    ],
    [
      115,
      0.13605442176870747
    ],
    [
      116,
      0.1948717948717949
    ],
    [
      117,
      0.21714285714285717
    ],
    [
      118,
      0.17687074829931973
    ],
    [
      119,
      0.16993464052287582
    ],
    [
      120,
      0.15384615384615385
    ],
    [
      121,
      0.1988304093567252
    ],
    [
      122,
      0.13452914798206278
    ],
    [
      123,
      0.1256544502617801
    ],
    [
      124,
      0.18181818181818182
    ],
    [
      125,
      0.16574585635359115
    ],
    [
      126,
      0.1923076923076923
    ],
    [
      127,
      0.16901408450704225
    ],
    [
      128,
      0.39805825242718446
    ],
    [
      129,
      0.20253164556962025
    ],
    [
      130,
      0.17297297297297298
    ],
    [
      131,
      0.14457831325301204
    ],
    [
      132,
      0.21978021978021978
    ],
    [
      133,
      0.22818791946308725
    ],
    [
      134,
      0.15165876777251186
    ],
    [
      135,
      0.16993464052287582
    ],
    [
      136,
      0.14671814671814673
    ],
    [
      137,
      0.15950920245398773
    ],
    [
      138,
      0.20212765957446807
    ],
    [
      139,
      0.1477272727272727
    ],
    [
      140,
      0.1111111111111111
    ],
    [
      141,
      0.35555555555555557
    ],
    [
      142,
      0.1846153846153846
    ],
    [
      143,
      0.1767441860465116
    ],
    [
      144,
      0.15053763440860213
    ],
    [
      145,
      0.1518987341772152
    ],
    [
      146,
      0.3004694835680751
    ],
    [
      147,
      0.20652173913043476
    ],
    [
      148,
      0.19117647058823528
    ],
    [
      149,
      0.15294117647058825
    ],
    [
      150,
      0.2573099415204678
    ],
    [
      151,
      0.17391304347826086
    ],
    [
      152,
      0.14285714285714288
    ],
    [
      153,
      0.13157894736842107
    ],
    [
      154,
      0.20547945205479454
    ],
    [
      155,
      0.18497109826589594
    ],
    [
      156,
      0.16585365853658535
    ],
    [
      157,
      0.12949640287769784
    ],
    [
      158,
      0.18497109826589594
    ],
    [
      159,
      0.2597402597402597
    ],
