{
  "dataset": "QMSum",
  "num_samples": 200,
  "rouge1": 0.3231257445305663,
  "rouge2": 0.07749984007627984,
  "rougeL": 0.1963400087790117,
  "rougeLsum": 0.20187475511690756,
  "per_sample_rougeL": [
    [
      0,
      0.1875
    ],
    [
      1,
      0.2660098522167488
    ],
    [
      2,
      0.18181818181818182
    ],
    [
      3,
      0.1889763779527559
    ],
    [
      4,
      0.11851851851851852
    ],
    [
      5,
      0.358974358974359
    ],
    [
      6,
      0.19259259259259257
    ],
    [
      7,
      0.14942528735632182
    ],
    [
      8,
      0.15286624203821655
    ],
    [
      9,
      0.1925925925925926
    ],
    [
      10,
      0.21428571428571427
    ],
    [
      11,
      0.20895522388059698
    ],
    [
      12,
      0.3181818181818182
    ],
    [
      13,
      0.24309392265193372
    ],
    [
      14,
      0.19672131147540983
    ],
    [
      15,
      0.1437908496732026
    ],
    [
      16,
      0.18095238095238095
    ],
    [
      17,
      0.18018018018018017
    ],
    [
      18,
      0.16236162361623616
    ],
    [
      19,
      0.12903225806451615
    ],
    [
      20,
      0.16666666666666669
    ],
    [
      21,
      0.21052631578947367
    ],
    [
      22,
      0.15294117647058825
    ],
    [
      23,
      0.18309859154929578
    ],
    [
      24,
      0.1590909090909091
    ],
    [
      25,
      0.1592920353982301
    ],
    [
      26,
      0.3431952662721894
    ],
    [
      27,
      0.16
    ],
    [
      28,
      0.15920398009950248
    ],
    [
      29,
      0.14035087719298245
    ],
    [
      30,
      0.18079096045197737
    ],
    [
      31,
      0.18055555555555558
    ],
    [
      32,
      0.2328042328042328
    ],
    [
      33,
      0.21212121212121213
    ],
    [
      34,
      0.2482758620689655
    ],
    [
      35,
      0.18811881188118815
    ],
    [
      36,
      0.20833333333333331
    ],
    [
      37,
      0.1752577319587629
    ],
    [
      38,
      0.13333333333333333
    ],
    [
      39,
      0.16326530612244897
    ],
    [
      40,
      0.21348314606741572
    ],
    [
      41,
      0.1339712918660287
    ],
    [
      42,
      0.1477832512315271
    ],
    [
      43,
      0.22485207100591717
    ],
    [
      44,
      0.18181818181818182
    ],
    [
      45,
      0.27272727272727276
    ],
    [
      46,
      0.19095477386934673
    ],
    [
      47,
      0.17258883248730966
    ],
    [
      48,
      0.1807909604519774
    ],
    [
      49,
      0.2790697674418604
    ],
    [
      50,
      0.16766467065868262
    ],
    [
      51,
      0.2752293577981651
    ],
    [
      52,
      0.15384615384615385
    ],
    [
      53,
      0.16470588235294117
    ],
    [
      54,
      0.25531914893617025
    ],
    [
      55,
      0.17877094972067042
    ],
    [
      56,
      0.19047619047619047
    ],
    [
      57,
      0.0813953488372093
    ],
    [
      58,
      0.3243243243243243
    ],
    [
      59,
      0.16393442622950818
    ],
    [
      60,
      0.17094017094017094
    ],
    [
      61,
      0.21965317919075142
    ],
    [
      62,
      0.31111111111111117
    ],
    [
      63,
      0.19540229885057472
    ],
    [
      64,
      0.19444444444444445
    ],
    [
      65,
      0.2954545454545454
    ],
    [
      66,
      0.192090395480226
    ],
    [
      67,
      0.24186046511627904
    ],
    [
      68,
      0.2074074074074074
    ],
    [
      69,
      0.16853932584269662
    ],
    [
      70,
      0.16666666666666666
    ],
    [
      71,
      0.17857142857142858
    ],
    [
      72,
      0.31932773109243695
    ],
    [
      73,
      0.1948717948717949
    ],
    [
      74,
      0.21487603305785122
    ],
    [
      75,
      0.2790697674418604
    ],
    [
      76,
      0.18
    ],
    [
      77,
      0.15894039735099338
    ],
    [
      78,
      0.25165562913907286
    ],
    [
      79,
      0.13333333333333333
    ],
    [
      80,
      0.16666666666666666
    ],
    [
      81,
      0.17894736842105263
    ],
    [
      82,
      0.22321428571428573
    ],
    [
      83,
      0.2033898305084746
    ],
    [
      84,
      0.13658536585365855
    ],
    [
      85,
      0.24742268041237114
    ],
    [
      86,
      0.2655601659751038
    ],
    [
      87,
      0.1830065359477124
    ],
    [
      88,
      0.15642458100558662
    ],
    [
      89,
      0.2692307692307693
    ],
    [
      90,
      0.21505376344086022
    ],
    [
      91,
      0.145985401459854
    ],
    [
      92,
      0.16568047337278108
    ],
    [
      93,
      0.2445414847161572
    ],
    [
      94,
      0.24161073825503354
    ],
    [
      95,
      0.2336448598130841
    ],
    [
      96,
      0.21834061135371177
    ],
    [
      97,
      0.2
    ],
    [
      98,
      0.16666666666666666
    ],
    [
      99,
      0.22307692307692303
    ],
    [
      100,
      0.16279069767441862
    ],
    [
      101,
      0.2222222222222222
    ],
    [
      102,
      0.2264150943396226
    ],
    [
      103,
      0.3157894736842105
    ],
    [
      104,
      0.2077922077922078
    ],
    [
      105,
      0.26315789473684215
    ],
    [
      106,
      0.18918918918918917
    ],
    [
      107,
      0.22950819672131148
    ],
    [
      108,
      0.22222222222222224
    ],
    [
      109,
      0.18543046357615894
    ],
    [
      110,
      0.15384615384615385
    ],
    [
      111,
      0.2134387351778656
    ],
    [
      112,
      0.21390374331550802
    ],
    [
      113,
      0.28571428571428575
    ],
    [
      114,
      0.32653061224489793
    ],
    [
      115,
      0.17687074829931973
    ],
    [
      116,
      0.18579234972677594
    ],
    [
      117,
      0.16
    ],
    [
      118,
      0.125
    ],
    [
      119,
      0.21621621621621623
    ],
    [
      120,
      0.16279069767441862
    ],
    [
      121,
      0.2248520710059172
    ],
    [
      122,
      0.12093023255813953
    ],
    [
      123,
      0.22085889570552147
    ],
    [
      124,
      0.10884353741496597
    ],
    [
      125,
      0.14102564102564102
    ],
    [
      126,
      0.2236842105263158
    ],
    [
      127,
      0.1527777777777778
    ],
    [
      128,
      0.41414141414141414
    ],
    [
      129,
      0.24427480916030533
    ],
    [
      130,
      0.14973262032085563
    ],
    [
      131,
      0.13071895424836602
    ],
    [
      132,
      0.22666666666666668
    ],
    [
      133,
      0.2027027027027027
    ],
    [
      134,
      0.24770642201834864
    ],
    [
      135,
      0.11510791366906474
    ],
    [
      136,
      0.1590909090909091
    ],
    [
      137,
      0.17964071856287425
    ],
    [
      138,
      0.1935483870967742
    ],
    [
      139,
      0.15757575757575756
    ],
    [
      140,
      0.19318181818181818
    ],
    [
      141,
      0.24175824175824173
    ],
    [
      142,
      0.21698113207547168
    ],
    [
      143,
      0.18181818181818182
    ],
    [
      144,
      0.20652173913043476
    ],
    [
      145,
      0.16
    ],
    [
      146,
      0.175609756097561
    ],
    [
      147,
      0.13978494623655915
    ],
    [
      148,
      0.14925373134328357
    ],
    [
      149,
      0.16766467065868262
    ],
    [
      150,
      0.26519337016574585
    ],
    [
      151,
      0.20952380952380953
    ],
    [
      152,
      0.20689655172413796
    ],
    [
      153,
      0.16107382550335572
    ],
    [
      154,
      0.1702127659574468
    ],
    [
      155,
      0.18681318681318682
    ],
    [
      156,
      0.21212121212121213
    ],
    [
      157,
      0.14173228346456693
    ],
    [
      158,
      0.21468926553672316
    ],
    [
      159,
      0.2619047619047619
    ],
    [
      160,
      0.20192307692307693
    ],
    [
