{
  "dataset": "QMSum",
  "num_samples": 200,
  "rouge1": 0.2955811284991876,
  "rouge2": 0.06771005666712582,
  "rougeL": 0.17570639370388508,
  "rougeLsum": 0.19250415235690088,
  "per_sample_rougeL": [
    [
      0,
      0.1900452488687783
    ],
    [
      1,
      0.2153846153846154
    ],
    [
      2,
      0.17708333333333331
    ],
    [
      3,
      0.16470588235294117
    ],
    [
      4,
      0.11111111111111112
    ],
    [
      5,
      0.14545454545454548
    ],
    [
      6,
      0.15476190476190477
    ],
    [
      7,
      0.13664596273291926
    ],
    [
      8,
      0.14285714285714285
    ],
    [
      9,
      0.1656050955414013
    ],
    [
      10,
      0.20547945205479454
    ],
    [
      11,
      0.26
    ],
    [
      12,
      0.25
    ],
    [
      13,
      0.20725388601036268
    ],
    [
      14,
      0.1588785046728972
    ],
    [
      15,
      0.1437908496732026
    ],
    [
      16,
      0.18905472636815918
    ],
    [
      17,
      0.19653179190751446
    ],
    [
      18,
      0.1865671641791045
    ],
    [
      19,
      0.16568047337278108
    ],
    [
      20,
      0.11764705882352941
    ],
    [
      21,
      0.14598540145985403
    ],
    [
      22,
      0.0975609756097561
    ],
    [
      23,
      0.17105263157894737
    ],
    [
      24,
      0.2197802197802198
    ],
    [
      25,
      0.18264840182648404
    ],
    [
      26,
      0.07453416149068323
    ],
    [
      27,
      0.22535211267605634
    ],
    [
      28,
      0.16494845360824742
    ],
    [
      29,
      0.11320754716981132
    ],
    [
      30,
      0.17341040462427745
    ],
    [
      31,
      0.16901408450704225
    ],
    [
      32,
      0.23958333333333334
    ],
    [
      33,
      0.23469387755102042
    ],
    [
      34,
      0.2641509433962264
    ],
    [
      35,
      0.163265306122449
    ],
    [
      36,
      0.1728395061728395
    ],
    [
      37,
      0.1595744680851064
    ],
    [
      38,
      0.15172413793103448
    ],
    [
      39,
      0.15602836879432622
    ],
    [
      40,
      0.18367346938775508
    ],
    [
      41,
      0.14492753623188404
    ],
    [
      42,
      0.10576923076923077
    ],
    [
      43,
      0.2331288343558282
    ],
    [
      44,
      0.13664596273291926
    ],
    [
      45,
      0.3680981595092025
    ],
    [
      46,
      0.15920398009950248
    ],
    [
      47,
      0.12244897959183675
    ],
    [
      48,
      0.14942528735632185
    ],
    [
      49,
      0.19047619047619047
    ],
    [
      50,
      0.18823529411764708
    ],
    [
      51,
      0.21256038647342992
    ],
    [
      52,
      0.18867924528301888
    ],
    [
      53,
      0.18285714285714286
    ],
    [
      54,
      0.25
    ],
    [
      55,
      0.143646408839779
    ],
    [
      56,
      0.1699346405228758
    ],
    [
      57,
      0.10588235294117647
    ],
    [
      58,
      0.2430939226519337
    ],
    [
      59,
      0.20105820105820105
    ],
    [
      60,
      0.19318181818181818
    ],
    [
      61,
      0.1604938271604938
    ],
    [
      62,
      0.29104477611940294
    ],
    [
      63,
      0.12658227848101264
    ],
    [
      64,
      0.2014388489208633
    ],
    [
      65,
      0.21192052980132448
    ],
    [
      66,
      0.18604651162790697
    ],
    [
      67,
      0.1895734597156398
    ],
    [
      68,
      0.11764705882352942
    ],
    [
      69,
      0.26666666666666666
    ],
    [
      70,
      0.2638888888888889
    ],
    [
      71,
      0.15827338129496404
    ],
    [
      72,
      0.15172413793103448
    ],
    [
      73,
      0.20833333333333334
    ],
    [
      74,
      0.16901408450704225
    ],
    [
      75,
      0.1206030150753769
    ],
    [
      76,
      0.11702127659574468
    ],
    [
      77,
      0.15267175572519082
    ],
    [
      78,
      0.1968911917098446
    ],
    [
      79,
      0.13580246913580246
    ],
    [
      80,
      0.17511520737327188
    ],
    [
      81,
      0.1878453038674033
    ],
    [
      82,
      0.19327731092436976
    ],
    [
      83,
      0.21476510067114093
    ],
    [
      84,
      0.20304568527918782
    ],
    [
      85,
      0.17733990147783252
    ],
    [
      86,
      0.17073170731707318
    ],
    [
      87,
      0.18497109826589592
    ],
    [
      88,
      0.2260869565217391
    ],
    [
      89,
      0.39408866995073893
    ],
    [
      90,
      0.21989528795811517
    ],
    [
      91,
      0.11428571428571427
    ],
    [
      92,
      0.136986301369863
    ],
    [
      93,
      0.17467248908296945
    ],
    [
      94,
      0.2027027027027027
    ],
    [
      95,
      0.20909090909090908
    ],
    [
      96,
      0.14655172413793102
    ],
    [
      97,
      0.11464968152866242
    ],
    [
      98,
      0.22797927461139897
    ],
    [
      99,
      0.20216606498194947
    ],
    [
      100,
      0.16
    ],
    [
      101,
      0.2064516129032258
    ],
    [
      102,
      0.13829787234042554
    ],
    [
      103,
      0.17441860465116277
    ],
    [
      104,
      0.20689655172413793
    ],
    [
      105,
      0.2872340425531915
    ],
    [
      106,
      0.19090909090909092
    ],
    [
      107,
      0.17777777777777773
    ],
    [
      108,
      0.20689655172413793
    ],
    [
      109,
      0.18055555555555552
    ],
    [
      110,
      0.143646408839779
    ],
    [
      111,
      0.22134387351778653
    ],
    [
      112,
      0.1978021978021978
    ],
    [
      113,
      0.198019801980198
    ],
    [
      114,
      0.25941422594142266
    ],
    [
      115,
      0.16901408450704225
    ],
    [
      116,
      0.16753926701570682
    ],
    [
      117,
      0.16666666666666666
    ],
    [
      118,
      0.10666666666666666
    ],
    [
      119,
      0.17105263157894737
    ],
    [
      120,
      0.14035087719298245
    ],
    [
      121,
      0.1581920903954802
    ],
    [
      122,
      0.14814814814814817
    ],
    [
      123,
      0.18556701030927836
    ],
    [
      124,
      0.13986013986013987
    ],
    [
      125,
      0.17751479289940827
    ],
    [
      126,
      0.18181818181818182
    ],
    [
      127,
      0.14569536423841062
    ],
    [
      128,
      0.15544041450777202
    ],
    [
      129,
      0.2077922077922078
    ],
    [
      130,
      0.17204301075268816
    ],
    [
      131,
      0.1176470588235294
    ],
    [
      132,
      0.20111731843575417
    ],
    [
      133,
      0.1111111111111111
    ],
    [
      134,
      0.17224880382775118
    ],
    [
      135,
      0.07246376811594202
    ],
    [
      136,
      0.1349206349206349
    ],
    [
      137,
      0.14285714285714285
    ],
    [
      138,
      0.22222222222222224
    ],
    [
      139,
      0.12972972972972974
    ],
    [
      140,
      0.14473684210526316
    ],
    [
      141,
      0.3502824858757062
    ],
    [
      142,
      0.16346153846153846
    ],
    [
      143,
      0.18604651162790697
    ],
    [
      144,
      0.14207650273224043
    ],
    [
      145,
      0.1699346405228758
    ],
    [
      146,
      0.2058823529411765
    ],
    [
      147,
      0.1587301587301587
    ],
    [
      148,
      0.11764705882352941
    ],
    [
      149,
      0.13333333333333333
    ],
    [
      150,
      0.1460674157303371
    ],
    [
      151,
      0.13333333333333336
    ],
    [
      152,
      0.06299212598425197
    ],
    [
      153,
      0.10596026490066225
    ],
    [
      154,
      0.1931034482758621
    ],
    [
      155,
      0.23030303030303031
    ],
    [
      156,
      0.13793103448275865
    ],
    [
      157,
      0.14925373134328357
    ],
    [
      158,
      0.16666666666666666
    ],
    [
      159,
      0.10191082802547771
    ],
    [
