{
  "dataset": "QMSum",
  "num_samples": 200,
  "rouge1": 0.29292896385915457,
  "rouge2": 0.06594958833430044,
  "rougeL": 0.1880428932950764,
  "rougeLsum": 0.18741900524547783,
  "per_sample_rougeL": [
    [
      0,
      0.12264150943396226
    ],
    [
      1,
      0.24154589371980678
    ],
    [
      2,
      0.1890547263681592
    ],
    [
      3,
      0.18888888888888886
    ],
    [
      4,
      0.10218978102189781
    ],
    [
      5,
      0.2736842105263158
    ],
    [
      6,
      0.16279069767441862
    ],
    [
      7,
      0.14906832298136646
    ],
    [
      8,
      0.20125786163522014
    ],
    [
      9,
      0.14193548387096774
    ],
    [
      10,
      0.2040816326530612
    ],
    [
      11,
      0.2058823529411765
    ],
    [
      12,
      0.14285714285714285
    ],
    [
      13,
      0.27
    ],
    [
      14,
      0.18433179723502308
    ],
    [
      15,
      0.1518987341772152
    ],
    [
      16,
      0.19999999999999998
    ],
    [
      17,
      0.1694915254237288
    ],
    [
      18,
      0.15272727272727274
    ],
    [
      19,
      0.1888888888888889
    ],
    [
      20,
      0.16184971098265893
    ],
    [
      21,
      0.1388888888888889
    ],
    [
      22,
      0.17241379310344826
    ],
    [
      23,
      0.1875
    ],
    [
      24,
      0.19587628865979378
    ],
    [
      25,
      0.19742489270386265
    ],
    [
      26,
      0.13559322033898305
    ],
    [
      27,
      0.1656050955414013
    ],
    [
      28,
      0.18627450980392152
    ],
    [
      29,
      0.17857142857142855
    ],
    [
      30,
      0.21505376344086022
    ],
    [
      31,
      0.17834394904458598
    ],
    [
      32,
      0.2222222222222222
    ],
    [
      33,
      0.19387755102040813
    ],
    [
      34,
      0.21556886227544914
    ],
    [
      35,
      0.17171717171717168
    ],
    [
      36,
      0.18181818181818182
    ],
    [
      37,
      0.1752577319587629
    ],
    [
      38,
      0.14965986394557823
    ],
    [
      39,
      0.2
    ],
    [
      40,
      0.17085427135678394
    ],
    [
      41,
      0.1875
    ],
    [
      42,
      0.1851851851851852
    ],
    [
      43,
      0.24705882352941178
    ],
    [
      44,
      0.14035087719298245
    ],
    [
      45,
      0.1927710843373494
    ],
    [
      46,
      0.208955223880597
    ],
    [
      47,
      0.16080402010050251
    ],
    [
      48,
      0.1893491124260355
    ],
    [
      49,
      0.18072289156626506
    ],
    [
      50,
      0.17679558011049726
    ],
    [
      51,
      0.228310502283105
    ],
    [
      52,
      0.18543046357615894
    ],
    [
      53,
      0.13095238095238096
    ],
    [
      54,
      0.192090395480226
    ],
    [
      55,
      0.19487179487179487
    ],
    [
      56,
      0.14864864864864863
    ],
    [
      57,
      0.19047619047619047
    ],
    [
      58,
      0.23333333333333334
    ],
    [
      59,
      0.154639175257732
    ],
    [
      60,
      0.16949152542372883
    ],
    [
      61,
      0.18497109826589594
    ],
    [
      62,
      0.22627737226277372
    ],
    [
      63,
      0.20481927710843373
    ],
    [
      64,
      0.1917808219178082
    ],
    [
      65,
      0.2
    ],
    [
      66,
      0.26519337016574585
    ],
    [
      67,
      0.2555066079295154
    ],
    [
      68,
      0.18579234972677594
    ],
    [
      69,
      0.22598870056497175
    ],
    [
      70,
      0.14012738853503184
    ],
    [
      71,
      0.16568047337278105
    ],
    [
      72,
      0.20168067226890757
    ],
    [
      73,
      0.2079207920792079
    ],
    [
      74,
      0.15686274509803924
    ],
    [
      75,
      0.2935779816513761
    ],
    [
      76,
      0.15384615384615383
    ],
    [
      77,
      0.10596026490066225
    ],
    [
      78,
      0.20540540540540542
    ],
    [
      79,
      0.18478260869565216
    ],
    [
      80,
      0.17777777777777778
    ],
    [
      81,
      0.1798941798941799
    ],
    [
      82,
      0.17886178861788618
    ],
    [
      83,
      0.16352201257861634
    ],
    [
      84,
      0.17475728155339806
    ],
    [
      85,
      0.22660098522167488
    ],
    [
      86,
      0.18181818181818182
    ],
    [
      87,
      0.20994475138121546
    ],
    [
      88,
      0.1982758620689655
    ],
    [
      89,
      0.19607843137254904
    ],
    [
      90,
      0.19095477386934673
    ],
    [
      91,
      0.17333333333333334
    ],
    [
      92,
      0.16184971098265896
    ],
    [
      93,
      0.211864406779661
    ],
    [
      94,
      0.20253164556962022
    ],
    [
      95,
      0.20869565217391306
    ],
    [
      96,
      0.23577235772357721
    ],
    [
      97,
      0.26993865030674846
    ],
    [
      98,
      0.17435897435897435
    ],
    [
      99,
      0.20905923344947733
    ],
    [
      100,
      0.23655913978494622
    ],
    [
      101,
      0.17177914110429449
    ],
    [
      102,
      0.26041666666666663
    ],
    [
      103,
      0.19672131147540986
    ],
    [
      104,
      0.163265306122449
    ],
    [
      105,
      0.25510204081632654
    ],
    [
      106,
      0.19909502262443438
    ],
    [
      107,
      0.21761658031088082
    ],
    [
      108,
      0.22727272727272727
    ],
    [
      109,
      0.20270270270270271
    ],
    [
      110,
      0.18181818181818182
    ],
    [
      111,
      0.2677165354330709
    ],
    [
      112,
      0.11904761904761907
    ],
    [
      113,
      0.19444444444444445
    ],
    [
      114,
      0.30081300813008127
    ],
    [
      115,
      0.21656050955414013
    ],
    [
      116,
      0.14507772020725387
    ],
    [
      117,
      0.17777777777777776
    ],
    [
      118,
      0.1375
    ],
    [
      119,
      0.1420118343195266
    ],
    [
      120,
      0.17297297297297298
    ],
    [
      121,
      0.18888888888888886
    ],
    [
      122,
      0.1688888888888889
    ],
    [
      123,
      0.22439024390243903
    ],
    [
      124,
      0.0958904109589041
    ],
    [
      125,
      0.2087912087912088
    ],
    [
      126,
      0.15950920245398773
    ],
    [
      127,
      0.16470588235294117
    ],
    [
      128,
      0.2403846153846154
    ],
    [
      129,
      0.20731707317073172
    ],
    [
      130,
      0.14973262032085563
    ],
    [
      131,
      0.13496932515337423
    ],
    [
      132,
      0.18681318681318682
    ],
    [
      133,
      0.03821656050955414
    ],
    [
      134,
      0.22522522522522523
    ],
    [
      135,
      0.14285714285714285
    ],
    [
      136,
      0.19011406844106465
    ],
    [
      137,
      0.17341040462427748
    ],
    [
      138,
      0.22459893048128343
    ],
    [
      139,
      0.1092896174863388
    ],
    [
      140,
      0.17142857142857143
    ],
    [
      141,
      0.3529411764705882
    ],
    [
      142,
      0.16666666666666669
    ],
    [
      143,
      0.2577777777777778
    ],
    [
      144,
      0.2121212121212121
    ],
    [
      145,
      0.16149068322981366
    ],
    [
      146,
      0.2685185185185185
    ],
    [
      147,
      0.16666666666666666
    ],
    [
      148,
      0.13986013986013984
    ],
    [
      149,
      0.12429378531073446
    ],
    [
      150,
      0.1497326203208556
    ],
    [
      151,
      0.22549019607843138
    ],
    [
      152,
      0.12403100775193797
    ],
    [
      153,
      0.15714285714285714
    ],
    [
      154,
      0.1904761904761905
    ],
    [
      155,
      0.20000000000000004
    ],
    [
      156,
      0.18357487922705315
    ],
    [
      157,
      0.13986013986013984
    ],
    [
      158,
      0.23076923076923078
    ],
    [
      159,
      0.16666666666666669
    ],
    [
      160,
