{
  "dataset": "QMSum",
  "num_samples": 200,
  "rouge1": 0.31893885180147374,
  "rouge2": 0.07354039591198494,
  "rougeL": 0.18741759770176358,
  "rougeLsum": 0.191763618115053,
  "per_sample_rougeL": [
    [
      0,
      0.17117117117117117
    ],
    [
      1,
      0.24615384615384614
    ],
    [
      2,
      0.15228426395939085
    ],
    [
      3,
      0.17341040462427748
    ],
    [
      4,
      0.12121212121212122
    ],
    [
      5,
      0.3020833333333333
    ],
    [
      6,
      0.17647058823529413
    ],
    [
      7,
      0.2035928143712575
    ],
    [
      8,
      0.11538461538461538
    ],
    [
      9,
      0.15483870967741936
    ],
    [
      10,
      0.22222222222222224
    ],
    [
      11,
      0.21105527638190952
    ],
    [
      12,
      0.20270270270270271
    ],
    [
      13,
      0.26666666666666666
    ],
    [
      14,
      0.25471698113207547
    ],
    [
      15,
      0.24516129032258066
    ],
    [
      16,
      0.1407035175879397
    ],
    [
      17,
      0.19318181818181818
    ],
    [
      18,
      0.1992619926199262
    ],
    [
      19,
      0.1871345029239766
    ],
    [
      20,
      0.11428571428571427
    ],
    [
      21,
      0.16049382716049385
    ],
    [
      22,
      0.20689655172413793
    ],
    [
      23,
      0.2127659574468085
    ],
    [
      24,
      0.21761658031088082
    ],
    [
      25,
      0.19090909090909092
    ],
    [
      26,
      0.22360248447204972
    ],
    [
      27,
      0.1710526315789474
    ],
    [
      28,
      0.155440414507772
    ],
    [
      29,
      0.1987577639751553
    ],
    [
      30,
      0.12716763005780343
    ],
    [
      31,
      0.1643835616438356
    ],
    [
      32,
      0.31250000000000006
    ],
    [
      33,
      0.1890547263681592
    ],
    [
      34,
      0.2303030303030303
    ],
    [
      35,
      0.15873015873015875
    ],
    [
      36,
      0.15294117647058825
    ],
    [
      37,
      0.1748633879781421
    ],
    [
      38,
      0.17333333333333334
    ],
    [
      39,
      0.18571428571428572
    ],
    [
      40,
      0.15075376884422112
    ],
    [
      41,
      0.20304568527918782
    ],
    [
      42,
      0.15228426395939088
    ],
    [
      43,
      0.1739130434782609
    ],
    [
      44,
      0.2
    ],
    [
      45,
      0.21951219512195122
    ],
    [
      46,
      0.1649484536082474
    ],
    [
      47,
      0.16753926701570682
    ],
    [
      48,
      0.17441860465116277
    ],
    [
      49,
      0.1893491124260355
    ],
    [
      50,
      0.15819209039548024
    ],
    [
      51,
      0.22119815668202764
    ],
    [
      52,
      0.1917808219178082
    ],
    [
      53,
      0.14285714285714288
    ],
    [
      54,
      0.2275449101796407
    ],
    [
      55,
      0.15469613259668508
    ],
    [
      56,
      0.17333333333333334
    ],
    [
      57,
      0.15204678362573099
    ],
    [
      58,
      0.24137931034482757
    ],
    [
      59,
      0.14814814814814814
    ],
    [
      60,
      0.18888888888888886
    ],
    [
      61,
      0.20253164556962028
    ],
    [
      62,
      0.20300751879699247
    ],
    [
      63,
      0.18518518518518515
    ],
    [
      64,
      0.2127659574468085
    ],
    [
      65,
      0.23376623376623376
    ],
    [
      66,
      0.23529411764705882
    ],
    [
      67,
      0.21198156682027652
    ],
    [
      68,
      0.17204301075268819
    ],
    [
      69,
      0.17777777777777776
    ],
    [
      70,
      0.24161073825503354
    ],
    [
      71,
      0.14634146341463414
    ],
    [
      72,
      0.24358974358974356
    ],
    [
      73,
      0.20304568527918784
    ],
    [
      74,
      0.21768707482993196
    ],
    [
      75,
      0.23923444976076555
    ],
    [
      76,
      0.1717171717171717
    ],
    [
      77,
      0.12857142857142856
    ],
    [
      78,
      0.19780219780219782
    ],
    [
      79,
      0.1893491124260355
    ],
    [
      80,
      0.17840375586854457
    ],
    [
      81,
      0.17486338797814208
    ],
    [
      82,
      0.1951219512195122
    ],
    [
      83,
      0.16352201257861634
    ],
    [
      84,
      0.14778325123152708
    ],
    [
      85,
      0.17647058823529413
    ],
    [
      86,
      0.2586206896551724
    ],
    [
      87,
      0.19753086419753085
    ],
    [
      88,
      0.1716738197424893
    ],
    [
      89,
      0.28846153846153844
    ],
    [
      90,
      0.17708333333333334
    ],
    [
      91,
      0.15894039735099338
    ],
    [
      92,
      0.1566265060240964
    ],
    [
      93,
      0.15246636771300448
    ],
    [
      94,
      0.1294964028776978
    ],
    [
      95,
      0.19090909090909092
    ],
    [
      96,
      0.15833333333333335
    ],
    [
      97,
      0.3057324840764331
    ],
    [
      98,
      0.1958762886597938
    ],
    [
      99,
      0.21678321678321677
    ],
    [
      100,
      0.1797752808988764
    ],
    [
      101,
      0.23076923076923078
    ],
    [
      102,
      0.17708333333333334
    ],
    [
      103,
      0.26881720430107525
    ],
    [
      104,
      0.17687074829931973
    ],
    [
      105,
      0.20618556701030927
    ],
    [
      106,
      0.1981981981981982
    ],
    [
      107,
      0.1988950276243094
    ],
    [
      108,
      0.2937853107344633
    ],
    [
      109,
      0.20833333333333334
    ],
    [
      110,
      0.14207650273224043
    ],
    [
      111,
      0.19512195121951217
    ],
    [
      112,
      0.2631578947368421
    ],
    [
      113,
      0.22727272727272727
    ],
    [
      114,
      0.19087136929460582
    ],
    [
      115,
      0.15894039735099336
    ],
    [
      116,
      0.1297297297297297
    ],
    [
      117,
      0.20571428571428568
    ],
    [
      118,
      0.16774193548387098
    ],
    [
      119,
      0.16774193548387098
    ],
    [
      120,
      0.15662650602409642
    ],
    [
      121,
      0.18285714285714286
    ],
    [
      122,
      0.12669683257918551
    ],
    [
      123,
      0.1935483870967742
    ],
    [
      124,
      0.17567567567567566
    ],
    [
      125,
      0.14201183431952663
    ],
    [
      126,
      0.20731707317073172
    ],
    [
      127,
      0.1818181818181818
    ],
    [
      128,
      0.21568627450980393
    ],
    [
      129,
      0.20270270270270271
    ],
    [
      130,
      0.18478260869565216
    ],
    [
      131,
      0.16149068322981366
    ],
    [
      132,
      0.2471910112359551
    ],
    [
      133,
      0.23684210526315788
    ],
    [
      134,
      0.17674418604651163
    ],
    [
      135,
      0.16774193548387095
    ],
    [
      136,
      0.16216216216216217
    ],
    [
      137,
      0.14634146341463414
    ],
    [
      138,
      0.2198952879581152
    ],
    [
      139,
      0.15469613259668508
    ],
    [
      140,
      0.14102564102564102
    ],
    [
      141,
      0.3260869565217392
    ],
    [
      142,
      0.18811881188118812
    ],
    [
      143,
      0.15525114155251143
    ],
    [
      144,
      0.18181818181818185
    ],
    [
      145,
      0.15827338129496404
    ],
    [
      146,
      0.2535211267605634
    ],
    [
      147,
      0.16
    ],
    [
      148,
      0.19548872180451127
    ],
    [
      149,
      0.1301775147928994
    ],
    [
      150,
      0.32786885245901637
    ],
    [
      151,
      0.1941747572815534
    ],
    [
      152,
      0.12030075187969926
    ],
    [
      153,
      0.174496644295302
    ],
    [
      154,
      0.18309859154929578
    ],
    [
      155,
      0.17964071856287428
    ],
    [
      156,
      0.18627450980392155
    ],
    [
      157,
      0.11267605633802816
    ],
    [
      158,
      0.17679558011049723
    ],
    [
      159,
