{
  "dataset": "QMSum",
  "num_samples": 200,
  "rouge1": 0.33340607555545293,
  "rouge2": 0.08655093161298455,
  "rougeL": 0.20610814602701166,
  "rougeLsum": 0.20914031090631705,
  "per_sample_rougeL": [
    [
      0,
      0.1704035874439462
    ],
    [
      1,
      0.22549019607843138
    ],
    [
      2,
      0.16993464052287582
    ],
    [
      3,
      0.15294117647058825
    ],
    [
      4,
      0.1259842519685039
    ],
    [
      5,
      0.25531914893617025
    ],
    [
      6,
      0.18072289156626506
    ],
    [
      7,
      0.1891891891891892
    ],
    [
      8,
      0.1509433962264151
    ],
    [
      9,
      0.11392405063291139
    ],
    [
      10,
      0.17105263157894737
    ],
    [
      11,
      0.1951219512195122
    ],
    [
      12,
      0.2830188679245283
    ],
    [
      13,
      0.3188405797101449
    ],
    [
      14,
      0.2009132420091324
    ],
    [
      15,
      0.1984732824427481
    ],
    [
      16,
      0.19999999999999998
    ],
    [
      17,
      0.16374269005847952
    ],
    [
      18,
      0.2181818181818182
    ],
    [
      19,
      0.1301775147928994
    ],
    [
      20,
      0.13333333333333333
    ],
    [
      21,
      0.30769230769230765
    ],
    [
      22,
      0.19883040935672514
    ],
    [
      23,
      0.24358974358974358
    ],
    [
      24,
      0.24691358024691357
    ],
    [
      25,
      0.2222222222222222
    ],
    [
      26,
      0.4148148148148148
    ],
    [
      27,
      0.16551724137931037
    ],
    [
      28,
      0.2346368715083799
    ],
    [
      29,
      0.17857142857142855
    ],
    [
      30,
      0.1647058823529412
    ],
    [
      31,
      0.1610738255033557
    ],
    [
      32,
      0.25130890052356025
    ],
    [
      33,
      0.19487179487179485
    ],
    [
      34,
      0.2105263157894737
    ],
    [
      35,
      0.1807909604519774
    ],
    [
      36,
      0.15909090909090912
    ],
    [
      37,
      0.22093023255813954
    ],
    [
      38,
      0.1509433962264151
    ],
    [
      39,
      0.15894039735099338
    ],
    [
      40,
      0.17435897435897435
    ],
    [
      41,
      0.1507537688442211
    ],
    [
      42,
      0.13658536585365852
    ],
    [
      43,
      0.2209302325581395
    ],
    [
      44,
      0.14035087719298245
    ],
    [
      45,
      0.25
    ],
    [
      46,
      0.15384615384615385
    ],
    [
      47,
      0.15151515151515152
    ],
    [
      48,
      0.21348314606741572
    ],
    [
      49,
      0.2406015037593985
    ],
    [
      50,
      0.16374269005847955
    ],
    [
      51,
      0.2594594594594595
    ],
    [
      52,
      0.18543046357615894
    ],
    [
      53,
      0.16374269005847952
    ],
    [
      54,
      0.2758620689655173
    ],
    [
      55,
      0.14606741573033707
    ],
    [
      56,
      0.16883116883116883
    ],
    [
      57,
      0.11299435028248588
    ],
    [
      58,
      0.2784810126582279
    ],
    [
      59,
      0.18072289156626503
    ],
    [
      60,
      0.16822429906542055
    ],
    [
      61,
      0.24137931034482757
    ],
    [
      62,
      0.2878228782287823
    ],
    [
      63,
      0.1794871794871795
    ],
    [
      64,
      0.18045112781954886
    ],
    [
      65,
      0.27722772277227725
    ],
    [
      66,
      0.23783783783783785
    ],
    [
      67,
      0.23008849557522124
    ],
    [
      68,
      0.3184713375796179
    ],
    [
      69,
      0.23809523809523808
    ],
    [
      70,
      0.34210526315789475
    ],
    [
      71,
      0.178343949044586
    ],
    [
      72,
      0.31683168316831684
    ],
    [
      73,
      0.163265306122449
    ],
    [
      74,
      0.21538461538461537
    ],
    [
      75,
      0.3105022831050228
    ],
    [
      76,
      0.2099447513812155
    ],
    [
      77,
      0.17777777777777776
    ],
    [
      78,
      0.2268041237113402
    ],
    [
      79,
      0.1954022988505747
    ],
    [
      80,
      0.17777777777777778
    ],
    [
      81,
      0.15957446808510636
    ],
    [
      82,
      0.1864406779661017
    ],
    [
      83,
      0.3300970873786408
    ],
    [
      84,
      0.1717171717171717
    ],
    [
      85,
      0.21518987341772153
    ],
    [
      86,
      0.25423728813559326
    ],
    [
      87,
      0.21487603305785122
    ],
    [
      88,
      0.1921397379912664
    ],
    [
      89,
      0.30917874396135264
    ],
    [
      90,
      0.21538461538461537
    ],
    [
      91,
      0.17105263157894737
    ],
    [
      92,
      0.18791946308724833
    ],
    [
      93,
      0.24561403508771928
    ],
    [
      94,
      0.22818791946308725
    ],
    [
      95,
      0.19090909090909092
    ],
    [
      96,
      0.18775510204081633
    ],
    [
      97,
      0.29931972789115646
    ],
    [
      98,
      0.1752577319587629
    ],
    [
      99,
      0.18815331010452963
    ],
    [
      100,
      0.2282608695652174
    ],
    [
      101,
      0.21818181818181817
    ],
    [
      102,
      0.22929936305732485
    ],
    [
      103,
      0.29411764705882354
    ],
    [
      104,
      0.21311475409836064
    ],
    [
      105,
      0.29473684210526313
    ],
    [
      106,
      0.17117117117117114
    ],
    [
      107,
      0.2077922077922078
    ],
    [
      108,
      0.2906976744186046
    ],
    [
      109,
      0.1917808219178082
    ],
    [
      110,
      0.2119205298013245
    ],
    [
      111,
      0.2222222222222222
    ],
    [
      112,
      0.12359550561797754
    ],
    [
      113,
      0.27555555555555555
    ],
    [
      114,
      0.2113821138211382
    ],
    [
      115,
      0.1388888888888889
    ],
    [
      116,
      0.1925925925925926
    ],
    [
      117,
      0.22222222222222224
    ],
    [
      118,
      0.13605442176870747
    ],
    [
      119,
      0.22929936305732485
    ],
    [
      120,
      0.1956521739130435
    ],
    [
      121,
      0.22666666666666666
    ],
    [
      122,
      0.1704035874439462
    ],
    [
      123,
      0.22439024390243903
    ],
    [
      124,
      0.1313868613138686
    ],
    [
      125,
      0.1988304093567251
    ],
    [
      126,
      0.22754491017964074
    ],
    [
      127,
      0.13253012048192772
    ],
    [
      128,
      0.24875621890547261
    ],
    [
      129,
      0.18404907975460122
    ],
    [
      130,
      0.1758241758241758
    ],
    [
      131,
      0.1111111111111111
    ],
    [
      132,
      0.1807909604519774
    ],
    [
      133,
      0.14754098360655735
    ],
    [
      134,
      0.27927927927927926
    ],
    [
      135,
      0.11111111111111112
    ],
    [
      136,
      0.2204724409448819
    ],
    [
      137,
      0.18823529411764706
    ],
    [
      138,
      0.22666666666666668
    ],
    [
      139,
      0.125
    ],
    [
      140,
      0.14379084967320263
    ],
    [
      141,
      0.27624309392265195
    ],
    [
      142,
      0.23148148148148148
    ],
    [
      143,
      0.18095238095238095
    ],
    [
      144,
      0.2011834319526627
    ],
    [
      145,
      0.1267605633802817
    ],
    [
      146,
      0.22549019607843138
    ],
    [
      147,
      0.2857142857142857
    ],
    [
      148,
      0.15277777777777776
    ],
    [
      149,
      0.13714285714285715
    ],
    [
      150,
      0.24000000000000002
    ],
    [
      151,
      0.2625
    ],
    [
      152,
      0.21276595744680854
    ],
    [
      153,
      0.16981132075471697
    ],
    [
      154,
      0.19580419580419575
    ],
    [
      155,
      0.29090909090909095
    ],
    [
      156,
      0.2156862745098039
    ],
    [
      157,
      0.15277777777777776
    ],
    [
      158,
      0.17500000000000002
    ],
    [
      159,
      0.232258064516129
    ],
    [
