{
  "dataset": "QMSum",
  "num_samples": 200,
  "rouge1": 0.318747218975571,
  "rouge2": 0.07305280256936367,
  "rougeL": 0.18839037398814007,
  "rougeLsum": 0.19098968233560967,
  "per_sample_rougeL": [
    [
      0,
      0.27927927927927926
    ],
    [
      1,
      0.22110552763819094
    ],
    [
      2,
      0.18000000000000002
    ],
    [
      3,
      0.16470588235294117
    ],
    [
      4,
      0.13235294117647056
    ],
    [
      5,
      0.3020833333333333
    ],
    [
      6,
      0.17341040462427743
    ],
    [
      7,
      0.23668639053254437
    ],
    [
      8,
      0.14906832298136644
    ],
    [
      9,
      0.15384615384615385
    ],
    [
      10,
      0.20547945205479454
    ],
    [
      11,
      0.24630541871921183
    ],
    [
      12,
      0.19310344827586204
    ],
    [
      13,
      0.26666666666666666
    ],
    [
      14,
      0.1923076923076923
    ],
    [
      15,
      0.23841059602649006
    ],
    [
      16,
      0.15458937198067632
    ],
    [
      17,
      0.1893491124260355
    ],
    [
      18,
      0.16730038022813687
    ],
    [
      19,
      0.17751479289940827
    ],
    [
      20,
      0.13793103448275862
    ],
    [
      21,
      0.16352201257861634
    ],
    [
      22,
      0.14285714285714288
    ],
    [
      23,
      0.20547945205479454
    ],
    [
      24,
      0.21649484536082472
    ],
    [
      25,
      0.2077922077922078
    ],
    [
      26,
      0.24844720496894412
    ],
    [
      27,
      0.1986754966887417
    ],
    [
      28,
      0.14507772020725385
    ],
    [
      29,
      0.1696969696969697
    ],
    [
      30,
      0.16574585635359118
    ],
    [
      31,
      0.13793103448275865
    ],
    [
      32,
      0.3036649214659686
    ],
    [
      33,
      0.1809045226130653
    ],
    [
      34,
      0.2275449101796407
    ],
    [
      35,
      0.19487179487179487
    ],
    [
      36,
      0.1954022988505747
    ],
    [
      37,
      0.1925133689839572
    ],
    [
      38,
      0.14184397163120566
    ],
    [
      39,
      0.1710526315789474
    ],
    [
      40,
      0.18
    ],
    [
      41,
      0.1890547263681592
    ],
    [
      42,
      0.14492753623188406
    ],
    [
      43,
      0.20481927710843376
    ],
    [
      44,
      0.20238095238095238
    ],
    [
      45,
      0.1851851851851852
    ],
    [
      46,
      0.1243523316062176
    ],
    [
      47,
      0.1649484536082474
    ],
    [
      48,
      0.18181818181818182
    ],
    [
      49,
      0.16666666666666666
    ],
    [
      50,
      0.1511627906976744
    ],
    [
      51,
      0.23148148148148148
    ],
    [
      52,
      0.16149068322981366
    ],
    [
      53,
      0.17647058823529413
    ],
    [
      54,
      0.2380952380952381
    ],
    [
      55,
      0.15217391304347824
    ],
    [
      56,
      0.17687074829931973
    ],
    [
      57,
      0.14035087719298248
    ],
    [
      58,
      0.23863636363636365
    ],
    [
      59,
      0.16574585635359115
    ],
    [
      60,
      0.18378378378378382
    ],
    [
      61,
      0.19753086419753085
    ],
    [
      62,
      0.2222222222222222
    ],
    [
      63,
      0.16352201257861634
    ],
    [
      64,
      0.21582733812949642
    ],
    [
      65,
      0.18750000000000003
    ],
    [
      66,
      0.21301775147928995
    ],
    [
      67,
      0.1643835616438356
    ],
    [
      68,
      0.15384615384615385
    ],
    [
      69,
      0.20994475138121546
    ],
    [
      70,
      0.22972972972972971
    ],
    [
      71,
      0.18072289156626506
    ],
    [
      72,
      0.24675324675324678
    ],
    [
      73,
      0.19191919191919193
    ],
    [
      74,
      0.2097902097902098
    ],
    [
      75,
      0.22641509433962265
    ],
    [
      76,
      0.16326530612244897
    ],
    [
      77,
      0.11594202898550723
    ],
    [
      78,
      0.2127659574468085
    ],
    [
      79,
      0.18994413407821228
    ],
    [
      80,
      0.15044247787610618
    ],
    [
      81,
      0.10650887573964497
    ],
    [
      82,
      0.18181818181818182
    ],
    [
      83,
      0.14285714285714285
    ],
    [
      84,
      0.15763546798029557
    ],
    [
      85,
      0.18269230769230768
    ],
    [
      86,
      0.26382978723404255
    ],
    [
      87,
      0.20571428571428574
    ],
    [
      88,
      0.20087336244541482
    ],
    [
      89,
      0.2718446601941748
    ],
    [
      90,
      0.17708333333333334
    ],
    [
      91,
      0.16216216216216214
    ],
    [
      92,
      0.19393939393939394
    ],
    [
      93,
      0.20689655172413793
    ],
    [
      94,
      0.21656050955414013
    ],
    [
      95,
      0.2242152466367713
    ],
    [
      96,
      0.19834710743801653
    ],
    [
      97,
      0.26582278481012656
    ],
    [
      98,
      0.20725388601036268
    ],
    [
      99,
      0.2013888888888889
    ],
    [
      100,
      0.20765027322404372
    ],
    [
      101,
      0.20253164556962025
    ],
    [
      102,
      0.17894736842105263
    ],
    [
      103,
      0.19791666666666666
    ],
    [
      104,
      0.19178082191780818
    ],
    [
      105,
      0.25
    ],
    [
      106,
      0.2119815668202765
    ],
    [
      107,
      0.20540540540540542
    ],
    [
      108,
      0.2758620689655172
    ],
    [
      109,
      0.18543046357615894
    ],
    [
      110,
      0.17204301075268816
    ],
    [
      111,
      0.18400000000000002
    ],
    [
      112,
      0.2631578947368421
    ],
    [
      113,
      0.2191780821917808
    ],
    [
      114,
      0.2033898305084746
    ],
    [
      115,
      0.13513513513513511
    ],
    [
      116,
      0.143646408839779
    ],
    [
      117,
      0.26966292134831465
    ],
    [
      118,
      0.15584415584415584
    ],
    [
      119,
      0.17218543046357618
    ],
    [
      120,
      0.14201183431952663
    ],
    [
      121,
      0.19767441860465118
    ],
    [
      122,
      0.13761467889908258
    ],
    [
      123,
      0.1702127659574468
    ],
    [
      124,
      0.15172413793103448
    ],
    [
      125,
      0.15819209039548024
    ],
    [
      126,
      0.2469135802469136
    ],
    [
      127,
      0.20915032679738563
    ],
    [
      128,
      0.2412060301507538
    ],
    [
      129,
      0.20270270270270271
    ],
    [
      130,
      0.17297297297297298
    ],
    [
      131,
      0.15662650602409636
    ],
    [
      132,
      0.2651933701657459
    ],
    [
      133,
      0.23529411764705885
    ],
    [
      134,
      0.205607476635514
    ],
    [
      135,
      0.1818181818181818
    ],
    [
      136,
      0.1603053435114504
    ],
    [
      137,
      0.1761006289308176
    ],
    [
      138,
      0.2198952879581152
    ],
    [
      139,
      0.14285714285714285
    ],
    [
      140,
      0.13924050632911392
    ],
    [
      141,
      0.3409090909090909
    ],
    [
      142,
      0.1764705882352941
    ],
    [
      143,
      0.17937219730941706
    ],
    [
      144,
      0.1739130434782609
    ],
    [
      145,
      0.18666666666666665
    ],
    [
      146,
      0.30331753554502366
    ],
    [
      147,
      0.1925133689839572
    ],
    [
      148,
      0.18181818181818182
    ],
    [
      149,
      0.10588235294117648
    ],
    [
      150,
      0.14634146341463414
    ],
    [
      151,
      0.17
    ],
    [
      152,
      0.10526315789473685
    ],
    [
      153,
      0.14864864864864866
    ],
    [
      154,
      0.18705035971223022
    ],
    [
      155,
      0.17964071856287428
    ],
    [
      156,
      0.16999999999999998
    ],
    [
      157,
      0.12244897959183675
    ],
    [
      158,
      0.1340782122905028
    ],
    [
      159,
      0.20731707317073172
