{
  "dataset": "QMSum",
  "num_samples": 200,
  "rouge1": 0.2931290874637895,
  "rouge2": 0.06764753035039672,
  "rougeL": 0.19072260992614998,
  "rougeLsum": 0.19076656437998346,
  "per_sample_rougeL": [
    [
      0,
      0.19469026548672563
    ],
    [
      1,
      0.24875621890547267
    ],
    [
      2,
      0.21890547263681592
    ],
    [
      3,
      0.1868131868131868
    ],
    [
      4,
      0.10370370370370371
    ],
    [
      5,
      0.23958333333333331
    ],
    [
      6,
      0.16279069767441862
    ],
    [
      7,
      0.16774193548387098
    ],
    [
      8,
      0.14814814814814814
    ],
    [
      9,
      0.13664596273291926
    ],
    [
      10,
      0.2191780821917808
    ],
    [
      11,
      0.21463414634146338
    ],
    [
      12,
      0.15894039735099338
    ],
    [
      13,
      0.27
    ],
    [
      14,
      0.19444444444444445
    ],
    [
      15,
      0.16455696202531644
    ],
    [
      16,
      0.1971830985915493
    ],
    [
      17,
      0.20111731843575417
    ],
    [
      18,
      0.14598540145985403
    ],
    [
      19,
      0.17679558011049726
    ],
    [
      20,
      0.11494252873563217
    ],
    [
      21,
      0.19999999999999998
    ],
    [
      22,
      0.16279069767441862
    ],
    [
      23,
      0.24242424242424243
    ],
    [
      24,
      0.23834196891191708
    ],
    [
      25,
      0.2393162393162393
    ],
    [
      26,
      0.11627906976744186
    ],
    [
      27,
      0.15286624203821655
    ],
    [
      28,
      0.20289855072463767
    ],
    [
      29,
      0.21301775147928995
    ],
    [
      30,
      0.227027027027027
    ],
    [
      31,
      0.18666666666666668
    ],
    [
      32,
      0.22564102564102562
    ],
    [
      33,
      0.20100502512562812
    ],
    [
      34,
      0.2181818181818182
    ],
    [
      35,
      0.1919191919191919
    ],
    [
      36,
      0.1714285714285714
    ],
    [
      37,
      0.18556701030927839
    ],
    [
      38,
      0.15686274509803919
    ],
    [
      39,
      0.16901408450704222
    ],
    [
      40,
      0.18274111675126906
    ],
    [
      41,
      0.21153846153846154
    ],
    [
      42,
      0.15525114155251143
    ],
    [
      43,
      0.2209302325581395
    ],
    [
      44,
      0.1149425287356322
    ],
    [
      45,
      0.147239263803681
    ],
    [
      46,
      0.18181818181818182
    ],
    [
      47,
      0.16243654822335024
    ],
    [
      48,
      0.21839080459770113
    ],
    [
      49,
      0.15
    ],
    [
      50,
      0.1797752808988764
    ],
    [
      51,
      0.20720720720720723
    ],
    [
      52,
      0.15286624203821655
    ],
    [
      53,
      0.17341040462427743
    ],
    [
      54,
      0.24719101123595502
    ],
    [
      55,
      0.16580310880829016
    ],
    [
      56,
      0.14012738853503184
    ],
    [
      57,
      0.1595744680851064
    ],
    [
      58,
      0.22346368715083798
    ],
    [
      59,
      0.18274111675126906
    ],
    [
      60,
      0.14857142857142855
    ],
    [
      61,
      0.25
    ],
    [
      62,
      0.1726618705035971
    ],
    [
      63,
      0.16470588235294117
    ],
    [
      64,
      0.20979020979020982
    ],
    [
      65,
      0.2064516129032258
    ],
    [
      66,
      0.2903225806451613
    ],
    [
      67,
      0.2894736842105263
    ],
    [
      68,
      0.16666666666666666
    ],
    [
      69,
      0.20879120879120877
    ],
    [
      70,
      0.20382165605095542
    ],
    [
      71,
      0.19393939393939394
    ],
    [
      72,
      0.16149068322981366
    ],
    [
      73,
      0.18367346938775508
    ],
    [
      74,
      0.15894039735099338
    ],
    [
      75,
      0.2843601895734597
    ],
    [
      76,
      0.1932367149758454
    ],
    [
      77,
      0.12213740458015265
    ],
    [
      78,
      0.22797927461139897
    ],
    [
      79,
      0.14444444444444443
    ],
    [
      80,
      0.17467248908296942
    ],
    [
      81,
      0.1693121693121693
    ],
    [
      82,
      0.2348178137651822
    ],
    [
      83,
      0.15483870967741933
    ],
    [
      84,
      0.2105263157894737
    ],
    [
      85,
      0.21782178217821782
    ],
    [
      86,
      0.20161290322580644
    ],
    [
      87,
      0.1988950276243094
    ],
    [
      88,
      0.16521739130434784
    ],
    [
      89,
      0.2095238095238095
    ],
    [
      90,
      0.2613065326633166
    ],
    [
      91,
      0.15894039735099338
    ],
    [
      92,
      0.1807909604519774
    ],
    [
      93,
      0.2297872340425532
    ],
    [
      94,
      0.1294964028776978
    ],
    [
      95,
      0.22624434389140272
    ],
    [
      96,
      0.23673469387755103
    ],
    [
      97,
      0.21951219512195125
    ],
    [
      98,
      0.16243654822335024
    ],
    [
      99,
      0.22837370242214533
    ],
    [
      100,
      0.22099447513812157
    ],
    [
      101,
      0.19753086419753085
    ],
    [
      102,
      0.22797927461139897
    ],
    [
      103,
      0.21164021164021163
    ],
    [
      104,
      0.15068493150684933
    ],
    [
      105,
      0.22680412371134023
    ],
    [
      106,
      0.1900452488687783
    ],
    [
      107,
      0.23783783783783785
    ],
    [
      108,
      0.24418604651162795
    ],
    [
      109,
      0.1456953642384106
    ],
    [
      110,
      0.1945945945945946
    ],
    [
      111,
      0.23529411764705885
    ],
    [
      112,
      0.36065573770491804
    ],
    [
      113,
      0.25112107623318386
    ],
    [
      114,
      0.26720647773279355
    ],
    [
      115,
      0.17218543046357615
    ],
    [
      116,
      0.17258883248730966
    ],
    [
      117,
      0.17777777777777776
    ],
    [
      118,
      0.18867924528301885
    ],
    [
      119,
      0.20987654320987653
    ],
    [
      120,
      0.143646408839779
    ],
    [
      121,
      0.1797752808988764
    ],
    [
      122,
      0.14285714285714288
    ],
    [
      123,
      0.22439024390243903
    ],
    [
      124,
      0.08275862068965517
    ],
    [
      125,
      0.17964071856287428
    ],
    [
      126,
      0.15950920245398773
    ],
    [
      127,
      0.25882352941176473
    ],
    [
      128,
      0.2654028436018957
    ],
    [
      129,
      0.19393939393939394
    ],
    [
      130,
      0.14814814814814814
    ],
    [
      131,
      0.1139240506329114
    ],
    [
      132,
      0.20540540540540542
    ],
    [
      133,
      0.10389610389610389
    ],
    [
      134,
      0.23318385650224213
    ],
    [
      135,
      0.12987012987012989
    ],
    [
      136,
      0.1698841698841699
    ],
    [
      137,
      0.17543859649122806
    ],
    [
      138,
      0.22702702702702704
    ],
    [
      139,
      0.10695187165775402
    ],
    [
      140,
      0.14857142857142855
    ],
    [
      141,
      0.3101604278074866
    ],
    [
      142,
      0.1581395348837209
    ],
    [
      143,
      0.24
    ],
    [
      144,
      0.2051282051282051
    ],
    [
      145,
      0.1509433962264151
    ],
    [
      146,
      0.22429906542056074
    ],
    [
      147,
      0.19047619047619044
    ],
    [
      148,
      0.1726618705035971
    ],
    [
      149,
      0.1477272727272727
    ],
    [
      150,
      0.21390374331550802
    ],
    [
      151,
      0.25961538461538464
    ],
    [
      152,
      0.208
    ],
    [
      153,
      0.15894039735099336
    ],
    [
      154,
      0.18055555555555555
    ],
    [
      155,
      0.1452513966480447
    ],
    [
      156,
      0.20588235294117646
    ],
    [
      157,
      0.15827338129496402
    ],
    [
      158,
      0.2197802197802198
    ],
    [
      159,
      0.15853658536585366
    ],
    [
      160,
