{
  "dataset": "QMSum",
  "num_samples": 200,
  "rouge1": 0.3166783673909014,
  "rouge2": 0.07001808396968776,
  "rougeL": 0.18309332042171583,
  "rougeLsum": 0.18948042246669905,
  "per_sample_rougeL": [
    [
      0,
      0.18009478672985782
    ],
    [
      1,
      0.1875
    ],
    [
      2,
      0.16080402010050251
    ],
    [
      3,
      0.17964071856287422
    ],
    [
      4,
      0.12307692307692307
    ],
    [
      5,
      0.2645502645502646
    ],
    [
      6,
      0.1511627906976744
    ],
    [
      7,
      0.18181818181818182
    ],
    [
      8,
      0.14193548387096774
    ],
    [
      9,
      0.130718954248366
    ],
    [
      10,
      0.16438356164383564
    ],
    [
      11,
      0.21105527638190952
    ],
    [
      12,
      0.21768707482993196
    ],
    [
      13,
      0.25773195876288657
    ],
    [
      14,
      0.2068965517241379
    ],
    [
      15,
      0.21383647798742136
    ],
    [
      16,
      0.17475728155339804
    ],
    [
      17,
      0.1590909090909091
    ],
    [
      18,
      0.18045112781954886
    ],
    [
      19,
      0.17543859649122806
    ],
    [
      20,
      0.14117647058823532
    ],
    [
      21,
      0.1656050955414013
    ],
    [
      22,
      0.1686746987951807
    ],
    [
      23,
      0.21476510067114096
    ],
    [
      24,
      0.20105820105820105
    ],
    [
      25,
      0.1735159817351598
    ],
    [
      26,
      0.17543859649122806
    ],
    [
      27,
      0.16296296296296295
    ],
    [
      28,
      0.1608040201005025
    ],
    [
      29,
      0.14193548387096772
    ],
    [
      30,
      0.12500000000000003
    ],
    [
      31,
      0.15172413793103448
    ],
    [
      32,
      0.3368421052631579
    ],
    [
      33,
      0.16243654822335024
    ],
    [
      34,
      0.16049382716049382
    ],
    [
      35,
      0.15384615384615385
    ],
    [
      36,
      0.1839080459770115
    ],
    [
      37,
      0.15384615384615383
    ],
    [
      38,
      0.16
    ],
    [
      39,
      0.18666666666666668
    ],
    [
      40,
      0.1414141414141414
    ],
    [
      41,
      0.16915422885572137
    ],
    [
      42,
      0.13270142180094788
    ],
    [
      43,
      0.1818181818181818
    ],
    [
      44,
      0.24096385542168675
    ],
    [
      45,
      0.2560975609756098
    ],
    [
      46,
      0.13402061855670105
    ],
    [
      47,
      0.15625
    ],
    [
      48,
      0.18823529411764706
    ],
    [
      49,
      0.16666666666666666
    ],
    [
      50,
      0.14857142857142858
    ],
    [
      51,
      0.26728110599078336
    ],
    [
      52,
      0.14965986394557823
    ],
    [
      53,
      0.15384615384615385
    ],
    [
      54,
      0.2235294117647059
    ],
    [
      55,
      0.14285714285714285
    ],
    [
      56,
      0.17834394904458598
    ],
    [
      57,
      0.15730337078651685
    ],
    [
      58,
      0.22346368715083798
    ],
    [
      59,
      0.16483516483516483
    ],
    [
      60,
      0.1739130434782609
    ],
    [
      61,
      0.14457831325301204
    ],
    [
      62,
      0.23616236162361623
    ],
    [
      63,
      0.15189873417721517
    ],
    [
      64,
      0.19580419580419584
    ],
    [
      65,
      0.21333333333333337
    ],
    [
      66,
      0.24277456647398843
    ],
    [
      67,
      0.19534883720930232
    ],
    [
      68,
      0.17297297297297298
    ],
    [
      69,
      0.21468926553672318
    ],
    [
      70,
      0.24161073825503354
    ],
    [
      71,
      0.19753086419753085
    ],
    [
      72,
      0.24161073825503354
    ],
    [
      73,
      0.20408163265306123
    ],
    [
      74,
      0.17333333333333334
    ],
    [
      75,
      0.2169811320754717
    ],
    [
      76,
      0.1702127659574468
    ],
    [
      77,
      0.15277777777777776
    ],
    [
      78,
      0.17777777777777778
    ],
    [
      79,
      0.17877094972067037
    ],
    [
      80,
      0.16666666666666666
    ],
    [
      81,
      0.18888888888888888
    ],
    [
      82,
      0.17355371900826447
    ],
    [
      83,
      0.17834394904458598
    ],
    [
      84,
      0.19704433497536944
    ],
    [
      85,
      0.17258883248730963
    ],
    [
      86,
      0.25210084033613445
    ],
    [
      87,
      0.192090395480226
    ],
    [
      88,
      0.24000000000000002
    ],
    [
      89,
      0.2634146341463415
    ],
    [
      90,
      0.17616580310880828
    ],
    [
      91,
      0.14473684210526316
    ],
    [
      92,
      0.18292682926829268
    ],
    [
      93,
      0.1801801801801802
    ],
    [
      94,
      0.23448275862068965
    ],
    [
      95,
      0.17194570135746604
    ],
    [
      96,
      0.15833333333333335
    ],
    [
      97,
      0.2911392405063291
    ],
    [
      98,
      0.19387755102040818
    ],
    [
      99,
      0.18815331010452963
    ],
    [
      100,
      0.1807909604519774
    ],
    [
      101,
      0.2012578616352201
    ],
    [
      102,
      0.2094240837696335
    ],
    [
      103,
      0.21857923497267762
    ],
    [
      104,
      0.20134228187919465
    ],
    [
      105,
      0.2666666666666667
    ],
    [
      106,
      0.19047619047619047
    ],
    [
      107,
      0.16853932584269662
    ],
    [
      108,
      0.23121387283236994
    ],
    [
      109,
      0.17808219178082194
    ],
    [
      110,
      0.14285714285714285
    ],
    [
      111,
      0.18897637795275588
    ],
    [
      112,
      0.22916666666666669
    ],
    [
      113,
      0.25
    ],
    [
      114,
      0.14977973568281938
    ],
    [
      115,
      0.12738853503184713
    ],
    [
      116,
      0.17989417989417988
    ],
    [
      117,
      0.18285714285714283
    ],
    [
      118,
      0.21656050955414013
    ],
    [
      119,
      0.14545454545454545
    ],
    [
      120,
      0.16
    ],
    [
      121,
      0.14772727272727273
    ],
    [
      122,
      0.1085972850678733
    ],
    [
      123,
      0.14432989690721648
    ],
    [
      124,
      0.1527777777777778
    ],
    [
      125,
      0.14201183431952663
    ],
    [
      126,
      0.2111801242236025
    ],
    [
      127,
      0.15662650602409636
    ],
    [
      128,
      0.2758620689655172
    ],
    [
      129,
      0.2360248447204969
    ],
    [
      130,
      0.17204301075268816
    ],
    [
      131,
      0.14545454545454545
    ],
    [
      132,
      0.2325581395348837
    ],
    [
      133,
      0.1506849315068493
    ],
    [
      134,
      0.2085308056872038
    ],
    [
      135,
      0.1818181818181818
    ],
    [
      136,
      0.1411764705882353
    ],
    [
      137,
      0.15950920245398773
    ],
    [
      138,
      0.1888888888888889
    ],
    [
      139,
      0.14364640883977903
    ],
    [
      140,
      0.12738853503184713
    ],
    [
      141,
      0.3169398907103825
    ],
    [
      142,
      0.16585365853658537
    ],
    [
      143,
      0.15454545454545454
    ],
    [
      144,
      0.1693121693121693
    ],
    [
      145,
      0.11464968152866241
    ],
    [
      146,
      0.19811320754716982
    ],
    [
      147,
      0.1827956989247312
    ],
    [
      148,
      0.1925925925925926
    ],
    [
      149,
      0.12941176470588234
    ],
    [
      150,
      0.22619047619047616
    ],
    [
      151,
      0.20689655172413793
    ],
    [
      152,
      0.12598425196850394
    ],
    [
      153,
      0.1342281879194631
    ],
    [
      154,
      0.19858156028368795
    ],
    [
      155,
      0.2235294117647059
    ],
    [
      156,
      0.1818181818181818
    ],
    [
      157,
      0.15
    ],
    [
      158,
      0.1787709497206704
    ],
    [
      159,
      0.09395973154362416
    ],
    [
      160,
