{
  "dataset": "QMSum",
  "num_samples": 200,
  "rouge1": 0.2966359942705724,
  "rouge2": 0.0668576908951338,
  "rougeL": 0.19278177019482548,
  "rougeLsum": 0.19176326201235216,
  "per_sample_rougeL": [
    [
      0,
      0.19469026548672563
    ],
    [
      1,
      0.2512562814070352
    ],
    [
      2,
      0.19704433497536947
    ],
    [
      3,
      0.18994413407821228
    ],
    [
      4,
      0.1044776119402985
    ],
    [
      5,
      0.2513089005235602
    ],
    [
      6,
      0.17647058823529413
    ],
    [
      7,
      0.1761006289308176
    ],
    [
      8,
      0.20125786163522014
    ],
    [
      9,
      0.20253164556962022
    ],
    [
      10,
      0.2191780821917808
    ],
    [
      11,
      0.2376237623762376
    ],
    [
      12,
      0.15894039735099338
    ],
    [
      13,
      0.27272727272727276
    ],
    [
      14,
      0.1792452830188679
    ],
    [
      15,
      0.17948717948717946
    ],
    [
      16,
      0.1971830985915493
    ],
    [
      17,
      0.18994413407821228
    ],
    [
      18,
      0.12949640287769784
    ],
    [
      19,
      0.16853932584269662
    ],
    [
      20,
      0.1286549707602339
    ],
    [
      21,
      0.17857142857142858
    ],
    [
      22,
      0.11299435028248588
    ],
    [
      23,
      0.2151898734177215
    ],
    [
      24,
      0.23711340206185566
    ],
    [
      25,
      0.2393162393162393
    ],
    [
      26,
      0.21839080459770116
    ],
    [
      27,
      0.15286624203821655
    ],
    [
      28,
      0.1951219512195122
    ],
    [
      29,
      0.19161676646706588
    ],
    [
      30,
      0.2099447513812155
    ],
    [
      31,
      0.15584415584415587
    ],
    [
      32,
      0.21989528795811517
    ],
    [
      33,
      0.20100502512562812
    ],
    [
      34,
      0.20606060606060606
    ],
    [
      35,
      0.22110552763819097
    ],
    [
      36,
      0.20689655172413793
    ],
    [
      37,
      0.18652849740932642
    ],
    [
      38,
      0.15483870967741936
    ],
    [
      39,
      0.1710526315789474
    ],
    [
      40,
      0.1791044776119403
    ],
    [
      41,
      0.22325581395348837
    ],
    [
      42,
      0.19178082191780824
    ],
    [
      43,
      0.2235294117647059
    ],
    [
      44,
      0.11627906976744184
    ],
    [
      45,
      0.1282051282051282
    ],
    [
      46,
      0.208955223880597
    ],
    [
      47,
      0.17346938775510204
    ],
    [
      48,
      0.2588235294117647
    ],
    [
      49,
      0.17964071856287425
    ],
    [
      50,
      0.19101123595505617
    ],
    [
      51,
      0.2660550458715596
    ],
    [
      52,
      0.18666666666666668
    ],
    [
      53,
      0.13872832369942198
    ],
    [
      54,
      0.23391812865497078
    ],
    [
      55,
      0.13903743315508021
    ],
    [
      56,
      0.141025641025641
    ],
    [
      57,
      0.16666666666666669
    ],
    [
      58,
      0.22598870056497175
    ],
    [
      59,
      0.17525773195876285
    ],
    [
      60,
      0.17142857142857143
    ],
    [
      61,
      0.2682926829268293
    ],
    [
      62,
      0.19780219780219782
    ],
    [
      63,
      0.17647058823529407
    ],
    [
      64,
      0.20979020979020982
    ],
    [
      65,
      0.19108280254777069
    ],
    [
      66,
      0.26737967914438504
    ],
    [
      67,
      0.2311111111111111
    ],
    [
      68,
      0.20111731843575417
    ],
    [
      69,
      0.16853932584269662
    ],
    [
      70,
      0.19480519480519481
    ],
    [
      71,
      0.18292682926829268
    ],
    [
      72,
      0.16149068322981366
    ],
    [
      73,
      0.18181818181818182
    ],
    [
      74,
      0.17218543046357615
    ],
    [
      75,
      0.2843601895734597
    ],
    [
      76,
      0.1932367149758454
    ],
    [
      77,
      0.10666666666666667
    ],
    [
      78,
      0.2421052631578947
    ],
    [
      79,
      0.18681318681318682
    ],
    [
      80,
      0.18666666666666668
    ],
    [
      81,
      0.17021276595744683
    ],
    [
      82,
      0.21311475409836067
    ],
    [
      83,
      0.15894039735099338
    ],
    [
      84,
      0.16346153846153846
    ],
    [
      85,
      0.24630541871921183
    ],
    [
      86,
      0.216
    ],
    [
      87,
      0.20994475138121546
    ],
    [
      88,
      0.17241379310344826
    ],
    [
      89,
      0.1923076923076923
    ],
    [
      90,
      0.24365482233502542
    ],
    [
      91,
      0.17105263157894737
    ],
    [
      92,
      0.1590909090909091
    ],
    [
      93,
      0.2222222222222222
    ],
    [
      94,
      0.1625
    ],
    [
      95,
      0.21739130434782608
    ],
    [
      96,
      0.2113821138211382
    ],
    [
      97,
      0.20731707317073172
    ],
    [
      98,
      0.1875
    ],
    [
      99,
      0.22145328719723184
    ],
    [
      100,
      0.2185792349726776
    ],
    [
      101,
      0.2012578616352201
    ],
    [
      102,
      0.24870466321243526
    ],
    [
      103,
      0.2105263157894737
    ],
    [
      104,
      0.163265306122449
    ],
    [
      105,
      0.2436548223350254
    ],
    [
      106,
      0.1900452488687783
    ],
    [
      107,
      0.21978021978021978
    ],
    [
      108,
      0.2122905027932961
    ],
    [
      109,
      0.17218543046357615
    ],
    [
      110,
      0.19672131147540983
    ],
    [
      111,
      0.2178988326848249
    ],
    [
      112,
      0.18579234972677594
    ],
    [
      113,
      0.228310502283105
    ],
    [
      114,
      0.2661290322580645
    ],
    [
      115,
      0.17218543046357615
    ],
    [
      116,
      0.17258883248730966
    ],
    [
      117,
      0.1685393258426966
    ],
    [
      118,
      0.18633540372670807
    ],
    [
      119,
      0.20987654320987653
    ],
    [
      120,
      0.14285714285714285
    ],
    [
      121,
      0.19101123595505617
    ],
    [
      122,
      0.15859030837004406
    ],
    [
      123,
      0.22439024390243903
    ],
    [
      124,
      0.1476510067114094
    ],
    [
      125,
      0.17964071856287428
    ],
    [
      126,
      0.2138364779874214
    ],
    [
      127,
      0.2573099415204678
    ],
    [
      128,
      0.2710280373831776
    ],
    [
      129,
      0.19393939393939394
    ],
    [
      130,
      0.13829787234042554
    ],
    [
      131,
      0.12048192771084336
    ],
    [
      132,
      0.20430107526881724
    ],
    [
      133,
      0.125
    ],
    [
      134,
      0.2522522522522523
    ],
    [
      135,
      0.12
    ],
    [
      136,
      0.1776061776061776
    ],
    [
      137,
      0.20359281437125748
    ],
    [
      138,
      0.21390374331550802
    ],
    [
      139,
      0.10695187165775402
    ],
    [
      140,
      0.1839080459770115
    ],
    [
      141,
      0.3101604278074866
    ],
    [
      142,
      0.17674418604651165
    ],
    [
      143,
      0.23008849557522124
    ],
    [
      144,
      0.20725388601036268
    ],
    [
      145,
      0.16216216216216214
    ],
    [
      146,
      0.24884792626728108
    ],
    [
      147,
      0.18848167539267013
    ],
    [
      148,
      0.15714285714285714
    ],
    [
      149,
      0.17241379310344826
    ],
    [
      150,
      0.21505376344086022
    ],
    [
      151,
      0.24154589371980675
    ],
    [
      152,
      0.208
    ],
    [
      153,
      0.1324503311258278
    ],
    [
      154,
      0.20689655172413796
    ],
    [
      155,
      0.1452513966480447
    ],
    [
      156,
      0.18627450980392155
    ],
    [
      157,
      0.12080536912751677
    ],
    [
      158,
      0.1910112359550562
    ],
    [
      159,
      0.15853658536585366
    ],
    [
      160,
      0.2616822429906542
