{
  "dataset": "QMSum",
  "num_samples": 200,
  "rouge1": 0.293986383625069,
  "rouge2": 0.06865607153230088,
  "rougeL": 0.18781544331601194,
  "rougeLsum": 0.18921512493635503,
  "per_sample_rougeL": [
    [
      0,
      0.16748768472906403
    ],
    [
      1,
      0.22549019607843138
    ],
    [
      2,
      0.20100502512562815
    ],
    [
      3,
      0.20809248554913296
    ],
    [
      4,
      0.10370370370370371
    ],
    [
      5,
      0.22580645161290322
    ],
    [
      6,
      0.13872832369942198
    ],
    [
      7,
      0.1111111111111111
    ],
    [
      8,
      0.14102564102564102
    ],
    [
      9,
      0.12578616352201258
    ],
    [
      10,
      0.24324324324324323
    ],
    [
      11,
      0.21359223300970873
    ],
    [
      12,
      0.20134228187919462
    ],
    [
      13,
      0.28140703517587945
    ],
    [
      14,
      0.19178082191780824
    ],
    [
      15,
      0.15286624203821655
    ],
    [
      16,
      0.18867924528301885
    ],
    [
      17,
      0.16853932584269665
    ],
    [
      18,
      0.14652014652014653
    ],
    [
      19,
      0.11904761904761904
    ],
    [
      20,
      0.17341040462427748
    ],
    [
      21,
      0.18404907975460122
    ],
    [
      22,
      0.1411764705882353
    ],
    [
      23,
      0.18518518518518517
    ],
    [
      24,
      0.21761658031088082
    ],
    [
      25,
      0.2457627118644068
    ],
    [
      26,
      0.1839080459770115
    ],
    [
      27,
      0.16666666666666669
    ],
    [
      28,
      0.19999999999999998
    ],
    [
      29,
      0.17857142857142855
    ],
    [
      30,
      0.2162162162162162
    ],
    [
      31,
      0.15789473684210525
    ],
    [
      32,
      0.30208333333333337
    ],
    [
      33,
      0.1990049751243781
    ],
    [
      34,
      0.19393939393939394
    ],
    [
      35,
      0.18000000000000002
    ],
    [
      36,
      0.18181818181818182
    ],
    [
      37,
      0.17346938775510207
    ],
    [
      38,
      0.174496644295302
    ],
    [
      39,
      0.14285714285714285
    ],
    [
      40,
      0.19999999999999998
    ],
    [
      41,
      0.14678899082568805
    ],
    [
      42,
      0.14545454545454545
    ],
    [
      43,
      0.22891566265060243
    ],
    [
      44,
      0.16949152542372883
    ],
    [
      45,
      0.23602484472049687
    ],
    [
      46,
      0.22549019607843138
    ],
    [
      47,
      0.2094240837696335
    ],
    [
      48,
      0.2543352601156069
    ],
    [
      49,
      0.20000000000000004
    ],
    [
      50,
      0.18181818181818185
    ],
    [
      51,
      0.25339366515837103
    ],
    [
      52,
      0.17500000000000002
    ],
    [
      53,
      0.13173652694610777
    ],
    [
      54,
      0.18823529411764706
    ],
    [
      55,
      0.20618556701030927
    ],
    [
      56,
      0.1610738255033557
    ],
    [
      57,
      0.16216216216216214
    ],
    [
      58,
      0.23333333333333334
    ],
    [
      59,
      0.15873015873015872
    ],
    [
      60,
      0.17679558011049726
    ],
    [
      61,
      0.20689655172413793
    ],
    [
      62,
      0.20363636363636362
    ],
    [
      63,
      0.16666666666666666
    ],
    [
      64,
      0.20833333333333334
    ],
    [
      65,
      0.225
    ],
    [
      66,
      0.24043715846994534
    ],
    [
      67,
      0.20353982300884957
    ],
    [
      68,
      0.16042780748663102
    ],
    [
      69,
      0.17486338797814208
    ],
    [
      70,
      0.20382165605095542
    ],
    [
      71,
      0.11834319526627218
    ],
    [
      72,
      0.17142857142857143
    ],
    [
      73,
      0.2311557788944723
    ],
    [
      74,
      0.19607843137254902
    ],
    [
      75,
      0.20465116279069767
    ],
    [
      76,
      0.16748768472906406
    ],
    [
      77,
      0.0915032679738562
    ],
    [
      78,
      0.22580645161290322
    ],
    [
      79,
      0.20111731843575423
    ],
    [
      80,
      0.1592920353982301
    ],
    [
      81,
      0.1675392670157068
    ],
    [
      82,
      0.22040816326530613
    ],
    [
      83,
      0.16666666666666666
    ],
    [
      84,
      0.14563106796116507
    ],
    [
      85,
      0.21319796954314724
    ],
    [
      86,
      0.19123505976095617
    ],
    [
      87,
      0.1988950276243094
    ],
    [
      88,
      0.2731277533039647
    ],
    [
      89,
      0.22009569377990432
    ],
    [
      90,
      0.18274111675126903
    ],
    [
      91,
      0.15789473684210528
    ],
    [
      92,
      0.1931818181818182
    ],
    [
      93,
      0.20779220779220778
    ],
    [
      94,
      0.21621621621621623
    ],
    [
      95,
      0.20444444444444446
    ],
    [
      96,
      0.17872340425531913
    ],
    [
      97,
      0.3067484662576687
    ],
    [
      98,
      0.2051282051282051
    ],
    [
      99,
      0.23208191126279865
    ],
    [
      100,
      0.19565217391304346
    ],
    [
      101,
      0.24096385542168675
    ],
    [
      102,
      0.20833333333333334
    ],
    [
      103,
      0.17297297297297295
    ],
    [
      104,
      0.17687074829931973
    ],
    [
      105,
      0.2653061224489796
    ],
    [
      106,
      0.19354838709677422
    ],
    [
      107,
      0.2072538860103627
    ],
    [
      108,
      0.223463687150838
    ],
    [
      109,
      0.18840579710144928
    ],
    [
      110,
      0.2065217391304348
    ],
    [
      111,
      0.19762845849802368
    ],
    [
      112,
      0.2459893048128342
    ],
    [
      113,
      0.2477064220183486
    ],
    [
      114,
      0.26666666666666666
    ],
    [
      115,
      0.1666666666666667
    ],
    [
      116,
      0.15544041450777205
    ],
    [
      117,
      0.20224719101123598
    ],
    [
      118,
      0.1518987341772152
    ],
    [
      119,
      0.15568862275449102
    ],
    [
      120,
      0.15384615384615385
    ],
    [
      121,
      0.1787709497206704
    ],
    [
      122,
      0.168141592920354
    ],
    [
      123,
      0.2266009852216749
    ],
    [
      124,
      0.1232876712328767
    ],
    [
      125,
      0.17777777777777778
    ],
    [
      126,
      0.20987654320987656
    ],
    [
      127,
      0.2155688622754491
    ],
    [
      128,
      0.24644549763033177
    ],
    [
      129,
      0.19047619047619047
    ],
    [
      130,
      0.15789473684210525
    ],
    [
      131,
      0.12121212121212122
    ],
    [
      132,
      0.19780219780219782
    ],
    [
      133,
      0.14285714285714285
    ],
    [
      134,
      0.23214285714285712
    ],
    [
      135,
      0.20382165605095542
    ],
    [
      136,
      0.15789473684210528
    ],
    [
      137,
      0.1696969696969697
    ],
    [
      138,
      0.22580645161290325
    ],
    [
      139,
      0.14606741573033707
    ],
    [
      140,
      0.14857142857142855
    ],
    [
      141,
      0.17989417989417988
    ],
    [
      142,
      0.14084507042253522
    ],
    [
      143,
      0.26008968609865474
    ],
    [
      144,
      0.17543859649122806
    ],
    [
      145,
      0.16049382716049382
    ],
    [
      146,
      0.20657276995305165
    ],
    [
      147,
      0.15706806282722513
    ],
    [
      148,
      0.14492753623188404
    ],
    [
      149,
      0.13793103448275862
    ],
    [
      150,
      0.1693121693121693
    ],
    [
      151,
      0.26291079812206575
    ],
    [
      152,
      0.02962962962962963
    ],
    [
      153,
      0.18064516129032257
    ],
    [
      154,
      0.19999999999999998
    ],
    [
      155,
      0.18579234972677597
    ],
    [
      156,
      0.18627450980392155
    ],
    [
      157,
      0.12162162162162163
    ],
    [
      158,
      0.20765027322404372
    ],
    [
