{
  "dataset": "QMSum",
  "num_samples": 200,
  "rouge1": 0.2947742829236376,
  "rouge2": 0.0678353117518577,
  "rougeL": 0.173245977368133,
  "rougeLsum": 0.1909511457854517,
  "per_sample_rougeL": [
    [
      0,
      0.2133333333333333
    ],
    [
      1,
      0.1875
    ],
    [
      2,
      0.1570680628272251
    ],
    [
      3,
      0.16470588235294117
    ],
    [
      4,
      0.11851851851851852
    ],
    [
      5,
      0.15476190476190474
    ],
    [
      6,
      0.21118012422360247
    ],
    [
      7,
      0.19161676646706588
    ],
    [
      8,
      0.15789473684210528
    ],
    [
      9,
      0.15286624203821655
    ],
    [
      10,
      0.22222222222222224
    ],
    [
      11,
      0.24742268041237114
    ],
    [
      12,
      0.25
    ],
    [
      13,
      0.2653061224489796
    ],
    [
      14,
      0.1650485436893204
    ],
    [
      15,
      0.13605442176870747
    ],
    [
      16,
      0.18181818181818182
    ],
    [
      17,
      0.19767441860465118
    ],
    [
      18,
      0.14393939393939395
    ],
    [
      19,
      0.19631901840490798
    ],
    [
      20,
      0.10843373493975902
    ],
    [
      21,
      0.19178082191780824
    ],
    [
      22,
      0.09876543209876543
    ],
    [
      23,
      0.15584415584415584
    ],
    [
      24,
      0.2197802197802198
    ],
    [
      25,
      0.18264840182648404
    ],
    [
      26,
      0.09523809523809525
    ],
    [
      27,
      0.24489795918367346
    ],
    [
      28,
      0.16042780748663102
    ],
    [
      29,
      0.17751479289940827
    ],
    [
      30,
      0.1744186046511628
    ],
    [
      31,
      0.16901408450704225
    ],
    [
      32,
      0.24468085106382978
    ],
    [
      33,
      0.1693121693121693
    ],
    [
      34,
      0.18292682926829268
    ],
    [
      35,
      0.14736842105263157
    ],
    [
      36,
      0.16184971098265896
    ],
    [
      37,
      0.12359550561797751
    ],
    [
      38,
      0.16883116883116883
    ],
    [
      39,
      0.15827338129496404
    ],
    [
      40,
      0.227979274611399
    ],
    [
      41,
      0.13793103448275862
    ],
    [
      42,
      0.08163265306122448
    ],
    [
      43,
      0.2038216560509554
    ],
    [
      44,
      0.13173652694610777
    ],
    [
      45,
      0.3875
    ],
    [
      46,
      0.21000000000000002
    ],
    [
      47,
      0.2094240837696335
    ],
    [
      48,
      0.18497109826589594
    ],
    [
      49,
      0.20359281437125748
    ],
    [
      50,
      0.22988505747126436
    ],
    [
      51,
      0.2028985507246377
    ],
    [
      52,
      0.18421052631578946
    ],
    [
      53,
      0.14012738853503184
    ],
    [
      54,
      0.23952095808383234
    ],
    [
      55,
      0.14525139664804468
    ],
    [
      56,
      0.16783216783216784
    ],
    [
      57,
      0.08484848484848484
    ],
    [
      58,
      0.23728813559322035
    ],
    [
      59,
      0.23595505617977527
    ],
    [
      60,
      0.14689265536723162
    ],
    [
      61,
      0.17857142857142858
    ],
    [
      62,
      0.17490494296577944
    ],
    [
      63,
      0.1081081081081081
    ],
    [
      64,
      0.2014388489208633
    ],
    [
      65,
      0.2207792207792208
    ],
    [
      66,
      0.18285714285714283
    ],
    [
      67,
      0.18691588785046728
    ],
    [
      68,
      0.12195121951219513
    ],
    [
      69,
      0.2485875706214689
    ],
    [
      70,
      0.22818791946308728
    ],
    [
      71,
      0.13043478260869565
    ],
    [
      72,
      0.15942028985507248
    ],
    [
      73,
      0.2094240837696335
    ],
    [
      74,
      0.18055555555555558
    ],
    [
      75,
      0.125
    ],
    [
      76,
      0.15789473684210525
    ],
    [
      77,
      0.13636363636363635
    ],
    [
      78,
      0.18579234972677594
    ],
    [
      79,
      0.17751479289940827
    ],
    [
      80,
      0.14678899082568805
    ],
    [
      81,
      0.1868131868131868
    ],
    [
      82,
      0.20920502092050208
    ],
    [
      83,
      0.2054794520547945
    ],
    [
      84,
      0.1717171717171717
    ],
    [
      85,
      0.13114754098360656
    ],
    [
      86,
      0.18487394957983191
    ],
    [
      87,
      0.16666666666666669
    ],
    [
      88,
      0.21834061135371177
    ],
    [
      89,
      0.2741116751269036
    ],
    [
      90,
      0.2094240837696335
    ],
    [
      91,
      0.125
    ],
    [
      92,
      0.16149068322981366
    ],
    [
      93,
      0.16521739130434782
    ],
    [
      94,
      0.2027027027027027
    ],
    [
      95,
      0.1990950226244344
    ],
    [
      96,
      0.14035087719298245
    ],
    [
      97,
      0.11538461538461539
    ],
    [
      98,
      0.2
    ],
    [
      99,
      0.12230215827338128
    ],
    [
      100,
      0.13333333333333333
    ],
    [
      101,
      0.1456953642384106
    ],
    [
      102,
      0.1390374331550802
    ],
    [
      103,
      0.17441860465116277
    ],
    [
      104,
      0.15602836879432624
    ],
    [
      105,
      0.26881720430107525
    ],
    [
      106,
      0.17431192660550457
    ],
    [
      107,
      0.16568047337278105
    ],
    [
      108,
      0.27906976744186046
    ],
    [
      109,
      0.2058823529411765
    ],
    [
      110,
      0.14444444444444443
    ],
    [
      111,
      0.20717131474103587
    ],
    [
      112,
      0.25263157894736843
    ],
    [
      113,
      0.2135922330097087
    ],
    [
      114,
      0.1795918367346939
    ],
    [
      115,
      0.1342281879194631
    ],
    [
      116,
      0.17801047120418848
    ],
    [
      117,
      0.20224719101123598
    ],
    [
      118,
      0.13157894736842107
    ],
    [
      119,
      0.1568627450980392
    ],
    [
      120,
      0.11428571428571427
    ],
    [
      121,
      0.1590909090909091
    ],
    [
      122,
      0.13023255813953485
    ],
    [
      123,
      0.19487179487179485
    ],
    [
      124,
      0.15068493150684933
    ],
    [
      125,
      0.14772727272727273
    ],
    [
      126,
      0.1863354037267081
    ],
    [
      127,
      0.20382165605095542
    ],
    [
      128,
      0.13265306122448983
    ],
    [
      129,
      0.16774193548387098
    ],
    [
      130,
      0.14054054054054052
    ],
    [
      131,
      0.1208053691275168
    ],
    [
      132,
      0.23333333333333336
    ],
    [
      133,
      0.1879194630872483
    ],
    [
      134,
      0.1611374407582938
    ],
    [
      135,
      0.15714285714285714
    ],
    [
      136,
      0.1647940074906367
    ],
    [
      137,
      0.17177914110429449
    ],
    [
      138,
      0.16279069767441862
    ],
    [
      139,
      0.1595744680851064
    ],
    [
      140,
      0.14012738853503184
    ],
    [
      141,
      0.34636871508379885
    ],
    [
      142,
      0.16666666666666669
    ],
    [
      143,
      0.16037735849056603
    ],
    [
      144,
      0.10989010989010989
    ],
    [
      145,
      0.14666666666666667
    ],
    [
      146,
      0.16267942583732056
    ],
    [
      147,
      0.1780104712041885
    ],
    [
      148,
      0.17777777777777776
    ],
    [
      149,
      0.13414634146341464
    ],
    [
      150,
      0.16842105263157894
    ],
    [
      151,
      0.15306122448979592
    ],
    [
      152,
      0.06299212598425197
    ],
    [
      153,
      0.1342281879194631
    ],
    [
      154,
      0.16296296296296295
    ],
    [
      155,
      0.23170731707317074
    ],
    [
      156,
      0.1134020618556701
    ],
    [
      157,
      0.11851851851851852
    ],
    [
      158,
      0.15469613259668508
    ],
    [
      159,
      0.08333333333333334
    ],
    [
      160,
