{
  "dataset": "QMSum",
  "num_samples": 200,
  "rouge1": 0.3217369637473051,
  "rouge2": 0.07508449065061909,
  "rougeL": 0.1974571466409127,
  "rougeLsum": 0.19596458833114078,
  "per_sample_rougeL": [
    [
      0,
      0.18099547511312214
    ],
    [
      1,
      0.2608695652173913
    ],
    [
      2,
      0.1881188118811881
    ],
    [
      3,
      0.17777777777777776
    ],
    [
      4,
      0.10687022900763357
    ],
    [
      5,
      0.22797927461139897
    ],
    [
      6,
      0.16568047337278105
    ],
    [
      7,
      0.15568862275449102
    ],
    [
      8,
      0.1656050955414013
    ],
    [
      9,
      0.20125786163522016
    ],
    [
      10,
      0.1891891891891892
    ],
    [
      11,
      0.1990049751243781
    ],
    [
      12,
      0.17687074829931973
    ],
    [
      13,
      0.2828282828282828
    ],
    [
      14,
      0.18905472636815918
    ],
    [
      15,
      0.20134228187919462
    ],
    [
      16,
      0.20095693779904306
    ],
    [
      17,
      0.18390804597701152
    ],
    [
      18,
      0.17164179104477612
    ],
    [
      19,
      0.15384615384615383
    ],
    [
      20,
      0.16279069767441862
    ],
    [
      21,
      0.20253164556962025
    ],
    [
      22,
      0.17142857142857143
    ],
    [
      23,
      0.2125
    ],
    [
      24,
      0.18652849740932642
    ],
    [
      25,
      0.21276595744680854
    ],
    [
      26,
      0.2603550295857988
    ],
    [
      27,
      0.178343949044586
    ],
    [
      28,
      0.22660098522167485
    ],
    [
      29,
      0.2
    ],
    [
      30,
      0.18888888888888886
    ],
    [
      31,
      0.17567567567567569
    ],
    [
      32,
      0.25263157894736843
    ],
    [
      33,
      0.2131979695431472
    ],
    [
      34,
      0.20253164556962022
    ],
    [
      35,
      0.17525773195876287
    ],
    [
      36,
      0.15730337078651688
    ],
    [
      37,
      0.2065217391304348
    ],
    [
      38,
      0.19444444444444445
    ],
    [
      39,
      0.14965986394557823
    ],
    [
      40,
      0.18
    ],
    [
      41,
      0.18536585365853658
    ],
    [
      42,
      0.16901408450704225
    ],
    [
      43,
      0.21052631578947367
    ],
    [
      44,
      0.14857142857142855
    ],
    [
      45,
      0.21951219512195122
    ],
    [
      46,
      0.175609756097561
    ],
    [
      47,
      0.17171717171717174
    ],
    [
      48,
      0.24999999999999994
    ],
    [
      49,
      0.1893491124260355
    ],
    [
      50,
      0.20689655172413793
    ],
    [
      51,
      0.29357798165137616
    ],
    [
      52,
      0.15
    ],
    [
      53,
      0.16184971098265896
    ],
    [
      54,
      0.20930232558139536
    ],
    [
      55,
      0.18085106382978725
    ],
    [
      56,
      0.1910828025477707
    ],
    [
      57,
      0.13114754098360656
    ],
    [
      58,
      0.23595505617977527
    ],
    [
      59,
      0.19791666666666666
    ],
    [
      60,
      0.20765027322404372
    ],
    [
      61,
      0.2142857142857143
    ],
    [
      62,
      0.23104693140794225
    ],
    [
      63,
      0.18072289156626506
    ],
    [
      64,
      0.22695035460992907
    ],
    [
      65,
      0.2207792207792208
    ],
    [
      66,
      0.21739130434782608
    ],
    [
      67,
      0.21917808219178084
    ],
    [
      68,
      0.14364640883977903
    ],
    [
      69,
      0.21229050279329612
    ],
    [
      70,
      0.2368421052631579
    ],
    [
      71,
      0.2625
    ],
    [
      72,
      0.2
    ],
    [
      73,
      0.17435897435897435
    ],
    [
      74,
      0.1879194630872483
    ],
    [
      75,
      0.24074074074074073
    ],
    [
      76,
      0.18
    ],
    [
      77,
      0.09333333333333335
    ],
    [
      78,
      0.2421052631578947
    ],
    [
      79,
      0.1988950276243094
    ],
    [
      80,
      0.16814159292035397
    ],
    [
      81,
      0.1925133689839572
    ],
    [
      82,
      0.21487603305785125
    ],
    [
      83,
      0.189873417721519
    ],
    [
      84,
      0.19801980198019803
    ],
    [
      85,
      0.19704433497536944
    ],
    [
      86,
      0.21940928270042195
    ],
    [
      87,
      0.19653179190751444
    ],
    [
      88,
      0.2413793103448276
    ],
    [
      89,
      0.33492822966507174
    ],
    [
      90,
      0.2412060301507538
    ],
    [
      91,
      0.16216216216216214
    ],
    [
      92,
      0.18285714285714288
    ],
    [
      93,
      0.2413793103448276
    ],
    [
      94,
      0.21656050955414013
    ],
    [
      95,
      0.2191780821917808
    ],
    [
      96,
      0.20746887966804978
    ],
    [
      97,
      0.1987577639751553
    ],
    [
      98,
      0.18848167539267013
    ],
    [
      99,
      0.1951219512195122
    ],
    [
      100,
      0.19540229885057472
    ],
    [
      101,
      0.21818181818181817
    ],
    [
      102,
      0.19689119170984457
    ],
    [
      103,
      0.25668449197860965
    ],
    [
      104,
      0.18300653594771243
    ],
    [
      105,
      0.2694300518134715
    ],
    [
      106,
      0.20720720720720723
    ],
    [
      107,
      0.20105820105820105
    ],
    [
      108,
      0.24
    ],
    [
      109,
      0.2097902097902098
    ],
    [
      110,
      0.23783783783783785
    ],
    [
      111,
      0.20392156862745098
    ],
    [
      112,
      0.32085561497326204
    ],
    [
      113,
      0.22935779816513763
    ],
    [
      114,
      0.22784810126582275
    ],
    [
      115,
      0.15286624203821655
    ],
    [
      116,
      0.163265306122449
    ],
    [
      117,
      0.19999999999999998
    ],
    [
      118,
      0.16560509554140124
    ],
    [
      119,
      0.18633540372670807
    ],
    [
      120,
      0.16483516483516483
    ],
    [
      121,
      0.2346368715083799
    ],
    [
      122,
      0.17117117117117117
    ],
    [
      123,
      0.21105527638190957
    ],
    [
      124,
      0.12080536912751678
    ],
    [
      125,
      0.1797752808988764
    ],
    [
      126,
      0.22754491017964074
    ],
    [
      127,
      0.18633540372670807
    ],
    [
      128,
      0.24271844660194175
    ],
    [
      129,
      0.19999999999999998
    ],
    [
      130,
      0.1473684210526316
    ],
    [
      131,
      0.13414634146341461
    ],
    [
      132,
      0.19459459459459458
    ],
    [
      133,
      0.24324324324324323
    ],
    [
      134,
      0.24657534246575344
    ],
    [
      135,
      0.2
    ],
    [
      136,
      0.14173228346456693
    ],
    [
      137,
      0.1927710843373494
    ],
    [
      138,
      0.2513089005235602
    ],
    [
      139,
      0.1092896174863388
    ],
    [
      140,
      0.16374269005847952
    ],
    [
      141,
      0.3135135135135135
    ],
    [
      142,
      0.18009478672985782
    ],
    [
      143,
      0.21621621621621623
    ],
    [
      144,
      0.17346938775510204
    ],
    [
      145,
      0.13836477987421383
    ],
    [
      146,
      0.21890547263681592
    ],
    [
      147,
      0.15957446808510636
    ],
    [
      148,
      0.19117647058823528
    ],
    [
      149,
      0.1511627906976744
    ],
    [
      150,
      0.19889502762430936
    ],
    [
      151,
      0.25
    ],
    [
      152,
      0.21374045801526717
    ],
    [
      153,
      0.16993464052287582
    ],
    [
      154,
      0.20270270270270271
    ],
    [
      155,
      0.18681318681318682
    ],
    [
      156,
      0.1951219512195122
    ],
    [
      157,
      0.136986301369863
    ],
    [
      158,
      0.20320855614973263
    ],
    [
      159,
      0.26751592356687903
    ],
    [
      160,
      0.24038461538461536
    ],
    [
      161,
      0.1863354037267081
    ],
