{
  "dataset": "QMSum",
  "num_samples": 200,
  "rouge1": 0.3372359149627717,
  "rouge2": 0.0867080228791587,
  "rougeL": 0.20652758127869933,
  "rougeLsum": 0.20825342498714086,
  "per_sample_rougeL": [
    [
      0,
      0.17621145374449337
    ],
    [
      1,
      0.24875621890547267
    ],
    [
      2,
      0.20238095238095238
    ],
    [
      3,
      0.16455696202531644
    ],
    [
      4,
      0.11023622047244093
    ],
    [
      5,
      0.29411764705882354
    ],
    [
      6,
      0.1511627906976744
    ],
    [
      7,
      0.2236024844720497
    ],
    [
      8,
      0.15999999999999998
    ],
    [
      9,
      0.11250000000000002
    ],
    [
      10,
      0.1954887218045113
    ],
    [
      11,
      0.18719211822660098
    ],
    [
      12,
      0.19580419580419578
    ],
    [
      13,
      0.29577464788732394
    ],
    [
      14,
      0.21296296296296297
    ],
    [
      15,
      0.19607843137254902
    ],
    [
      16,
      0.1626794258373206
    ],
    [
      17,
      0.2074074074074074
    ],
    [
      18,
      0.20817843866171004
    ],
    [
      19,
      0.18497109826589592
    ],
    [
      20,
      0.14473684210526316
    ],
    [
      21,
      0.23076923076923078
    ],
    [
      22,
      0.16352201257861637
    ],
    [
      23,
      0.21794871794871792
    ],
    [
      24,
      0.1780104712041885
    ],
    [
      25,
      0.1842105263157895
    ],
    [
      26,
      0.36000000000000004
    ],
    [
      27,
      0.18309859154929578
    ],
    [
      28,
      0.23999999999999996
    ],
    [
      29,
      0.18823529411764706
    ],
    [
      30,
      0.16279069767441862
    ],
    [
      31,
      0.1891891891891892
    ],
    [
      32,
      0.19148936170212766
    ],
    [
      33,
      0.1836734693877551
    ],
    [
      34,
      0.2328767123287671
    ],
    [
      35,
      0.17258883248730966
    ],
    [
      36,
      0.21686746987951805
    ],
    [
      37,
      0.21875
    ],
    [
      38,
      0.14102564102564105
    ],
    [
      39,
      0.16666666666666666
    ],
    [
      40,
      0.18
    ],
    [
      41,
      0.19607843137254902
    ],
    [
      42,
      0.16822429906542058
    ],
    [
      43,
      0.20930232558139536
    ],
    [
      44,
      0.14201183431952663
    ],
    [
      45,
      0.4153846153846154
    ],
    [
      46,
      0.15384615384615385
    ],
    [
      47,
      0.17258883248730966
    ],
    [
      48,
      0.20987654320987653
    ],
    [
      49,
      0.2162162162162162
    ],
    [
      50,
      0.16666666666666666
    ],
    [
      51,
      0.24083769633507854
    ],
    [
      52,
      0.19736842105263158
    ],
    [
      53,
      0.12941176470588234
    ],
    [
      54,
      0.3125
    ],
    [
      55,
      0.1807909604519774
    ],
    [
      56,
      0.14379084967320263
    ],
    [
      57,
      0.08988764044943821
    ],
    [
      58,
      0.2485875706214689
    ],
    [
      59,
      0.16753926701570682
    ],
    [
      60,
      0.20168067226890757
    ],
    [
      61,
      0.27745664739884396
    ],
    [
      62,
      0.23529411764705882
    ],
    [
      63,
      0.2125
    ],
    [
      64,
      0.2112676056338028
    ],
    [
      65,
      0.27027027027027023
    ],
    [
      66,
      0.2594594594594594
    ],
    [
      67,
      0.21818181818181817
    ],
    [
      68,
      0.2649006622516557
    ],
    [
      69,
      0.2824858757062147
    ],
    [
      70,
      0.34567901234567905
    ],
    [
      71,
      0.1923076923076923
    ],
    [
      72,
      0.2608695652173913
    ],
    [
      73,
      0.18
    ],
    [
      74,
      0.20289855072463764
    ],
    [
      75,
      0.273972602739726
    ],
    [
      76,
      0.19318181818181818
    ],
    [
      77,
      0.17054263565891473
    ],
    [
      78,
      0.22702702702702704
    ],
    [
      79,
      0.1978021978021978
    ],
    [
      80,
      0.2081447963800905
    ],
    [
      81,
      0.1693121693121693
    ],
    [
      82,
      0.20661157024793392
    ],
    [
      83,
      0.3300970873786408
    ],
    [
      84,
      0.1608040201005025
    ],
    [
      85,
      0.23157894736842105
    ],
    [
      86,
      0.2396694214876033
    ],
    [
      87,
      0.19108280254777069
    ],
    [
      88,
      0.21367521367521367
    ],
    [
      89,
      0.29245283018867924
    ],
    [
      90,
      0.2061855670103093
    ],
    [
      91,
      0.1889763779527559
    ],
    [
      92,
      0.1871345029239766
    ],
    [
      93,
      0.23214285714285715
    ],
    [
      94,
      0.2406015037593985
    ],
    [
      95,
      0.22935779816513763
    ],
    [
      96,
      0.2311111111111111
    ],
    [
      97,
      0.21848739495798317
    ],
    [
      98,
      0.17801047120418848
    ],
    [
      99,
      0.22614840989399293
    ],
    [
      100,
      0.18579234972677594
    ],
    [
      101,
      0.21818181818181817
    ],
    [
      102,
      0.23750000000000002
    ],
    [
      103,
      0.30864197530864196
    ],
    [
      104,
      0.1914893617021277
    ],
    [
      105,
      0.3125
    ],
    [
      106,
      0.18666666666666668
    ],
    [
      107,
      0.19736842105263158
    ],
    [
      108,
      0.24539877300613497
    ],
    [
      109,
      0.22377622377622372
    ],
    [
      110,
      0.1888888888888889
    ],
    [
      111,
      0.2186234817813765
    ],
    [
      112,
      0.09999999999999999
    ],
    [
      113,
      0.2819383259911894
    ],
    [
      114,
      0.205761316872428
    ],
    [
      115,
      0.16216216216216214
    ],
    [
      116,
      0.1951219512195122
    ],
    [
      117,
      0.18285714285714283
    ],
    [
      118,
      0.14965986394557823
    ],
    [
      119,
      0.2456140350877193
    ],
    [
      120,
      0.21505376344086022
    ],
    [
      121,
      0.23728813559322035
    ],
    [
      122,
      0.16964285714285715
    ],
    [
      123,
      0.2159090909090909
    ],
    [
      124,
      0.13636363636363635
    ],
    [
      125,
      0.20338983050847462
    ],
    [
      126,
      0.22093023255813957
    ],
    [
      127,
      0.16049382716049382
    ],
    [
      128,
      0.22099447513812154
    ],
    [
      129,
      0.23030303030303026
    ],
    [
      130,
      0.19672131147540983
    ],
    [
      131,
      0.15384615384615388
    ],
    [
      132,
      0.2112676056338028
    ],
    [
      133,
      0
    ],
    [
      134,
      0.25339366515837103
    ],
    [
      135,
      0.10738255033557047
    ],
    [
      136,
      0.2548262548262548
    ],
    [
      137,
      0.17964071856287425
    ],
    [
      138,
      0.2767295597484277
    ],
    [
      139,
      0.14130434782608695
    ],
    [
      140,
      0.15686274509803924
    ],
    [
      141,
      0.3804347826086956
    ],
    [
      142,
      0.1945945945945946
    ],
    [
      143,
      0.1714285714285714
    ],
    [
      144,
      0.186046511627907
    ],
    [
      145,
      0.12413793103448278
    ],
    [
      146,
      0.23076923076923078
    ],
    [
      147,
      0.3478260869565218
    ],
    [
      148,
      0.21621621621621617
    ],
    [
      149,
      0.17142857142857143
    ],
    [
      150,
      0.23076923076923078
    ],
    [
      151,
      0.23529411764705882
    ],
    [
      152,
      0.21276595744680854
    ],
    [
      153,
      0.15172413793103448
    ],
    [
      154,
      0.22535211267605632
    ],
    [
      155,
      0.22099447513812157
    ],
    [
      156,
      0.23645320197044334
    ],
    [
      157,
      0.12413793103448276
    ],
    [
      158,
      0.1893491124260355
    ],
    [
      159,
      0.22784810126582278
    ],
    [
      160,
      0.24630541871921185
    ],
    [
