{
  "dataset": "QMSum",
  "num_samples": 200,
  "rouge1": 0.31964290834215725,
  "rouge2": 0.07663652178958806,
  "rougeL": 0.19182741054387265,
  "rougeLsum": 0.19510901344186504,
  "per_sample_rougeL": [
    [
      0,
      0.27149321266968324
    ],
    [
      1,
      0.24489795918367346
    ],
    [
      2,
      0.14213197969543148
    ],
    [
      3,
      0.16374269005847952
    ],
    [
      4,
      0.10606060606060606
    ],
    [
      5,
      0.3020833333333333
    ],
    [
      6,
      0.15028901734104047
    ],
    [
      7,
      0.2035928143712575
    ],
    [
      8,
      0.14379084967320263
    ],
    [
      9,
      0.1794871794871795
    ],
    [
      10,
      0.20547945205479454
    ],
    [
      11,
      0.27
    ],
    [
      12,
      0.19310344827586204
    ],
    [
      13,
      0.27692307692307694
    ],
    [
      14,
      0.25365853658536586
    ],
    [
      15,
      0.23841059602649006
    ],
    [
      16,
      0.18446601941747576
    ],
    [
      17,
      0.21468926553672316
    ],
    [
      18,
      0.15849056603773584
    ],
    [
      19,
      0.19047619047619047
    ],
    [
      20,
      0.11627906976744186
    ],
    [
      21,
      0.16774193548387098
    ],
    [
      22,
      0.2
    ],
    [
      23,
      0.20979020979020976
    ],
    [
      24,
      0.2617801047120419
    ],
    [
      25,
      0.16216216216216217
    ],
    [
      26,
      0.22360248447204972
    ],
    [
      27,
      0.22222222222222224
    ],
    [
      28,
      0.20100502512562815
    ],
    [
      29,
      0.15483870967741933
    ],
    [
      30,
      0.1564245810055866
    ],
    [
      31,
      0.136986301369863
    ],
    [
      32,
      0.31250000000000006
    ],
    [
      33,
      0.21782178217821782
    ],
    [
      34,
      0.21951219512195125
    ],
    [
      35,
      0.15957446808510636
    ],
    [
      36,
      0.17045454545454544
    ],
    [
      37,
      0.17204301075268816
    ],
    [
      38,
      0.16993464052287582
    ],
    [
      39,
      0.16326530612244897
    ],
    [
      40,
      0.16161616161616163
    ],
    [
      41,
      0.17061611374407584
    ],
    [
      42,
      0.14423076923076925
    ],
    [
      43,
      0.2038216560509554
    ],
    [
      44,
      0.17341040462427748
    ],
    [
      45,
      0.2208588957055215
    ],
    [
      46,
      0.1492537313432836
    ],
    [
      47,
      0.18181818181818182
    ],
    [
      48,
      0.20930232558139533
    ],
    [
      49,
      0.17964071856287425
    ],
    [
      50,
      0.13872832369942195
    ],
    [
      51,
      0.23148148148148148
    ],
    [
      52,
      0.18750000000000003
    ],
    [
      53,
      0.1566265060240964
    ],
    [
      54,
      0.25925925925925924
    ],
    [
      55,
      0.15384615384615385
    ],
    [
      56,
      0.174496644295302
    ],
    [
      57,
      0.1437125748502994
    ],
    [
      58,
      0.24137931034482757
    ],
    [
      59,
      0.1837837837837838
    ],
    [
      60,
      0.19459459459459458
    ],
    [
      61,
      0.12941176470588234
    ],
    [
      62,
      0.21402214022140223
    ],
    [
      63,
      0.19161676646706588
    ],
    [
      64,
      0.22535211267605634
    ],
    [
      65,
      0.214765100671141
    ],
    [
      66,
      0.19631901840490798
    ],
    [
      67,
      0.19178082191780824
    ],
    [
      68,
      0.13903743315508021
    ],
    [
      69,
      0.223463687150838
    ],
    [
      70,
      0.2448979591836735
    ],
    [
      71,
      0.2111801242236025
    ],
    [
      72,
      0.24516129032258066
    ],
    [
      73,
      0.22
    ],
    [
      74,
      0.2119205298013245
    ],
    [
      75,
      0.25
    ],
    [
      76,
      0.15151515151515152
    ],
    [
      77,
      0.11428571428571427
    ],
    [
      78,
      0.23783783783783782
    ],
    [
      79,
      0.19428571428571428
    ],
    [
      80,
      0.14545454545454545
    ],
    [
      81,
      0.2
    ],
    [
      82,
      0.1810699588477366
    ],
    [
      83,
      0.17610062893081763
    ],
    [
      84,
      0.1485148514851485
    ],
    [
      85,
      0.16425120772946858
    ],
    [
      86,
      0.2627118644067796
    ],
    [
      87,
      0.2117647058823529
    ],
    [
      88,
      0.1904761904761905
    ],
    [
      89,
      0.2536585365853658
    ],
    [
      90,
      0.18749999999999997
    ],
    [
      91,
      0.12587412587412586
    ],
    [
      92,
      0.20606060606060606
    ],
    [
      93,
      0.18421052631578952
    ],
    [
      94,
      0.18571428571428572
    ],
    [
      95,
      0.16363636363636364
    ],
    [
      96,
      0.15966386554621848
    ],
    [
      97,
      0.24203821656050958
    ],
    [
      98,
      0.20725388601036268
    ],
    [
      99,
      0.18118466898954705
    ],
    [
      100,
      0.22702702702702704
    ],
    [
      101,
      0.20382165605095542
    ],
    [
      102,
      0.22916666666666666
    ],
    [
      103,
      0.2245989304812834
    ],
    [
      104,
      0.1986754966887417
    ],
    [
      105,
      0.2371134020618557
    ],
    [
      106,
      0.22727272727272727
    ],
    [
      107,
      0.17441860465116277
    ],
    [
      108,
      0.3502824858757062
    ],
    [
      109,
      0.1917808219178082
    ],
    [
      110,
      0.17204301075268816
    ],
    [
      111,
      0.2134387351778656
    ],
    [
      112,
      0.25130890052356025
    ],
    [
      113,
      0.22429906542056074
    ],
    [
      114,
      0.2122448979591837
    ],
    [
      115,
      0.18181818181818182
    ],
    [
      116,
      0.15469613259668508
    ],
    [
      117,
      0.22857142857142854
    ],
    [
      118,
      0.17834394904458598
    ],
    [
      119,
      0.18064516129032257
    ],
    [
      120,
      0.16279069767441862
    ],
    [
      121,
      0.1893491124260355
    ],
    [
      122,
      0.1308411214953271
    ],
    [
      123,
      0.20105820105820107
    ],
    [
      124,
      0.1768707482993197
    ],
    [
      125,
      0.15469613259668508
    ],
    [
      126,
      0.21951219512195122
    ],
    [
      127,
      0.14864864864864866
    ],
    [
      128,
      0.36274509803921573
    ],
    [
      129,
      0.21768707482993196
    ],
    [
      130,
      0.15135135135135133
    ],
    [
      131,
      0.14457831325301204
    ],
    [
      132,
      0.22099447513812157
    ],
    [
      133,
      0.22516556291390727
    ],
    [
      134,
      0.1990521327014218
    ],
    [
      135,
      0.20645161290322583
    ],
    [
      136,
      0.1603053435114504
    ],
    [
      137,
      0.17177914110429449
    ],
    [
      138,
      0.22916666666666663
    ],
    [
      139,
      0.12021857923497266
    ],
    [
      140,
      0.14193548387096774
    ],
    [
      141,
      0.33695652173913043
    ],
    [
      142,
      0.2058823529411765
    ],
    [
      143,
      0.1735159817351598
    ],
    [
      144,
      0.16574585635359118
    ],
    [
      145,
      0.1568627450980392
    ],
    [
      146,
      0.24509803921568626
    ],
    [
      147,
      0.17486338797814208
    ],
    [
      148,
      0.20437956204379562
    ],
    [
      149,
      0.1411764705882353
    ],
    [
      150,
      0.3414634146341463
    ],
    [
      151,
      0.17
    ],
    [
      152,
      0.12030075187969926
    ],
    [
      153,
      0.13513513513513514
    ],
    [
      154,
      0.23129251700680273
    ],
    [
      155,
      0.16666666666666666
    ],
    [
      156,
      0.18627450980392155
    ],
    [
      157,
      0.11510791366906474
    ],
    [
      158,
      0.1340782122905028
    ],
    [
      159,
      0.1568627450980392
    ],
    [
      160,
      0.18947368421052632
