{
  "dataset": "QMSum",
  "num_samples": 200,
  "rouge1": 0.28389419486272033,
  "rouge2": 0.05812657133974222,
  "rougeL": 0.17567592421988465,
  "rougeLsum": 0.18857026720571304,
  "per_sample_rougeL": [
    [
      0,
      0.18584070796460175
    ],
    [
      1,
      0.2058823529411765
    ],
    [
      2,
      0.19689119170984454
    ],
    [
      3,
      0.16666666666666669
    ],
    [
      4,
      0.10526315789473685
    ],
    [
      5,
      0.2631578947368421
    ],
    [
      6,
      0.23728813559322032
    ],
    [
      7,
      0.09696969696969697
    ],
    [
      8,
      0.15384615384615383
    ],
    [
      9,
      0.17105263157894737
    ],
    [
      10,
      0.18543046357615894
    ],
    [
      11,
      0.1708542713567839
    ],
    [
      12,
      0.15789473684210528
    ],
    [
      13,
      0.22564102564102564
    ],
    [
      14,
      0.18750000000000003
    ],
    [
      15,
      0.16666666666666666
    ],
    [
      16,
      0.1492537313432836
    ],
    [
      17,
      0.2057142857142857
    ],
    [
      18,
      0.11111111111111112
    ],
    [
      19,
      0.16483516483516483
    ],
    [
      20,
      0.14814814814814814
    ],
    [
      21,
      0.1666666666666667
    ],
    [
      22,
      0.11428571428571428
    ],
    [
      23,
      0.17721518987341772
    ],
    [
      24,
      0.20618556701030927
    ],
    [
      25,
      0.22026431718061673
    ],
    [
      26,
      0.2824858757062147
    ],
    [
      27,
      0.15267175572519084
    ],
    [
      28,
      0.233502538071066
    ],
    [
      29,
      0.16374269005847952
    ],
    [
      30,
      0.1967213114754098
    ],
    [
      31,
      0.18055555555555558
    ],
    [
      32,
      0.20833333333333331
    ],
    [
      33,
      0.18378378378378377
    ],
    [
      34,
      0.20858895705521474
    ],
    [
      35,
      0.1683168316831683
    ],
    [
      36,
      0.1714285714285714
    ],
    [
      37,
      0.1758241758241758
    ],
    [
      38,
      0.1456953642384106
    ],
    [
      39,
      0.14965986394557823
    ],
    [
      40,
      0.18090452261306536
    ],
    [
      41,
      0.13270142180094785
    ],
    [
      42,
      0.10628019323671498
    ],
    [
      43,
      0.20481927710843376
    ],
    [
      44,
      0.14285714285714285
    ],
    [
      45,
      0.1509433962264151
    ],
    [
      46,
      0.19607843137254902
    ],
    [
      47,
      0.1306532663316583
    ],
    [
      48,
      0.1775147928994083
    ],
    [
      49,
      0.16568047337278105
    ],
    [
      50,
      0.15294117647058825
    ],
    [
      51,
      0.2191780821917808
    ],
    [
      52,
      0.14193548387096774
    ],
    [
      53,
      0.20359281437125748
    ],
    [
      54,
      0.17647058823529407
    ],
    [
      55,
      0.15555555555555553
    ],
    [
      56,
      0.17218543046357615
    ],
    [
      57,
      0.10112359550561797
    ],
    [
      58,
      0.20111731843575423
    ],
    [
      59,
      0.16842105263157897
    ],
    [
      60,
      0.19428571428571426
    ],
    [
      61,
      0.2142857142857143
    ],
    [
      62,
      0.20363636363636362
    ],
    [
      63,
      0.17857142857142855
    ],
    [
      64,
      0.1830985915492958
    ],
    [
      65,
      0.1699346405228758
    ],
    [
      66,
      0.18681318681318684
    ],
    [
      67,
      0.07407407407407407
    ],
    [
      68,
      0.14444444444444446
    ],
    [
      69,
      0.18285714285714286
    ],
    [
      70,
      0.1780821917808219
    ],
    [
      71,
      0.13095238095238096
    ],
    [
      72,
      0.2184873949579832
    ],
    [
      73,
      0.2153846153846154
    ],
    [
      74,
      0.1506849315068493
    ],
    [
      75,
      0.21359223300970873
    ],
    [
      76,
      0.15151515151515152
    ],
    [
      77,
      0.14705882352941177
    ],
    [
      78,
      0.20765027322404372
    ],
    [
      79,
      0.1744186046511628
    ],
    [
      80,
      0.20175438596491227
    ],
    [
      81,
      0.19895287958115182
    ],
    [
      82,
      0.17959183673469387
    ],
    [
      83,
      0.10526315789473685
    ],
    [
      84,
      0.1642512077294686
    ],
    [
      85,
      0.19387755102040816
    ],
    [
      86,
      0.18253968253968256
    ],
    [
      87,
      0.20481927710843376
    ],
    [
      88,
      0.1904761904761905
    ],
    [
      89,
      0.1826923076923077
    ],
    [
      90,
      0.18749999999999997
    ],
    [
      91,
      0.14473684210526316
    ],
    [
      92,
      0.19653179190751444
    ],
    [
      93,
      0.21645021645021645
    ],
    [
      94,
      0.14193548387096774
    ],
    [
      95,
      0.1572052401746725
    ],
    [
      96,
      0.1379310344827586
    ],
    [
      97,
      0.22641509433962265
    ],
    [
      98,
      0.1846153846153846
    ],
    [
      99,
      0.23287671232876714
    ],
    [
      100,
      0.17486338797814205
    ],
    [
      101,
      0.21250000000000005
    ],
    [
      102,
      0.19895287958115182
    ],
    [
      103,
      0.19459459459459458
    ],
    [
      104,
      0.14965986394557823
    ],
    [
      105,
      0.23469387755102042
    ],
    [
      106,
      0.2242152466367713
    ],
    [
      107,
      0.20105820105820105
    ],
    [
      108,
      0.20571428571428574
    ],
    [
      109,
      0.15894039735099338
    ],
    [
      110,
      0.19428571428571428
    ],
    [
      111,
      0.21259842519685038
    ],
    [
      112,
      0.18947368421052632
    ],
    [
      113,
      0.21800947867298576
    ],
    [
      114,
      0.17796610169491522
    ],
    [
      115,
      0.14379084967320263
    ],
    [
      116,
      0.16494845360824742
    ],
    [
      117,
      0.20118343195266272
    ],
    [
      118,
      0.1045751633986928
    ],
    [
      119,
      0.17948717948717946
    ],
    [
      120,
      0.15555555555555553
    ],
    [
      121,
      0.18888888888888886
    ],
    [
      122,
      0.15044247787610618
    ],
    [
      123,
      0.2318840579710145
    ],
    [
      124,
      0.09523809523809523
    ],
    [
      125,
      0.18784530386740333
    ],
    [
      126,
      0.19631901840490798
    ],
    [
      127,
      0.19161676646706588
    ],
    [
      128,
      0.2617801047120419
    ],
    [
      129,
      0.2360248447204969
    ],
    [
      130,
      0.14130434782608697
    ],
    [
      131,
      0.15294117647058825
    ],
    [
      132,
      0.1739130434782609
    ],
    [
      133,
      0.14193548387096774
    ],
    [
      134,
      0.07792207792207792
    ],
    [
      135,
      0.14285714285714285
    ],
    [
      136,
      0.16541353383458646
    ],
    [
      137,
      0.17543859649122806
    ],
    [
      138,
      0.20930232558139533
    ],
    [
      139,
      0.11235955056179776
    ],
    [
      140,
      0.15294117647058825
    ],
    [
      141,
      0.2645502645502646
    ],
    [
      142,
      0.1895734597156398
    ],
    [
      143,
      0.21621621621621623
    ],
    [
      144,
      0.21686746987951808
    ],
    [
      145,
      0.14814814814814814
    ],
    [
      146,
      0.175609756097561
    ],
    [
      147,
      0.17525773195876287
    ],
    [
      148,
      0.15942028985507248
    ],
    [
      149,
      0.1411764705882353
    ],
    [
      150,
      0.15053763440860213
    ],
    [
      151,
      0.16129032258064513
    ],
    [
      152,
      0.13636363636363635
    ],
    [
      153,
      0.15189873417721517
    ],
    [
      154,
      0.11851851851851852
    ],
    [
      155,
      0.2222222222222222
    ],
    [
      156,
      0.17647058823529413
    ],
    [
      157,
      0.12413793103448276
    ],
    [
      158,
      0.23783783783783785
