{
  "dataset": "QMSum",
  "num_samples": 200,
  "rouge1": 0.287388122087994,
  "rouge2": 0.06586779586374648,
  "rougeL": 0.18576378057737972,
  "rougeLsum": 0.1879375311299678,
  "per_sample_rougeL": [
    [
      0,
      0.1900452488687783
    ],
    [
      1,
      0.24875621890547267
    ],
    [
      2,
      0.20202020202020204
    ],
    [
      3,
      0.20224719101123598
    ],
    [
      4,
      0.10144927536231883
    ],
    [
      5,
      0.2433862433862434
    ],
    [
      6,
      0.14942528735632185
    ],
    [
      7,
      0.15483870967741936
    ],
    [
      8,
      0.16249999999999998
    ],
    [
      9,
      0.13924050632911394
    ],
    [
      10,
      0.18421052631578946
    ],
    [
      11,
      0.19704433497536944
    ],
    [
      12,
      0.15894039735099338
    ],
    [
      13,
      0.23115577889447236
    ],
    [
      14,
      0.1743119266055046
    ],
    [
      15,
      0.18987341772151897
    ],
    [
      16,
      0.19230769230769232
    ],
    [
      17,
      0.20111731843575417
    ],
    [
      18,
      0.14022140221402213
    ],
    [
      19,
      0.14606741573033705
    ],
    [
      20,
      0.11627906976744186
    ],
    [
      21,
      0.1388888888888889
    ],
    [
      22,
      0.12941176470588234
    ],
    [
      23,
      0.1875
    ],
    [
      24,
      0.17391304347826086
    ],
    [
      25,
      0.22413793103448276
    ],
    [
      26,
      0.16470588235294115
    ],
    [
      27,
      0.1794871794871795
    ],
    [
      28,
      0.18719211822660098
    ],
    [
      29,
      0.17964071856287428
    ],
    [
      30,
      0.2185792349726776
    ],
    [
      31,
      0.16993464052287582
    ],
    [
      32,
      0.24615384615384614
    ],
    [
      33,
      0.20202020202020202
    ],
    [
      34,
      0.21686746987951808
    ],
    [
      35,
      0.16753926701570682
    ],
    [
      36,
      0.18181818181818182
    ],
    [
      37,
      0.16580310880829016
    ],
    [
      38,
      0.16216216216216217
    ],
    [
      39,
      0.18055555555555552
    ],
    [
      40,
      0.17085427135678394
    ],
    [
      41,
      0.21621621621621623
    ],
    [
      42,
      0.14746543778801843
    ],
    [
      43,
      0.23684210526315788
    ],
    [
      44,
      0.1511627906976744
    ],
    [
      45,
      0.18934911242603553
    ],
    [
      46,
      0.1881188118811881
    ],
    [
      47,
      0.20320855614973266
    ],
    [
      48,
      0.21301775147928995
    ],
    [
      49,
      0.19108280254777069
    ],
    [
      50,
      0.1797752808988764
    ],
    [
      51,
      0.24186046511627907
    ],
    [
      52,
      0.16666666666666669
    ],
    [
      53,
      0.1411764705882353
    ],
    [
      54,
      0.1797752808988764
    ],
    [
      55,
      0.16494845360824742
    ],
    [
      56,
      0.16666666666666666
    ],
    [
      57,
      0.1702127659574468
    ],
    [
      58,
      0.22826086956521738
    ],
    [
      59,
      0.16494845360824742
    ],
    [
      60,
      0.1935483870967742
    ],
    [
      61,
      0.25142857142857145
    ],
    [
      62,
      0.19047619047619047
    ],
    [
      63,
      0.1686746987951807
    ],
    [
      64,
      0.1678321678321678
    ],
    [
      65,
      0.17964071856287425
    ],
    [
      66,
      0.25
    ],
    [
      67,
      0.20909090909090908
    ],
    [
      68,
      0.20540540540540542
    ],
    [
      69,
      0.23595505617977533
    ],
    [
      70,
      0.16107382550335572
    ],
    [
      71,
      0.11976047904191617
    ],
    [
      72,
      0.17142857142857143
    ],
    [
      73,
      0.18367346938775508
    ],
    [
      74,
      0.13245033112582782
    ],
    [
      75,
      0.2488479262672811
    ],
    [
      76,
      0.13793103448275862
    ],
    [
      77,
      0.09333333333333335
    ],
    [
      78,
      0.20833333333333331
    ],
    [
      79,
      0.15384615384615383
    ],
    [
      80,
      0.18340611353711792
    ],
    [
      81,
      0.1875
    ],
    [
      82,
      0.19433198380566805
    ],
    [
      83,
      0.16560509554140124
    ],
    [
      84,
      0.19230769230769232
    ],
    [
      85,
      0.21319796954314724
    ],
    [
      86,
      0.216
    ],
    [
      87,
      0.20994475138121546
    ],
    [
      88,
      0.26086956521739135
    ],
    [
      89,
      0.1895734597156398
    ],
    [
      90,
      0.2189054726368159
    ],
    [
      91,
      0.15686274509803924
    ],
    [
      92,
      0.1724137931034483
    ],
    [
      93,
      0.22127659574468087
    ],
    [
      94,
      0.15172413793103448
    ],
    [
      95,
      0.2290748898678414
    ],
    [
      96,
      0.25
    ],
    [
      97,
      0.30864197530864196
    ],
    [
      98,
      0.1846153846153846
    ],
    [
      99,
      0.19999999999999998
    ],
    [
      100,
      0.22702702702702704
    ],
    [
      101,
      0.1951219512195122
    ],
    [
      102,
      0.1752577319587629
    ],
    [
      103,
      0.16666666666666669
    ],
    [
      104,
      0.13513513513513514
    ],
    [
      105,
      0.23589743589743595
    ],
    [
      106,
      0.19090909090909092
    ],
    [
      107,
      0.21978021978021978
    ],
    [
      108,
      0.223463687150838
    ],
    [
      109,
      0.17218543046357615
    ],
    [
      110,
      0.1837837837837838
    ],
    [
      111,
      0.22399999999999998
    ],
    [
      112,
      0.1595744680851064
    ],
    [
      113,
      0.2201834862385321
    ],
    [
      114,
      0.2682926829268293
    ],
    [
      115,
      0.1842105263157895
    ],
    [
      116,
      0.18090452261306536
    ],
    [
      117,
      0.19999999999999998
    ],
    [
      118,
      0.12345679012345681
    ],
    [
      119,
      0.16374269005847955
    ],
    [
      120,
      0.16666666666666663
    ],
    [
      121,
      0.17045454545454544
    ],
    [
      122,
      0.15044247787610618
    ],
    [
      123,
      0.2376237623762376
    ],
    [
      124,
      0.09523809523809523
    ],
    [
      125,
      0.25274725274725274
    ],
    [
      126,
      0.15950920245398773
    ],
    [
      127,
      0.2235294117647059
    ],
    [
      128,
      0.2403846153846154
    ],
    [
      129,
      0.16969696969696968
    ],
    [
      130,
      0.14814814814814814
    ],
    [
      131,
      0.12195121951219513
    ],
    [
      132,
      0.18478260869565216
    ],
    [
      133,
      0.0379746835443038
    ],
    [
      134,
      0.2262443438914027
    ],
    [
      135,
      0.1830065359477124
    ],
    [
      136,
      0.15384615384615383
    ],
    [
      137,
      0.1775147928994083
    ],
    [
      138,
      0.20540540540540542
    ],
    [
      139,
      0.13756613756613756
    ],
    [
      140,
      0.18181818181818182
    ],
    [
      141,
      0.3101604278074866
    ],
    [
      142,
      0.16744186046511628
    ],
    [
      143,
      0.22727272727272727
    ],
    [
      144,
      0.13043478260869562
    ],
    [
      145,
      0.14906832298136646
    ],
    [
      146,
      0.22535211267605637
    ],
    [
      147,
      0.16494845360824745
    ],
    [
      148,
      0.17777777777777776
    ],
    [
      149,
      0.1511627906976744
    ],
    [
      150,
      0.17204301075268816
    ],
    [
      151,
      0.2559241706161137
    ],
    [
      152,
      0.23809523809523805
    ],
    [
      153,
      0.14666666666666667
    ],
    [
      154,
      0.1904761904761905
    ],
    [
      155,
      0.20765027322404372
    ],
    [
      156,
      0.1407035175879397
    ],
    [
      157,
      0.12000000000000001
    ],
    [
      158,
      0.2087912087912088
    ],
    [
      159,
      0.16352201257861637
    ],
    [
      160,
