{
  "dataset": "QMSum",
  "num_samples": 200,
  "rouge1": 0.2880618530302951,
  "rouge2": 0.06583979540567955,
  "rougeL": 0.18959585428725198,
  "rougeLsum": 0.18849702988371275,
  "per_sample_rougeL": [
    [
      0,
      0.1900452488687783
    ],
    [
      1,
      0.24875621890547267
    ],
    [
      2,
      0.20304568527918782
    ],
    [
      3,
      0.2111111111111111
    ],
    [
      4,
      0.10144927536231883
    ],
    [
      5,
      0.2708333333333333
    ],
    [
      6,
      0.16184971098265896
    ],
    [
      7,
      0.1437908496732026
    ],
    [
      8,
      0.1739130434782609
    ],
    [
      9,
      0.16666666666666666
    ],
    [
      10,
      0.1866666666666667
    ],
    [
      11,
      0.18811881188118812
    ],
    [
      12,
      0.15894039735099338
    ],
    [
      13,
      0.24120603015075376
    ],
    [
      14,
      0.17511520737327188
    ],
    [
      15,
      0.18987341772151897
    ],
    [
      16,
      0.19138755980861247
    ],
    [
      17,
      0.21229050279329612
    ],
    [
      18,
      0.18772563176895304
    ],
    [
      19,
      0.18994413407821228
    ],
    [
      20,
      0.12716763005780346
    ],
    [
      21,
      0.1388888888888889
    ],
    [
      22,
      0.1301775147928994
    ],
    [
      23,
      0.18867924528301885
    ],
    [
      24,
      0.19487179487179487
    ],
    [
      25,
      0.22317596566523606
    ],
    [
      26,
      0.1229050279329609
    ],
    [
      27,
      0.16993464052287585
    ],
    [
      28,
      0.18446601941747573
    ],
    [
      29,
      0.2208588957055215
    ],
    [
      30,
      0.2021276595744681
    ],
    [
      31,
      0.17567567567567569
    ],
    [
      32,
      0.2828282828282829
    ],
    [
      33,
      0.19191919191919188
    ],
    [
      34,
      0.21686746987951808
    ],
    [
      35,
      0.19487179487179487
    ],
    [
      36,
      0.18181818181818182
    ],
    [
      37,
      0.17616580310880828
    ],
    [
      38,
      0.16993464052287582
    ],
    [
      39,
      0.19310344827586204
    ],
    [
      40,
      0.20895522388059704
    ],
    [
      41,
      0.215962441314554
    ],
    [
      42,
      0.1851851851851852
    ],
    [
      43,
      0.2441860465116279
    ],
    [
      44,
      0.1511627906976744
    ],
    [
      45,
      0.1927710843373494
    ],
    [
      46,
      0.208955223880597
    ],
    [
      47,
      0.17346938775510204
    ],
    [
      48,
      0.20238095238095236
    ],
    [
      49,
      0.1818181818181818
    ],
    [
      50,
      0.18784530386740333
    ],
    [
      51,
      0.25806451612903225
    ],
    [
      52,
      0.1794871794871795
    ],
    [
      53,
      0.1411764705882353
    ],
    [
      54,
      0.22727272727272724
    ],
    [
      55,
      0.14358974358974358
    ],
    [
      56,
      0.1456953642384106
    ],
    [
      57,
      0.18378378378378377
    ],
    [
      58,
      0.23463687150837986
    ],
    [
      59,
      0.14583333333333331
    ],
    [
      60,
      0.21739130434782608
    ],
    [
      61,
      0.2380952380952381
    ],
    [
      62,
      0.22627737226277372
    ],
    [
      63,
      0.16470588235294117
    ],
    [
      64,
      0.19444444444444445
    ],
    [
      65,
      0.13664596273291926
    ],
    [
      66,
      0.28723404255319146
    ],
    [
      67,
      0.22522522522522523
    ],
    [
      68,
      0.17297297297297298
    ],
    [
      69,
      0.2485875706214689
    ],
    [
      70,
      0.20253164556962025
    ],
    [
      71,
      0.1286549707602339
    ],
    [
      72,
      0.16149068322981366
    ],
    [
      73,
      0.18367346938775508
    ],
    [
      74,
      0.15584415584415587
    ],
    [
      75,
      0.2511627906976744
    ],
    [
      76,
      0.1485148514851485
    ],
    [
      77,
      0.09523809523809523
    ],
    [
      78,
      0.2197802197802198
    ],
    [
      79,
      0.16666666666666666
    ],
    [
      80,
      0.18340611353711792
    ],
    [
      81,
      0.1875
    ],
    [
      82,
      0.1951219512195122
    ],
    [
      83,
      0.16455696202531644
    ],
    [
      84,
      0.17307692307692307
    ],
    [
      85,
      0.20487804878048782
    ],
    [
      86,
      0.20242914979757085
    ],
    [
      87,
      0.2065217391304348
    ],
    [
      88,
      0.26086956521739135
    ],
    [
      89,
      0.19323671497584538
    ],
    [
      90,
      0.19095477386934673
    ],
    [
      91,
      0.14965986394557823
    ],
    [
      92,
      0.20809248554913293
    ],
    [
      93,
      0.21940928270042195
    ],
    [
      94,
      0.141025641025641
    ],
    [
      95,
      0.23175965665236054
    ],
    [
      96,
      0.19672131147540986
    ],
    [
      97,
      0.30864197530864196
    ],
    [
      98,
      0.1846153846153846
    ],
    [
      99,
      0.2620689655172414
    ],
    [
      100,
      0.2185792349726776
    ],
    [
      101,
      0.2012578616352201
    ],
    [
      102,
      0.2371134020618557
    ],
    [
      103,
      0.16666666666666669
    ],
    [
      104,
      0.13513513513513514
    ],
    [
      105,
      0.24489795918367344
    ],
    [
      106,
      0.19909502262443438
    ],
    [
      107,
      0.21739130434782608
    ],
    [
      108,
      0.2298850574712644
    ],
    [
      109,
      0.17333333333333334
    ],
    [
      110,
      0.1827956989247312
    ],
    [
      111,
      0.2677165354330709
    ],
    [
      112,
      0.16129032258064516
    ],
    [
      113,
      0.2201834862385321
    ],
    [
      114,
      0.2716049382716049
    ],
    [
      115,
      0.18543046357615894
    ],
    [
      116,
      0.19191919191919193
    ],
    [
      117,
      0.21348314606741572
    ],
    [
      118,
      0.15
    ],
    [
      119,
      0.16374269005847955
    ],
    [
      120,
      0.1497326203208556
    ],
    [
      121,
      0.17045454545454544
    ],
    [
      122,
      0.15044247787610618
    ],
    [
      123,
      0.22549019607843138
    ],
    [
      124,
      0.08333333333333334
    ],
    [
      125,
      0.20652173913043478
    ],
    [
      126,
      0.14723926380368096
    ],
    [
      127,
      0.15757575757575756
    ],
    [
      128,
      0.24644549763033177
    ],
    [
      129,
      0.1910828025477707
    ],
    [
      130,
      0.13829787234042554
    ],
    [
      131,
      0.12269938650306747
    ],
    [
      132,
      0.227027027027027
    ],
    [
      133,
      0.10256410256410256
    ],
    [
      134,
      0.22522522522522523
    ],
    [
      135,
      0.1794871794871795
    ],
    [
      136,
      0.16091954022988506
    ],
    [
      137,
      0.17857142857142858
    ],
    [
      138,
      0.2032085561497326
    ],
    [
      139,
      0.1382978723404255
    ],
    [
      140,
      0.17142857142857143
    ],
    [
      141,
      0.2994652406417112
    ],
    [
      142,
      0.14814814814814817
    ],
    [
      143,
      0.25438596491228066
    ],
    [
      144,
      0.13333333333333333
    ],
    [
      145,
      0.16049382716049382
    ],
    [
      146,
      0.25
    ],
    [
      147,
      0.17708333333333331
    ],
    [
      148,
      0.1294964028776978
    ],
    [
      149,
      0.12865497076023394
    ],
    [
      150,
      0.17204301075268816
    ],
    [
      151,
      0.19323671497584538
    ],
    [
      152,
      0.22399999999999998
    ],
    [
      153,
      0.15584415584415584
    ],
    [
      154,
      0.217687074829932
    ],
    [
      155,
      0.2087912087912088
    ],
    [
      156,
      0.16425120772946858
    ],
    [
      157,
      0.14965986394557826
    ],
    [
      158,
      0.1910112359550562
    ],
    [
      159,
      0.18823529411764708
    ],
