{
  "dataset": "QMSum",
  "num_samples": 200,
  "rouge1": 0.2969868996224074,
  "rouge2": 0.07033234696168221,
  "rougeL": 0.17715787247871578,
  "rougeLsum": 0.1925317830676405,
  "per_sample_rougeL": [
    [
      0,
      0.1900452488687783
    ],
    [
      1,
      0.2311557788944724
    ],
    [
      2,
      0.14583333333333334
    ],
    [
      3,
      0.16470588235294117
    ],
    [
      4,
      0.12121212121212122
    ],
    [
      5,
      0.14545454545454548
    ],
    [
      6,
      0.1511627906976744
    ],
    [
      7,
      0.16149068322981366
    ],
    [
      8,
      0.14285714285714285
    ],
    [
      9,
      0.1656050955414013
    ],
    [
      10,
      0.13333333333333333
    ],
    [
      11,
      0.2772277227722772
    ],
    [
      12,
      0.23611111111111113
    ],
    [
      13,
      0.21164021164021166
    ],
    [
      14,
      0.16190476190476188
    ],
    [
      15,
      0.1456953642384106
    ],
    [
      16,
      0.1739130434782609
    ],
    [
      17,
      0.20809248554913296
    ],
    [
      18,
      0.1865671641791045
    ],
    [
      19,
      0.15757575757575756
    ],
    [
      20,
      0.11180124223602485
    ],
    [
      21,
      0.14473684210526314
    ],
    [
      22,
      0.09696969696969696
    ],
    [
      23,
      0.18181818181818182
    ],
    [
      24,
      0.2197802197802198
    ],
    [
      25,
      0.19178082191780824
    ],
    [
      26,
      0.07453416149068323
    ],
    [
      27,
      0.22377622377622378
    ],
    [
      28,
      0.16494845360824742
    ],
    [
      29,
      0.11320754716981132
    ],
    [
      30,
      0.1818181818181818
    ],
    [
      31,
      0.15492957746478872
    ],
    [
      32,
      0.2328042328042328
    ],
    [
      33,
      0.22797927461139897
    ],
    [
      34,
      0.2641509433962264
    ],
    [
      35,
      0.15624999999999997
    ],
    [
      36,
      0.19767441860465115
    ],
    [
      37,
      0.13559322033898305
    ],
    [
      38,
      0.14965986394557823
    ],
    [
      39,
      0.18840579710144928
    ],
    [
      40,
      0.18367346938775508
    ],
    [
      41,
      0.13658536585365857
    ],
    [
      42,
      0.0660377358490566
    ],
    [
      43,
      0.22222222222222224
    ],
    [
      44,
      0.14457831325301201
    ],
    [
      45,
      0.3647798742138365
    ],
    [
      46,
      0.16161616161616163
    ],
    [
      47,
      0.16580310880829016
    ],
    [
      48,
      0.15568862275449102
    ],
    [
      49,
      0.20606060606060606
    ],
    [
      50,
      0.20571428571428574
    ],
    [
      51,
      0.21256038647342992
    ],
    [
      52,
      0.18867924528301888
    ],
    [
      53,
      0.1506849315068493
    ],
    [
      54,
      0.25
    ],
    [
      55,
      0.14285714285714285
    ],
    [
      56,
      0.17218543046357615
    ],
    [
      57,
      0.10588235294117647
    ],
    [
      58,
      0.2404371584699453
    ],
    [
      59,
      0.2162162162162162
    ],
    [
      60,
      0.1625
    ],
    [
      61,
      0.21052631578947367
    ],
    [
      62,
      0.2093023255813954
    ],
    [
      63,
      0.14906832298136646
    ],
    [
      64,
      0.20289855072463767
    ],
    [
      65,
      0.2105263157894737
    ],
    [
      66,
      0.2057142857142857
    ],
    [
      67,
      0.1895734597156398
    ],
    [
      68,
      0.11764705882352942
    ],
    [
      69,
      0.2285714285714286
    ],
    [
      70,
      0.2638888888888889
    ],
    [
      71,
      0.15827338129496404
    ],
    [
      72,
      0.15172413793103448
    ],
    [
      73,
      0.19791666666666666
    ],
    [
      74,
      0.16666666666666669
    ],
    [
      75,
      0.12000000000000001
    ],
    [
      76,
      0.15075376884422112
    ],
    [
      77,
      0.15151515151515152
    ],
    [
      78,
      0.19791666666666669
    ],
    [
      79,
      0.15819209039548024
    ],
    [
      80,
      0.1636363636363636
    ],
    [
      81,
      0.19354838709677424
    ],
    [
      82,
      0.20168067226890757
    ],
    [
      83,
      0.17721518987341772
    ],
    [
      84,
      0.20304568527918782
    ],
    [
      85,
      0.17989417989417988
    ],
    [
      86,
      0.16129032258064516
    ],
    [
      87,
      0.2
    ],
    [
      88,
      0.23376623376623376
    ],
    [
      89,
      0.4019607843137255
    ],
    [
      90,
      0.19895287958115185
    ],
    [
      91,
      0.11188811188811189
    ],
    [
      92,
      0.1466666666666667
    ],
    [
      93,
      0.1834061135371179
    ],
    [
      94,
      0.21333333333333335
    ],
    [
      95,
      0.20909090909090908
    ],
    [
      96,
      0.14592274678111586
    ],
    [
      97,
      0.11392405063291139
    ],
    [
      98,
      0.22797927461139897
    ],
    [
      99,
      0.20216606498194947
    ],
    [
      100,
      0.16
    ],
    [
      101,
      0.22972972972972977
    ],
    [
      102,
      0.1865284974093264
    ],
    [
      103,
      0.17441860465116277
    ],
    [
      104,
      0.15172413793103448
    ],
    [
      105,
      0.2780748663101604
    ],
    [
      106,
      0.19178082191780824
    ],
    [
      107,
      0.1477272727272727
    ],
    [
      108,
      0.16470588235294117
    ],
    [
      109,
      0.18055555555555552
    ],
    [
      110,
      0.143646408839779
    ],
    [
      111,
      0.2134387351778656
    ],
    [
      112,
      0.1978021978021978
    ],
    [
      113,
      0.25
    ],
    [
      114,
      0.25941422594142266
    ],
    [
      115,
      0.16666666666666666
    ],
    [
      116,
      0.1744186046511628
    ],
    [
      117,
      0.24418604651162792
    ],
    [
      118,
      0.12987012987012986
    ],
    [
      119,
      0.19875776397515527
    ],
    [
      120,
      0.1511627906976744
    ],
    [
      121,
      0.14772727272727273
    ],
    [
      122,
      0.12785388127853883
    ],
    [
      123,
      0.15463917525773194
    ],
    [
      124,
      0.14864864864864866
    ],
    [
      125,
      0.17751479289940827
    ],
    [
      126,
      0.18181818181818182
    ],
    [
      127,
      0.14569536423841062
    ],
    [
      128,
      0.1507537688442211
    ],
    [
      129,
      0.24675324675324672
    ],
    [
      130,
      0.16216216216216214
    ],
    [
      131,
      0.12658227848101267
    ],
    [
      132,
      0.1899441340782123
    ],
    [
      133,
      0.2119205298013245
    ],
    [
      134,
      0.17224880382775118
    ],
    [
      135,
      0.11188811188811189
    ],
    [
      136,
      0.12549019607843137
    ],
    [
      137,
      0.14814814814814817
    ],
    [
      138,
      0.1837837837837838
    ],
    [
      139,
      0.12972972972972974
    ],
    [
      140,
      0.20270270270270271
    ],
    [
      141,
      0.34254143646408836
    ],
    [
      142,
      0.1523809523809524
    ],
    [
      143,
      0.18604651162790697
    ],
    [
      144,
      0.13186813186813184
    ],
    [
      145,
      0.174496644295302
    ],
    [
      146,
      0.20853080568720378
    ],
    [
      147,
      0.17708333333333331
    ],
    [
      148,
      0.1751824817518248
    ],
    [
      149,
      0.1325301204819277
    ],
    [
      150,
      0.1460674157303371
    ],
    [
      151,
      0.20304568527918784
    ],
    [
      152,
      0.06299212598425197
    ],
    [
      153,
      0.11920529801324505
    ],
    [
      154,
      0.16107382550335572
    ],
    [
      155,
      0.23030303030303031
    ],
    [
      156,
      0.13793103448275865
    ],
    [
      157,
      0.14814814814814814
    ],
    [
      158,
      0.18279569892473116
    ],
    [
      159,
      0.10191082802547771
    ],
    [
      160,
