{
  "dataset": "QMSum",
  "num_samples": 200,
  "rouge1": 0.3170472420195545,
  "rouge2": 0.07214658042246153,
  "rougeL": 0.19494769447289695,
  "rougeLsum": 0.19667435039169273,
  "per_sample_rougeL": [
    [
      0,
      0.19730941704035876
    ],
    [
      1,
      0.23300970873786406
    ],
    [
      2,
      0.19
    ],
    [
      3,
      0.20454545454545456
    ],
    [
      4,
      0.11940298507462686
    ],
    [
      5,
      0.2094240837696335
    ],
    [
      6,
      0.152046783625731
    ],
    [
      7,
      0.13496932515337423
    ],
    [
      8,
      0.15286624203821655
    ],
    [
      9,
      0.1625
    ],
    [
      10,
      0.18421052631578946
    ],
    [
      11,
      0.1932367149758454
    ],
    [
      12,
      0.1830065359477124
    ],
    [
      13,
      0.23000000000000004
    ],
    [
      14,
      0.20657276995305165
    ],
    [
      15,
      0.2
    ],
    [
      16,
      0.22115384615384615
    ],
    [
      17,
      0.1818181818181818
    ],
    [
      18,
      0.18796992481203006
    ],
    [
      19,
      0.17486338797814208
    ],
    [
      20,
      0.10404624277456648
    ],
    [
      21,
      0.1666666666666667
    ],
    [
      22,
      0.1871345029239766
    ],
    [
      23,
      0.1923076923076923
    ],
    [
      24,
      0.19689119170984457
    ],
    [
      25,
      0.23275862068965517
    ],
    [
      26,
      0.24705882352941178
    ],
    [
      27,
      0.20253164556962025
    ],
    [
      28,
      0.21999999999999997
    ],
    [
      29,
      0.21301775147928995
    ],
    [
      30,
      0.14054054054054055
    ],
    [
      31,
      0.2328767123287671
    ],
    [
      32,
      0.28272251308900526
    ],
    [
      33,
      0.2131979695431472
    ],
    [
      34,
      0.21428571428571427
    ],
    [
      35,
      0.21105527638190952
    ],
    [
      36,
      0.16853932584269662
    ],
    [
      37,
      0.1884816753926702
    ],
    [
      38,
      0.14864864864864866
    ],
    [
      39,
      0.14965986394557823
    ],
    [
      40,
      0.17
    ],
    [
      41,
      0.19138755980861247
    ],
    [
      42,
      0.18779342723004694
    ],
    [
      43,
      0.23030303030303026
    ],
    [
      44,
      0.16184971098265896
    ],
    [
      45,
      0.18633540372670804
    ],
    [
      46,
      0.1890547263681592
    ],
    [
      47,
      0.19000000000000003
    ],
    [
      48,
      0.2033898305084746
    ],
    [
      49,
      0.1744186046511628
    ],
    [
      50,
      0.21714285714285717
    ],
    [
      51,
      0.2181818181818182
    ],
    [
      52,
      0.13414634146341464
    ],
    [
      53,
      0.17341040462427743
    ],
    [
      54,
      0.25142857142857145
    ],
    [
      55,
      0.16666666666666669
    ],
    [
      56,
      0.18064516129032257
    ],
    [
      57,
      0.1229050279329609
    ],
    [
      58,
      0.24444444444444446
    ],
    [
      59,
      0.22105263157894736
    ],
    [
      60,
      0.20454545454545459
    ],
    [
      61,
      0.18604651162790697
    ],
    [
      62,
      0.23357664233576642
    ],
    [
      63,
      0.1566265060240964
    ],
    [
      64,
      0.20833333333333334
    ],
    [
      65,
      0.2077922077922078
    ],
    [
      66,
      0.24444444444444444
    ],
    [
      67,
      0.2702702702702703
    ],
    [
      68,
      0.15300546448087432
    ],
    [
      69,
      0.18079096045197743
    ],
    [
      70,
      0.19310344827586204
    ],
    [
      71,
      0.17073170731707316
    ],
    [
      72,
      0.1621621621621622
    ],
    [
      73,
      0.19289340101522842
    ],
    [
      74,
      0.1866666666666667
    ],
    [
      75,
      0.19354838709677416
    ],
    [
      76,
      0.13131313131313133
    ],
    [
      77,
      0.130718954248366
    ],
    [
      78,
      0.2198952879581152
    ],
    [
      79,
      0.1888888888888889
    ],
    [
      80,
      0.16216216216216214
    ],
    [
      81,
      0.16393442622950818
    ],
    [
      82,
      0.19753086419753085
    ],
    [
      83,
      0.2193548387096774
    ],
    [
      84,
      0.19704433497536944
    ],
    [
      85,
      0.2222222222222222
    ],
    [
      86,
      0.24066390041493776
    ],
    [
      87,
      0.20571428571428574
    ],
    [
      88,
      0.16379310344827586
    ],
    [
      89,
      0.29523809523809524
    ],
    [
      90,
      0.21428571428571425
    ],
    [
      91,
      0.17333333333333334
    ],
    [
      92,
      0.1893491124260355
    ],
    [
      93,
      0.23580786026200873
    ],
    [
      94,
      0.21656050955414013
    ],
    [
      95,
      0.18502202643171806
    ],
    [
      96,
      0.19999999999999998
    ],
    [
      97,
      0.18633540372670804
    ],
    [
      98,
      0.1875
    ],
    [
      99,
      0.2457337883959044
    ],
    [
      100,
      0.1978021978021978
    ],
    [
      101,
      0.25301204819277107
    ],
    [
      102,
      0.17801047120418845
    ],
    [
      103,
      0.23404255319148934
    ],
    [
      104,
      0.20915032679738566
    ],
    [
      105,
      0.25
    ],
    [
      106,
      0.19730941704035876
    ],
    [
      107,
      0.23404255319148934
    ],
    [
      108,
      0.21965317919075147
    ],
    [
      109,
      0.21333333333333335
    ],
    [
      110,
      0.2446808510638298
    ],
    [
      111,
      0.22310756972111553
    ],
    [
      112,
      0.1798941798941799
    ],
    [
      113,
      0.2443438914027149
    ],
    [
      114,
      0.23376623376623376
    ],
    [
      115,
      0.16
    ],
    [
      116,
      0.17525773195876287
    ],
    [
      117,
      0.21978021978021978
    ],
    [
      118,
      0.15
    ],
    [
      119,
      0.18518518518518517
    ],
    [
      120,
      0.22459893048128343
    ],
    [
      121,
      0.16
    ],
    [
      122,
      0.14678899082568808
    ],
    [
      123,
      0.233502538071066
    ],
    [
      124,
      0.12162162162162164
    ],
    [
      125,
      0.1839080459770115
    ],
    [
      126,
      0.25301204819277107
    ],
    [
      127,
      0.15950920245398773
    ],
    [
      128,
      0.2512077294685991
    ],
    [
      129,
      0.22499999999999995
    ],
    [
      130,
      0.16666666666666666
    ],
    [
      131,
      0.147239263803681
    ],
    [
      132,
      0.22598870056497175
    ],
    [
      133,
      0.23684210526315788
    ],
    [
      134,
      0.25
    ],
    [
      135,
      0.19736842105263158
    ],
    [
      136,
      0.17829457364341086
    ],
    [
      137,
      0.16666666666666666
    ],
    [
      138,
      0.21164021164021166
    ],
    [
      139,
      0.1111111111111111
    ],
    [
      140,
      0.1764705882352941
    ],
    [
      141,
      0.32432432432432434
    ],
    [
      142,
      0.1523809523809524
    ],
    [
      143,
      0.19909502262443438
    ],
    [
      144,
      0.19689119170984457
    ],
    [
      145,
      0.14634146341463414
    ],
    [
      146,
      0.1877934272300469
    ],
    [
      147,
      0.1780104712041885
    ],
    [
      148,
      0.14705882352941177
    ],
    [
      149,
      0.1437125748502994
    ],
    [
      150,
      0.18378378378378382
    ],
    [
      151,
      0.2535211267605634
    ],
    [
      152,
      0.21538461538461537
    ],
    [
      153,
      0.13157894736842107
    ],
    [
      154,
      0.2162162162162162
    ],
    [
      155,
      0.20000000000000004
    ],
    [
      156,
      0.16748768472906403
    ],
    [
      157,
      0.16783216783216784
    ],
    [
      158,
      0.22099447513812157
    ],
    [
      159,
      0.2303030303030303
    ],
    [
      160,
      0.2222222222222222
    ],
    [
      161,
      0.17834394904458598
    ],
