{
  "dataset": "QMSum",
  "num_samples": 200,
  "rouge1": 0.3183880905180716,
  "rouge2": 0.07339169906252868,
  "rougeL": 0.19381643517265873,
  "rougeLsum": 0.19742594430443317,
  "per_sample_rougeL": [
    [
      0,
      0.1777777777777778
    ],
    [
      1,
      0.2048780487804878
    ],
    [
      2,
      0.17821782178217824
    ],
    [
      3,
      0.1839080459770115
    ],
    [
      4,
      0.14925373134328357
    ],
    [
      5,
      0.2198952879581152
    ],
    [
      6,
      0.17857142857142858
    ],
    [
      7,
      0.15942028985507245
    ],
    [
      8,
      0.13924050632911392
    ],
    [
      9,
      0.17834394904458598
    ],
    [
      10,
      0.16438356164383564
    ],
    [
      11,
      0.19
    ],
    [
      12,
      0.19607843137254902
    ],
    [
      13,
      0.2653061224489796
    ],
    [
      14,
      0.17351598173515984
    ],
    [
      15,
      0.2
    ],
    [
      16,
      0.18357487922705315
    ],
    [
      17,
      0.17045454545454547
    ],
    [
      18,
      0.17164179104477612
    ],
    [
      19,
      0.15730337078651685
    ],
    [
      20,
      0.14942528735632182
    ],
    [
      21,
      0.17567567567567569
    ],
    [
      22,
      0.14942528735632182
    ],
    [
      23,
      0.2515723270440252
    ],
    [
      24,
      0.24742268041237117
    ],
    [
      25,
      0.21645021645021645
    ],
    [
      26,
      0.19653179190751444
    ],
    [
      27,
      0.18543046357615892
    ],
    [
      28,
      0.22660098522167485
    ],
    [
      29,
      0.17341040462427745
    ],
    [
      30,
      0.1758241758241758
    ],
    [
      31,
      0.1917808219178082
    ],
    [
      32,
      0.26943005181347146
    ],
    [
      33,
      0.2233502538071066
    ],
    [
      34,
      0.20253164556962022
    ],
    [
      35,
      0.19387755102040818
    ],
    [
      36,
      0.1954022988505747
    ],
    [
      37,
      0.16243654822335024
    ],
    [
      38,
      0.17218543046357615
    ],
    [
      39,
      0.17567567567567569
    ],
    [
      40,
      0.15920398009950248
    ],
    [
      41,
      0.15311004784688997
    ],
    [
      42,
      0.20276497695852536
    ],
    [
      43,
      0.2413793103448276
    ],
    [
      44,
      0.1477272727272727
    ],
    [
      45,
      0.2236024844720497
    ],
    [
      46,
      0.17733990147783252
    ],
    [
      47,
      0.15075376884422112
    ],
    [
      48,
      0.19767441860465115
    ],
    [
      49,
      0.17543859649122806
    ],
    [
      50,
      0.19540229885057472
    ],
    [
      51,
      0.26363636363636367
    ],
    [
      52,
      0.17391304347826086
    ],
    [
      53,
      0.14942528735632185
    ],
    [
      54,
      0.21839080459770113
    ],
    [
      55,
      0.18947368421052632
    ],
    [
      56,
      0.18867924528301885
    ],
    [
      57,
      0.15300546448087432
    ],
    [
      58,
      0.24444444444444446
    ],
    [
      59,
      0.20879120879120877
    ],
    [
      60,
      0.14942528735632185
    ],
    [
      61,
      0.20930232558139536
    ],
    [
      62,
      0.24908424908424906
    ],
    [
      63,
      0.17751479289940827
    ],
    [
      64,
      0.17931034482758618
    ],
    [
      65,
      0.1891891891891892
    ],
    [
      66,
      0.23913043478260868
    ],
    [
      67,
      0.24669603524229072
    ],
    [
      68,
      0.15730337078651685
    ],
    [
      69,
      0.20689655172413793
    ],
    [
      70,
      0.22972972972972971
    ],
    [
      71,
      0.16470588235294117
    ],
    [
      72,
      0.19867549668874174
    ],
    [
      73,
      0.18556701030927836
    ],
    [
      74,
      0.17218543046357615
    ],
    [
      75,
      0.2790697674418604
    ],
    [
      76,
      0.16080402010050251
    ],
    [
      77,
      0.11920529801324505
    ],
    [
      78,
      0.2173913043478261
    ],
    [
      79,
      0.24561403508771928
    ],
    [
      80,
      0.15859030837004406
    ],
    [
      81,
      0.15873015873015872
    ],
    [
      82,
      0.22131147540983606
    ],
    [
      83,
      0.19230769230769232
    ],
    [
      84,
      0.16748768472906403
    ],
    [
      85,
      0.21256038647342992
    ],
    [
      86,
      0.20161290322580644
    ],
    [
      87,
      0.22346368715083798
    ],
    [
      88,
      0.1810344827586207
    ],
    [
      89,
      0.32710280373831774
    ],
    [
      90,
      0.23834196891191708
    ],
    [
      91,
      0.1506849315068493
    ],
    [
      92,
      0.18285714285714288
    ],
    [
      93,
      0.20425531914893616
    ],
    [
      94,
      0.21656050955414013
    ],
    [
      95,
      0.1735159817351598
    ],
    [
      96,
      0.19917012448132781
    ],
    [
      97,
      0.2435897435897436
    ],
    [
      98,
      0.21649484536082472
    ],
    [
      99,
      0.1993127147766323
    ],
    [
      100,
      0.1899441340782123
    ],
    [
      101,
      0.22929936305732482
    ],
    [
      102,
      0.19689119170984457
    ],
    [
      103,
      0.22340425531914895
    ],
    [
      104,
      0.19480519480519481
    ],
    [
      105,
      0.25773195876288657
    ],
    [
      106,
      0.1883408071748879
    ],
    [
      107,
      0.19354838709677416
    ],
    [
      108,
      0.20994475138121546
    ],
    [
      109,
      0.20547945205479454
    ],
    [
      110,
      0.23655913978494622
    ],
    [
      111,
      0.20312499999999997
    ],
    [
      112,
      0.17204301075268819
    ],
    [
      113,
      0.22421524663677128
    ],
    [
      114,
      0.2416666666666667
    ],
    [
      115,
      0.17721518987341772
    ],
    [
      116,
      0.20930232558139536
    ],
    [
      117,
      0.18181818181818182
    ],
    [
      118,
      0.1375
    ],
    [
      119,
      0.2
    ],
    [
      120,
      0.20652173913043476
    ],
    [
      121,
      0.19428571428571428
    ],
    [
      122,
      0.15111111111111108
    ],
    [
      123,
      0.19900497512437812
    ],
    [
      124,
      0.1476510067114094
    ],
    [
      125,
      0.18181818181818185
    ],
    [
      126,
      0.2168674698795181
    ],
    [
      127,
      0.18633540372670807
    ],
    [
      128,
      0.26213592233009714
    ],
    [
      129,
      0.19753086419753085
    ],
    [
      130,
      0.16753926701570682
    ],
    [
      131,
      0.12269938650306747
    ],
    [
      132,
      0.20994475138121546
    ],
    [
      133,
      0.1879194630872483
    ],
    [
      134,
      0.2727272727272727
    ],
    [
      135,
      0.18666666666666668
    ],
    [
      136,
      0.1532567049808429
    ],
    [
      137,
      0.15384615384615385
    ],
    [
      138,
      0.21052631578947367
    ],
    [
      139,
      0.09836065573770492
    ],
    [
      140,
      0.2011834319526627
    ],
    [
      141,
      0.3135135135135135
    ],
    [
      142,
      0.16822429906542055
    ],
    [
      143,
      0.20276497695852533
    ],
    [
      144,
      0.1675392670157068
    ],
    [
      145,
      0.1806451612903226
    ],
    [
      146,
      0.2048780487804878
    ],
    [
      147,
      0.19148936170212763
    ],
    [
      148,
      0.15748031496062992
    ],
    [
      149,
      0.1511627906976744
    ],
    [
      150,
      0.1702127659574468
    ],
    [
      151,
      0.2608695652173913
    ],
    [
      152,
      0.21875
    ],
    [
      153,
      0.15584415584415584
    ],
    [
      154,
      0.1793103448275862
    ],
    [
      155,
      0.21978021978021978
    ],
    [
      156,
      0.23762376237623764
    ],
    [
      157,
      0.1571428571428571
    ],
    [
      158,
      0.19148936170212766
    ],
    [
      159,
      0.25301204819277107
    ],
    [
