{
  "dataset": "QMSum",
  "num_samples": 200,
  "rouge1": 0.3215164931316291,
  "rouge2": 0.07528510066582708,
  "rougeL": 0.1989291921399977,
  "rougeLsum": 0.1998170350365802,
  "per_sample_rougeL": [
    [
      0,
      0.1900452488687783
    ],
    [
      1,
      0.2318840579710145
    ],
    [
      2,
      0.19095477386934673
    ],
    [
      3,
      0.17679558011049726
    ],
    [
      4,
      0.11851851851851852
    ],
    [
      5,
      0.2645502645502646
    ],
    [
      6,
      0.15294117647058822
    ],
    [
      7,
      0.1739130434782609
    ],
    [
      8,
      0.15384615384615383
    ],
    [
      9,
      0.1656050955414013
    ],
    [
      10,
      0.19178082191780824
    ],
    [
      11,
      0.21359223300970873
    ],
    [
      12,
      0.2236842105263158
    ],
    [
      13,
      0.24242424242424246
    ],
    [
      14,
      0.21153846153846154
    ],
    [
      15,
      0.17218543046357615
    ],
    [
      16,
      0.1990521327014218
    ],
    [
      17,
      0.19883040935672514
    ],
    [
      18,
      0.1851851851851852
    ],
    [
      19,
      0.1694915254237288
    ],
    [
      20,
      0.1264367816091954
    ],
    [
      21,
      0.1793103448275862
    ],
    [
      22,
      0.11834319526627218
    ],
    [
      23,
      0.2278481012658228
    ],
    [
      24,
      0.18750000000000003
    ],
    [
      25,
      0.23076923076923075
    ],
    [
      26,
      0.22988505747126434
    ],
    [
      27,
      0.217687074829932
    ],
    [
      28,
      0.25
    ],
    [
      29,
      0.2
    ],
    [
      30,
      0.1639344262295082
    ],
    [
      31,
      0.1610738255033557
    ],
    [
      32,
      0.3350785340314136
    ],
    [
      33,
      0.19191919191919188
    ],
    [
      34,
      0.21518987341772153
    ],
    [
      35,
      0.17525773195876287
    ],
    [
      36,
      0.17977528089887643
    ],
    [
      37,
      0.19689119170984454
    ],
    [
      38,
      0.1710526315789474
    ],
    [
      39,
      0.1476510067114094
    ],
    [
      40,
      0.18
    ],
    [
      41,
      0.2048780487804878
    ],
    [
      42,
      0.12322274881516587
    ],
    [
      43,
      0.21301775147928997
    ],
    [
      44,
      0.1564245810055866
    ],
    [
      45,
      0.275
    ],
    [
      46,
      0.17647058823529413
    ],
    [
      47,
      0.16080402010050251
    ],
    [
      48,
      0.21965317919075142
    ],
    [
      49,
      0.19653179190751444
    ],
    [
      50,
      0.18604651162790697
    ],
    [
      51,
      0.24770642201834864
    ],
    [
      52,
      0.1358024691358025
    ],
    [
      53,
      0.17341040462427743
    ],
    [
      54,
      0.2413793103448276
    ],
    [
      55,
      0.1780104712041885
    ],
    [
      56,
      0.24203821656050953
    ],
    [
      57,
      0.12087912087912087
    ],
    [
      58,
      0.23333333333333334
    ],
    [
      59,
      0.20430107526881722
    ],
    [
      60,
      0.19889502762430938
    ],
    [
      61,
      0.19653179190751444
    ],
    [
      62,
      0.2647058823529412
    ],
    [
      63,
      0.19047619047619047
    ],
    [
      64,
      0.17142857142857143
    ],
    [
      65,
      0.23376623376623376
    ],
    [
      66,
      0.21739130434782608
    ],
    [
      67,
      0.23744292237442924
    ],
    [
      68,
      0.1818181818181818
    ],
    [
      69,
      0.20454545454545456
    ],
    [
      70,
      0.2482758620689655
    ],
    [
      71,
      0.1739130434782609
    ],
    [
      72,
      0.20253164556962022
    ],
    [
      73,
      0.22448979591836735
    ],
    [
      74,
      0.19607843137254902
    ],
    [
      75,
      0.22325581395348834
    ],
    [
      76,
      0.1492537313432836
    ],
    [
      77,
      0.13513513513513511
    ],
    [
      78,
      0.24731182795698928
    ],
    [
      79,
      0.22222222222222224
    ],
    [
      80,
      0.19213973799126638
    ],
    [
      81,
      0.1798941798941799
    ],
    [
      82,
      0.19753086419753085
    ],
    [
      83,
      0.19108280254777069
    ],
    [
      84,
      0.19704433497536944
    ],
    [
      85,
      0.2222222222222222
    ],
    [
      86,
      0.25833333333333336
    ],
    [
      87,
      0.22471910112359547
    ],
    [
      88,
      0.1794871794871795
    ],
    [
      89,
      0.3098591549295775
    ],
    [
      90,
      0.23350253807106597
    ],
    [
      91,
      0.17105263157894737
    ],
    [
      92,
      0.16184971098265896
    ],
    [
      93,
      0.23931623931623933
    ],
    [
      94,
      0.1875
    ],
    [
      95,
      0.18348623853211013
    ],
    [
      96,
      0.22131147540983606
    ],
    [
      97,
      0.189873417721519
    ],
    [
      98,
      0.19689119170984457
    ],
    [
      99,
      0.20833333333333334
    ],
    [
      100,
      0.20454545454545456
    ],
    [
      101,
      0.20238095238095238
    ],
    [
      102,
      0.19895287958115182
    ],
    [
      103,
      0.23783783783783782
    ],
    [
      104,
      0.15584415584415584
    ],
    [
      105,
      0.24615384615384617
    ],
    [
      106,
      0.18433179723502302
    ],
    [
      107,
      0.22580645161290325
    ],
    [
      108,
      0.24277456647398846
    ],
    [
      109,
      0.26027397260273977
    ],
    [
      110,
      0.21390374331550802
    ],
    [
      111,
      0.2047244094488189
    ],
    [
      112,
      0.2810810810810811
    ],
    [
      113,
      0.23423423423423423
    ],
    [
      114,
      0.2222222222222222
    ],
    [
      115,
      0.13924050632911392
    ],
    [
      116,
      0.1595744680851064
    ],
    [
      117,
      0.1724137931034483
    ],
    [
      118,
      0.16774193548387098
    ],
    [
      119,
      0.19277108433734938
    ],
    [
      120,
      0.1758241758241758
    ],
    [
      121,
      0.20454545454545456
    ],
    [
      122,
      0.1900452488687783
    ],
    [
      123,
      0.21105527638190957
    ],
    [
      124,
      0.12080536912751678
    ],
    [
      125,
      0.17877094972067037
    ],
    [
      126,
      0.2035928143712575
    ],
    [
      127,
      0.21192052980132448
    ],
    [
      128,
      0.24154589371980675
    ],
    [
      129,
      0.22222222222222224
    ],
    [
      130,
      0.16042780748663102
    ],
    [
      131,
      0.16969696969696968
    ],
    [
      132,
      0.19565217391304346
    ],
    [
      133,
      0.24489795918367346
    ],
    [
      134,
      0.23529411764705882
    ],
    [
      135,
      0.21052631578947367
    ],
    [
      136,
      0.17120622568093385
    ],
    [
      137,
      0.17073170731707318
    ],
    [
      138,
      0.22916666666666663
    ],
    [
      139,
      0.13903743315508021
    ],
    [
      140,
      0.17341040462427745
    ],
    [
      141,
      0.2978723404255319
    ],
    [
      142,
      0.18779342723004694
    ],
    [
      143,
      0.19909502262443438
    ],
    [
      144,
      0.18652849740932642
    ],
    [
      145,
      0.16666666666666666
    ],
    [
      146,
      0.22110552763819097
    ],
    [
      147,
      0.12903225806451615
    ],
    [
      148,
      0.16296296296296298
    ],
    [
      149,
      0.13953488372093023
    ],
    [
      150,
      0.19101123595505617
    ],
    [
      151,
      0.2679425837320574
    ],
    [
      152,
      0.2047244094488189
    ],
    [
      153,
      0.13071895424836602
    ],
    [
      154,
      0.2119205298013245
    ],
    [
      155,
      0.2702702702702703
    ],
    [
      156,
      0.18000000000000002
    ],
    [
      157,
      0.13333333333333333
    ],
    [
      158,
      0.20430107526881724
    ],
    [
      159,
      0.20731707317073172
    ],
    [
      160,
