{
  "dataset": "QMSum",
  "num_samples": 200,
  "rouge1": 0.3246513978192086,
  "rouge2": 0.07717050774836023,
  "rougeL": 0.19258317134023817,
  "rougeLsum": 0.1949786812379903,
  "per_sample_rougeL": [
    [
      0,
      0.2191780821917808
    ],
    [
      1,
      0.22680412371134023
    ],
    [
      2,
      0.1691542288557214
    ],
    [
      3,
      0.16470588235294117
    ],
    [
      4,
      0.12030075187969924
    ],
    [
      5,
      0.2931937172774869
    ],
    [
      6,
      0.16184971098265896
    ],
    [
      7,
      0.21686746987951808
    ],
    [
      8,
      0.13836477987421383
    ],
    [
      9,
      0.18064516129032257
    ],
    [
      10,
      0.20689655172413793
    ],
    [
      11,
      0.2376237623762376
    ],
    [
      12,
      0.19444444444444445
    ],
    [
      13,
      0.2828282828282828
    ],
    [
      14,
      0.187192118226601
    ],
    [
      15,
      0.22368421052631576
    ],
    [
      16,
      0.16666666666666669
    ],
    [
      17,
      0.19318181818181818
    ],
    [
      18,
      0.18450184501845018
    ],
    [
      19,
      0.20571428571428574
    ],
    [
      20,
      0.13872832369942195
    ],
    [
      21,
      0.1875
    ],
    [
      22,
      0.20809248554913293
    ],
    [
      23,
      0.20979020979020976
    ],
    [
      24,
      0.23958333333333334
    ],
    [
      25,
      0.19909502262443438
    ],
    [
      26,
      0.22360248447204972
    ],
    [
      27,
      0.19047619047619047
    ],
    [
      28,
      0.1836734693877551
    ],
    [
      29,
      0.14285714285714285
    ],
    [
      30,
      0.1452513966480447
    ],
    [
      31,
      0.13793103448275865
    ],
    [
      32,
      0.31250000000000006
    ],
    [
      33,
      0.19095477386934673
    ],
    [
      34,
      0.20858895705521474
    ],
    [
      35,
      0.2040816326530612
    ],
    [
      36,
      0.18285714285714288
    ],
    [
      37,
      0.16042780748663102
    ],
    [
      38,
      0.19736842105263158
    ],
    [
      39,
      0.15894039735099338
    ],
    [
      40,
      0.15920398009950248
    ],
    [
      41,
      0.1568627450980392
    ],
    [
      42,
      0.15384615384615385
    ],
    [
      43,
      0.1829268292682927
    ],
    [
      44,
      0.21052631578947367
    ],
    [
      45,
      0.19753086419753085
    ],
    [
      46,
      0.1306532663316583
    ],
    [
      47,
      0.15625
    ],
    [
      48,
      0.16374269005847952
    ],
    [
      49,
      0.17857142857142858
    ],
    [
      50,
      0.16374269005847955
    ],
    [
      51,
      0.24186046511627907
    ],
    [
      52,
      0.18750000000000003
    ],
    [
      53,
      0.15853658536585363
    ],
    [
      54,
      0.25609756097560976
    ],
    [
      55,
      0.17679558011049723
    ],
    [
      56,
      0.17333333333333334
    ],
    [
      57,
      0.14035087719298248
    ],
    [
      58,
      0.2485875706214689
    ],
    [
      59,
      0.18085106382978725
    ],
    [
      60,
      0.1797752808988764
    ],
    [
      61,
      0.1437125748502994
    ],
    [
      62,
      0.19330855018587362
    ],
    [
      63,
      0.19753086419753085
    ],
    [
      64,
      0.22695035460992907
    ],
    [
      65,
      0.18181818181818182
    ],
    [
      66,
      0.1951219512195122
    ],
    [
      67,
      0.21904761904761902
    ],
    [
      68,
      0.14285714285714285
    ],
    [
      69,
      0.19101123595505617
    ],
    [
      70,
      0.2312925170068027
    ],
    [
      71,
      0.196319018404908
    ],
    [
      72,
      0.24516129032258066
    ],
    [
      73,
      0.19999999999999998
    ],
    [
      74,
      0.23448275862068962
    ],
    [
      75,
      0.24644549763033174
    ],
    [
      76,
      0.18274111675126903
    ],
    [
      77,
      0.1323529411764706
    ],
    [
      78,
      0.22702702702702704
    ],
    [
      79,
      0.18994413407821228
    ],
    [
      80,
      0.15584415584415584
    ],
    [
      81,
      0.2282608695652174
    ],
    [
      82,
      0.17427385892116184
    ],
    [
      83,
      0.15789473684210528
    ],
    [
      84,
      0.1485148514851485
    ],
    [
      85,
      0.187192118226601
    ],
    [
      86,
      0.25641025641025644
    ],
    [
      87,
      0.22988505747126434
    ],
    [
      88,
      0.19999999999999998
    ],
    [
      89,
      0.2801932367149758
    ],
    [
      90,
      0.14583333333333331
    ],
    [
      91,
      0.12676056338028166
    ],
    [
      92,
      0.17177914110429443
    ],
    [
      93,
      0.16814159292035397
    ],
    [
      94,
      0.18571428571428572
    ],
    [
      95,
      0.2
    ],
    [
      96,
      0.18723404255319145
    ],
    [
      97,
      0.3333333333333333
    ],
    [
      98,
      0.2408376963350785
    ],
    [
      99,
      0.20761245674740483
    ],
    [
      100,
      0.19889502762430938
    ],
    [
      101,
      0.17500000000000002
    ],
    [
      102,
      0.2072538860103627
    ],
    [
      103,
      0.20765027322404372
    ],
    [
      104,
      0.18300653594771243
    ],
    [
      105,
      0.24870466321243523
    ],
    [
      106,
      0.21100917431192662
    ],
    [
      107,
      0.14689265536723164
    ],
    [
      108,
      0.3163841807909605
    ],
    [
      109,
      0.18705035971223022
    ],
    [
      110,
      0.16216216216216214
    ],
    [
      111,
      0.22134387351778653
    ],
    [
      112,
      0.25396825396825395
    ],
    [
      113,
      0.2523364485981308
    ],
    [
      114,
      0.2285714285714286
    ],
    [
      115,
      0.13605442176870747
    ],
    [
      116,
      0.1761658031088083
    ],
    [
      117,
      0.2068965517241379
    ],
    [
      118,
      0.1794871794871795
    ],
    [
      119,
      0.20645161290322578
    ],
    [
      120,
      0.16867469879518074
    ],
    [
      121,
      0.19428571428571428
    ],
    [
      122,
      0.11981566820276499
    ],
    [
      123,
      0.1904761904761905
    ],
    [
      124,
      0.1917808219178082
    ],
    [
      125,
      0.17486338797814208
    ],
    [
      126,
      0.21951219512195122
    ],
    [
      127,
      0.1527777777777778
    ],
    [
      128,
      0.2828282828282829
    ],
    [
      129,
      0.21052631578947367
    ],
    [
      130,
      0.1978021978021978
    ],
    [
      131,
      0.14545454545454545
    ],
    [
      132,
      0.2569832402234637
    ],
    [
      133,
      0.22972972972972971
    ],
    [
      134,
      0.1990521327014218
    ],
    [
      135,
      0.16774193548387095
    ],
    [
      136,
      0.1679389312977099
    ],
    [
      137,
      0.15
    ],
    [
      138,
      0.22222222222222224
    ],
    [
      139,
      0.14130434782608695
    ],
    [
      140,
      0.12903225806451613
    ],
    [
      141,
      0.4065934065934066
    ],
    [
      142,
      0.21904761904761905
    ],
    [
      143,
      0.1559633027522936
    ],
    [
      144,
      0.15384615384615383
    ],
    [
      145,
      0.13071895424836602
    ],
    [
      146,
      0.2679425837320574
    ],
    [
      147,
      0.16216216216216214
    ],
    [
      148,
      0.19117647058823528
    ],
    [
      149,
      0.11904761904761905
    ],
    [
      150,
      0.36046511627906974
    ],
    [
      151,
      0.19095477386934676
    ],
    [
      152,
      0.1846153846153846
    ],
    [
      153,
      0.14666666666666667
    ],
    [
      154,
      0.23448275862068968
    ],
    [
      155,
      0.15476190476190477
    ],
    [
      156,
      0.18627450980392155
    ],
    [
      157,
      0.14184397163120568
    ],
    [
      158,
      0.20320855614973263
    ],
    [
      159,
      0.18300653594771238
    ],
    [
