{
  "dataset": "QMSum",
  "num_samples": 200,
  "rouge1": 0.3207412280095737,
  "rouge2": 0.07517478962797272,
  "rougeL": 0.18846132754977435,
  "rougeLsum": 0.19124670737643373,
  "per_sample_rougeL": [
    [
      0,
      0.24107142857142858
    ],
    [
      1,
      0.21649484536082478
    ],
    [
      2,
      0.16494845360824742
    ],
    [
      3,
      0.20930232558139533
    ],
    [
      4,
      0.13235294117647056
    ],
    [
      5,
      0.2736842105263158
    ],
    [
      6,
      0.16568047337278105
    ],
    [
      7,
      0.21951219512195125
    ],
    [
      8,
      0.15
    ],
    [
      9,
      0.15384615384615385
    ],
    [
      10,
      0.20547945205479454
    ],
    [
      11,
      0.22110552763819094
    ],
    [
      12,
      0.21428571428571427
    ],
    [
      13,
      0.25510204081632654
    ],
    [
      14,
      0.22330097087378642
    ],
    [
      15,
      0.22368421052631576
    ],
    [
      16,
      0.20192307692307693
    ],
    [
      17,
      0.18823529411764706
    ],
    [
      18,
      0.17293233082706766
    ],
    [
      19,
      0.16184971098265893
    ],
    [
      20,
      0.11627906976744186
    ],
    [
      21,
      0.1656050955414013
    ],
    [
      22,
      0.21052631578947367
    ],
    [
      23,
      0.19718309859154928
    ],
    [
      24,
      0.19689119170984457
    ],
    [
      25,
      0.1981981981981982
    ],
    [
      26,
      0.24844720496894412
    ],
    [
      27,
      0.17500000000000002
    ],
    [
      28,
      0.17346938775510204
    ],
    [
      29,
      0.18633540372670807
    ],
    [
      30,
      0.15730337078651685
    ],
    [
      31,
      0.15277777777777776
    ],
    [
      32,
      0.32124352331606215
    ],
    [
      33,
      0.2
    ],
    [
      34,
      0.20731707317073172
    ],
    [
      35,
      0.16494845360824742
    ],
    [
      36,
      0.20689655172413793
    ],
    [
      37,
      0.16666666666666666
    ],
    [
      38,
      0.16216216216216217
    ],
    [
      39,
      0.17687074829931976
    ],
    [
      40,
      0.1782178217821782
    ],
    [
      41,
      0.1890547263681592
    ],
    [
      42,
      0.15384615384615385
    ],
    [
      43,
      0.17964071856287422
    ],
    [
      44,
      0.16766467065868265
    ],
    [
      45,
      0.18292682926829268
    ],
    [
      46,
      0.13471502590673576
    ],
    [
      47,
      0.15841584158415845
    ],
    [
      48,
      0.20809248554913296
    ],
    [
      49,
      0.17647058823529413
    ],
    [
      50,
      0.13872832369942195
    ],
    [
      51,
      0.24074074074074073
    ],
    [
      52,
      0.18867924528301888
    ],
    [
      53,
      0.16568047337278105
    ],
    [
      54,
      0.23529411764705885
    ],
    [
      55,
      0.15217391304347824
    ],
    [
      56,
      0.18543046357615894
    ],
    [
      57,
      0.1271676300578035
    ],
    [
      58,
      0.24000000000000005
    ],
    [
      59,
      0.18181818181818182
    ],
    [
      60,
      0.1978021978021978
    ],
    [
      61,
      0.20359281437125748
    ],
    [
      62,
      0.2074074074074074
    ],
    [
      63,
      0.15950920245398773
    ],
    [
      64,
      0.2127659574468085
    ],
    [
      65,
      0.26143790849673204
    ],
    [
      66,
      0.18404907975460125
    ],
    [
      67,
      0.16901408450704228
    ],
    [
      68,
      0.17894736842105263
    ],
    [
      69,
      0.23333333333333334
    ],
    [
      70,
      0.272108843537415
    ],
    [
      71,
      0.196319018404908
    ],
    [
      72,
      0.22077922077922077
    ],
    [
      73,
      0.18999999999999997
    ],
    [
      74,
      0.20134228187919462
    ],
    [
      75,
      0.22641509433962265
    ],
    [
      76,
      0.15306122448979592
    ],
    [
      77,
      0.15277777777777776
    ],
    [
      78,
      0.19999999999999998
    ],
    [
      79,
      0.18285714285714283
    ],
    [
      80,
      0.1524663677130045
    ],
    [
      81,
      0.19780219780219782
    ],
    [
      82,
      0.17142857142857143
    ],
    [
      83,
      0.16352201257861634
    ],
    [
      84,
      0.14634146341463414
    ],
    [
      85,
      0.15609756097560978
    ],
    [
      86,
      0.25641025641025644
    ],
    [
      87,
      0.21118012422360247
    ],
    [
      88,
      0.19913419913419914
    ],
    [
      89,
      0.31067961165048547
    ],
    [
      90,
      0.18749999999999997
    ],
    [
      91,
      0.1506849315068493
    ],
    [
      92,
      0.21301775147928992
    ],
    [
      93,
      0.1834061135371179
    ],
    [
      94,
      0.15714285714285714
    ],
    [
      95,
      0.2072072072072072
    ],
    [
      96,
      0.17500000000000002
    ],
    [
      97,
      0.2967741935483871
    ],
    [
      98,
      0.2408376963350785
    ],
    [
      99,
      0.22145328719723184
    ],
    [
      100,
      0.20540540540540542
    ],
    [
      101,
      0.14906832298136644
    ],
    [
      102,
      0.1693121693121693
    ],
    [
      103,
      0.19459459459459458
    ],
    [
      104,
      0.19354838709677416
    ],
    [
      105,
      0.24083769633507854
    ],
    [
      106,
      0.2100456621004566
    ],
    [
      107,
      0.2011173184357542
    ],
    [
      108,
      0.2543352601156069
    ],
    [
      109,
      0.21768707482993194
    ],
    [
      110,
      0.20212765957446807
    ],
    [
      111,
      0.2204724409448819
    ],
    [
      112,
      0.27956989247311825
    ],
    [
      113,
      0.22522522522522523
    ],
    [
      114,
      0.19658119658119658
    ],
    [
      115,
      0.1456953642384106
    ],
    [
      116,
      0.17204301075268816
    ],
    [
      117,
      0.2711864406779661
    ],
    [
      118,
      0.17333333333333334
    ],
    [
      119,
      0.17218543046357618
    ],
    [
      120,
      0.1411764705882353
    ],
    [
      121,
      0.19318181818181818
    ],
    [
      122,
      0.1296296296296296
    ],
    [
      123,
      0.20100502512562815
    ],
    [
      124,
      0.14965986394557823
    ],
    [
      125,
      0.1797752808988764
    ],
    [
      126,
      0.20731707317073172
    ],
    [
      127,
      0.14906832298136646
    ],
    [
      128,
      0.29000000000000004
    ],
    [
      129,
      0.20134228187919462
    ],
    [
      130,
      0.20652173913043476
    ],
    [
      131,
      0.15789473684210525
    ],
    [
      132,
      0.23333333333333336
    ],
    [
      133,
      0.2236842105263158
    ],
    [
      134,
      0.1926605504587156
    ],
    [
      135,
      0.18064516129032257
    ],
    [
      136,
      0.1532567049808429
    ],
    [
      137,
      0.15757575757575756
    ],
    [
      138,
      0.1798941798941799
    ],
    [
      139,
      0.14364640883977903
    ],
    [
      140,
      0.12500000000000003
    ],
    [
      141,
      0.30434782608695654
    ],
    [
      142,
      0.21212121212121215
    ],
    [
      143,
      0.16513761467889912
    ],
    [
      144,
      0.1595744680851064
    ],
    [
      145,
      0.1456953642384106
    ],
    [
      146,
      0.25961538461538464
    ],
    [
      147,
      0.1711229946524064
    ],
    [
      148,
      0.17910447761194032
    ],
    [
      149,
      0.12790697674418605
    ],
    [
      150,
      0.1301775147928994
    ],
    [
      151,
      0.17910447761194032
    ],
    [
      152,
      0.17460317460317462
    ],
    [
      153,
      0.14864864864864866
    ],
    [
      154,
      0.20689655172413796
    ],
    [
      155,
      0.15476190476190477
    ],
    [
      156,
      0.2146341463414634
    ],
    [
      157,
      0.11940298507462686
    ],
    [
      158,
      0.1758241758241758
    ],
    [
      159,
