{
  "dataset": "QMSum",
  "num_samples": 200,
  "rouge1": 0.2749014133837976,
  "rouge2": 0.05065063996790671,
  "rougeL": 0.16313280852822903,
  "rougeLsum": 0.16979525012228283,
  "per_sample_rougeL": [
    [
      0,
      0.13793103448275862
    ],
    [
      1,
      0.15384615384615383
    ],
    [
      2,
      0.18556701030927836
    ],
    [
      3,
      0.1830065359477124
    ],
    [
      4,
      0.0923076923076923
    ],
    [
      5,
      0.234375
    ],
    [
      6,
      0.19883040935672514
    ],
    [
      7,
      0.1139240506329114
    ],
    [
      8,
      0.11764705882352941
    ],
    [
      9,
      0.1894736842105263
    ],
    [
      10,
      0.18691588785046728
    ],
    [
      11,
      0.22772277227722773
    ],
    [
      12,
      0.21276595744680848
    ],
    [
      13,
      0.2125
    ],
    [
      14,
      0.21714285714285717
    ],
    [
      15,
      0.1518987341772152
    ],
    [
      16,
      0.14705882352941177
    ],
    [
      17,
      0.1951219512195122
    ],
    [
      18,
      0.05405405405405406
    ],
    [
      19,
      0.13793103448275862
    ],
    [
      20,
      0.14545454545454545
    ],
    [
      21,
      0.24999999999999994
    ],
    [
      22,
      0.11650485436893204
    ],
    [
      23,
      0.18487394957983194
    ],
    [
      24,
      0.15894039735099338
    ],
    [
      25,
      0.24242424242424243
    ],
    [
      26,
      0.15
    ],
    [
      27,
      0.13157894736842105
    ],
    [
      28,
      0.19704433497536944
    ],
    [
      29,
      0.145985401459854
    ],
    [
      30,
      0.1575757575757576
    ],
    [
      31,
      0.15172413793103448
    ],
    [
      32,
      0.16759776536312848
    ],
    [
      33,
      0.17241379310344826
    ],
    [
      34,
      0.20512820512820512
    ],
    [
      35,
      0.16753926701570682
    ],
    [
      36,
      0.13953488372093023
    ],
    [
      37,
      0.15625000000000003
    ],
    [
      38,
      0.12987012987012989
    ],
    [
      39,
      0
    ],
    [
      40,
      0.19889502762430936
    ],
    [
      41,
      0.14492753623188404
    ],
    [
      42,
      0.15384615384615385
    ],
    [
      43,
      0.22891566265060243
    ],
    [
      44,
      0.17142857142857143
    ],
    [
      45,
      0.1984732824427481
    ],
    [
      46,
      0.15789473684210525
    ],
    [
      47,
      0.1306532663316583
    ],
    [
      48,
      0.2057142857142857
    ],
    [
      49,
      0.14814814814814814
    ],
    [
      50,
      0.217687074829932
    ],
    [
      51,
      0.16058394160583944
    ],
    [
      52,
      0.1045751633986928
    ],
    [
      53,
      0.19047619047619047
    ],
    [
      54,
      0.23391812865497078
    ],
    [
      55,
      0.16483516483516483
    ],
    [
      56,
      0.17687074829931973
    ],
    [
      57,
      0.10101010101010102
    ],
    [
      58,
      0.2485875706214689
    ],
    [
      59,
      0.1595744680851064
    ],
    [
      60,
      0.1647058823529412
    ],
    [
      61,
      0.20689655172413793
    ],
    [
      62,
      0.20074349442379183
    ],
    [
      63,
      0.14545454545454545
    ],
    [
      64,
      0.22695035460992907
    ],
    [
      65,
      0.1864406779661017
    ],
    [
      66,
      0.1871345029239766
    ],
    [
      67,
      0.21621621621621623
    ],
    [
      68,
      0.14364640883977903
    ],
    [
      69,
      0.13636363636363638
    ],
    [
      70,
      0.19753086419753085
    ],
    [
      71,
      0.10778443113772455
    ],
    [
      72,
      0.1527777777777778
    ],
    [
      73,
      0.15277777777777776
    ],
    [
      74,
      0.13698630136986303
    ],
    [
      75,
      0.22748815165876776
    ],
    [
      76,
      0
    ],
    [
      77,
      0
    ],
    [
      78,
      0.1348314606741573
    ],
    [
      79,
      0.2076502732240437
    ],
    [
      80,
      0.14479638009049772
    ],
    [
      81,
      0.14130434782608695
    ],
    [
      82,
      0.20720720720720723
    ],
    [
      83,
      0.14516129032258066
    ],
    [
      84,
      0.1642512077294686
    ],
    [
      85,
      0.2277227722772277
    ],
    [
      86,
      0.13821138211382114
    ],
    [
      87,
      0.19428571428571428
    ],
    [
      88,
      0.18095238095238095
    ],
    [
      89,
      0.1485148514851485
    ],
    [
      90,
      0.13684210526315788
    ],
    [
      91,
      0.17886178861788618
    ],
    [
      92,
      0.16666666666666666
    ],
    [
      93,
      0
    ],
    [
      94,
      0.08695652173913043
    ],
    [
      95,
      0.18340611353711792
    ],
    [
      96,
      0.07058823529411765
    ],
    [
      97,
      0.1948051948051948
    ],
    [
      98,
      0.13903743315508021
    ],
    [
      99,
      0.22916666666666669
    ],
    [
      100,
      0.22857142857142856
    ],
    [
      101,
      0.2222222222222222
    ],
    [
      102,
      0.21164021164021163
    ],
    [
      103,
      0.17777777777777778
    ],
    [
      104,
      0.2302158273381295
    ],
    [
      105,
      0.19895287958115182
    ],
    [
      106,
      0.19730941704035876
    ],
    [
      107,
      0.1956521739130435
    ],
    [
      108,
      0.14634146341463414
    ],
    [
      109,
      0.1276595744680851
    ],
    [
      110,
      0.09999999999999999
    ],
    [
      111,
      0.21138211382113822
    ],
    [
      112,
      0.12972972972972974
    ],
    [
      113,
      0.21052631578947367
    ],
    [
      114,
      0.12711864406779658
    ],
    [
      115,
      0.09677419354838708
    ],
    [
      116,
      0.15555555555555553
    ],
    [
      117,
      0.2111111111111111
    ],
    [
      118,
      0.18791946308724833
    ],
    [
      119,
      0.19161676646706588
    ],
    [
      120,
      0.15217391304347827
    ],
    [
      121,
      0.19428571428571428
    ],
    [
      122,
      0.1262135922330097
    ],
    [
      123,
      0.08771929824561403
    ],
    [
      124,
      0.09655172413793102
    ],
    [
      125,
      0.16666666666666666
    ],
    [
      126,
      0.22058823529411764
    ],
    [
      127,
      0.1509433962264151
    ],
    [
      128,
      0.20895522388059704
    ],
    [
      129,
      0.17886178861788618
    ],
    [
      130,
      0.14130434782608697
    ],
    [
      131,
      0.11764705882352942
    ],
    [
      132,
      0.183206106870229
    ],
    [
      133,
      0.11538461538461539
    ],
    [
      134,
      0.17801047120418848
    ],
    [
      135,
      0.14285714285714285
    ],
    [
      136,
      0.16740088105726875
    ],
    [
      137,
      0
    ],
    [
      138,
      0.21965317919075145
    ],
    [
      139,
      0.1340782122905028
    ],
    [
      140,
      0.14285714285714288
    ],
    [
      141,
      0.3469387755102041
    ],
    [
      142,
      0.14084507042253522
    ],
    [
      143,
      0.18181818181818182
    ],
    [
      144,
      0.19895287958115185
    ],
    [
      145,
      0.1103448275862069
    ],
    [
      146,
      0.15458937198067632
    ],
    [
      147,
      0
    ],
    [
      148,
      0.17054263565891473
    ],
    [
      149,
      0.17582417582417584
    ],
    [
      150,
      0.16049382716049382
    ],
    [
      151,
      0.1971830985915493
    ],
    [
      152,
      0.14705882352941174
    ],
    [
      153,
      0.15686274509803919
    ],
    [
      154,
      0.15068493150684933
    ],
    [
      155,
      0.1590909090909091
    ],
    [
      156,
      0.16
    ],
    [
      157,
      0.15999999999999998
    ],
    [
      158,
      0.1988950276243094
    ],
    [
      159,
      0.24242424242424246
    ],
    [
      160,
      0.1641025641025641
    ],
    [
      161,
      0.14193548387096774
    ],
    [
