{
  "dataset": "QMSum",
  "num_samples": 200,
  "rouge1": 0.29753117981659694,
  "rouge2": 0.06719026920351975,
  "rougeL": 0.19025422985523188,
  "rougeLsum": 0.1936291711404719,
  "per_sample_rougeL": [
    [
      0,
      0.18433179723502302
    ],
    [
      1,
      0.21890547263681592
    ],
    [
      2,
      0.21674876847290642
    ],
    [
      3,
      0.1797752808988764
    ],
    [
      4,
      0.10526315789473685
    ],
    [
      5,
      0.30366492146596863
    ],
    [
      6,
      0.17441860465116282
    ],
    [
      7,
      0.1764705882352941
    ],
    [
      8,
      0.20125786163522014
    ],
    [
      9,
      0.15286624203821655
    ],
    [
      10,
      0.20779220779220778
    ],
    [
      11,
      0.2536585365853659
    ],
    [
      12,
      0.18421052631578946
    ],
    [
      13,
      0.2525252525252525
    ],
    [
      14,
      0.20465116279069767
    ],
    [
      15,
      0.1923076923076923
    ],
    [
      16,
      0.22535211267605634
    ],
    [
      17,
      0.14201183431952663
    ],
    [
      18,
      0.1366906474820144
    ],
    [
      19,
      0.16483516483516483
    ],
    [
      20,
      0.14285714285714285
    ],
    [
      21,
      0.16774193548387098
    ],
    [
      22,
      0.12643678160919541
    ],
    [
      23,
      0.23312883435582823
    ],
    [
      24,
      0.20618556701030927
    ],
    [
      25,
      0.2362869198312236
    ],
    [
      26,
      0.13714285714285712
    ],
    [
      27,
      0.16216216216216217
    ],
    [
      28,
      0.19095477386934676
    ],
    [
      29,
      0.19230769230769232
    ],
    [
      30,
      0.15172413793103448
    ],
    [
      31,
      0.14193548387096774
    ],
    [
      32,
      0.20105820105820107
    ],
    [
      33,
      0.21105527638190952
    ],
    [
      34,
      0.21250000000000002
    ],
    [
      35,
      0.18181818181818182
    ],
    [
      36,
      0.15909090909090912
    ],
    [
      37,
      0.18749999999999997
    ],
    [
      38,
      0.19607843137254902
    ],
    [
      39,
      0.1527777777777778
    ],
    [
      40,
      0.15625
    ],
    [
      41,
      0.1566820276497696
    ],
    [
      42,
      0.12206572769953052
    ],
    [
      43,
      0.24852071005917156
    ],
    [
      44,
      0.24
    ],
    [
      45,
      0.23952095808383234
    ],
    [
      46,
      0.19704433497536947
    ],
    [
      47,
      0.182741116751269
    ],
    [
      48,
      0.21468926553672316
    ],
    [
      49,
      0.152046783625731
    ],
    [
      50,
      0.1807909604519774
    ],
    [
      51,
      0.2171945701357466
    ],
    [
      52,
      0.14906832298136644
    ],
    [
      53,
      0.1728395061728395
    ],
    [
      54,
      0.18181818181818182
    ],
    [
      55,
      0.19895287958115182
    ],
    [
      56,
      0.18064516129032257
    ],
    [
      57,
      0.11891891891891894
    ],
    [
      58,
      0.26666666666666666
    ],
    [
      59,
      0.1888888888888889
    ],
    [
      60,
      0.1739130434782609
    ],
    [
      61,
      0.19883040935672514
    ],
    [
      62,
      0.2446043165467626
    ],
    [
      63,
      0.17857142857142855
    ],
    [
      64,
      0.21621621621621623
    ],
    [
      65,
      0.2
    ],
    [
      66,
      0.32222222222222224
    ],
    [
      67,
      0.24999999999999994
    ],
    [
      68,
      0.15053763440860216
    ],
    [
      69,
      0.33898305084745767
    ],
    [
      70,
      0.20915032679738566
    ],
    [
      71,
      0.13333333333333333
    ],
    [
      72,
      0.17567567567567569
    ],
    [
      73,
      0.22110552763819094
    ],
    [
      74,
      0.15894039735099338
    ],
    [
      75,
      0.2201834862385321
    ],
    [
      76,
      0.18652849740932642
    ],
    [
      77,
      0.09395973154362415
    ],
    [
      78,
      0.22110552763819097
    ],
    [
      79,
      0.1888888888888889
    ],
    [
      80,
      0.15859030837004406
    ],
    [
      81,
      0.15789473684210525
    ],
    [
      82,
      0.20325203252032517
    ],
    [
      83,
      0.15286624203821655
    ],
    [
      84,
      0.14218009478672985
    ],
    [
      85,
      0.20689655172413796
    ],
    [
      86,
      0.15702479338842976
    ],
    [
      87,
      0.22857142857142854
    ],
    [
      88,
      0.17391304347826086
    ],
    [
      89,
      0.2
    ],
    [
      90,
      0.17435897435897435
    ],
    [
      91,
      0.13157894736842105
    ],
    [
      92,
      0.19428571428571428
    ],
    [
      93,
      0.21551724137931033
    ],
    [
      94,
      0.16666666666666666
    ],
    [
      95,
      0.21333333333333335
    ],
    [
      96,
      0.23481781376518215
    ],
    [
      97,
      0.25925925925925924
    ],
    [
      98,
      0.1752577319587629
    ],
    [
      99,
      0.1993127147766323
    ],
    [
      100,
      0.20540540540540542
    ],
    [
      101,
      0.19393939393939394
    ],
    [
      102,
      0.2210526315789474
    ],
    [
      103,
      0.19999999999999998
    ],
    [
      104,
      0.16107382550335572
    ],
    [
      105,
      0.24870466321243523
    ],
    [
      106,
      0.21674876847290642
    ],
    [
      107,
      0.21875000000000003
    ],
    [
      108,
      0.20224719101123595
    ],
    [
      109,
      0.20143884892086328
    ],
    [
      110,
      0.1827956989247312
    ],
    [
      111,
      0.23809523809523808
    ],
    [
      112,
      0.17486338797814208
    ],
    [
      113,
      0.22119815668202766
    ],
    [
      114,
      0.2727272727272727
    ],
    [
      115,
      0.1518987341772152
    ],
    [
      116,
      0.17258883248730966
    ],
    [
      117,
      0.2209944751381215
    ],
    [
      118,
      0.17391304347826086
    ],
    [
      119,
      0.18181818181818182
    ],
    [
      120,
      0.15217391304347827
    ],
    [
      121,
      0.19767441860465118
    ],
    [
      122,
      0.15859030837004406
    ],
    [
      123,
      0.2146341463414634
    ],
    [
      124,
      0.1232876712328767
    ],
    [
      125,
      0.17679558011049726
    ],
    [
      126,
      0.19393939393939394
    ],
    [
      127,
      0.18867924528301885
    ],
    [
      128,
      0.3098591549295775
    ],
    [
      129,
      0.17964071856287425
    ],
    [
      130,
      0.2032085561497326
    ],
    [
      131,
      0.1234567901234568
    ],
    [
      132,
      0.2282608695652174
    ],
    [
      133,
      0.13836477987421383
    ],
    [
      134,
      0.2946428571428571
    ],
    [
      135,
      0.15483870967741936
    ],
    [
      136,
      0.18726591760299624
    ],
    [
      137,
      0.18292682926829268
    ],
    [
      138,
      0.24468085106382978
    ],
    [
      139,
      0.12359550561797754
    ],
    [
      140,
      0.15819209039548024
    ],
    [
      141,
      0.29473684210526313
    ],
    [
      142,
      0.1596244131455399
    ],
    [
      143,
      0.20353982300884957
    ],
    [
      144,
      0.19753086419753085
    ],
    [
      145,
      0.16560509554140124
    ],
    [
      146,
      0.2149532710280374
    ],
    [
      147,
      0.18181818181818182
    ],
    [
      148,
      0.11267605633802817
    ],
    [
      149,
      0.14942528735632182
    ],
    [
      150,
      0.15384615384615385
    ],
    [
      151,
      0.2085889570552147
    ],
    [
      152,
      0.19047619047619047
    ],
    [
      153,
      0.16883116883116883
    ],
    [
      154,
      0.15277777777777776
    ],
    [
      155,
      0.19780219780219782
    ],
    [
      156,
      0.18811881188118815
    ],
    [
      157,
      0.12162162162162163
    ],
    [
      158,
      0.18681318681318682
    ],
    [
      159,
      0.16568047337278108
    ],
