{
  "dataset": "QMSum",
  "num_samples": 200,
  "rouge1": 0.2952186807645347,
  "rouge2": 0.06837903593163178,
  "rougeL": 0.1876705171448515,
  "rougeLsum": 0.18979995708739855,
  "per_sample_rougeL": [
    [
      0,
      0.19469026548672563
    ],
    [
      1,
      0.2233009708737864
    ],
    [
      2,
      0.19387755102040816
    ],
    [
      3,
      0.19653179190751446
    ],
    [
      4,
      0.10526315789473685
    ],
    [
      5,
      0.2631578947368421
    ],
    [
      6,
      0.1694915254237288
    ],
    [
      7,
      0.13924050632911394
    ],
    [
      8,
      0.178343949044586
    ],
    [
      9,
      0.12578616352201258
    ],
    [
      10,
      0.18421052631578946
    ],
    [
      11,
      0.1890547263681592
    ],
    [
      12,
      0.17218543046357615
    ],
    [
      13,
      0.26130653266331655
    ],
    [
      14,
      0.19999999999999998
    ],
    [
      15,
      0.14193548387096774
    ],
    [
      16,
      0.21904761904761905
    ],
    [
      17,
      0.16759776536312848
    ],
    [
      18,
      0.12363636363636364
    ],
    [
      19,
      0.15819209039548024
    ],
    [
      20,
      0.19653179190751446
    ],
    [
      21,
      0.21192052980132448
    ],
    [
      22,
      0.1590909090909091
    ],
    [
      23,
      0.2138364779874214
    ],
    [
      24,
      0.22222222222222224
    ],
    [
      25,
      0.23275862068965517
    ],
    [
      26,
      0.20571428571428574
    ],
    [
      27,
      0.1923076923076923
    ],
    [
      28,
      0.17258883248730963
    ],
    [
      29,
      0.2208588957055215
    ],
    [
      30,
      0.20338983050847453
    ],
    [
      31,
      0.1923076923076923
    ],
    [
      32,
      0.2613065326633166
    ],
    [
      33,
      0.18999999999999997
    ],
    [
      34,
      0.17964071856287428
    ],
    [
      35,
      0.20100502512562815
    ],
    [
      36,
      0.17977528089887643
    ],
    [
      37,
      0.17616580310880828
    ],
    [
      38,
      0.15483870967741936
    ],
    [
      39,
      0.16
    ],
    [
      40,
      0.17258883248730966
    ],
    [
      41,
      0.17351598173515984
    ],
    [
      42,
      0.1346153846153846
    ],
    [
      43,
      0.2352941176470588
    ],
    [
      44,
      0.08333333333333333
    ],
    [
      45,
      0.24390243902439027
    ],
    [
      46,
      0.20487804878048782
    ],
    [
      47,
      0.175609756097561
    ],
    [
      48,
      0.19883040935672516
    ],
    [
      49,
      0.18604651162790695
    ],
    [
      50,
      0.17647058823529413
    ],
    [
      51,
      0.23148148148148148
    ],
    [
      52,
      0.1568627450980392
    ],
    [
      53,
      0.13872832369942198
    ],
    [
      54,
      0.23529411764705885
    ],
    [
      55,
      0.1865284974093264
    ],
    [
      56,
      0.17105263157894737
    ],
    [
      57,
      0.16374269005847952
    ],
    [
      58,
      0.2122905027932961
    ],
    [
      59,
      0.17525773195876285
    ],
    [
      60,
      0.18681318681318682
    ],
    [
      61,
      0.20930232558139536
    ],
    [
      62,
      0.20074349442379183
    ],
    [
      63,
      0.20118343195266272
    ],
    [
      64,
      0.189873417721519
    ],
    [
      65,
      0.2125
    ],
    [
      66,
      0.2795698924731183
    ],
    [
      67,
      0.2026431718061674
    ],
    [
      68,
      0.22702702702702704
    ],
    [
      69,
      0.23076923076923075
    ],
    [
      70,
      0.21794871794871795
    ],
    [
      71,
      0.1627906976744186
    ],
    [
      72,
      0.17142857142857143
    ],
    [
      73,
      0.22
    ],
    [
      74,
      0.13157894736842105
    ],
    [
      75,
      0.2119815668202765
    ],
    [
      76,
      0.2
    ],
    [
      77,
      0.08450704225352113
    ],
    [
      78,
      0.20833333333333331
    ],
    [
      79,
      0.14606741573033705
    ],
    [
      80,
      0.15652173913043477
    ],
    [
      81,
      0.17801047120418848
    ],
    [
      82,
      0.23045267489711935
    ],
    [
      83,
      0.15
    ],
    [
      84,
      0.1650485436893204
    ],
    [
      85,
      0.22009569377990432
    ],
    [
      86,
      0.18110236220472442
    ],
    [
      87,
      0.19767441860465115
    ],
    [
      88,
      0.2731277533039647
    ],
    [
      89,
      0.1626794258373206
    ],
    [
      90,
      0.19095477386934673
    ],
    [
      91,
      0.15384615384615385
    ],
    [
      92,
      0.14857142857142858
    ],
    [
      93,
      0.2222222222222222
    ],
    [
      94,
      0.15384615384615385
    ],
    [
      95,
      0.21333333333333335
    ],
    [
      96,
      0.21052631578947367
    ],
    [
      97,
      0.2822085889570552
    ],
    [
      98,
      0.1846153846153846
    ],
    [
      99,
      0.19377162629757788
    ],
    [
      100,
      0.19565217391304346
    ],
    [
      101,
      0.1951219512195122
    ],
    [
      102,
      0.21989528795811522
    ],
    [
      103,
      0.21164021164021163
    ],
    [
      104,
      0.16883116883116883
    ],
    [
      105,
      0.23958333333333331
    ],
    [
      106,
      0.18918918918918917
    ],
    [
      107,
      0.21761658031088082
    ],
    [
      108,
      0.2456140350877193
    ],
    [
      109,
      0.1793103448275862
    ],
    [
      110,
      0.16304347826086957
    ],
    [
      111,
      0.24313725490196078
    ],
    [
      112,
      0.2127659574468085
    ],
    [
      113,
      0.18518518518518517
    ],
    [
      114,
      0.17500000000000002
    ],
    [
      115,
      0.18918918918918917
    ],
    [
      116,
      0.18090452261306536
    ],
    [
      117,
      0.18994413407821228
    ],
    [
      118,
      0.17721518987341772
    ],
    [
      119,
      0.16470588235294117
    ],
    [
      120,
      0.15053763440860216
    ],
    [
      121,
      0.1797752808988764
    ],
    [
      122,
      0.14847161572052403
    ],
    [
      123,
      0.21890547263681592
    ],
    [
      124,
      0.11920529801324503
    ],
    [
      125,
      0.1739130434782609
    ],
    [
      126,
      0.22085889570552145
    ],
    [
      127,
      0.22754491017964076
    ],
    [
      128,
      0.23474178403755866
    ],
    [
      129,
      0.24852071005917165
    ],
    [
      130,
      0.1595744680851064
    ],
    [
      131,
      0.10975609756097562
    ],
    [
      132,
      0.18784530386740333
    ],
    [
      133,
      0.1509433962264151
    ],
    [
      134,
      0.19642857142857145
    ],
    [
      135,
      0.16551724137931034
    ],
    [
      136,
      0.18796992481203006
    ],
    [
      137,
      0.15028901734104044
    ],
    [
      138,
      0.2032085561497326
    ],
    [
      139,
      0.14814814814814814
    ],
    [
      140,
      0.17241379310344826
    ],
    [
      141,
      0.2872340425531915
    ],
    [
      142,
      0.18518518518518517
    ],
    [
      143,
      0.25663716814159293
    ],
    [
      144,
      0.2033898305084746
    ],
    [
      145,
      0.15950920245398775
    ],
    [
      146,
      0.1904761904761905
    ],
    [
      147,
      0.16666666666666666
    ],
    [
      148,
      0.1294964028776978
    ],
    [
      149,
      0.11363636363636362
    ],
    [
      150,
      0.23204419889502761
    ],
    [
      151,
      0.25365853658536586
    ],
    [
      152,
      0.1037037037037037
    ],
    [
      153,
      0.1476510067114094
    ],
    [
      154,
      0.17687074829931973
    ],
    [
      155,
      0.2087912087912088
    ],
    [
      156,
      0.18811881188118815
    ],
    [
      157,
      0.13605442176870747
    ],
    [
      158,
      0.23076923076923078
    ],
    [
      159,
      0.18404907975460125
    ],
    [
      160,
