{
  "dataset": "QMSum",
  "num_samples": 200,
  "rouge1": 0.30836586227621576,
  "rouge2": 0.07098768806162523,
  "rougeL": 0.18150217467528884,
  "rougeLsum": 0.18616695520863508,
  "per_sample_rougeL": [
    [
      0,
      0.21524663677130043
    ],
    [
      1,
      0.19487179487179487
    ],
    [
      2,
      0.15384615384615385
    ],
    [
      3,
      0.17777777777777776
    ],
    [
      4,
      0
    ],
    [
      5,
      0.30526315789473685
    ],
    [
      6,
      0.14545454545454545
    ],
    [
      7,
      0.1739130434782609
    ],
    [
      8,
      0.2222222222222222
    ],
    [
      9,
      0.16
    ],
    [
      10,
      0.1553398058252427
    ],
    [
      11,
      0.24875621890547267
    ],
    [
      12,
      0.24615384615384614
    ],
    [
      13,
      0.2592592592592593
    ],
    [
      14,
      0.1708542713567839
    ],
    [
      15,
      0.22764227642276422
    ],
    [
      16,
      0.2011173184357542
    ],
    [
      17,
      0.15483870967741933
    ],
    [
      18,
      0.14232209737827717
    ],
    [
      19,
      0
    ],
    [
      20,
      0.15294117647058825
    ],
    [
      21,
      0.17177914110429449
    ],
    [
      22,
      0
    ],
    [
      23,
      0.19718309859154928
    ],
    [
      24,
      0.20359281437125748
    ],
    [
      25,
      0.19469026548672566
    ],
    [
      26,
      0.18867924528301888
    ],
    [
      27,
      0.16883116883116883
    ],
    [
      28,
      0.19540229885057472
    ],
    [
      29,
      0.2
    ],
    [
      30,
      0.18079096045197737
    ],
    [
      31,
      0.15789473684210525
    ],
    [
      32,
      0.2639593908629442
    ],
    [
      33,
      0.18181818181818185
    ],
    [
      34,
      0.25477707006369427
    ],
    [
      35,
      0.15544041450777202
    ],
    [
      36,
      0.16091954022988508
    ],
    [
      37,
      0.21875
    ],
    [
      38,
      0.14864864864864866
    ],
    [
      39,
      0.13888888888888887
    ],
    [
      40,
      0.1497326203208556
    ],
    [
      41,
      0.1293532338308458
    ],
    [
      42,
      0.12206572769953052
    ],
    [
      43,
      0.18543046357615892
    ],
    [
      44,
      0.18497109826589597
    ],
    [
      45,
      0.22222222222222224
    ],
    [
      46,
      0.16161616161616163
    ],
    [
      47,
      0.17708333333333334
    ],
    [
      48,
      0.2195121951219512
    ],
    [
      49,
      0.20606060606060606
    ],
    [
      50,
      0.2368421052631579
    ],
    [
      51,
      0.27317073170731715
    ],
    [
      52,
      0.15
    ],
    [
      53,
      0.16374269005847952
    ],
    [
      54,
      0.23076923076923075
    ],
    [
      55,
      0.14736842105263157
    ],
    [
      56,
      0.20437956204379562
    ],
    [
      57,
      0.12571428571428572
    ],
    [
      58,
      0.20606060606060606
    ],
    [
      59,
      0.18309859154929575
    ],
    [
      60,
      0.2099447513812155
    ],
    [
      61,
      0.22727272727272724
    ],
    [
      62,
      0.17194570135746606
    ],
    [
      63,
      0.18713450292397663
    ],
    [
      64,
      0
    ],
    [
      65,
      0.203125
    ],
    [
      66,
      0.18285714285714283
    ],
    [
      67,
      0
    ],
    [
      68,
      0.18681318681318684
    ],
    [
      69,
      0.22377622377622378
    ],
    [
      70,
      0.17721518987341772
    ],
    [
      71,
      0.2
    ],
    [
      72,
      0.2222222222222222
    ],
    [
      73,
      0.17435897435897435
    ],
    [
      74,
      0.2040816326530612
    ],
    [
      75,
      0.24096385542168672
    ],
    [
      76,
      0.1414141414141414
    ],
    [
      77,
      0.12587412587412586
    ],
    [
      78,
      0.20833333333333331
    ],
    [
      79,
      0.16766467065868265
    ],
    [
      80,
      0.17194570135746606
    ],
    [
      81,
      0.17894736842105263
    ],
    [
      82,
      0
    ],
    [
      83,
      0.17073170731707318
    ],
    [
      84,
      0.17560975609756094
    ],
    [
      85,
      0.22459893048128343
    ],
    [
      86,
      0.19433198380566805
    ],
    [
      87,
      0.21705426356589147
    ],
    [
      88,
      0.1592920353982301
    ],
    [
      89,
      0.12903225806451613
    ],
    [
      90,
      0.20202020202020204
    ],
    [
      91,
      0.17391304347826086
    ],
    [
      92,
      0.18666666666666665
    ],
    [
      93,
      0.2
    ],
    [
      94,
      0.17687074829931973
    ],
    [
      95,
      0.19730941704035876
    ],
    [
      96,
      0.1818181818181818
    ],
    [
      97,
      0.21666666666666667
    ],
    [
      98,
      0.2064516129032258
    ],
    [
      99,
      0.22142857142857142
    ],
    [
      100,
      0.2486486486486487
    ],
    [
      101,
      0.2654867256637168
    ],
    [
      102,
      0.13756613756613756
    ],
    [
      103,
      0.24210526315789474
    ],
    [
      104,
      0.22033898305084748
    ],
    [
      105,
      0.2198952879581152
    ],
    [
      106,
      0.16143497757847536
    ],
    [
      107,
      0.20430107526881722
    ],
    [
      108,
      0.24858757062146894
    ],
    [
      109,
      0.12121212121212122
    ],
    [
      110,
      0.17297297297297298
    ],
    [
      111,
      0.23015873015873017
    ],
    [
      112,
      0.11173184357541899
    ],
    [
      113,
      0.27555555555555555
    ],
    [
      114,
      0.21008403361344538
    ],
    [
      115,
      0.12328767123287673
    ],
    [
      116,
      0.14659685863874347
    ],
    [
      117,
      0.17045454545454547
    ],
    [
      118,
      0.16216216216216214
    ],
    [
      119,
      0.2434782608695652
    ],
    [
      120,
      0.16129032258064516
    ],
    [
      121,
      0.20689655172413793
    ],
    [
      122,
      0.1461187214611872
    ],
    [
      123,
      0.2058823529411765
    ],
    [
      124,
      0.1095890410958904
    ],
    [
      125,
      0.1564245810055866
    ],
    [
      126,
      0.2168674698795181
    ],
    [
      127,
      0.1879194630872483
    ],
    [
      128,
      0.25641025641025644
    ],
    [
      129,
      0.20645161290322583
    ],
    [
      130,
      0.15135135135135133
    ],
    [
      131,
      0.1437125748502994
    ],
    [
      132,
      0.1797752808988764
    ],
    [
      133,
      0.247787610619469
    ],
    [
      134,
      0.21719457013574658
    ],
    [
      135,
      0.174496644295302
    ],
    [
      136,
      0.183206106870229
    ],
    [
      137,
      0.21238938053097345
    ],
    [
      138,
      0.2
    ],
    [
      139,
      0.14207650273224043
    ],
    [
      140,
      0.17567567567567569
    ],
    [
      141,
      0.26666666666666666
    ],
    [
      142,
      0.16190476190476188
    ],
    [
      143,
      0.19534883720930232
    ],
    [
      144,
      0.1914893617021277
    ],
    [
      145,
      0.14012738853503184
    ],
    [
      146,
      0.1941747572815534
    ],
    [
      147,
      0.13245033112582782
    ],
    [
      148,
      0.18309859154929575
    ],
    [
      149,
      0.1325301204819277
    ],
    [
      150,
      0.2921348314606742
    ],
    [
      151,
      0.18947368421052632
    ],
    [
      152,
      0.13445378151260504
    ],
    [
      153,
      0.14864864864864866
    ],
    [
      154,
      0.19999999999999998
    ],
    [
      155,
      0.20689655172413793
    ],
    [
      156,
      0.16483516483516483
    ],
    [
      157,
      0.11267605633802816
    ],
    [
      158,
      0.14473684210526316
    ],
    [
      159,
      0.15950920245398773
    ],
    [
      160,
      0.18994413407821228
    ],
    [
      161,
      0.1956521739130435
    ],
    [
      162,
      0.18784530386740328
    ],
    [
      163,
