{
  "dataset": "QMSum",
  "num_samples": 200,
  "rouge1": 0.2989580423260937,
  "rouge2": 0.06921683053803623,
  "rougeL": 0.1773592929483162,
  "rougeLsum": 0.1941040409420568,
  "per_sample_rougeL": [
    [
      0,
      0.19819819819819817
    ],
    [
      1,
      0.2311557788944724
    ],
    [
      2,
      0.1827956989247312
    ],
    [
      3,
      0.16470588235294117
    ],
    [
      4,
      0.11940298507462686
    ],
    [
      5,
      0.1575757575757576
    ],
    [
      6,
      0.15476190476190477
    ],
    [
      7,
      0.16149068322981366
    ],
    [
      8,
      0.14285714285714285
    ],
    [
      9,
      0.15286624203821655
    ],
    [
      10,
      0.2040816326530612
    ],
    [
      11,
      0.3024390243902439
    ],
    [
      12,
      0.26666666666666666
    ],
    [
      13,
      0.21390374331550802
    ],
    [
      14,
      0.1650485436893204
    ],
    [
      15,
      0.1793103448275862
    ],
    [
      16,
      0.17647058823529413
    ],
    [
      17,
      0.19540229885057472
    ],
    [
      18,
      0.1851851851851852
    ],
    [
      19,
      0.15116279069767444
    ],
    [
      20,
      0.13333333333333333
    ],
    [
      21,
      0.16551724137931034
    ],
    [
      22,
      0.16184971098265896
    ],
    [
      23,
      0.15483870967741936
    ],
    [
      24,
      0.2197802197802198
    ],
    [
      25,
      0.2110091743119266
    ],
    [
      26,
      0.07453416149068323
    ],
    [
      27,
      0.2328767123287671
    ],
    [
      28,
      0.155440414507772
    ],
    [
      29,
      0.1358024691358025
    ],
    [
      30,
      0.17045454545454544
    ],
    [
      31,
      0.1818181818181818
    ],
    [
      32,
      0.27368421052631575
    ],
    [
      33,
      0.22797927461139897
    ],
    [
      34,
      0.26582278481012656
    ],
    [
      35,
      0.18652849740932645
    ],
    [
      36,
      0.14857142857142858
    ],
    [
      37,
      0.17204301075268816
    ],
    [
      38,
      0.136986301369863
    ],
    [
      39,
      0.15827338129496404
    ],
    [
      40,
      0.17708333333333334
    ],
    [
      41,
      0.14507772020725385
    ],
    [
      42,
      0.1073170731707317
    ],
    [
      43,
      0.20779220779220778
    ],
    [
      44,
      0.11111111111111112
    ],
    [
      45,
      0.3875
    ],
    [
      46,
      0.15384615384615385
    ],
    [
      47,
      0.12244897959183675
    ],
    [
      48,
      0.20809248554913296
    ],
    [
      49,
      0.19277108433734938
    ],
    [
      50,
      0.20359281437125745
    ],
    [
      51,
      0.22115384615384615
    ],
    [
      52,
      0.1625
    ],
    [
      53,
      0.18285714285714286
    ],
    [
      54,
      0.2420382165605095
    ],
    [
      55,
      0.14606741573033707
    ],
    [
      56,
      0.14864864864864863
    ],
    [
      57,
      0.08588957055214724
    ],
    [
      58,
      0.1411764705882353
    ],
    [
      59,
      0.21164021164021163
    ],
    [
      60,
      0.17751479289940827
    ],
    [
      61,
      0.21052631578947367
    ],
    [
      62,
      0.2015503875968992
    ],
    [
      63,
      0.16049382716049382
    ],
    [
      64,
      0.20289855072463767
    ],
    [
      65,
      0.20512820512820512
    ],
    [
      66,
      0.20689655172413793
    ],
    [
      67,
      0.205607476635514
    ],
    [
      68,
      0.11392405063291139
    ],
    [
      69,
      0.21965317919075147
    ],
    [
      70,
      0.2638888888888889
    ],
    [
      71,
      0.13043478260869565
    ],
    [
      72,
      0.15714285714285714
    ],
    [
      73,
      0.2094240837696335
    ],
    [
      74,
      0.16901408450704225
    ],
    [
      75,
      0.12000000000000001
    ],
    [
      76,
      0.19289340101522845
    ],
    [
      77,
      0.15151515151515152
    ],
    [
      78,
      0.1968911917098446
    ],
    [
      79,
      0.19767441860465115
    ],
    [
      80,
      0.1643835616438356
    ],
    [
      81,
      0.15957446808510636
    ],
    [
      82,
      0.18487394957983194
    ],
    [
      83,
      0.17834394904458598
    ],
    [
      84,
      0.1809045226130653
    ],
    [
      85,
      0.17733990147783252
    ],
    [
      86,
      0.1721311475409836
    ],
    [
      87,
      0.17964071856287425
    ],
    [
      88,
      0.2347826086956522
    ],
    [
      89,
      0.39408866995073893
    ],
    [
      90,
      0.19895287958115185
    ],
    [
      91,
      0.11347517730496452
    ],
    [
      92,
      0.136986301369863
    ],
    [
      93,
      0.1929824561403509
    ],
    [
      94,
      0.18055555555555555
    ],
    [
      95,
      0.2100456621004566
    ],
    [
      96,
      0.15384615384615383
    ],
    [
      97,
      0.10810810810810811
    ],
    [
      98,
      0.18947368421052632
    ],
    [
      99,
      0.20216606498194947
    ],
    [
      100,
      0.1392405063291139
    ],
    [
      101,
      0.2077922077922078
    ],
    [
      102,
      0.15135135135135133
    ],
    [
      103,
      0.17441860465116277
    ],
    [
      104,
      0.15602836879432624
    ],
    [
      105,
      0.24210526315789474
    ],
    [
      106,
      0.18181818181818182
    ],
    [
      107,
      0.16049382716049382
    ],
    [
      108,
      0.2105263157894737
    ],
    [
      109,
      0.19580419580419578
    ],
    [
      110,
      0.1694915254237288
    ],
    [
      111,
      0.20717131474103587
    ],
    [
      112,
      0.24210526315789477
    ],
    [
      113,
      0.19444444444444445
    ],
    [
      114,
      0.25941422594142266
    ],
    [
      115,
      0.16666666666666666
    ],
    [
      116,
      0.16374269005847952
    ],
    [
      117,
      0.16666666666666666
    ],
    [
      118,
      0.1282051282051282
    ],
    [
      119,
      0.15789473684210525
    ],
    [
      120,
      0.12716763005780343
    ],
    [
      121,
      0.17341040462427743
    ],
    [
      122,
      0.12785388127853883
    ],
    [
      123,
      0.18085106382978727
    ],
    [
      124,
      0.14864864864864866
    ],
    [
      125,
      0.16091954022988506
    ],
    [
      126,
      0.18181818181818182
    ],
    [
      127,
      0.14285714285714285
    ],
    [
      128,
      0.16666666666666666
    ],
    [
      129,
      0.1910828025477707
    ],
    [
      130,
      0.19354838709677422
    ],
    [
      131,
      0.1342281879194631
    ],
    [
      132,
      0.19101123595505617
    ],
    [
      133,
      0.09790209790209792
    ],
    [
      134,
      0.1904761904761905
    ],
    [
      135,
      0.19178082191780824
    ],
    [
      136,
      0.12
    ],
    [
      137,
      0.13496932515337423
    ],
    [
      138,
      0.18579234972677594
    ],
    [
      139,
      0.16216216216216217
    ],
    [
      140,
      0.14379084967320263
    ],
    [
      141,
      0.3535911602209945
    ],
    [
      142,
      0.15533980582524273
    ],
    [
      143,
      0.17840375586854462
    ],
    [
      144,
      0.12903225806451615
    ],
    [
      145,
      0.1699346405228758
    ],
    [
      146,
      0.22115384615384615
    ],
    [
      147,
      0.1865284974093264
    ],
    [
      148,
      0.16000000000000003
    ],
    [
      149,
      0.13095238095238096
    ],
    [
      150,
      0.17679558011049723
    ],
    [
      151,
      0.13333333333333336
    ],
    [
      152,
      0.09523809523809523
    ],
    [
      153,
      0.108843537414966
    ],
    [
      154,
      0.1818181818181818
    ],
    [
      155,
      0.16568047337278108
    ],
    [
      156,
      0.13658536585365855
    ],
    [
      157,
      0.14814814814814814
    ],
    [
      158,
      0.18378378378378377
    ],
    [
      159,
      0.09150326797385619
