{
  "dataset": "QMSum",
  "num_samples": 200,
  "rouge1": 0.32182112987724043,
  "rouge2": 0.07573375500403473,
  "rougeL": 0.19812963333840689,
  "rougeLsum": 0.1989829857791,
  "per_sample_rougeL": [
    [
      0,
      0.16888888888888892
    ],
    [
      1,
      0.2038834951456311
    ],
    [
      2,
      0.198019801980198
    ],
    [
      3,
      0.1797752808988764
    ],
    [
      4,
      0.11940298507462686
    ],
    [
      5,
      0.2210526315789474
    ],
    [
      6,
      0.15384615384615385
    ],
    [
      7,
      0.16969696969696968
    ],
    [
      8,
      0.1656050955414013
    ],
    [
      9,
      0.1761006289308176
    ],
    [
      10,
      0.1891891891891892
    ],
    [
      11,
      0.2058823529411765
    ],
    [
      12,
      0.17218543046357615
    ],
    [
      13,
      0.25
    ],
    [
      14,
      0.20289855072463767
    ],
    [
      15,
      0.20134228187919462
    ],
    [
      16,
      0.1990521327014218
    ],
    [
      17,
      0.18390804597701152
    ],
    [
      18,
      0.17164179104477612
    ],
    [
      19,
      0.1485714285714286
    ],
    [
      20,
      0.13714285714285715
    ],
    [
      21,
      0.17808219178082194
    ],
    [
      22,
      0.13793103448275862
    ],
    [
      23,
      0.22360248447204972
    ],
    [
      24,
      0.21875
    ],
    [
      25,
      0.2184873949579832
    ],
    [
      26,
      0.2603550295857988
    ],
    [
      27,
      0.19607843137254904
    ],
    [
      28,
      0.2639593908629442
    ],
    [
      29,
      0.22619047619047622
    ],
    [
      30,
      0.18888888888888886
    ],
    [
      31,
      0.1610738255033557
    ],
    [
      32,
      0.28272251308900526
    ],
    [
      33,
      0.20202020202020202
    ],
    [
      34,
      0.21518987341772153
    ],
    [
      35,
      0.1919191919191919
    ],
    [
      36,
      0.15909090909090912
    ],
    [
      37,
      0.19459459459459458
    ],
    [
      38,
      0.2
    ],
    [
      39,
      0.14965986394557823
    ],
    [
      40,
      0.1691542288557214
    ],
    [
      41,
      0.19704433497536944
    ],
    [
      42,
      0.19534883720930232
    ],
    [
      43,
      0.2085889570552147
    ],
    [
      44,
      0.17045454545454544
    ],
    [
      45,
      0.21951219512195122
    ],
    [
      46,
      0.16666666666666669
    ],
    [
      47,
      0.17435897435897438
    ],
    [
      48,
      0.1965317919075145
    ],
    [
      49,
      0.1893491124260355
    ],
    [
      50,
      0.20689655172413793
    ],
    [
      51,
      0.26728110599078336
    ],
    [
      52,
      0.15
    ],
    [
      53,
      0.16184971098265896
    ],
    [
      54,
      0.20930232558139536
    ],
    [
      55,
      0.17582417582417584
    ],
    [
      56,
      0.18064516129032257
    ],
    [
      57,
      0.13559322033898305
    ],
    [
      58,
      0.22598870056497175
    ],
    [
      59,
      0.19791666666666666
    ],
    [
      60,
      0.20879120879120877
    ],
    [
      61,
      0.1807909604519774
    ],
    [
      62,
      0.27106227106227104
    ],
    [
      63,
      0.1686746987951807
    ],
    [
      64,
      0.20979020979020982
    ],
    [
      65,
      0.19736842105263155
    ],
    [
      66,
      0.22826086956521738
    ],
    [
      67,
      0.2385321100917431
    ],
    [
      68,
      0.2032085561497326
    ],
    [
      69,
      0.20689655172413793
    ],
    [
      70,
      0.2550335570469799
    ],
    [
      71,
      0.15476190476190477
    ],
    [
      72,
      0.1656050955414013
    ],
    [
      73,
      0.19289340101522842
    ],
    [
      74,
      0.2
    ],
    [
      75,
      0.24074074074074073
    ],
    [
      76,
      0.12935323383084577
    ],
    [
      77,
      0.09333333333333335
    ],
    [
      78,
      0.22222222222222224
    ],
    [
      79,
      0.18681318681318682
    ],
    [
      80,
      0.16666666666666666
    ],
    [
      81,
      0.19148936170212766
    ],
    [
      82,
      0.21487603305785125
    ],
    [
      83,
      0.2038216560509554
    ],
    [
      84,
      0.19801980198019803
    ],
    [
      85,
      0.20487804878048782
    ],
    [
      86,
      0.20242914979757085
    ],
    [
      87,
      0.2122905027932961
    ],
    [
      88,
      0.16379310344827586
    ],
    [
      89,
      0.3365384615384615
    ],
    [
      90,
      0.23232323232323235
    ],
    [
      91,
      0.1342281879194631
    ],
    [
      92,
      0.1818181818181818
    ],
    [
      93,
      0.2413793103448276
    ],
    [
      94,
      0.16774193548387095
    ],
    [
      95,
      0.2191780821917808
    ],
    [
      96,
      0.20746887966804978
    ],
    [
      97,
      0.23899371069182393
    ],
    [
      98,
      0.2383419689119171
    ],
    [
      99,
      0.22916666666666669
    ],
    [
      100,
      0.21965317919075142
    ],
    [
      101,
      0.20606060606060606
    ],
    [
      102,
      0.18947368421052632
    ],
    [
      103,
      0.21164021164021163
    ],
    [
      104,
      0.21656050955414013
    ],
    [
      105,
      0.2931937172774869
    ],
    [
      106,
      0.19090909090909092
    ],
    [
      107,
      0.2150537634408602
    ],
    [
      108,
      0.2298850574712644
    ],
    [
      109,
      0.19718309859154934
    ],
    [
      110,
      0.22222222222222218
    ],
    [
      111,
      0.24124513618677043
    ],
    [
      112,
      0.27027027027027023
    ],
    [
      113,
      0.2081447963800905
    ],
    [
      114,
      0.22784810126582275
    ],
    [
      115,
      0.18064516129032257
    ],
    [
      116,
      0.20100502512562815
    ],
    [
      117,
      0.2068965517241379
    ],
    [
      118,
      0.16455696202531644
    ],
    [
      119,
      0.19653179190751446
    ],
    [
      120,
      0.1739130434782609
    ],
    [
      121,
      0.20454545454545456
    ],
    [
      122,
      0.1704035874439462
    ],
    [
      123,
      0.2058823529411765
    ],
    [
      124,
      0.12080536912751678
    ],
    [
      125,
      0.15555555555555556
    ],
    [
      126,
      0.22754491017964074
    ],
    [
      127,
      0.19393939393939394
    ],
    [
      128,
      0.2403846153846154
    ],
    [
      129,
      0.22499999999999995
    ],
    [
      130,
      0.14814814814814814
    ],
    [
      131,
      0.13414634146341461
    ],
    [
      132,
      0.19459459459459458
    ],
    [
      133,
      0.24324324324324323
    ],
    [
      134,
      0.26244343891402716
    ],
    [
      135,
      0.2
    ],
    [
      136,
      0.16342412451361868
    ],
    [
      137,
      0.18292682926829268
    ],
    [
      138,
      0.23036649214659688
    ],
    [
      139,
      0.13186813186813187
    ],
    [
      140,
      0.1839080459770115
    ],
    [
      141,
      0.3135135135135135
    ],
    [
      142,
      0.16901408450704225
    ],
    [
      143,
      0.23529411764705882
    ],
    [
      144,
      0.1836734693877551
    ],
    [
      145,
      0.14814814814814814
    ],
    [
      146,
      0.22115384615384615
    ],
    [
      147,
      0.21505376344086022
    ],
    [
      148,
      0.24427480916030533
    ],
    [
      149,
      0.13793103448275862
    ],
    [
      150,
      0.1847826086956522
    ],
    [
      151,
      0.22857142857142856
    ],
    [
      152,
      0.25
    ],
    [
      153,
      0.15686274509803919
    ],
    [
      154,
      0.20270270270270271
    ],
    [
      155,
      0.18681318681318682
    ],
    [
      156,
      0.198019801980198
    ],
    [
      157,
      0.136986301369863
    ],
    [
      158,
      0.20320855614973263
    ],
    [
      159,
      0.26751592356687903
    ],
    [
      160,
      0.25
    ],
    [
      161,
      0.175
