{
  "dataset": "QMSum",
  "num_samples": 200,
  "rouge1": 0.29347576164695155,
  "rouge2": 0.06778993911373626,
  "rougeL": 0.1898649273243383,
  "rougeLsum": 0.1902739229975473,
  "per_sample_rougeL": [
    [
      0,
      0.1891891891891892
    ],
    [
      1,
      0.2048780487804878
    ],
    [
      2,
      0.22
    ],
    [
      3,
      0.1878453038674033
    ],
    [
      4,
      0.11594202898550726
    ],
    [
      5,
      0.2617801047120419
    ],
    [
      6,
      0.16091954022988506
    ],
    [
      7,
      0.13749999999999998
    ],
    [
      8,
      0.1509433962264151
    ],
    [
      9,
      0.175
    ],
    [
      10,
      0.24324324324324323
    ],
    [
      11,
      0.17647058823529413
    ],
    [
      12,
      0.1891891891891892
    ],
    [
      13,
      0.26130653266331655
    ],
    [
      14,
      0.20560747663551404
    ],
    [
      15,
      0.18867924528301885
    ],
    [
      16,
      0.1990521327014218
    ],
    [
      17,
      0.20111731843575417
    ],
    [
      18,
      0.13718411552346568
    ],
    [
      19,
      0.16091954022988506
    ],
    [
      20,
      0.11494252873563217
    ],
    [
      21,
      0.1951219512195122
    ],
    [
      22,
      0.13714285714285715
    ],
    [
      23,
      0.22500000000000003
    ],
    [
      24,
      0.18848167539267016
    ],
    [
      25,
      0.22033898305084745
    ],
    [
      26,
      0.28735632183908044
    ],
    [
      27,
      0.1614906832298137
    ],
    [
      28,
      0.17560975609756094
    ],
    [
      29,
      0.20238095238095238
    ],
    [
      30,
      0.18579234972677594
    ],
    [
      31,
      0.16883116883116883
    ],
    [
      32,
      0.22105263157894736
    ],
    [
      33,
      0.21428571428571427
    ],
    [
      34,
      0.25
    ],
    [
      35,
      0.16753926701570682
    ],
    [
      36,
      0.18994413407821228
    ],
    [
      37,
      0.18461538461538463
    ],
    [
      38,
      0.16774193548387095
    ],
    [
      39,
      0.19718309859154928
    ],
    [
      40,
      0.1791044776119403
    ],
    [
      41,
      0.18834080717488794
    ],
    [
      42,
      0.14678899082568808
    ],
    [
      43,
      0.20809248554913296
    ],
    [
      44,
      0.1627906976744186
    ],
    [
      45,
      0.17647058823529416
    ],
    [
      46,
      0.16585365853658537
    ],
    [
      47,
      0.14705882352941177
    ],
    [
      48,
      0.2456140350877193
    ],
    [
      49,
      0.1818181818181818
    ],
    [
      50,
      0.20338983050847462
    ],
    [
      51,
      0.29357798165137616
    ],
    [
      52,
      0.18543046357615894
    ],
    [
      53,
      0.14035087719298245
    ],
    [
      54,
      0.25
    ],
    [
      55,
      0.17616580310880828
    ],
    [
      56,
      0.15483870967741936
    ],
    [
      57,
      0.16129032258064516
    ],
    [
      58,
      0.2159090909090909
    ],
    [
      59,
      0.18947368421052632
    ],
    [
      60,
      0.17045454545454544
    ],
    [
      61,
      0.28402366863905326
    ],
    [
      62,
      0.21014492753623187
    ],
    [
      63,
      0.19393939393939394
    ],
    [
      64,
      0.20689655172413796
    ],
    [
      65,
      0.2085889570552147
    ],
    [
      66,
      0.27027027027027023
    ],
    [
      67,
      0.2133333333333333
    ],
    [
      68,
      0.19251336898395724
    ],
    [
      69,
      0.20930232558139536
    ],
    [
      70,
      0.18064516129032257
    ],
    [
      71,
      0.16568047337278105
    ],
    [
      72,
      0.1863354037267081
    ],
    [
      73,
      0.19565217391304351
    ],
    [
      74,
      0.15789473684210528
    ],
    [
      75,
      0.29090909090909095
    ],
    [
      76,
      0.1616161616161616
    ],
    [
      77,
      0.15492957746478872
    ],
    [
      78,
      0.21505376344086022
    ],
    [
      79,
      0.14285714285714285
    ],
    [
      80,
      0.1810344827586207
    ],
    [
      81,
      0.14736842105263157
    ],
    [
      82,
      0.24590163934426226
    ],
    [
      83,
      0.2222222222222222
    ],
    [
      84,
      0.1722488038277512
    ],
    [
      85,
      0.224390243902439
    ],
    [
      86,
      0.20233463035019456
    ],
    [
      87,
      0.20994475138121546
    ],
    [
      88,
      0.23893805309734514
    ],
    [
      89,
      0.1923076923076923
    ],
    [
      90,
      0.21538461538461537
    ],
    [
      91,
      0.16216216216216214
    ],
    [
      92,
      0.16184971098265896
    ],
    [
      93,
      0.2222222222222222
    ],
    [
      94,
      0.16058394160583944
    ],
    [
      95,
      0.23684210526315788
    ],
    [
      96,
      0.24291497975708504
    ],
    [
      97,
      0.32098765432098764
    ],
    [
      98,
      0.19791666666666666
    ],
    [
      99,
      0.20905923344947733
    ],
    [
      100,
      0.21590909090909088
    ],
    [
      101,
      0.2
    ],
    [
      102,
      0.21989528795811522
    ],
    [
      103,
      0.23157894736842105
    ],
    [
      104,
      0.17105263157894737
    ],
    [
      105,
      0.2513089005235602
    ],
    [
      106,
      0.1900452488687783
    ],
    [
      107,
      0.21348314606741572
    ],
    [
      108,
      0.22857142857142856
    ],
    [
      109,
      0.16107382550335572
    ],
    [
      110,
      0.17894736842105266
    ],
    [
      111,
      0.2222222222222222
    ],
    [
      112,
      0.11764705882352941
    ],
    [
      113,
      0.25
    ],
    [
      114,
      0.2520325203252033
    ],
    [
      115,
      0.16883116883116883
    ],
    [
      116,
      0.18811881188118812
    ],
    [
      117,
      0.18079096045197743
    ],
    [
      118,
      0.15286624203821655
    ],
    [
      119,
      0.17341040462427743
    ],
    [
      120,
      0.15555555555555553
    ],
    [
      121,
      0.1787709497206704
    ],
    [
      122,
      0.16740088105726872
    ],
    [
      123,
      0.1951219512195122
    ],
    [
      124,
      0.12080536912751678
    ],
    [
      125,
      0.17777777777777778
    ],
    [
      126,
      0.20606060606060608
    ],
    [
      127,
      0.2023809523809524
    ],
    [
      128,
      0.21698113207547168
    ],
    [
      129,
      0.19161676646706588
    ],
    [
      130,
      0.1702127659574468
    ],
    [
      131,
      0.10909090909090909
    ],
    [
      132,
      0.21739130434782608
    ],
    [
      133,
      0.15172413793103448
    ],
    [
      134,
      0.24215246636771298
    ],
    [
      135,
      0.16216216216216217
    ],
    [
      136,
      0.16356877323420074
    ],
    [
      137,
      0.16374269005847952
    ],
    [
      138,
      0.21052631578947367
    ],
    [
      139,
      0.10810810810810811
    ],
    [
      140,
      0.16470588235294117
    ],
    [
      141,
      0.3529411764705882
    ],
    [
      142,
      0.16666666666666669
    ],
    [
      143,
      0.23318385650224216
    ],
    [
      144,
      0.20304568527918782
    ],
    [
      145,
      0.13664596273291926
    ],
    [
      146,
      0.20657276995305165
    ],
    [
      147,
      0.18848167539267013
    ],
    [
      148,
      0.1212121212121212
    ],
    [
      149,
      0.15028901734104044
    ],
    [
      150,
      0.19148936170212766
    ],
    [
      151,
      0.18357487922705315
    ],
    [
      152,
      0.10852713178294572
    ],
    [
      153,
      0.14379084967320263
    ],
    [
      154,
      0.20547945205479454
    ],
    [
      155,
      0.16666666666666669
    ],
    [
      156,
      0.18536585365853658
    ],
    [
      157,
      0.12949640287769784
    ],
    [
      158,
      0.1935483870967742
    ],
    [
      159,
      0.16184971098265896
    ],
    [
      160,
