{
  "dataset": "QMSum",
  "num_samples": 200,
  "rouge1": 0.3196192558995742,
  "rouge2": 0.07462108709314472,
  "rougeL": 0.18814722304432174,
  "rougeLsum": 0.1923279281813034,
  "per_sample_rougeL": [
    [
      0,
      0.2009132420091324
    ],
    [
      1,
      0.24
    ],
    [
      2,
      0.19607843137254902
    ],
    [
      3,
      0.17857142857142858
    ],
    [
      4,
      0.14285714285714285
    ],
    [
      5,
      0.3125
    ],
    [
      6,
      0.14285714285714288
    ],
    [
      7,
      0.21301775147928995
    ],
    [
      8,
      0.18791946308724833
    ],
    [
      9,
      0.1656050955414013
    ],
    [
      10,
      0.22222222222222224
    ],
    [
      11,
      0.2153846153846154
    ],
    [
      12,
      0.18439716312056736
    ],
    [
      13,
      0.2639593908629441
    ],
    [
      14,
      0.1739130434782609
    ],
    [
      15,
      0.17948717948717946
    ],
    [
      16,
      0.18446601941747576
    ],
    [
      17,
      0.19428571428571428
    ],
    [
      18,
      0.1509433962264151
    ],
    [
      19,
      0.14201183431952663
    ],
    [
      20,
      0.16568047337278105
    ],
    [
      21,
      0.1875
    ],
    [
      22,
      0.18181818181818182
    ],
    [
      23,
      0.21192052980132448
    ],
    [
      24,
      0.18181818181818185
    ],
    [
      25,
      0.19004524886877827
    ],
    [
      26,
      0.3012048192771084
    ],
    [
      27,
      0.18055555555555555
    ],
    [
      28,
      0.17435897435897435
    ],
    [
      29,
      0.15476190476190477
    ],
    [
      30,
      0.18072289156626506
    ],
    [
      31,
      0.1388888888888889
    ],
    [
      32,
      0.26455026455026454
    ],
    [
      33,
      0.19387755102040813
    ],
    [
      34,
      0.18404907975460125
    ],
    [
      35,
      0.17435897435897438
    ],
    [
      36,
      0.1714285714285714
    ],
    [
      37,
      0.16666666666666666
    ],
    [
      38,
      0.21052631578947367
    ],
    [
      39,
      0.17218543046357615
    ],
    [
      40,
      0.1890547263681592
    ],
    [
      41,
      0.16585365853658537
    ],
    [
      42,
      0.12440191387559807
    ],
    [
      43,
      0.17073170731707316
    ],
    [
      44,
      0.19428571428571426
    ],
    [
      45,
      0.23170731707317074
    ],
    [
      46,
      0.16161616161616163
    ],
    [
      47,
      0.13861386138613863
    ],
    [
      48,
      0.1775147928994083
    ],
    [
      49,
      0.1696969696969697
    ],
    [
      50,
      0.13714285714285715
    ],
    [
      51,
      0.25806451612903225
    ],
    [
      52,
      0.15286624203821655
    ],
    [
      53,
      0.13333333333333333
    ],
    [
      54,
      0.2235294117647059
    ],
    [
      55,
      0.17021276595744683
    ],
    [
      56,
      0.1830065359477124
    ],
    [
      57,
      0.1301775147928994
    ],
    [
      58,
      0.22471910112359547
    ],
    [
      59,
      0.17582417582417584
    ],
    [
      60,
      0.18681318681318682
    ],
    [
      61,
      0.20731707317073175
    ],
    [
      62,
      0.31578947368421056
    ],
    [
      63,
      0.14906832298136646
    ],
    [
      64,
      0.19999999999999998
    ],
    [
      65,
      0.17391304347826086
    ],
    [
      66,
      0.2485875706214689
    ],
    [
      67,
      0.15384615384615383
    ],
    [
      68,
      0.23076923076923078
    ],
    [
      69,
      0.23204419889502761
    ],
    [
      70,
      0.2684563758389262
    ],
    [
      71,
      0.19607843137254904
    ],
    [
      72,
      0.1948051948051948
    ],
    [
      73,
      0.1890547263681592
    ],
    [
      74,
      0.22377622377622378
    ],
    [
      75,
      0.19138755980861244
    ],
    [
      76,
      0.16494845360824742
    ],
    [
      77,
      0.11842105263157895
    ],
    [
      78,
      0.20540540540540542
    ],
    [
      79,
      0.17543859649122806
    ],
    [
      80,
      0.1636363636363636
    ],
    [
      81,
      0.12429378531073446
    ],
    [
      82,
      0.18930041152263374
    ],
    [
      83,
      0.21476510067114093
    ],
    [
      84,
      0.17733990147783252
    ],
    [
      85,
      0.18811881188118815
    ],
    [
      86,
      0.19246861924686193
    ],
    [
      87,
      0.17391304347826086
    ],
    [
      88,
      0.19555555555555554
    ],
    [
      89,
      0.27751196172248804
    ],
    [
      90,
      0.1836734693877551
    ],
    [
      91,
      0.15384615384615385
    ],
    [
      92,
      0.21428571428571427
    ],
    [
      93,
      0.16740088105726872
    ],
    [
      94,
      0.13740458015267176
    ],
    [
      95,
      0.25339366515837103
    ],
    [
      96,
      0.16666666666666666
    ],
    [
      97,
      0.22784810126582278
    ],
    [
      98,
      0.2153846153846154
    ],
    [
      99,
      0.21453287197231832
    ],
    [
      100,
      0.1888888888888889
    ],
    [
      101,
      0.16352201257861637
    ],
    [
      102,
      0.1666666666666667
    ],
    [
      103,
      0.23783783783783782
    ],
    [
      104,
      0.1879194630872483
    ],
    [
      105,
      0.2383419689119171
    ],
    [
      106,
      0.22018348623853212
    ],
    [
      107,
      0.19209039548022597
    ],
    [
      108,
      0.24
    ],
    [
      109,
      0.1925925925925926
    ],
    [
      110,
      0.13829787234042554
    ],
    [
      111,
      0.18823529411764703
    ],
    [
      112,
      0.26455026455026454
    ],
    [
      113,
      0.17840375586854457
    ],
    [
      114,
      0.1735537190082645
    ],
    [
      115,
      0.13513513513513511
    ],
    [
      116,
      0.1904761904761905
    ],
    [
      117,
      0.2584269662921348
    ],
    [
      118,
      0.19230769230769232
    ],
    [
      119,
      0.19607843137254902
    ],
    [
      120,
      0.16568047337278108
    ],
    [
      121,
      0.2285714285714286
    ],
    [
      122,
      0.1290322580645161
    ],
    [
      123,
      0.15920398009950248
    ],
    [
      124,
      0.14864864864864866
    ],
    [
      125,
      0.17341040462427748
    ],
    [
      126,
      0.22222222222222224
    ],
    [
      127,
      0.17177914110429449
    ],
    [
      128,
      0.3689320388349515
    ],
    [
      129,
      0.2091503267973856
    ],
    [
      130,
      0.17391304347826086
    ],
    [
      131,
      0.18181818181818182
    ],
    [
      132,
      0.24444444444444446
    ],
    [
      133,
      0.19736842105263155
    ],
    [
      134,
      0.16363636363636364
    ],
    [
      135,
      0.1935483870967742
    ],
    [
      136,
      0.15873015873015875
    ],
    [
      137,
      0.1761006289308176
    ],
    [
      138,
      0.1914893617021277
    ],
    [
      139,
      0.13186813186813187
    ],
    [
      140,
      0.15686274509803924
    ],
    [
      141,
      0.30769230769230765
    ],
    [
      142,
      0.22448979591836735
    ],
    [
      143,
      0.15023474178403753
    ],
    [
      144,
      0.17801047120418848
    ],
    [
      145,
      0.09333333333333332
    ],
    [
      146,
      0.26291079812206575
    ],
    [
      147,
      0.15384615384615385
    ],
    [
      148,
      0.1984732824427481
    ],
    [
      149,
      0.13664596273291926
    ],
    [
      150,
      0.30508474576271183
    ],
    [
      151,
      0.18719211822660098
    ],
    [
      152,
      0.183206106870229
    ],
    [
      153,
      0.1476510067114094
    ],
    [
      154,
      0.15384615384615385
    ],
    [
      155,
      0.27906976744186046
    ],
    [
      156,
      0.16915422885572137
    ],
    [
      157,
      0.14285714285714285
    ],
    [
      158,
      0.1797752808988764
    ],
    [
      159,
      0.15384615384615385
    ],
