{
  "dataset": "QMSum",
  "num_samples": 200,
  "rouge1": 0.33072995226903024,
  "rouge2": 0.08114251237864961,
  "rougeL": 0.20237413427888312,
  "rougeLsum": 0.20638408475024667,
  "per_sample_rougeL": [
    [
      0,
      0.20087336244541482
    ],
    [
      1,
      0.2371134020618557
    ],
    [
      2,
      0.21714285714285717
    ],
    [
      3,
      0.1754385964912281
    ],
    [
      4,
      0.11940298507462686
    ],
    [
      5,
      0.31578947368421056
    ],
    [
      6,
      0.05442176870748299
    ],
    [
      7,
      0.1804511278195489
    ],
    [
      8,
      0.16249999999999998
    ],
    [
      9,
      0.14473684210526316
    ],
    [
      10,
      0.1607142857142857
    ],
    [
      11,
      0.24
    ],
    [
      12,
      0.17687074829931973
    ],
    [
      13,
      0.22580645161290322
    ],
    [
      14,
      0.22535211267605634
    ],
    [
      15,
      0.1568627450980392
    ],
    [
      16,
      0.19387755102040813
    ],
    [
      17,
      0.24299065420560748
    ],
    [
      18,
      0.1323529411764706
    ],
    [
      19,
      0.16
    ],
    [
      20,
      0.15
    ],
    [
      21,
      0.17910447761194032
    ],
    [
      22,
      0.1511627906976744
    ],
    [
      23,
      0.2181818181818182
    ],
    [
      24,
      0.22564102564102564
    ],
    [
      25,
      0.20627802690582958
    ],
    [
      26,
      0.4698795180722891
    ],
    [
      27,
      0.1958041958041958
    ],
    [
      28,
      0.2119205298013245
    ],
    [
      29,
      0.14012738853503184
    ],
    [
      30,
      0.20338983050847453
    ],
    [
      31,
      0.1843971631205674
    ],
    [
      32,
      0.28901734104046245
    ],
    [
      33,
      0.18461538461538463
    ],
    [
      34,
      0.21556886227544914
    ],
    [
      35,
      0.1837837837837838
    ],
    [
      36,
      0.2074074074074074
    ],
    [
      37,
      0.1564245810055866
    ],
    [
      38,
      0.16551724137931034
    ],
    [
      39,
      0.16551724137931034
    ],
    [
      40,
      0.17258883248730966
    ],
    [
      41,
      0.16080402010050254
    ],
    [
      42,
      0.1611374407582938
    ],
    [
      43,
      0.2117647058823529
    ],
    [
      44,
      0.1383647798742138
    ],
    [
      45,
      0.22377622377622378
    ],
    [
      46,
      0.16574585635359118
    ],
    [
      47,
      0.17
    ],
    [
      48,
      0.22598870056497172
    ],
    [
      49,
      0.28571428571428564
    ],
    [
      50,
      0.18823529411764708
    ],
    [
      51,
      0.2555555555555556
    ],
    [
      52,
      0.17391304347826084
    ],
    [
      53,
      0.15028901734104047
    ],
    [
      54,
      0.26993865030674846
    ],
    [
      55,
      0.1754385964912281
    ],
    [
      56,
      0.18571428571428572
    ],
    [
      57,
      0.10714285714285714
    ],
    [
      58,
      0.2331288343558282
    ],
    [
      59,
      0.1945945945945946
    ],
    [
      60,
      0.16417910447761194
    ],
    [
      61,
      0.26136363636363635
    ],
    [
      62,
      0.2339622641509434
    ],
    [
      63,
      0.14035087719298245
    ],
    [
      64,
      0.2312925170068027
    ],
    [
      65,
      0.27272727272727276
    ],
    [
      66,
      0.24043715846994534
    ],
    [
      67,
      0.2511210762331838
    ],
    [
      68,
      0.19875776397515527
    ],
    [
      69,
      0.2068965517241379
    ],
    [
      70,
      0.3008849557522124
    ],
    [
      71,
      0.15568862275449102
    ],
    [
      72,
      0.3789473684210526
    ],
    [
      73,
      0.22448979591836735
    ],
    [
      74,
      0.19480519480519476
    ],
    [
      75,
      0.2621359223300971
    ],
    [
      76,
      0.19444444444444448
    ],
    [
      77,
      0.14285714285714285
    ],
    [
      78,
      0.22702702702702704
    ],
    [
      79,
      0.1945945945945946
    ],
    [
      80,
      0.19213973799126638
    ],
    [
      81,
      0.1693121693121693
    ],
    [
      82,
      0.18257261410788383
    ],
    [
      83,
      0.25000000000000006
    ],
    [
      84,
      0.1693121693121693
    ],
    [
      85,
      0.21390374331550802
    ],
    [
      86,
      0.1935483870967742
    ],
    [
      87,
      0.21965317919075145
    ],
    [
      88,
      0.17117117117117117
    ],
    [
      89,
      0.31578947368421056
    ],
    [
      90,
      0.20408163265306123
    ],
    [
      91,
      0.16993464052287582
    ],
    [
      92,
      0.1986754966887417
    ],
    [
      93,
      0.22881355932203387
    ],
    [
      94,
      0.18045112781954886
    ],
    [
      95,
      0.2410714285714286
    ],
    [
      96,
      0.20833333333333334
    ],
    [
      97,
      0.2992125984251969
    ],
    [
      98,
      0.15873015873015872
    ],
    [
      99,
      0.19444444444444445
    ],
    [
      100,
      0.20652173913043478
    ],
    [
      101,
      0.2222222222222222
    ],
    [
      102,
      0.20155038759689925
    ],
    [
      103,
      0.27536231884057966
    ],
    [
      104,
      0.2777777777777778
    ],
    [
      105,
      0.2590673575129534
    ],
    [
      106,
      0.18181818181818182
    ],
    [
      107,
      0.1914893617021277
    ],
    [
      108,
      0.23030303030303031
    ],
    [
      109,
      0.17567567567567566
    ],
    [
      110,
      0.13714285714285712
    ],
    [
      111,
      0.23904382470119523
    ],
    [
      112,
      0.26595744680851063
    ],
    [
      113,
      0.3214285714285714
    ],
    [
      114,
      0.2157676348547718
    ],
    [
      115,
      0.16901408450704225
    ],
    [
      116,
      0.15706806282722513
    ],
    [
      117,
      0.15819209039548024
    ],
    [
      118,
      0.16551724137931034
    ],
    [
      119,
      0.24761904761904763
    ],
    [
      120,
      0.17486338797814208
    ],
    [
      121,
      0.2247191011235955
    ],
    [
      122,
      0.17857142857142855
    ],
    [
      123,
      0.24864864864864863
    ],
    [
      124,
      0.19230769230769232
    ],
    [
      125,
      0.223463687150838
    ],
    [
      126,
      0.23287671232876717
    ],
    [
      127,
      0.14723926380368096
    ],
    [
      128,
      0.2403846153846154
    ],
    [
      129,
      0.1927710843373494
    ],
    [
      130,
      0.19148936170212766
    ],
    [
      131,
      0.16774193548387098
    ],
    [
      132,
      0.19672131147540983
    ],
    [
      133,
      0.16551724137931034
    ],
    [
      134,
      0.21105527638190955
    ],
    [
      135,
      0
    ],
    [
      136,
      0.23076923076923075
    ],
    [
      137,
      0.1699346405228758
    ],
    [
      138,
      0.24705882352941178
    ],
    [
      139,
      0.12658227848101264
    ],
    [
      140,
      0.1807909604519774
    ],
    [
      141,
      0.39416058394160586
    ],
    [
      142,
      0.20370370370370372
    ],
    [
      143,
      0.187192118226601
    ],
    [
      144,
      0.17297297297297295
    ],
    [
      145,
      0.14184397163120568
    ],
    [
      146,
      0.21301775147928997
    ],
    [
      147,
      0.303030303030303
    ],
    [
      148,
      0.25806451612903225
    ],
    [
      149,
      0.13793103448275862
    ],
    [
      150,
      0.2923976608187135
    ],
    [
      151,
      0.2296650717703349
    ],
    [
      152,
      0.18518518518518515
    ],
    [
      153,
      0.12587412587412586
    ],
    [
      154,
      0.16107382550335572
    ],
    [
      155,
      0.2413793103448276
    ],
    [
      156,
      0.1951219512195122
    ],
    [
      157,
      0.1095890410958904
    ],
    [
      158,
      0.19108280254777069
    ],
    [
      159,
      0.20606060606060606
    ],
    [
      160,
