{
  "dataset": "QMSum",
  "num_samples": 200,
  "rouge1": 0.284480672984012,
  "rouge2": 0.06354231330971252,
  "rougeL": 0.18380336566301303,
  "rougeLsum": 0.18732316179530642,
  "per_sample_rougeL": [
    [
      0,
      0.18099547511312214
    ],
    [
      1,
      0.2038834951456311
    ],
    [
      2,
      0.19900497512437812
    ],
    [
      3,
      0.1797752808988764
    ],
    [
      4,
      0.08823529411764706
    ],
    [
      5,
      0.2358974358974359
    ],
    [
      6,
      0.09523809523809523
    ],
    [
      7,
      0.1437125748502994
    ],
    [
      8,
      0.15
    ],
    [
      9,
      0.12578616352201258
    ],
    [
      10,
      0.17105263157894737
    ],
    [
      11,
      0.17733990147783252
    ],
    [
      12,
      0.1830065359477124
    ],
    [
      13,
      0.25999999999999995
    ],
    [
      14,
      0.21052631578947367
    ],
    [
      15,
      0.1509433962264151
    ],
    [
      16,
      0.22641509433962265
    ],
    [
      17,
      0.17543859649122803
    ],
    [
      18,
      0.11636363636363636
    ],
    [
      19,
      0.192090395480226
    ],
    [
      20,
      0.1264367816091954
    ],
    [
      21,
      0.175
    ],
    [
      22,
      0.19883040935672514
    ],
    [
      23,
      0.1666666666666667
    ],
    [
      24,
      0.14054054054054055
    ],
    [
      25,
      0.24786324786324787
    ],
    [
      26,
      0.375
    ],
    [
      27,
      0.13664596273291924
    ],
    [
      28,
      0.2131979695431472
    ],
    [
      29,
      0.2235294117647059
    ],
    [
      30,
      0.2
    ],
    [
      31,
      0.22368421052631582
    ],
    [
      32,
      0.17989417989417986
    ],
    [
      33,
      0.2189054726368159
    ],
    [
      34,
      0.26993865030674846
    ],
    [
      35,
      0.16243654822335024
    ],
    [
      36,
      0.1893491124260355
    ],
    [
      37,
      0.1693121693121693
    ],
    [
      38,
      0.174496644295302
    ],
    [
      39,
      0.14666666666666667
    ],
    [
      40,
      0.17085427135678394
    ],
    [
      41,
      0.1643835616438356
    ],
    [
      42,
      0.13888888888888887
    ],
    [
      43,
      0.21428571428571427
    ],
    [
      44,
      0.12941176470588237
    ],
    [
      45,
      0.24096385542168672
    ],
    [
      46,
      0.19704433497536947
    ],
    [
      47,
      0.17475728155339806
    ],
    [
      48,
      0.2222222222222222
    ],
    [
      49,
      0.19753086419753085
    ],
    [
      50,
      0.20689655172413793
    ],
    [
      51,
      0.24074074074074073
    ],
    [
      52,
      0.07194244604316546
    ],
    [
      53,
      0.12345679012345678
    ],
    [
      54,
      0.22471910112359547
    ],
    [
      55,
      0.16129032258064516
    ],
    [
      56,
      0.18421052631578946
    ],
    [
      57,
      0.13978494623655913
    ],
    [
      58,
      0.22988505747126434
    ],
    [
      59,
      0.18848167539267016
    ],
    [
      60,
      0.17582417582417584
    ],
    [
      61,
      0.17964071856287425
    ],
    [
      62,
      0.18656716417910446
    ],
    [
      63,
      0.20481927710843373
    ],
    [
      64,
      0.18705035971223022
    ],
    [
      65,
      0.2345679012345679
    ],
    [
      66,
      0.27173913043478265
    ],
    [
      67,
      0.24770642201834858
    ],
    [
      68,
      0.20430107526881722
    ],
    [
      69,
      0.24390243902439027
    ],
    [
      70,
      0.18840579710144925
    ],
    [
      71,
      0.17177914110429449
    ],
    [
      72,
      0.1935483870967742
    ],
    [
      73,
      0.21890547263681592
    ],
    [
      74,
      0.13333333333333333
    ],
    [
      75,
      0.28440366972477066
    ],
    [
      76,
      0.13999999999999999
    ],
    [
      77,
      0.10596026490066225
    ],
    [
      78,
      0.18848167539267016
    ],
    [
      79,
      0.18579234972677594
    ],
    [
      80,
      0.19213973799126638
    ],
    [
      81,
      0.15706806282722513
    ],
    [
      82,
      0.1908713692946058
    ],
    [
      83,
      0.06451612903225808
    ],
    [
      84,
      0.18181818181818185
    ],
    [
      85,
      0.20487804878048782
    ],
    [
      86,
      0.1721311475409836
    ],
    [
      87,
      0.1878453038674033
    ],
    [
      88,
      0.1643835616438356
    ],
    [
      89,
      0.1923076923076923
    ],
    [
      90,
      0.23999999999999996
    ],
    [
      91,
      0.13245033112582782
    ],
    [
      92,
      0.1839080459770115
    ],
    [
      93,
      0.24786324786324784
    ],
    [
      94,
      0.1948051948051948
    ],
    [
      95,
      0.20264317180616742
    ],
    [
      96,
      0.1694915254237288
    ],
    [
      97,
      0.25925925925925924
    ],
    [
      98,
      0.18652849740932642
    ],
    [
      99,
      0.24406779661016953
    ],
    [
      100,
      0.25842696629213485
    ],
    [
      101,
      0.16049382716049382
    ],
    [
      102,
      0.2072538860103627
    ],
    [
      103,
      0.1847826086956522
    ],
    [
      104,
      0.16107382550335572
    ],
    [
      105,
      0.2751322751322751
    ],
    [
      106,
      0.10185185185185186
    ],
    [
      107,
      0.23589743589743586
    ],
    [
      108,
      0.1839080459770115
    ],
    [
      109,
      0.1891891891891892
    ],
    [
      110,
      0.2105263157894737
    ],
    [
      111,
      0.1984126984126984
    ],
    [
      112,
      0.08045977011494253
    ],
    [
      113,
      0.22935779816513763
    ],
    [
      114,
      0.05517241379310345
    ],
    [
      115,
      0.17834394904458598
    ],
    [
      116,
      0.18090452261306536
    ],
    [
      117,
      0.19889502762430938
    ],
    [
      118,
      0.12578616352201258
    ],
    [
      119,
      0.22352941176470587
    ],
    [
      120,
      0.15384615384615385
    ],
    [
      121,
      0.1675977653631285
    ],
    [
      122,
      0.16143497757847536
    ],
    [
      123,
      0.24390243902439027
    ],
    [
      124,
      0.12000000000000001
    ],
    [
      125,
      0.1888888888888889
    ],
    [
      126,
      0.21951219512195122
    ],
    [
      127,
      0.19767441860465115
    ],
    [
      128,
      0.2692307692307692
    ],
    [
      129,
      0.19161676646706588
    ],
    [
      130,
      0.12765957446808512
    ],
    [
      131,
      0.10909090909090909
    ],
    [
      132,
      0.19459459459459458
    ],
    [
      133,
      0.13333333333333333
    ],
    [
      134,
      0.26666666666666666
    ],
    [
      135,
      0.18918918918918917
    ],
    [
      136,
      0.1818181818181818
    ],
    [
      137,
      0.15384615384615385
    ],
    [
      138,
      0.22580645161290325
    ],
    [
      139,
      0.10989010989010989
    ],
    [
      140,
      0.17543859649122806
    ],
    [
      141,
      0.2594594594594595
    ],
    [
      142,
      0.16901408450704225
    ],
    [
      143,
      0.23214285714285715
    ],
    [
      144,
      0.13714285714285712
    ],
    [
      145,
      0.15
    ],
    [
      146,
      0.20952380952380953
    ],
    [
      147,
      0.15135135135135136
    ],
    [
      148,
      0.19718309859154928
    ],
    [
      149,
      0.1411764705882353
    ],
    [
      150,
      0.2087912087912088
    ],
    [
      151,
      0.17391304347826086
    ],
    [
      152,
      0.0746268656716418
    ],
    [
      153,
      0.14473684210526314
    ],
    [
      154,
      0.16
    ],
    [
      155,
      0.2111111111111111
    ],
    [
      156,
      0.15763546798029557
    ],
    [
      157,
      0.15277777777777776
    ],
    [
      158,
      0.2197802197802198
    ],
    [
      159,
      0.19277108433734938
    ],
    [
      160,
