{
  "dataset": "QMSum",
  "num_samples": 200,
  "rouge1": 0.09289552707881278,
  "rouge2": 0.017571554324858102,
  "rougeL": 0.0601766628567237,
  "rougeLsum": 0.0665209305001449,
  "per_sample_rougeL": [
    [
      0,
      0.0
    ],
    [
      1,
      0.1320754716981132
    ],
    [
      2,
      0.12295081967213115
    ],
    [
      3,
      0.10599078341013826
    ],
    [
      4,
      0.010810810810810811
    ],
    [
      5,
      0.1366223908918406
    ],
    [
      6,
      0.034782608695652174
    ],
    [
      7,
      0.09803921568627451
    ],
    [
      8,
      0.043478260869565216
    ],
    [
      9,
      0.0814663951120163
    ],
    [
      10,
      0.03174603174603175
    ],
    [
      11,
      0.13805970149253732
    ],
    [
      12,
      0.019047619047619046
    ],
    [
      13,
      0.13333333333333333
    ],
    [
      14,
      0.008733624454148471
    ],
    [
      15,
      0.06765327695560254
    ],
    [
      16,
      0.11786372007366482
    ],
    [
      17,
      0.033426183844011144
    ],
    [
      18,
      0.030042918454935622
    ],
    [
      19,
      0.09465020576131686
    ],
    [
      20,
      0.06719367588932806
    ],
    [
      21,
      0.0
    ],
    [
      22,
      0.07422680412371134
    ],
    [
      23,
      0.04733727810650888
    ],
    [
      24,
      0.022222222222222227
    ],
    [
      25,
      0.15717092337917485
    ],
    [
      26,
      0.07407407407407407
    ],
    [
      27,
      0.08050847457627118
    ],
    [
      28,
      0.02035623409669211
    ],
    [
      29,
      0.07127882599580712
    ],
    [
      30,
      0.10420841683366734
    ],
    [
      31,
      0.018604651162790697
    ],
    [
      32,
      0.11657559198542805
    ],
    [
      33,
      0.007662835249042146
    ],
    [
      34,
      0.008810572687224669
    ],
    [
      35,
      0.11090573012939003
    ],
    [
      36,
      0.09823182711198429
    ],
    [
      37,
      0.024948024948024946
    ],
    [
      38,
      0.012269938650306749
    ],
    [
      39,
      0.07346938775510203
    ],
    [
      40,
      0.09774436090225563
    ],
    [
      41,
      0.005012531328320802
    ],
    [
      42,
      0.09398496240601503
    ],
    [
      43,
      0.0
    ],
    [
      44,
      0.09072164948453608
    ],
    [
      45,
      0.03867403314917127
    ],
    [
      46,
      0.10207939508506615
    ],
    [
      47,
      0.0966542750929368
    ],
    [
      48,
      0.03243243243243243
    ],
    [
      49,
      0.0
    ],
    [
      50,
      0.0841683366733467
    ],
    [
      51,
      0.15770609318996417
    ],
    [
      52,
      0.022099447513812154
    ],
    [
      53,
      0.07952286282306162
    ],
    [
      54,
      0.05970149253731343
    ],
    [
      55,
      0.09320388349514563
    ],
    [
      56,
      0.038277511961722493
    ],
    [
      57,
      0.011019283746556474
    ],
    [
      58,
      0.12096774193548386
    ],
    [
      59,
      0.11047619047619049
    ],
    [
      60,
      0.0
    ],
    [
      61,
      0.10460251046025103
    ],
    [
      62,
      0.06493506493506493
    ],
    [
      63,
      0.0875
    ],
    [
      64,
      0
    ],
    [
      65,
      0.0862422997946612
    ],
    [
      66,
      0.02150537634408602
    ],
    [
      67,
      0.01929260450160772
    ],
    [
      68,
      0.0925925925925926
    ],
    [
      69,
      0.032171581769437
    ],
    [
      70,
      0.09716599190283401
    ],
    [
      71,
      0.09055118110236221
    ],
    [
      72,
      0.0
    ],
    [
      73,
      0.0071428571428571435
    ],
    [
      74,
      0.07983193277310925
    ],
    [
      75,
      0.03252032520325203
    ],
    [
      76,
      0.020833333333333332
    ],
    [
      77,
      0.06047516198704103
    ],
    [
      78,
      0.11900191938579655
    ],
    [
      79,
      0.035398230088495575
    ],
    [
      80,
      0.12549019607843137
    ],
    [
      81,
      0.008333333333333331
    ],
    [
      82,
      0.02476780185758514
    ],
    [
      83,
      0.07661290322580645
    ],
    [
      84,
      0.11272727272727273
    ],
    [
      85,
      0.0
    ],
    [
      86,
      0.13793103448275862
    ],
    [
      87,
      0.03738317757009346
    ],
    [
      88,
      0.12056737588652483
    ],
    [
      89,
      0.1669626998223801
    ],
    [
      90,
      0.1111111111111111
    ],
    [
      91,
      0.04705882352941177
    ],
    [
      92,
      0.0
    ],
    [
      93,
      0.13240418118466898
    ],
    [
      94,
      0.018306636155606407
    ],
    [
      95,
      0.0387409200968523
    ],
    [
      96,
      0.15625
    ],
    [
      97,
      0.07874015748031496
    ],
    [
      98,
      0.015503875968992248
    ],
    [
      99,
      0.1641541038525963
    ],
    [
      100,
      0.01015228426395939
    ],
    [
      101,
      0.09072978303747535
    ],
    [
      102,
      0.0
    ],
    [
      103,
      0.0
    ],
    [
      104,
      0.0860215053763441
    ],
    [
      105,
      0.06382978723404255
    ],
    [
      106,
      0.13380281690140847
    ],
    [
      107,
      0.026595744680851057
    ],
    [
      108,
      0.1306930693069307
    ],
    [
      109,
      0.08247422680412372
    ],
    [
      110,
      0.0
    ],
    [
      111,
      0.04938271604938271
    ],
    [
      112,
      0.12121212121212123
    ],
    [
      113,
      0.16417910447761194
    ],
    [
      114,
      0.022900763358778626
    ],
    [
      115,
      0.08482142857142858
    ],
    [
      116,
      0.0
    ],
    [
      117,
      0.0
    ],
    [
      118,
      0.009302325581395347
    ],
    [
      119,
      0.09580838323353293
    ],
    [
      120,
      0.08979591836734695
    ],
    [
      121,
      0.1059322033898305
    ],
    [
      122,
      0.00966183574879227
    ],
    [
      123,
      0.007999999999999998
    ],
    [
      124,
      0.0709812108559499
    ],
    [
      125,
      0.016129032258064516
    ],
    [
      126,
      0.07045009784735812
    ],
    [
      127,
      0.08853118712273642
    ],
    [
      128,
      0.0653061224489796
    ],
    [
      129,
      0.0
    ],
    [
      130,
      0.11262135922330097
    ],
    [
      131,
      0.07453416149068322
    ],
    [
      132,
      0.0375
    ],
    [
      133,
      0
    ],
    [
      134,
      0.02575107296137339
    ],
    [
      135,
      0.07584830339321356
    ],
    [
      136,
      0.05309734513274336
    ],
    [
      137,
      0.08747514910536779
    ],
    [
      138,
      0.1082089552238806
    ],
    [
      139,
      0.0
    ],
    [
      140,
      0.012195121951219513
    ],
    [
      141,
      0.010638297872340424
    ],
    [
      142,
      0.10849909584086799
    ],
    [
      143,
      0.16074766355140188
    ],
    [
      144,
      0.0
    ],
    [
      145,
      0.08102345415778252
    ],
    [
      146,
      0.015444015444015444
    ],
    [
      147,
      0.09652509652509653
    ],
    [
      148,
      0.024242424242424242
    ],
    [
      149,
      0.0078125
    ],
    [
      150,
      0.09876543209876544
    ],
    [
      151,
      0.15019762845849802
    ],
    [
      152,
      0.0
    ],
    [
      153,
      0.0
    ],
    [
      154,
      0.029197080291970805
    ],
    [
      155,
      0.13552361396303902
    ],
    [
      156,
      0.11787819253438114
    ],
    [
      157,
      0.05957446808510638
    ],
    [
      158,
      0.0
    ],
    [
      159,
      0.01809954751131222
    ],
    [
      160,
      0.13970588235294118
    ],
    [
      161,
      0.03252032520325203
    ],
    [
      162,
      0.0099009900990099
    ],
    [
      163,
      0.0
    ],
    [
      164,
      0.10989010989010989
    ],
    [
      165,
      0.0
    ],
    [
