{
  "dataset": "QMSum",
  "num_samples": 200,
  "rouge1": 0.2968366937104706,
  "rouge2": 0.0667871420777153,
  "rougeL": 0.1908968173649383,
  "rougeLsum": 0.19009806094503734,
  "per_sample_rougeL": [
    [
      0,
      0.15315315315315314
    ],
    [
      1,
      0.271356783919598
    ],
    [
      2,
      0.19900497512437812
    ],
    [
      3,
      0.2111111111111111
    ],
    [
      4,
      0.08955223880597013
    ],
    [
      5,
      0.2408376963350785
    ],
    [
      6,
      0.17341040462427743
    ],
    [
      7,
      0.1761006289308176
    ],
    [
      8,
      0.1614906832298137
    ],
    [
      9,
      0.14012738853503184
    ],
    [
      10,
      0.2191780821917808
    ],
    [
      11,
      0.21463414634146338
    ],
    [
      12,
      0.15894039735099338
    ],
    [
      13,
      0.27
    ],
    [
      14,
      0.1851851851851852
    ],
    [
      15,
      0.17948717948717946
    ],
    [
      16,
      0.1971830985915493
    ],
    [
      17,
      0.17777777777777778
    ],
    [
      18,
      0.1732851985559567
    ],
    [
      19,
      0.17777777777777778
    ],
    [
      20,
      0.1286549707602339
    ],
    [
      21,
      0.1733333333333333
    ],
    [
      22,
      0.16279069767441862
    ],
    [
      23,
      0.23170731707317077
    ],
    [
      24,
      0.24242424242424238
    ],
    [
      25,
      0.2393162393162393
    ],
    [
      26,
      0.21839080459770116
    ],
    [
      27,
      0.15483870967741936
    ],
    [
      28,
      0.19607843137254902
    ],
    [
      29,
      0.2235294117647059
    ],
    [
      30,
      0.21505376344086022
    ],
    [
      31,
      0.18666666666666668
    ],
    [
      32,
      0.22564102564102562
    ],
    [
      33,
      0.18
    ],
    [
      34,
      0.25301204819277107
    ],
    [
      35,
      0.17171717171717168
    ],
    [
      36,
      0.1581920903954802
    ],
    [
      37,
      0.18749999999999997
    ],
    [
      38,
      0.15789473684210525
    ],
    [
      39,
      0.1958041958041958
    ],
    [
      40,
      0.1791044776119403
    ],
    [
      41,
      0.1801801801801802
    ],
    [
      42,
      0.1643835616438356
    ],
    [
      43,
      0.25287356321839083
    ],
    [
      44,
      0.12087912087912088
    ],
    [
      45,
      0.1686746987951807
    ],
    [
      46,
      0.1782178217821782
    ],
    [
      47,
      0.17910447761194026
    ],
    [
      48,
      0.2603550295857988
    ],
    [
      49,
      0.1509433962264151
    ],
    [
      50,
      0.20454545454545456
    ],
    [
      51,
      0.2660550458715596
    ],
    [
      52,
      0.1656050955414013
    ],
    [
      53,
      0.16184971098265896
    ],
    [
      54,
      0.24719101123595502
    ],
    [
      55,
      0.16753926701570682
    ],
    [
      56,
      0.14193548387096774
    ],
    [
      57,
      0.1595744680851064
    ],
    [
      58,
      0.22471910112359547
    ],
    [
      59,
      0.16753926701570682
    ],
    [
      60,
      0.1693121693121693
    ],
    [
      61,
      0.2048192771084337
    ],
    [
      62,
      0.17518248175182483
    ],
    [
      63,
      0.16470588235294117
    ],
    [
      64,
      0.15492957746478875
    ],
    [
      65,
      0.19108280254777069
    ],
    [
      66,
      0.2826086956521739
    ],
    [
      67,
      0.2311111111111111
    ],
    [
      68,
      0.19251336898395724
    ],
    [
      69,
      0.17679558011049726
    ],
    [
      70,
      0.189873417721519
    ],
    [
      71,
      0.1625
    ],
    [
      72,
      0.1843971631205674
    ],
    [
      73,
      0.18367346938775508
    ],
    [
      74,
      0.15894039735099338
    ],
    [
      75,
      0.27102803738317754
    ],
    [
      76,
      0.1932367149758454
    ],
    [
      77,
      0.07999999999999999
    ],
    [
      78,
      0.20765027322404372
    ],
    [
      79,
      0.15384615384615383
    ],
    [
      80,
      0.18340611353711792
    ],
    [
      81,
      0.17708333333333331
    ],
    [
      82,
      0.22672064777327938
    ],
    [
      83,
      0.15483870967741933
    ],
    [
      84,
      0.19230769230769232
    ],
    [
      85,
      0.2167487684729064
    ],
    [
      86,
      0.1976284584980237
    ],
    [
      87,
      0.21978021978021978
    ],
    [
      88,
      0.22413793103448273
    ],
    [
      89,
      0.18009478672985782
    ],
    [
      90,
      0.24242424242424243
    ],
    [
      91,
      0.14285714285714285
    ],
    [
      92,
      0.15999999999999998
    ],
    [
      93,
      0.2222222222222222
    ],
    [
      94,
      0.16551724137931034
    ],
    [
      95,
      0.21834061135371177
    ],
    [
      96,
      0.2122448979591837
    ],
    [
      97,
      0.23170731707317074
    ],
    [
      98,
      0.173469387755102
    ],
    [
      99,
      0.22758620689655173
    ],
    [
      100,
      0.2087912087912088
    ],
    [
      101,
      0.19753086419753085
    ],
    [
      102,
      0.2051282051282051
    ],
    [
      103,
      0.20942408376963348
    ],
    [
      104,
      0.1891891891891892
    ],
    [
      105,
      0.2694300518134715
    ],
    [
      106,
      0.1801801801801802
    ],
    [
      107,
      0.23913043478260873
    ],
    [
      108,
      0.22857142857142856
    ],
    [
      109,
      0.1456953642384106
    ],
    [
      110,
      0.1956521739130435
    ],
    [
      111,
      0.23346303501945523
    ],
    [
      112,
      0.16483516483516486
    ],
    [
      113,
      0.22421524663677128
    ],
    [
      114,
      0.27755102040816326
    ],
    [
      115,
      0.18666666666666665
    ],
    [
      116,
      0.18181818181818182
    ],
    [
      117,
      0.21348314606741572
    ],
    [
      118,
      0.1349693251533742
    ],
    [
      119,
      0.19875776397515527
    ],
    [
      120,
      0.1452513966480447
    ],
    [
      121,
      0.19101123595505617
    ],
    [
      122,
      0.15044247787610618
    ],
    [
      123,
      0.22549019607843138
    ],
    [
      124,
      0.10810810810810813
    ],
    [
      125,
      0.17679558011049726
    ],
    [
      126,
      0.15950920245398773
    ],
    [
      127,
      0.22891566265060243
    ],
    [
      128,
      0.2429906542056075
    ],
    [
      129,
      0.17073170731707316
    ],
    [
      130,
      0.1693121693121693
    ],
    [
      131,
      0.1234567901234568
    ],
    [
      132,
      0.227027027027027
    ],
    [
      133,
      0.1168831168831169
    ],
    [
      134,
      0.2600896860986547
    ],
    [
      135,
      0.18543046357615894
    ],
    [
      136,
      0.16296296296296298
    ],
    [
      137,
      0.17543859649122806
    ],
    [
      138,
      0.22340425531914893
    ],
    [
      139,
      0.1263157894736842
    ],
    [
      140,
      0.16091954022988506
    ],
    [
      141,
      0.3101604278074866
    ],
    [
      142,
      0.17674418604651165
    ],
    [
      143,
      0.24
    ],
    [
      144,
      0.2051282051282051
    ],
    [
      145,
      0.17610062893081763
    ],
    [
      146,
      0.2232558139534884
    ],
    [
      147,
      0.15706806282722513
    ],
    [
      148,
      0.1702127659574468
    ],
    [
      149,
      0.1511627906976744
    ],
    [
      150,
      0.21390374331550802
    ],
    [
      151,
      0.24644549763033177
    ],
    [
      152,
      0.208
    ],
    [
      153,
      0.14012738853503184
    ],
    [
      154,
      0.20689655172413796
    ],
    [
      155,
      0.15730337078651688
    ],
    [
      156,
      0.2156862745098039
    ],
    [
      157,
      0.15827338129496402
    ],
    [
      158,
      0.20994475138121546
    ],
    [
      159,
      0.17751479289940827
    ],
    [
      160,
