{
  "dataset": "QMSum",
  "num_samples": 200,
  "rouge1": 0.327327074811379,
  "rouge2": 0.07523717883322198,
  "rougeL": 0.191187449600356,
  "rougeLsum": 0.19553777701347957,
  "per_sample_rougeL": [
    [
      0,
      0.17117117117117117
    ],
    [
      1,
      0.2383419689119171
    ],
    [
      2,
      0.20304568527918782
    ],
    [
      3,
      0.16091954022988506
    ],
    [
      4,
      0.13235294117647056
    ],
    [
      5,
      0.20725388601036268
    ],
    [
      6,
      0.17964071856287422
    ],
    [
      7,
      0.19631901840490798
    ],
    [
      8,
      0.15483870967741936
    ],
    [
      9,
      0.1518987341772152
    ],
    [
      10,
      0.16551724137931034
    ],
    [
      11,
      0.22115384615384615
    ],
    [
      12,
      0.1610738255033557
    ],
    [
      13,
      0.2653061224489796
    ],
    [
      14,
      0.17061611374407581
    ],
    [
      15,
      0.16666666666666666
    ],
    [
      16,
      0.1626794258373206
    ],
    [
      17,
      0.18497109826589594
    ],
    [
      18,
      0.12500000000000003
    ],
    [
      19,
      0.16374269005847952
    ],
    [
      20,
      0.125
    ],
    [
      21,
      0.175
    ],
    [
      22,
      0.17441860465116282
    ],
    [
      23,
      0.21656050955414013
    ],
    [
      24,
      0.2222222222222222
    ],
    [
      25,
      0.20353982300884954
    ],
    [
      26,
      0.2514285714285714
    ],
    [
      27,
      0.20437956204379565
    ],
    [
      28,
      0.18274111675126903
    ],
    [
      29,
      0.24096385542168677
    ],
    [
      30,
      0.17486338797814208
    ],
    [
      31,
      0.1818181818181818
    ],
    [
      32,
      0.26595744680851063
    ],
    [
      33,
      0.1752577319587629
    ],
    [
      34,
      0.23312883435582823
    ],
    [
      35,
      0.16494845360824742
    ],
    [
      36,
      0.20454545454545459
    ],
    [
      37,
      0.17679558011049723
    ],
    [
      38,
      0.15286624203821658
    ],
    [
      39,
      0.2027027027027027
    ],
    [
      40,
      0.18
    ],
    [
      41,
      0.1642512077294686
    ],
    [
      42,
      0.14883720930232558
    ],
    [
      43,
      0.21301775147928997
    ],
    [
      44,
      0.1566265060240964
    ],
    [
      45,
      0.16455696202531647
    ],
    [
      46,
      0.2
    ],
    [
      47,
      0.17708333333333334
    ],
    [
      48,
      0.2057142857142857
    ],
    [
      49,
      0.1696969696969697
    ],
    [
      50,
      0.19767441860465118
    ],
    [
      51,
      0.26168224299065423
    ],
    [
      52,
      0.1761006289308176
    ],
    [
      53,
      0.17543859649122803
    ],
    [
      54,
      0.21176470588235294
    ],
    [
      55,
      0.17894736842105266
    ],
    [
      56,
      0.16
    ],
    [
      57,
      0.10169491525423728
    ],
    [
      58,
      0.2824858757062147
    ],
    [
      59,
      0.21164021164021163
    ],
    [
      60,
      0.22099447513812157
    ],
    [
      61,
      0.22085889570552147
    ],
    [
      62,
      0.18939393939393942
    ],
    [
      63,
      0.1987577639751553
    ],
    [
      64,
      0.18705035971223022
    ],
    [
      65,
      0.22972972972972971
    ],
    [
      66,
      0.2320441988950276
    ],
    [
      67,
      0.19178082191780824
    ],
    [
      68,
      0.19672131147540983
    ],
    [
      69,
      0.19999999999999998
    ],
    [
      70,
      0.25333333333333335
    ],
    [
      71,
      0.13496932515337423
    ],
    [
      72,
      0.21656050955414013
    ],
    [
      73,
      0.2233502538071066
    ],
    [
      74,
      0.2040816326530612
    ],
    [
      75,
      0.2935779816513761
    ],
    [
      76,
      0.18999999999999997
    ],
    [
      77,
      0.09395973154362415
    ],
    [
      78,
      0.19895287958115185
    ],
    [
      79,
      0.13793103448275862
    ],
    [
      80,
      0.17937219730941706
    ],
    [
      81,
      0.17297297297297295
    ],
    [
      82,
      0.1702127659574468
    ],
    [
      83,
      0.2105263157894737
    ],
    [
      84,
      0.13930348258706468
    ],
    [
      85,
      0.17733990147783252
    ],
    [
      86,
      0.2457627118644068
    ],
    [
      87,
      0.12195121951219515
    ],
    [
      88,
      0.20535714285714285
    ],
    [
      89,
      0.29268292682926833
    ],
    [
      90,
      0.2371134020618557
    ],
    [
      91,
      0.13157894736842105
    ],
    [
      92,
      0.17177914110429443
    ],
    [
      93,
      0.22608695652173913
    ],
    [
      94,
      0.2147651006711409
    ],
    [
      95,
      0.242152466367713
    ],
    [
      96,
      0.20491803278688525
    ],
    [
      97,
      0.21794871794871795
    ],
    [
      98,
      0.2094240837696335
    ],
    [
      99,
      0.22837370242214533
    ],
    [
      100,
      0.2346368715083799
    ],
    [
      101,
      0.2
    ],
    [
      102,
      0.19689119170984457
    ],
    [
      103,
      0.2222222222222222
    ],
    [
      104,
      0.1756756756756757
    ],
    [
      105,
      0.24338624338624337
    ],
    [
      106,
      0.1981981981981982
    ],
    [
      107,
      0.18285714285714286
    ],
    [
      108,
      0.25142857142857145
    ],
    [
      109,
      0.16296296296296295
    ],
    [
      110,
      0.18478260869565216
    ],
    [
      111,
      0.24193548387096772
    ],
    [
      112,
      0.21875
    ],
    [
      113,
      0.2477064220183486
    ],
    [
      114,
      0.21052631578947367
    ],
    [
      115,
      0.16883116883116883
    ],
    [
      116,
      0.14583333333333331
    ],
    [
      117,
      0.22727272727272724
    ],
    [
      118,
      0.13071895424836602
    ],
    [
      119,
      0.16455696202531647
    ],
    [
      120,
      0.1340782122905028
    ],
    [
      121,
      0.2
    ],
    [
      122,
      0.1461187214611872
    ],
    [
      123,
      0.21674876847290642
    ],
    [
      124,
      0.10884353741496597
    ],
    [
      125,
      0.1317365269461078
    ],
    [
      126,
      0.21951219512195122
    ],
    [
      127,
      0.14814814814814817
    ],
    [
      128,
      0.32850241545893716
    ],
    [
      129,
      0.17964071856287425
    ],
    [
      130,
      0.16216216216216214
    ],
    [
      131,
      0.15853658536585366
    ],
    [
      132,
      0.1839080459770115
    ],
    [
      133,
      0.24161073825503354
    ],
    [
      134,
      0.2545454545454545
    ],
    [
      135,
      0.174496644295302
    ],
    [
      136,
      0.18532818532818532
    ],
    [
      137,
      0.1818181818181818
    ],
    [
      138,
      0.24598930481283424
    ],
    [
      139,
      0.12154696132596685
    ],
    [
      140,
      0.11842105263157894
    ],
    [
      141,
      0.31182795698924737
    ],
    [
      142,
      0.17391304347826086
    ],
    [
      143,
      0.1990521327014218
    ],
    [
      144,
      0.19387755102040818
    ],
    [
      145,
      0.1388888888888889
    ],
    [
      146,
      0.20095693779904306
    ],
    [
      147,
      0.14893617021276595
    ],
    [
      148,
      0.1870503597122302
    ],
    [
      149,
      0.13095238095238096
    ],
    [
      150,
      0.21468926553672316
    ],
    [
      151,
      0.2512077294685991
    ],
    [
      152,
      0.16793893129770993
    ],
    [
      153,
      0.13333333333333333
    ],
    [
      154,
      0.16551724137931034
    ],
    [
      155,
      0.21428571428571427
    ],
    [
      156,
      0.21212121212121213
    ],
    [
      157,
      0.12949640287769784
    ],
    [
      158,
      0.1899441340782123
    ],
    [
      159,
      0.2625
    ],
    [
      160,
      0.21800947867298578
    ],
    [
      161,
