{
  "dataset": "QMSum",
  "num_samples": 200,
  "rouge1": 0.322774447351591,
  "rouge2": 0.07203764251685942,
  "rougeL": 0.1911291912656533,
  "rougeLsum": 0.19774768345909122,
  "per_sample_rougeL": [
    [
      0,
      0.18666666666666665
    ],
    [
      1,
      0.2412060301507538
    ],
    [
      2,
      0.14285714285714285
    ],
    [
      3,
      0.17341040462427748
    ],
    [
      4,
      0.11940298507462686
    ],
    [
      5,
      0.24598930481283424
    ],
    [
      6,
      0.14545454545454545
    ],
    [
      7,
      0.20987654320987653
    ],
    [
      8,
      0.14965986394557826
    ],
    [
      9,
      0.141025641025641
    ],
    [
      10,
      0.18571428571428572
    ],
    [
      11,
      0.32820512820512826
    ],
    [
      12,
      0.24460431654676257
    ],
    [
      13,
      0.23469387755102042
    ],
    [
      14,
      0.19811320754716982
    ],
    [
      15,
      0.18543046357615894
    ],
    [
      16,
      0.1675392670157068
    ],
    [
      17,
      0.17045454545454547
    ],
    [
      18,
      0.14022140221402213
    ],
    [
      19,
      0.16666666666666669
    ],
    [
      20,
      0.11464968152866242
    ],
    [
      21,
      0.2278481012658228
    ],
    [
      22,
      0.15204678362573099
    ],
    [
      23,
      0.1656050955414013
    ],
    [
      24,
      0.2094240837696335
    ],
    [
      25,
      0.20444444444444443
    ],
    [
      26,
      0.2352941176470588
    ],
    [
      27,
      0.22368421052631582
    ],
    [
      28,
      0.15873015873015872
    ],
    [
      29,
      0.14285714285714285
    ],
    [
      30,
      0.1694915254237288
    ],
    [
      31,
      0.16783216783216787
    ],
    [
      32,
      0.28421052631578947
    ],
    [
      33,
      0.2604166666666667
    ],
    [
      34,
      0.21556886227544914
    ],
    [
      35,
      0.15463917525773194
    ],
    [
      36,
      0.18285714285714288
    ],
    [
      37,
      0.21164021164021163
    ],
    [
      38,
      0.13157894736842105
    ],
    [
      39,
      0.16326530612244897
    ],
    [
      40,
      0.16161616161616163
    ],
    [
      41,
      0.21782178217821782
    ],
    [
      42,
      0.14678899082568808
    ],
    [
      43,
      0.19428571428571428
    ],
    [
      44,
      0.11764705882352942
    ],
    [
      45,
      0.19753086419753085
    ],
    [
      46,
      0.15384615384615385
    ],
    [
      47,
      0.15000000000000002
    ],
    [
      48,
      0.1954022988505747
    ],
    [
      49,
      0.1840490797546012
    ],
    [
      50,
      0.192090395480226
    ],
    [
      51,
      0.30414746543778803
    ],
    [
      52,
      0.16455696202531647
    ],
    [
      53,
      0.16091954022988506
    ],
    [
      54,
      0.24277456647398843
    ],
    [
      55,
      0.16580310880829016
    ],
    [
      56,
      0.16455696202531644
    ],
    [
      57,
      0.10588235294117647
    ],
    [
      58,
      0.2696629213483146
    ],
    [
      59,
      0.16216216216216214
    ],
    [
      60,
      0.2247191011235955
    ],
    [
      61,
      0.16000000000000003
    ],
    [
      62,
      0.19607843137254902
    ],
    [
      63,
      0.2360248447204969
    ],
    [
      64,
      0.1904761904761905
    ],
    [
      65,
      0.19736842105263155
    ],
    [
      66,
      0.1807909604519774
    ],
    [
      67,
      0.19004524886877827
    ],
    [
      68,
      0.19565217391304346
    ],
    [
      69,
      0.18079096045197743
    ],
    [
      70,
      0.24324324324324326
    ],
    [
      71,
      0.17499999999999996
    ],
    [
      72,
      0.16901408450704222
    ],
    [
      73,
      0.18367346938775508
    ],
    [
      74,
      0.20833333333333334
    ],
    [
      75,
      0.24545454545454545
    ],
    [
      76,
      0.18719211822660098
    ],
    [
      77,
      0.1095890410958904
    ],
    [
      78,
      0.2433862433862434
    ],
    [
      79,
      0.125
    ],
    [
      80,
      0.15668202764976957
    ],
    [
      81,
      0.17204301075268819
    ],
    [
      82,
      0.2510460251046025
    ],
    [
      83,
      0.1509433962264151
    ],
    [
      84,
      0.18627450980392152
    ],
    [
      85,
      0.21153846153846156
    ],
    [
      86,
      0.3076923076923077
    ],
    [
      87,
      0.12716763005780346
    ],
    [
      88,
      0.18502202643171806
    ],
    [
      89,
      0.271356783919598
    ],
    [
      90,
      0.20202020202020204
    ],
    [
      91,
      0.12000000000000001
    ],
    [
      92,
      0.1739130434782609
    ],
    [
      93,
      0.21145374449339208
    ],
    [
      94,
      0.18421052631578946
    ],
    [
      95,
      0.19444444444444445
    ],
    [
      96,
      0.1818181818181818
    ],
    [
      97,
      0.22784810126582278
    ],
    [
      98,
      0.19251336898395718
    ],
    [
      99,
      0.24647887323943662
    ],
    [
      100,
      0.17297297297297298
    ],
    [
      101,
      0.21951219512195122
    ],
    [
      102,
      0.24870466321243526
    ],
    [
      103,
      0.2282608695652174
    ],
    [
      104,
      0.19444444444444445
    ],
    [
      105,
      0.28125
    ],
    [
      106,
      0.17431192660550457
    ],
    [
      107,
      0.18478260869565216
    ],
    [
      108,
      0.2117647058823529
    ],
    [
      109,
      0.17333333333333334
    ],
    [
      110,
      0.2065217391304348
    ],
    [
      111,
      0.19762845849802368
    ],
    [
      112,
      0.25136612021857924
    ],
    [
      113,
      0.2274881516587678
    ],
    [
      114,
      0.2157676348547718
    ],
    [
      115,
      0.15894039735099336
    ],
    [
      116,
      0.18461538461538463
    ],
    [
      117,
      0.19767441860465115
    ],
    [
      118,
      0.2077922077922078
    ],
    [
      119,
      0.21333333333333332
    ],
    [
      120,
      0.17679558011049723
    ],
    [
      121,
      0.18072289156626506
    ],
    [
      122,
      0.12785388127853883
    ],
    [
      123,
      0.21359223300970873
    ],
    [
      124,
      0.11764705882352941
    ],
    [
      125,
      0.15730337078651688
    ],
    [
      126,
      0.22222222222222224
    ],
    [
      127,
      0.16455696202531644
    ],
    [
      128,
      0.2296650717703349
    ],
    [
      129,
      0.20731707317073172
    ],
    [
      130,
      0.21621621621621623
    ],
    [
      131,
      0.15384615384615388
    ],
    [
      132,
      0.1839080459770115
    ],
    [
      133,
      0.14965986394557823
    ],
    [
      134,
      0.20952380952380953
    ],
    [
      135,
      0.174496644295302
    ],
    [
      136,
      0.17968749999999997
    ],
    [
      137,
      0.16666666666666666
    ],
    [
      138,
      0.23711340206185566
    ],
    [
      139,
      0.15300546448087432
    ],
    [
      140,
      0.13793103448275862
    ],
    [
      141,
      0.34065934065934067
    ],
    [
      142,
      0.19444444444444445
    ],
    [
      143,
      0.19178082191780824
    ],
    [
      144,
      0.19289340101522842
    ],
    [
      145,
      0.16352201257861634
    ],
    [
      146,
      0.17757009345794392
    ],
    [
      147,
      0.160427807486631
    ],
    [
      148,
      0.2
    ],
    [
      149,
      0.14201183431952663
    ],
    [
      150,
      0.3190184049079755
    ],
    [
      151,
      0.20289855072463767
    ],
    [
      152,
      0.256
    ],
    [
      153,
      0.16107382550335572
    ],
    [
      154,
      0.20547945205479454
    ],
    [
      155,
      0.2105263157894737
    ],
    [
      156,
      0.1990049751243781
    ],
    [
      157,
      0.15172413793103448
    ],
    [
      158,
      0.20994475138121546
    ],
    [
      159,
      0.31137724550898205
    ],
    [
