{
  "dataset": "QMSum",
  "num_samples": 200,
  "rouge1": 0.20962392545815056,
  "rouge2": 0.04667234974944568,
  "rougeL": 0.1300038819514462,
  "rougeLsum": 0.1307321034651528,
  "per_sample_rougeL": [
    [
      0,
      0.2555066079295154
    ],
    [
      1,
      0
    ],
    [
      2,
      0.16867469879518074
    ],
    [
      3,
      0.20731707317073172
    ],
    [
      4,
      0.13008130081300812
    ],
    [
      5,
      0.22459893048128343
    ],
    [
      6,
      0
    ],
    [
      7,
      0.1804511278195489
    ],
    [
      8,
      0
    ],
    [
      9,
      0
    ],
    [
      10,
      0.22448979591836732
    ],
    [
      11,
      0.22549019607843138
    ],
    [
      12,
      0.15789473684210525
    ],
    [
      13,
      0.0
    ],
    [
      14,
      0.15384615384615385
    ],
    [
      15,
      0.174496644295302
    ],
    [
      16,
      0.1881188118811881
    ],
    [
      17,
      0
    ],
    [
      18,
      0
    ],
    [
      19,
      0.14666666666666667
    ],
    [
      20,
      0.11904761904761904
    ],
    [
      21,
      0.2545454545454546
    ],
    [
      22,
      0.22727272727272727
    ],
    [
      23,
      0.20454545454545456
    ],
    [
      24,
      0
    ],
    [
      25,
      0.25
    ],
    [
      26,
      0.2958579881656805
    ],
    [
      27,
      0
    ],
    [
      28,
      0
    ],
    [
      29,
      0.20238095238095238
    ],
    [
      30,
      0.18181818181818182
    ],
    [
      31,
      0
    ],
    [
      32,
      0
    ],
    [
      33,
      0.24113475177304963
    ],
    [
      34,
      0
    ],
    [
      35,
      0.20740740740740743
    ],
    [
      36,
      0.20952380952380953
    ],
    [
      37,
      0.08695652173913043
    ],
    [
      38,
      0.22641509433962267
    ],
    [
      39,
      0.15384615384615383
    ],
    [
      40,
      0
    ],
    [
      41,
      0
    ],
    [
      42,
      0.1
    ],
    [
      43,
      0
    ],
    [
      44,
      0.19767441860465115
    ],
    [
      45,
      0
    ],
    [
      46,
      0.1827956989247312
    ],
    [
      47,
      0.16058394160583941
    ],
    [
      48,
      0.20833333333333331
    ],
    [
      49,
      0.26506024096385544
    ],
    [
      50,
      0
    ],
    [
      51,
      0.19858156028368795
    ],
    [
      52,
      0.11464968152866241
    ],
    [
      53,
      0
    ],
    [
      54,
      0
    ],
    [
      55,
      0.13725490196078433
    ],
    [
      56,
      0.12162162162162161
    ],
    [
      57,
      0.15841584158415842
    ],
    [
      58,
      0.25
    ],
    [
      59,
      0.14184397163120566
    ],
    [
      60,
      0.1652892561983471
    ],
    [
      61,
      0.224
    ],
    [
      62,
      0.26119402985074625
    ],
    [
      63,
      0
    ],
    [
      64,
      0.19117647058823528
    ],
    [
      65,
      0.2061855670103093
    ],
    [
      66,
      0.20869565217391306
    ],
    [
      67,
      0.09722222222222222
    ],
    [
      68,
      0.19047619047619047
    ],
    [
      69,
      0
    ],
    [
      70,
      0.3174603174603175
    ],
    [
      71,
      0.3166666666666667
    ],
    [
      72,
      0.27118644067796605
    ],
    [
      73,
      0.20547945205479454
    ],
    [
      74,
      0.16560509554140126
    ],
    [
      75,
      0.14634146341463417
    ],
    [
      76,
      0
    ],
    [
      77,
      0
    ],
    [
      78,
      0.24675324675324675
    ],
    [
      79,
      0.18072289156626506
    ],
    [
      80,
      0.15384615384615383
    ],
    [
      81,
      0.21374045801526714
    ],
    [
      82,
      0
    ],
    [
      83,
      0.3218390804597701
    ],
    [
      84,
      0
    ],
    [
      85,
      0.20588235294117646
    ],
    [
      86,
      0
    ],
    [
      87,
      0.18556701030927833
    ],
    [
      88,
      0
    ],
    [
      89,
      0.36363636363636365
    ],
    [
      90,
      0.1984732824427481
    ],
    [
      91,
      0
    ],
    [
      92,
      0.13953488372093023
    ],
    [
      93,
      0.08275862068965517
    ],
    [
      94,
      0
    ],
    [
      95,
      0
    ],
    [
      96,
      0.1
    ],
    [
      97,
      0.15555555555555559
    ],
    [
      98,
      0.21468926553672313
    ],
    [
      99,
      0.12844036697247707
    ],
    [
      100,
      0.2337662337662338
    ],
    [
      101,
      0.23529411764705885
    ],
    [
      102,
      0.11235955056179775
    ],
    [
      103,
      0.225
    ],
    [
      104,
      0.24000000000000002
    ],
    [
      105,
      0.2436548223350254
    ],
    [
      106,
      0.17877094972067042
    ],
    [
      107,
      0.14965986394557826
    ],
    [
      108,
      0.1964285714285714
    ],
    [
      109,
      0.1869158878504673
    ],
    [
      110,
      0
    ],
    [
      111,
      0.2151394422310757
    ],
    [
      112,
      0
    ],
    [
      113,
      0.2604166666666667
    ],
    [
      114,
      0.1826086956521739
    ],
    [
      115,
      0.16326530612244897
    ],
    [
      116,
      0.19858156028368795
    ],
    [
      117,
      0.2518518518518519
    ],
    [
      118,
      0.1168831168831169
    ],
    [
      119,
      0.21505376344086025
    ],
    [
      120,
      0.18085106382978725
    ],
    [
      121,
      0.2138364779874214
    ],
    [
      122,
      0
    ],
    [
      123,
      0.11570247933884296
    ],
    [
      124,
      0
    ],
    [
      125,
      0.10465116279069767
    ],
    [
      126,
      0.2153846153846154
    ],
    [
      127,
      0
    ],
    [
      128,
      0.19
    ],
    [
      129,
      0.2830188679245283
    ],
    [
      130,
      0
    ],
    [
      131,
      0
    ],
    [
      132,
      0.20000000000000004
    ],
    [
      133,
      0.07272727272727272
    ],
    [
      134,
      0.21524663677130043
    ],
    [
      135,
      0
    ],
    [
      136,
      0
    ],
    [
      137,
      0
    ],
    [
      138,
      0.20689655172413793
    ],
    [
      139,
      0.14184397163120568
    ],
    [
      140,
      0.19161676646706585
    ],
    [
      141,
      0.4571428571428572
    ],
    [
      142,
      0.15942028985507245
    ],
    [
      143,
      0.169811320754717
    ],
    [
      144,
      0.15384615384615385
    ],
    [
      145,
      0.1348314606741573
    ],
    [
      146,
      0
    ],
    [
      147,
      0.14545454545454545
    ],
    [
      148,
      0
    ],
    [
      149,
      0.08695652173913043
    ],
    [
      150,
      0.17777777777777778
    ],
    [
      151,
      0
    ],
    [
      152,
      0
    ],
    [
      153,
      0.18604651162790697
    ],
    [
      154,
      0
    ],
    [
      155,
      0
    ],
    [
      156,
      0.1791044776119403
    ],
    [
      157,
      0.12598425196850394
    ],
    [
      158,
      0.14634146341463414
    ],
    [
      159,
      0
    ],
    [
      160,
      0.2475247524752475
    ],
    [
      161,
      0.16363636363636364
    ],
    [
      162,
      0.0963855421686747
    ],
    [
      163,
      0
    ],
    [
      164,
      0.2072072072072072
    ],
    [
      165,
      0.24516129032258066
    ],
    [
      166,
      0.19631901840490798
    ],
    [
      167,
      0
    ],
    [
      168,
      0
    ],
    [
      169,
      0.0
    ],
    [
      170,
      0.22727272727272727
    ],
    [
      171,
      0.09523809523809523
    ],
    [
      172,
      0
    ],
    [
      173,
      0.13333333333333333
    ],
    [
      174,
      0
    ],
    [
      175,
      0
    ],
    [
      176,
      0.1818181818181818
    ],
    [
      177,
      0.1437908496732026
    ],
    [
      178,
      0
    ],
    [
      179,
      0.2272727272727273
    ],
    [
      180,
      0.14102564102564102
    ],
