{
  "dataset": "QMSum",
  "num_samples": 200,
  "rouge1": 0.1904403160504507,
  "rouge2": 0.03628206533693999,
  "rougeL": 0.11723872008226144,
  "rougeLsum": 0.11724344727742636,
  "per_sample_rougeL": [
    [
      0,
      0.228310502283105
    ],
    [
      1,
      0.21176470588235294
    ],
    [
      2,
      0.16774193548387098
    ],
    [
      3,
      0.217687074829932
    ],
    [
      4,
      0.13636363636363635
    ],
    [
      5,
      0.2894736842105264
    ],
    [
      6,
      0.11428571428571428
    ],
    [
      7,
      0.16793893129770993
    ],
    [
      8,
      0.20224719101123598
    ],
    [
      9,
      0.24242424242424246
    ],
    [
      10,
      0.17460317460317462
    ],
    [
      11,
      0
    ],
    [
      12,
      0.20547945205479454
    ],
    [
      13,
      0
    ],
    [
      14,
      0
    ],
    [
      15,
      0.15384615384615385
    ],
    [
      16,
      0
    ],
    [
      17,
      0
    ],
    [
      18,
      0
    ],
    [
      19,
      0.12429378531073446
    ],
    [
      20,
      0
    ],
    [
      21,
      0.09374999999999999
    ],
    [
      22,
      0.21705426356589147
    ],
    [
      23,
      0.18333333333333335
    ],
    [
      24,
      0
    ],
    [
      25,
      0.20627802690582958
    ],
    [
      26,
      0.07272727272727271
    ],
    [
      27,
      0.13846153846153847
    ],
    [
      28,
      0.13793103448275862
    ],
    [
      29,
      0.15476190476190477
    ],
    [
      30,
      0.10909090909090909
    ],
    [
      31,
      0
    ],
    [
      32,
      0
    ],
    [
      33,
      0.2074074074074074
    ],
    [
      34,
      0
    ],
    [
      35,
      0.16091954022988506
    ],
    [
      36,
      0.1769911504424779
    ],
    [
      37,
      0.10526315789473684
    ],
    [
      38,
      0.20370370370370372
    ],
    [
      39,
      0
    ],
    [
      40,
      0.1592920353982301
    ],
    [
      41,
      0
    ],
    [
      42,
      0.11320754716981131
    ],
    [
      43,
      0
    ],
    [
      44,
      0.0
    ],
    [
      45,
      0
    ],
    [
      46,
      0.17346938775510204
    ],
    [
      47,
      0.18666666666666665
    ],
    [
      48,
      0
    ],
    [
      49,
      0.13924050632911392
    ],
    [
      50,
      0
    ],
    [
      51,
      0.19310344827586207
    ],
    [
      52,
      0
    ],
    [
      53,
      0
    ],
    [
      54,
      0.23655913978494622
    ],
    [
      55,
      0.15748031496062992
    ],
    [
      56,
      0.13245033112582782
    ],
    [
      57,
      0.09467455621301776
    ],
    [
      58,
      0
    ],
    [
      59,
      0
    ],
    [
      60,
      0.1477272727272727
    ],
    [
      61,
      0.18823529411764703
    ],
    [
      62,
      0.12244897959183673
    ],
    [
      63,
      0
    ],
    [
      64,
      0.27083333333333326
    ],
    [
      65,
      0.2360248447204969
    ],
    [
      66,
      0.21705426356589147
    ],
    [
      67,
      0.0
    ],
    [
      68,
      0
    ],
    [
      69,
      0
    ],
    [
      70,
      0.08888888888888888
    ],
    [
      71,
      0.19999999999999998
    ],
    [
      72,
      0
    ],
    [
      73,
      0.1769911504424779
    ],
    [
      74,
      0.14285714285714288
    ],
    [
      75,
      0
    ],
    [
      76,
      0.13471502590673576
    ],
    [
      77,
      0.13043478260869565
    ],
    [
      78,
      0.2255639097744361
    ],
    [
      79,
      0
    ],
    [
      80,
      0.12727272727272726
    ],
    [
      81,
      0.15217391304347827
    ],
    [
      82,
      0
    ],
    [
      83,
      0.13157894736842105
    ],
    [
      84,
      0
    ],
    [
      85,
      0.2111111111111111
    ],
    [
      86,
      0
    ],
    [
      87,
      0.17391304347826086
    ],
    [
      88,
      0
    ],
    [
      89,
      0.3076923076923077
    ],
    [
      90,
      0.1789473684210526
    ],
    [
      91,
      0.1610738255033557
    ],
    [
      92,
      0.18867924528301885
    ],
    [
      93,
      0.1836734693877551
    ],
    [
      94,
      0
    ],
    [
      95,
      0
    ],
    [
      96,
      0.0893854748603352
    ],
    [
      97,
      0.13793103448275862
    ],
    [
      98,
      0.15384615384615383
    ],
    [
      99,
      0.20833333333333334
    ],
    [
      100,
      0.1714285714285714
    ],
    [
      101,
      0.32432432432432434
    ],
    [
      102,
      0.125
    ],
    [
      103,
      0.10606060606060606
    ],
    [
      104,
      0.08333333333333333
    ],
    [
      105,
      0
    ],
    [
      106,
      0.17171717171717168
    ],
    [
      107,
      0.15789473684210525
    ],
    [
      108,
      0
    ],
    [
      109,
      0.1232876712328767
    ],
    [
      110,
      0.11594202898550725
    ],
    [
      111,
      0
    ],
    [
      112,
      0.20800000000000002
    ],
    [
      113,
      0.24598930481283418
    ],
    [
      114,
      0.22950819672131145
    ],
    [
      115,
      0.1290322580645161
    ],
    [
      116,
      0.13114754098360656
    ],
    [
      117,
      0.15827338129496402
    ],
    [
      118,
      0.125
    ],
    [
      119,
      0.0655737704918033
    ],
    [
      120,
      0.13714285714285715
    ],
    [
      121,
      0
    ],
    [
      122,
      0
    ],
    [
      123,
      0.1764705882352941
    ],
    [
      124,
      0
    ],
    [
      125,
      0
    ],
    [
      126,
      0.24590163934426232
    ],
    [
      127,
      0
    ],
    [
      128,
      0.2616822429906542
    ],
    [
      129,
      0.18404907975460122
    ],
    [
      130,
      0
    ],
    [
      131,
      0.15483870967741936
    ],
    [
      132,
      0.18749999999999997
    ],
    [
      133,
      0.0
    ],
    [
      134,
      0.25906735751295334
    ],
    [
      135,
      0
    ],
    [
      136,
      0.20392156862745098
    ],
    [
      137,
      0.22222222222222224
    ],
    [
      138,
      0.1904761904761905
    ],
    [
      139,
      0.08474576271186442
    ],
    [
      140,
      0.19230769230769232
    ],
    [
      141,
      0.1188118811881188
    ],
    [
      142,
      0.054054054054054064
    ],
    [
      143,
      0.14423076923076922
    ],
    [
      144,
      0
    ],
    [
      145,
      0
    ],
    [
      146,
      0.06666666666666667
    ],
    [
      147,
      0.11111111111111112
    ],
    [
      148,
      0.10218978102189781
    ],
    [
      149,
      0.15204678362573099
    ],
    [
      150,
      0.18571428571428575
    ],
    [
      151,
      0
    ],
    [
      152,
      0
    ],
    [
      153,
      0.25287356321839083
    ],
    [
      154,
      0
    ],
    [
      155,
      0.20370370370370372
    ],
    [
      156,
      0.13065326633165827
    ],
    [
      157,
      0.12500000000000003
    ],
    [
      158,
      0
    ],
    [
      159,
      0.2682926829268293
    ],
    [
      160,
      0.178343949044586
    ],
    [
      161,
      0.17142857142857143
    ],
    [
      162,
      0.18181818181818182
    ],
    [
      163,
      0.11347517730496454
    ],
    [
      164,
      0.1891891891891892
    ],
    [
      165,
      0.17751479289940827
    ],
    [
      166,
      0.1775147928994083
    ],
    [
      167,
      0.11538461538461539
    ],
    [
      168,
      0.16494845360824742
    ],
    [
      169,
      0
    ],
    [
      170,
      0.23404255319148937
    ],
    [
      171,
      0
    ],
    [
      172,
      0.2794117647058823
    ],
    [
      173,
      0.09411764705882353
    ],
    [
      174,
      0
    ],
    [
      175,
      0.09195402298850575
    ],
    [
      176,
      0.048192771084337345
    ],
    [
      177,
      0.3308270676691729
    ],
    [
      178,
      0
    ],
    [
