{
  "dataset": "QMSum",
  "num_samples": 200,
  "rouge1": 0.3223203227331764,
  "rouge2": 0.07104471147156699,
  "rougeL": 0.18983303681348182,
  "rougeLsum": 0.19502461060019521,
  "per_sample_rougeL": [
    [
      0,
      0.16143497757847536
    ],
    [
      1,
      0.2828282828282829
    ],
    [
      2,
      0.15920398009950248
    ],
    [
      3,
      0.17045454545454547
    ],
    [
      4,
      0.09160305343511452
    ],
    [
      5,
      0.26595744680851063
    ],
    [
      6,
      0.1395348837209302
    ],
    [
      7,
      0.23529411764705885
    ],
    [
      8,
      0.18064516129032257
    ],
    [
      9,
      0.15384615384615385
    ],
    [
      10,
      0.1517241379310345
    ],
    [
      11,
      0.2660098522167488
    ],
    [
      12,
      0.16551724137931034
    ],
    [
      13,
      0.2564102564102564
    ],
    [
      14,
      0.1792452830188679
    ],
    [
      15,
      0.16
    ],
    [
      16,
      0.17475728155339804
    ],
    [
      17,
      0.18497109826589594
    ],
    [
      18,
      0.18587360594795538
    ],
    [
      19,
      0.1411764705882353
    ],
    [
      20,
      0.1724137931034483
    ],
    [
      21,
      0.20645161290322583
    ],
    [
      22,
      0.18823529411764703
    ],
    [
      23,
      0.2222222222222222
    ],
    [
      24,
      0.2094240837696335
    ],
    [
      25,
      0.20353982300884954
    ],
    [
      26,
      0.17142857142857143
    ],
    [
      27,
      0.2091503267973856
    ],
    [
      28,
      0.1818181818181818
    ],
    [
      29,
      0.16470588235294117
    ],
    [
      30,
      0.15053763440860216
    ],
    [
      31,
      0.16
    ],
    [
      32,
      0.09890109890109888
    ],
    [
      33,
      0.16161616161616163
    ],
    [
      34,
      0.2181818181818182
    ],
    [
      35,
      0.20512820512820512
    ],
    [
      36,
      0.16
    ],
    [
      37,
      0.16304347826086957
    ],
    [
      38,
      0.1818181818181818
    ],
    [
      39,
      0.11842105263157894
    ],
    [
      40,
      0.17708333333333334
    ],
    [
      41,
      0.16190476190476188
    ],
    [
      42,
      0.1596244131455399
    ],
    [
      43,
      0.20238095238095236
    ],
    [
      44,
      0.16949152542372883
    ],
    [
      45,
      0.17073170731707316
    ],
    [
      46,
      0.19191919191919193
    ],
    [
      47,
      0.1414141414141414
    ],
    [
      48,
      0.20689655172413793
    ],
    [
      49,
      0.14545454545454545
    ],
    [
      50,
      0.19767441860465118
    ],
    [
      51,
      0.21052631578947367
    ],
    [
      52,
      0.1509433962264151
    ],
    [
      53,
      0.1686746987951807
    ],
    [
      54,
      0.22619047619047622
    ],
    [
      55,
      0.19354838709677416
    ],
    [
      56,
      0.17218543046357615
    ],
    [
      57,
      0.10169491525423728
    ],
    [
      58,
      0.16
    ],
    [
      59,
      0.20105820105820105
    ],
    [
      60,
      0.15555555555555556
    ],
    [
      61,
      0.1604938271604938
    ],
    [
      62,
      0.2730627306273063
    ],
    [
      63,
      0.20359281437125748
    ],
    [
      64,
      0.163265306122449
    ],
    [
      65,
      0.25477707006369427
    ],
    [
      66,
      0.24581005586592178
    ],
    [
      67,
      0.23744292237442924
    ],
    [
      68,
      0.16304347826086957
    ],
    [
      69,
      0.2209302325581395
    ],
    [
      70,
      0.27814569536423844
    ],
    [
      71,
      0.1875
    ],
    [
      72,
      0.1935483870967742
    ],
    [
      73,
      0.2142857142857143
    ],
    [
      74,
      0.15999999999999998
    ],
    [
      75,
      0.27649769585253453
    ],
    [
      76,
      0.19095477386934678
    ],
    [
      77,
      0.09395973154362415
    ],
    [
      78,
      0.1925133689839572
    ],
    [
      79,
      0.16279069767441862
    ],
    [
      80,
      0.16740088105726872
    ],
    [
      81,
      0.15053763440860216
    ],
    [
      82,
      0.16666666666666666
    ],
    [
      83,
      0.17391304347826086
    ],
    [
      84,
      0.19704433497536944
    ],
    [
      85,
      0.19230769230769232
    ],
    [
      86,
      0.23931623931623933
    ],
    [
      87,
      0.21428571428571427
    ],
    [
      88,
      0.16740088105726875
    ],
    [
      89,
      0.2745098039215686
    ],
    [
      90,
      0.2094240837696335
    ],
    [
      91,
      0.11347517730496452
    ],
    [
      92,
      0.19753086419753085
    ],
    [
      93,
      0.22127659574468087
    ],
    [
      94,
      0.20833333333333334
    ],
    [
      95,
      0.2545454545454545
    ],
    [
      96,
      0.22950819672131145
    ],
    [
      97,
      0.33766233766233766
    ],
    [
      98,
      0.21649484536082472
    ],
    [
      99,
      0.19081272084805656
    ],
    [
      100,
      0.2857142857142857
    ],
    [
      101,
      0.18518518518518517
    ],
    [
      102,
      0.17708333333333334
    ],
    [
      103,
      0.1818181818181818
    ],
    [
      104,
      0.2312925170068027
    ],
    [
      105,
      0.227027027027027
    ],
    [
      106,
      0.18181818181818182
    ],
    [
      107,
      0.16666666666666669
    ],
    [
      108,
      0.3023255813953488
    ],
    [
      109,
      0.15714285714285714
    ],
    [
      110,
      0.1956521739130435
    ],
    [
      111,
      0.2151394422310757
    ],
    [
      112,
      0.22580645161290322
    ],
    [
      113,
      0.2081447963800905
    ],
    [
      114,
      0.2092050209205021
    ],
    [
      115,
      0.1733333333333333
    ],
    [
      116,
      0.19387755102040816
    ],
    [
      117,
      0.2159090909090909
    ],
    [
      118,
      0.1806451612903226
    ],
    [
      119,
      0.17500000000000002
    ],
    [
      120,
      0.2054054054054054
    ],
    [
      121,
      0.17142857142857143
    ],
    [
      122,
      0.15525114155251138
    ],
    [
      123,
      0.18181818181818185
    ],
    [
      124,
      0.1437908496732026
    ],
    [
      125,
      0.14606741573033707
    ],
    [
      126,
      0.2168674698795181
    ],
    [
      127,
      0.14723926380368096
    ],
    [
      128,
      0.27053140096618356
    ],
    [
      129,
      0.20606060606060608
    ],
    [
      130,
      0.16574585635359118
    ],
    [
      131,
      0.12578616352201258
    ],
    [
      132,
      0.20689655172413793
    ],
    [
      133,
      0.14184397163120566
    ],
    [
      134,
      0.24299065420560748
    ],
    [
      135,
      0.16
    ],
    [
      136,
      0.16730038022813687
    ],
    [
      137,
      0.1904761904761905
    ],
    [
      138,
      0.26455026455026454
    ],
    [
      139,
      0.1477272727272727
    ],
    [
      140,
      0.14285714285714288
    ],
    [
      141,
      0.27807486631016043
    ],
    [
      142,
      0.1509433962264151
    ],
    [
      143,
      0.23423423423423423
    ],
    [
      144,
      0.2051282051282051
    ],
    [
      145,
      0.09655172413793105
    ],
    [
      146,
      0.20289855072463767
    ],
    [
      147,
      0.1497326203208556
    ],
    [
      148,
      0.15942028985507248
    ],
    [
      149,
      0.14035087719298245
    ],
    [
      150,
      0.26436781609195403
    ],
    [
      151,
      0.1913875598086124
    ],
    [
      152,
      0.192
    ],
    [
      153,
      0.1267605633802817
    ],
    [
      154,
      0.16551724137931034
    ],
    [
      155,
      0.18285714285714286
    ],
    [
      156,
      0.24875621890547264
    ],
    [
      157,
      0.1076923076923077
    ],
    [
      158,
      0.16184971098265893
    ],
    [
      159,
      0.25316455696202533
    ],
    [
      160,
      0.22660098522167488
    ],
    [
