{
  "dataset": "QMSum",
  "num_samples": 200,
  "rouge1": 0.2951661560091751,
  "rouge2": 0.06523200067448451,
  "rougeL": 0.19036960067769051,
  "rougeLsum": 0.18808492586204045,
  "per_sample_rougeL": [
    [
      0,
      0.16964285714285715
    ],
    [
      1,
      0.26865671641791045
    ],
    [
      2,
      0.18181818181818185
    ],
    [
      3,
      0.18181818181818182
    ],
    [
      4,
      0.1044776119402985
    ],
    [
      5,
      0.25773195876288657
    ],
    [
      6,
      0.14035087719298245
    ],
    [
      7,
      0.16049382716049382
    ],
    [
      8,
      0.1656050955414013
    ],
    [
      9,
      0.16455696202531644
    ],
    [
      10,
      0.19607843137254902
    ],
    [
      11,
      0.18357487922705315
    ],
    [
      12,
      0.15492957746478872
    ],
    [
      13,
      0.28
    ],
    [
      14,
      0.18867924528301885
    ],
    [
      15,
      0.17834394904458598
    ],
    [
      16,
      0.18446601941747576
    ],
    [
      17,
      0.21229050279329612
    ],
    [
      18,
      0.1386861313868613
    ],
    [
      19,
      0.1878453038674033
    ],
    [
      20,
      0.16
    ],
    [
      21,
      0.20987654320987656
    ],
    [
      22,
      0.18285714285714286
    ],
    [
      23,
      0.245398773006135
    ],
    [
      24,
      0.21649484536082472
    ],
    [
      25,
      0.22413793103448276
    ],
    [
      26,
      0.15819209039548024
    ],
    [
      27,
      0.15584415584415584
    ],
    [
      28,
      0.19704433497536944
    ],
    [
      29,
      0.19047619047619047
    ],
    [
      30,
      0.2043010752688172
    ],
    [
      31,
      0.15789473684210525
    ],
    [
      32,
      0.292929292929293
    ],
    [
      33,
      0.2189054726368159
    ],
    [
      34,
      0.20987654320987653
    ],
    [
      35,
      0.19387755102040818
    ],
    [
      36,
      0.19318181818181818
    ],
    [
      37,
      0.18556701030927839
    ],
    [
      38,
      0.14285714285714285
    ],
    [
      39,
      0.17687074829931976
    ],
    [
      40,
      0.17
    ],
    [
      41,
      0.17431192660550457
    ],
    [
      42,
      0.1743119266055046
    ],
    [
      43,
      0.24705882352941178
    ],
    [
      44,
      0.14689265536723162
    ],
    [
      45,
      0.18867924528301885
    ],
    [
      46,
      0.18719211822660098
    ],
    [
      47,
      0.2
    ],
    [
      48,
      0.21714285714285717
    ],
    [
      49,
      0.19653179190751444
    ],
    [
      50,
      0.1899441340782123
    ],
    [
      51,
      0.24657534246575344
    ],
    [
      52,
      0.15286624203821655
    ],
    [
      53,
      0.14689265536723164
    ],
    [
      54,
      0.25698324022346364
    ],
    [
      55,
      0.17616580310880828
    ],
    [
      56,
      0.141025641025641
    ],
    [
      57,
      0.19047619047619047
    ],
    [
      58,
      0.22099447513812154
    ],
    [
      59,
      0.17708333333333334
    ],
    [
      60,
      0.17486338797814208
    ],
    [
      61,
      0.21301775147928992
    ],
    [
      62,
      0.2181818181818182
    ],
    [
      63,
      0.1951219512195122
    ],
    [
      64,
      0.1780821917808219
    ],
    [
      65,
      0.20253164556962025
    ],
    [
      66,
      0.22891566265060243
    ],
    [
      67,
      0.24
    ],
    [
      68,
      0.20540540540540542
    ],
    [
      69,
      0.28888888888888886
    ],
    [
      70,
      0.21518987341772153
    ],
    [
      71,
      0.15384615384615385
    ],
    [
      72,
      0.1818181818181818
    ],
    [
      73,
      0.18811881188118812
    ],
    [
      74,
      0.17105263157894737
    ],
    [
      75,
      0.27358490566037735
    ],
    [
      76,
      0.1932367149758454
    ],
    [
      77,
      0.10596026490066225
    ],
    [
      78,
      0.24870466321243526
    ],
    [
      79,
      0.15555555555555556
    ],
    [
      80,
      0.1810344827586207
    ],
    [
      81,
      0.17801047120418848
    ],
    [
      82,
      0.18181818181818182
    ],
    [
      83,
      0.17721518987341772
    ],
    [
      84,
      0.1722488038277512
    ],
    [
      85,
      0.23762376237623764
    ],
    [
      86,
      0.22857142857142854
    ],
    [
      87,
      0.2087912087912088
    ],
    [
      88,
      0.191304347826087
    ],
    [
      89,
      0.18181818181818182
    ],
    [
      90,
      0.23232323232323235
    ],
    [
      91,
      0.16993464052287582
    ],
    [
      92,
      0.18285714285714288
    ],
    [
      93,
      0.21645021645021645
    ],
    [
      94,
      0.18705035971223022
    ],
    [
      95,
      0.20814479638009045
    ],
    [
      96,
      0.21951219512195122
    ],
    [
      97,
      0.22641509433962265
    ],
    [
      98,
      0.19689119170984457
    ],
    [
      99,
      0.22145328719723184
    ],
    [
      100,
      0.1935483870967742
    ],
    [
      101,
      0.19631901840490795
    ],
    [
      102,
      0.25641025641025644
    ],
    [
      103,
      0.16304347826086957
    ],
    [
      104,
      0.15068493150684933
    ],
    [
      105,
      0.2639593908629442
    ],
    [
      106,
      0.24107142857142858
    ],
    [
      107,
      0.22105263157894736
    ],
    [
      108,
      0.2339181286549708
    ],
    [
      109,
      0.15789473684210528
    ],
    [
      110,
      0.17021276595744683
    ],
    [
      111,
      0.24031007751937983
    ],
    [
      112,
      0.16216216216216217
    ],
    [
      113,
      0.22421524663677128
    ],
    [
      114,
      0.2448979591836735
    ],
    [
      115,
      0.18064516129032257
    ],
    [
      116,
      0.18
    ],
    [
      117,
      0.18784530386740328
    ],
    [
      118,
      0.17721518987341772
    ],
    [
      119,
      0.18497109826589594
    ],
    [
      120,
      0.143646408839779
    ],
    [
      121,
      0.19780219780219782
    ],
    [
      122,
      0.168141592920354
    ],
    [
      123,
      0.23300970873786409
    ],
    [
      124,
      0.11920529801324503
    ],
    [
      125,
      0.18497109826589594
    ],
    [
      126,
      0.13496932515337423
    ],
    [
      127,
      0.18518518518518517
    ],
    [
      128,
      0.24413145539906103
    ],
    [
      129,
      0.1927710843373494
    ],
    [
      130,
      0.16042780748663102
    ],
    [
      131,
      0.09815950920245399
    ],
    [
      132,
      0.20540540540540542
    ],
    [
      133,
      0.1282051282051282
    ],
    [
      134,
      0.21719457013574658
    ],
    [
      135,
      0.1103448275862069
    ],
    [
      136,
      0.183206106870229
    ],
    [
      137,
      0.16374269005847952
    ],
    [
      138,
      0.24468085106382978
    ],
    [
      139,
      0.10989010989010989
    ],
    [
      140,
      0.17142857142857143
    ],
    [
      141,
      0.3101604278074866
    ],
    [
      142,
      0.17511520737327188
    ],
    [
      143,
      0.19178082191780824
    ],
    [
      144,
      0.2268041237113402
    ],
    [
      145,
      0.14012738853503184
    ],
    [
      146,
      0.25116279069767444
    ],
    [
      147,
      0.1497326203208556
    ],
    [
      148,
      0.11940298507462688
    ],
    [
      149,
      0.16000000000000003
    ],
    [
      150,
      0.19354838709677416
    ],
    [
      151,
      0.22857142857142856
    ],
    [
      152,
      0.22399999999999998
    ],
    [
      153,
      0.15483870967741933
    ],
    [
      154,
      0.17449664429530198
    ],
    [
      155,
      0.1807909604519774
    ],
    [
      156,
      0.15920398009950248
    ],
    [
      157,
      0.1276595744680851
    ],
    [
      158,
      0.20994475138121546
    ],
    [
      159,
      0.15853658536585366
    ],
    [
      160,
