{
  "dataset": "QMSum",
  "num_samples": 200,
  "rouge1": 0.3284217493327055,
  "rouge2": 0.07705912744263188,
  "rougeL": 0.18979669747709005,
  "rougeLsum": 0.19442451144018547,
  "per_sample_rougeL": [
    [
      0,
      0.16438356164383564
    ],
    [
      1,
      0.2167487684729064
    ],
    [
      2,
      0.17616580310880828
    ],
    [
      3,
      0.16091954022988506
    ],
    [
      4,
      0.145985401459854
    ],
    [
      5,
      0.31351351351351353
    ],
    [
      6,
      0.13095238095238096
    ],
    [
      7,
      0.18404907975460125
    ],
    [
      8,
      0.1794871794871795
    ],
    [
      9,
      0.12578616352201258
    ],
    [
      10,
      0.16551724137931034
    ],
    [
      11,
      0.23076923076923078
    ],
    [
      12,
      0.1610738255033557
    ],
    [
      13,
      0.24870466321243526
    ],
    [
      14,
      0.16037735849056606
    ],
    [
      15,
      0.14666666666666667
    ],
    [
      16,
      0.18269230769230765
    ],
    [
      17,
      0.18604651162790697
    ],
    [
      18,
      0.12500000000000003
    ],
    [
      19,
      0.1485714285714286
    ],
    [
      20,
      0.11363636363636362
    ],
    [
      21,
      0.15094339622641506
    ],
    [
      22,
      0.17441860465116282
    ],
    [
      23,
      0.21656050955414013
    ],
    [
      24,
      0.2210526315789474
    ],
    [
      25,
      0.20353982300884954
    ],
    [
      26,
      0.2514285714285714
    ],
    [
      27,
      0.21374045801526717
    ],
    [
      28,
      0.20512820512820515
    ],
    [
      29,
      0.24096385542168677
    ],
    [
      30,
      0.17204301075268816
    ],
    [
      31,
      0.163265306122449
    ],
    [
      32,
      0.2054054054054054
    ],
    [
      33,
      0.21212121212121213
    ],
    [
      34,
      0.2345679012345679
    ],
    [
      35,
      0.1761658031088083
    ],
    [
      36,
      0.1724137931034483
    ],
    [
      37,
      0.18085106382978727
    ],
    [
      38,
      0.15286624203821658
    ],
    [
      39,
      0.2027027027027027
    ],
    [
      40,
      0.1791044776119403
    ],
    [
      41,
      0.19323671497584544
    ],
    [
      42,
      0.14883720930232558
    ],
    [
      43,
      0.19767441860465118
    ],
    [
      44,
      0.15950920245398773
    ],
    [
      45,
      0.147239263803681
    ],
    [
      46,
      0.18090452261306533
    ],
    [
      47,
      0.16580310880829016
    ],
    [
      48,
      0.21714285714285717
    ],
    [
      49,
      0.16766467065868262
    ],
    [
      50,
      0.19047619047619047
    ],
    [
      51,
      0.28837209302325584
    ],
    [
      52,
      0.18867924528301888
    ],
    [
      53,
      0.16374269005847952
    ],
    [
      54,
      0.21301775147928995
    ],
    [
      55,
      0.14814814814814814
    ],
    [
      56,
      0.18421052631578946
    ],
    [
      57,
      0.07865168539325842
    ],
    [
      58,
      0.2824858757062147
    ],
    [
      59,
      0.21164021164021163
    ],
    [
      60,
      0.22099447513812157
    ],
    [
      61,
      0.20731707317073175
    ],
    [
      62,
      0.1769230769230769
    ],
    [
      63,
      0.2
    ],
    [
      64,
      0.1780821917808219
    ],
    [
      65,
      0.24324324324324323
    ],
    [
      66,
      0.2555555555555556
    ],
    [
      67,
      0.22748815165876776
    ],
    [
      68,
      0.19318181818181818
    ],
    [
      69,
      0.15730337078651685
    ],
    [
      70,
      0.2567567567567568
    ],
    [
      71,
      0.13496932515337423
    ],
    [
      72,
      0.20382165605095542
    ],
    [
      73,
      0.2233502538071066
    ],
    [
      74,
      0.19047619047619047
    ],
    [
      75,
      0.24074074074074073
    ],
    [
      76,
      0.1592039800995025
    ],
    [
      77,
      0.10526315789473684
    ],
    [
      78,
      0.22459893048128343
    ],
    [
      79,
      0.1477272727272727
    ],
    [
      80,
      0.18421052631578946
    ],
    [
      81,
      0.1868131868131868
    ],
    [
      82,
      0.16393442622950818
    ],
    [
      83,
      0.189873417721519
    ],
    [
      84,
      0.2167487684729064
    ],
    [
      85,
      0.1951219512195122
    ],
    [
      86,
      0.23868312757201646
    ],
    [
      87,
      0.12048192771084336
    ],
    [
      88,
      0.1883408071748879
    ],
    [
      89,
      0.2718446601941748
    ],
    [
      90,
      0.2061855670103093
    ],
    [
      91,
      0.18543046357615894
    ],
    [
      92,
      0.16766467065868262
    ],
    [
      93,
      0.22707423580786026
    ],
    [
      94,
      0.2222222222222222
    ],
    [
      95,
      0.25112107623318386
    ],
    [
      96,
      0.20491803278688525
    ],
    [
      97,
      0.20382165605095542
    ],
    [
      98,
      0.2094240837696335
    ],
    [
      99,
      0.22916666666666669
    ],
    [
      100,
      0.223463687150838
    ],
    [
      101,
      0.1728395061728395
    ],
    [
      102,
      0.20833333333333334
    ],
    [
      103,
      0.24338624338624337
    ],
    [
      104,
      0.14864864864864866
    ],
    [
      105,
      0.24338624338624337
    ],
    [
      106,
      0.2
    ],
    [
      107,
      0.2011173184357542
    ],
    [
      108,
      0.30681818181818177
    ],
    [
      109,
      0.18045112781954886
    ],
    [
      110,
      0.2222222222222222
    ],
    [
      111,
      0.21774193548387097
    ],
    [
      112,
      0.23157894736842105
    ],
    [
      113,
      0.25339366515837103
    ],
    [
      114,
      0.2704918032786885
    ],
    [
      115,
      0.14193548387096774
    ],
    [
      116,
      0.15228426395939085
    ],
    [
      117,
      0.21839080459770113
    ],
    [
      118,
      0.12987012987012986
    ],
    [
      119,
      0.16352201257861634
    ],
    [
      120,
      0.1675977653631285
    ],
    [
      121,
      0.19428571428571428
    ],
    [
      122,
      0.1461187214611872
    ],
    [
      123,
      0.16666666666666669
    ],
    [
      124,
      0.12244897959183672
    ],
    [
      125,
      0.15469613259668508
    ],
    [
      126,
      0.22619047619047616
    ],
    [
      127,
      0.16049382716049382
    ],
    [
      128,
      0.29951690821256044
    ],
    [
      129,
      0.19512195121951217
    ],
    [
      130,
      0.12087912087912087
    ],
    [
      131,
      0.13749999999999998
    ],
    [
      132,
      0.22950819672131145
    ],
    [
      133,
      0.21333333333333335
    ],
    [
      134,
      0.22535211267605634
    ],
    [
      135,
      0.17333333333333334
    ],
    [
      136,
      0.17692307692307688
    ],
    [
      137,
      0.1686746987951807
    ],
    [
      138,
      0.2659574468085106
    ],
    [
      139,
      0.14285714285714285
    ],
    [
      140,
      0.15894039735099338
    ],
    [
      141,
      0.3101604278074866
    ],
    [
      142,
      0.17840375586854457
    ],
    [
      143,
      0.2100456621004566
    ],
    [
      144,
      0.18461538461538463
    ],
    [
      145,
      0.13513513513513514
    ],
    [
      146,
      0.20289855072463767
    ],
    [
      147,
      0.17297297297297298
    ],
    [
      148,
      0.16296296296296298
    ],
    [
      149,
      0.15294117647058825
    ],
    [
      150,
      0.20118343195266275
    ],
    [
      151,
      0.1923076923076923
    ],
    [
      152,
      0.16793893129770993
    ],
    [
      153,
      0.16
    ],
    [
      154,
      0.1780821917808219
    ],
    [
      155,
      0.2325581395348837
    ],
    [
      156,
      0.2079207920792079
    ],
    [
      157,
      0.11594202898550725
    ],
    [
      158,
      0.1899441340782123
    ],
    [
      159,
      0.2389937106918239
    ],
    [
