{
  "dataset": "QMSum",
  "num_samples": 200,
  "rouge1": 0.2987727213515361,
  "rouge2": 0.06909391172347419,
  "rougeL": 0.19103598911640443,
  "rougeLsum": 0.1924920849221426,
  "per_sample_rougeL": [
    [
      0,
      0.18666666666666665
    ],
    [
      1,
      0.21999999999999997
    ],
    [
      2,
      0.18274111675126906
    ],
    [
      3,
      0.2
    ],
    [
      4,
      0.09022556390977443
    ],
    [
      5,
      0.27835051546391754
    ],
    [
      6,
      0.16374269005847952
    ],
    [
      7,
      0.1761006289308176
    ],
    [
      8,
      0.1739130434782609
    ],
    [
      9,
      0.13749999999999998
    ],
    [
      10,
      0.22222222222222224
    ],
    [
      11,
      0.2048780487804878
    ],
    [
      12,
      0.15894039735099338
    ],
    [
      13,
      0.24615384615384614
    ],
    [
      14,
      0.20657276995305165
    ],
    [
      15,
      0.17948717948717946
    ],
    [
      16,
      0.1971830985915493
    ],
    [
      17,
      0.17777777777777778
    ],
    [
      18,
      0.12949640287769784
    ],
    [
      19,
      0.16184971098265893
    ],
    [
      20,
      0.13793103448275862
    ],
    [
      21,
      0.19999999999999998
    ],
    [
      22,
      0.16091954022988506
    ],
    [
      23,
      0.23899371069182387
    ],
    [
      24,
      0.24242424242424238
    ],
    [
      25,
      0.22413793103448276
    ],
    [
      26,
      0.1477272727272727
    ],
    [
      27,
      0.15483870967741936
    ],
    [
      28,
      0.16494845360824742
    ],
    [
      29,
      0.17964071856287428
    ],
    [
      30,
      0.21164021164021166
    ],
    [
      31,
      0.18791946308724833
    ],
    [
      32,
      0.2551020408163265
    ],
    [
      33,
      0.2
    ],
    [
      34,
      0.20987654320987653
    ],
    [
      35,
      0.19487179487179487
    ],
    [
      36,
      0.18181818181818182
    ],
    [
      37,
      0.17616580310880828
    ],
    [
      38,
      0.15584415584415584
    ],
    [
      39,
      0.16666666666666666
    ],
    [
      40,
      0.20100502512562815
    ],
    [
      41,
      0.2
    ],
    [
      42,
      0.1767441860465116
    ],
    [
      43,
      0.25287356321839083
    ],
    [
      44,
      0.10404624277456646
    ],
    [
      45,
      0.15853658536585366
    ],
    [
      46,
      0.1881188118811881
    ],
    [
      47,
      0.17989417989417988
    ],
    [
      48,
      0.2366863905325444
    ],
    [
      49,
      0.15384615384615383
    ],
    [
      50,
      0.16759776536312848
    ],
    [
      51,
      0.2568807339449541
    ],
    [
      52,
      0.15483870967741933
    ],
    [
      53,
      0.14772727272727273
    ],
    [
      54,
      0.24719101123595502
    ],
    [
      55,
      0.14583333333333331
    ],
    [
      56,
      0.141025641025641
    ],
    [
      57,
      0.1595744680851064
    ],
    [
      58,
      0.23333333333333334
    ],
    [
      59,
      0.15228426395939085
    ],
    [
      60,
      0.17142857142857143
    ],
    [
      61,
      0.26993865030674846
    ],
    [
      62,
      0.2028985507246377
    ],
    [
      63,
      0.16470588235294117
    ],
    [
      64,
      0.17021276595744683
    ],
    [
      65,
      0.19108280254777069
    ],
    [
      66,
      0.2826086956521739
    ],
    [
      67,
      0.24669603524229072
    ],
    [
      68,
      0.1711229946524064
    ],
    [
      69,
      0.23728813559322035
    ],
    [
      70,
      0.20253164556962025
    ],
    [
      71,
      0.18292682926829268
    ],
    [
      72,
      0.17142857142857143
    ],
    [
      73,
      0.18367346938775508
    ],
    [
      74,
      0.17218543046357615
    ],
    [
      75,
      0.2535211267605634
    ],
    [
      76,
      0.17475728155339806
    ],
    [
      77,
      0.09395973154362415
    ],
    [
      78,
      0.24242424242424246
    ],
    [
      79,
      0.1988950276243094
    ],
    [
      80,
      0.16740088105726872
    ],
    [
      81,
      0.16842105263157894
    ],
    [
      82,
      0.22580645161290322
    ],
    [
      83,
      0.17610062893081763
    ],
    [
      84,
      0.18357487922705315
    ],
    [
      85,
      0.23350253807106597
    ],
    [
      86,
      0.23199999999999998
    ],
    [
      87,
      0.22099447513812154
    ],
    [
      88,
      0.16379310344827586
    ],
    [
      89,
      0.1895734597156398
    ],
    [
      90,
      0.1818181818181818
    ],
    [
      91,
      0.14666666666666667
    ],
    [
      92,
      0.1931818181818182
    ],
    [
      93,
      0.2297872340425532
    ],
    [
      94,
      0.15000000000000002
    ],
    [
      95,
      0.21834061135371177
    ],
    [
      96,
      0.19753086419753088
    ],
    [
      97,
      0.20987654320987653
    ],
    [
      98,
      0.1846153846153846
    ],
    [
      99,
      0.22680412371134023
    ],
    [
      100,
      0.20765027322404372
    ],
    [
      101,
      0.19753086419753085
    ],
    [
      102,
      0.2694300518134715
    ],
    [
      103,
      0.2105263157894737
    ],
    [
      104,
      0.17333333333333334
    ],
    [
      105,
      0.28272251308900526
    ],
    [
      106,
      0.2232142857142857
    ],
    [
      107,
      0.23913043478260873
    ],
    [
      108,
      0.21714285714285717
    ],
    [
      109,
      0.18791946308724833
    ],
    [
      110,
      0.1945945945945946
    ],
    [
      111,
      0.23015873015873017
    ],
    [
      112,
      0.1847826086956522
    ],
    [
      113,
      0.25339366515837103
    ],
    [
      114,
      0.2612244897959184
    ],
    [
      115,
      0.20382165605095542
    ],
    [
      116,
      0.16243654822335024
    ],
    [
      117,
      0.15730337078651688
    ],
    [
      118,
      0.18867924528301885
    ],
    [
      119,
      0.2222222222222222
    ],
    [
      120,
      0.14285714285714285
    ],
    [
      121,
      0.19780219780219782
    ],
    [
      122,
      0.15929203539823011
    ],
    [
      123,
      0.2156862745098039
    ],
    [
      124,
      0.08053691275167786
    ],
    [
      125,
      0.1899441340782123
    ],
    [
      126,
      0.23030303030303026
    ],
    [
      127,
      0.20481927710843376
    ],
    [
      128,
      0.23923444976076555
    ],
    [
      129,
      0.20731707317073172
    ],
    [
      130,
      0.16042780748663102
    ],
    [
      131,
      0.13664596273291926
    ],
    [
      132,
      0.19672131147540983
    ],
    [
      133,
      0.1610738255033557
    ],
    [
      134,
      0.2678571428571429
    ],
    [
      135,
      0.18666666666666668
    ],
    [
      136,
      0.16279069767441862
    ],
    [
      137,
      0.20606060606060608
    ],
    [
      138,
      0.23404255319148937
    ],
    [
      139,
      0.1111111111111111
    ],
    [
      140,
      0.16000000000000003
    ],
    [
      141,
      0.3101604278074866
    ],
    [
      142,
      0.1581395348837209
    ],
    [
      143,
      0.22807017543859648
    ],
    [
      144,
      0.13186813186813184
    ],
    [
      145,
      0.16216216216216214
    ],
    [
      146,
      0.22641509433962262
    ],
    [
      147,
      0.1827956989247312
    ],
    [
      148,
      0.14388489208633093
    ],
    [
      149,
      0.1301775147928994
    ],
    [
      150,
      0.23529411764705885
    ],
    [
      151,
      0.2296650717703349
    ],
    [
      152,
      0.17741935483870966
    ],
    [
      153,
      0.15894039735099336
    ],
    [
      154,
      0.20689655172413796
    ],
    [
      155,
      0.1452513966480447
    ],
    [
      156,
      0.18811881188118815
    ],
    [
      157,
      0.15827338129496402
    ],
    [
      158,
      0.2087912087912088
    ],
    [
      159,
      0.15853658536585366
