{
  "dataset": "QMSum",
  "num_samples": 200,
  "rouge1": 0.27097878843751433,
  "rouge2": 0.05121734560172299,
  "rougeL": 0.16680894446389452,
  "rougeLsum": 0.17349154629610264,
  "per_sample_rougeL": [
    [
      0,
      0.18505338078291816
    ],
    [
      1,
      0.18972332015810275
    ],
    [
      2,
      0.14666666666666667
    ],
    [
      3,
      0.14022140221402213
    ],
    [
      4,
      0.08333333333333334
    ],
    [
      5,
      0.2
    ],
    [
      6,
      0.14857142857142858
    ],
    [
      7,
      0.16296296296296298
    ],
    [
      8,
      0.21505376344086025
    ],
    [
      9,
      0.23300970873786406
    ],
    [
      10,
      0.1342281879194631
    ],
    [
      11,
      0.17105263157894737
    ],
    [
      12,
      0.0947867298578199
    ],
    [
      13,
      0.21105527638190955
    ],
    [
      14,
      0.14678899082568808
    ],
    [
      15,
      0.15602836879432624
    ],
    [
      16,
      0.16176470588235295
    ],
    [
      17,
      0.16981132075471697
    ],
    [
      18,
      0.13513513513513514
    ],
    [
      19,
      0.1016949152542373
    ],
    [
      20,
      0.16822429906542058
    ],
    [
      21,
      0.24096385542168672
    ],
    [
      22,
      0.14444444444444443
    ],
    [
      23,
      0.23703703703703702
    ],
    [
      24,
      0.1869158878504673
    ],
    [
      25,
      0.1837837837837838
    ],
    [
      26,
      0.14285714285714285
    ],
    [
      27,
      0.12244897959183672
    ],
    [
      28,
      0.2081447963800905
    ],
    [
      29,
      0.17391304347826086
    ],
    [
      30,
      0.17721518987341772
    ],
    [
      31,
      0.12162162162162163
    ],
    [
      32,
      0.11904761904761905
    ],
    [
      33,
      0.13793103448275862
    ],
    [
      34,
      0.14937759336099585
    ],
    [
      35,
      0.19108280254777069
    ],
    [
      36,
      0.1935483870967742
    ],
    [
      37,
      0.1878453038674033
    ],
    [
      38,
      0.21428571428571427
    ],
    [
      39,
      0.12499999999999999
    ],
    [
      40,
      0.13675213675213674
    ],
    [
      41,
      0.12280701754385966
    ],
    [
      42,
      0.15165876777251186
    ],
    [
      43,
      0.25
    ],
    [
      44,
      0.16541353383458646
    ],
    [
      45,
      0.1368421052631579
    ],
    [
      46,
      0.12315270935960591
    ],
    [
      47,
      0.13138686131386862
    ],
    [
      48,
      0.16744186046511625
    ],
    [
      49,
      0.17857142857142858
    ],
    [
      50,
      0.09053497942386832
    ],
    [
      51,
      0.251082251082251
    ],
    [
      52,
      0.14201183431952663
    ],
    [
      53,
      0.15503875968992248
    ],
    [
      54,
      0.2095238095238095
    ],
    [
      55,
      0.1349693251533742
    ],
    [
      56,
      0.16
    ],
    [
      57,
      0.1111111111111111
    ],
    [
      58,
      0.2068965517241379
    ],
    [
      59,
      0.18947368421052632
    ],
    [
      60,
      0.20634920634920634
    ],
    [
      61,
      0.17391304347826086
    ],
    [
      62,
      0.16707616707616707
    ],
    [
      63,
      0.11143695014662756
    ],
    [
      64,
      0.07710843373493977
    ],
    [
      65,
      0.14150943396226418
    ],
    [
      66,
      0.23636363636363636
    ],
    [
      67,
      0.1836734693877551
    ],
    [
      68,
      0.15789473684210525
    ],
    [
      69,
      0.14393939393939392
    ],
    [
      70,
      0.10857142857142858
    ],
    [
      71,
      0.11764705882352942
    ],
    [
      72,
      0.1780821917808219
    ],
    [
      73,
      0.1721311475409836
    ],
    [
      74,
      0.1896551724137931
    ],
    [
      75,
      0.21487603305785122
    ],
    [
      76,
      0.12949640287769784
    ],
    [
      77,
      0.12048192771084337
    ],
    [
      78,
      0.1764705882352941
    ],
    [
      79,
      0.1366906474820144
    ],
    [
      80,
      0.21224489795918366
    ],
    [
      81,
      0.14018691588785048
    ],
    [
      82,
      0.18276762402088773
    ],
    [
      83,
      0.15853658536585366
    ],
    [
      84,
      0.14012738853503184
    ],
    [
      85,
      0.18446601941747573
    ],
    [
      86,
      0.16190476190476188
    ],
    [
      87,
      0.2580645161290323
    ],
    [
      88,
      0.1362397820163488
    ],
    [
      89,
      0.110912343470483
    ],
    [
      90,
      0.1694915254237288
    ],
    [
      91,
      0.14814814814814817
    ],
    [
      92,
      0.20168067226890757
    ],
    [
      93,
      0.22321428571428573
    ],
    [
      94,
      0.12820512820512822
    ],
    [
      95,
      0.12186379928315412
    ],
    [
      96,
      0.1773399014778325
    ],
    [
      97,
      0.15384615384615385
    ],
    [
      98,
      0.1437908496732026
    ],
    [
      99,
      0.17254901960784313
    ],
    [
      100,
      0.1793103448275862
    ],
    [
      101,
      0.30769230769230765
    ],
    [
      102,
      0.16766467065868265
    ],
    [
      103,
      0.25
    ],
    [
      104,
      0.19047619047619047
    ],
    [
      105,
      0.1958041958041958
    ],
    [
      106,
      0.13530655391120505
    ],
    [
      107,
      0.1751824817518248
    ],
    [
      108,
      0.2018348623853211
    ],
    [
      109,
      0.17857142857142858
    ],
    [
      110,
      0.2206896551724138
    ],
    [
      111,
      0.21160409556313992
    ],
    [
      112,
      0.1827956989247312
    ],
    [
      113,
      0.19188191881918817
    ],
    [
      114,
      0.17164179104477614
    ],
    [
      115,
      0.10810810810810811
    ],
    [
      116,
      0.1509433962264151
    ],
    [
      117,
      0.26373626373626374
    ],
    [
      118,
      0.1904761904761905
    ],
    [
      119,
      0.10309278350515462
    ],
    [
      120,
      0.12592592592592594
    ],
    [
      121,
      0.15942028985507248
    ],
    [
      122,
      0.16129032258064516
    ],
    [
      123,
      0.12098298676748583
    ],
    [
      124,
      0.1324503311258278
    ],
    [
      125,
      0.1935483870967742
    ],
    [
      126,
      0.18750000000000003
    ],
    [
      127,
      0.10526315789473684
    ],
    [
      128,
      0.19455252918287938
    ],
    [
      129,
      0.1643835616438356
    ],
    [
      130,
      0.13978494623655913
    ],
    [
      131,
      0.13740458015267176
    ],
    [
      132,
      0.23529411764705882
    ],
    [
      133,
      0.06332453825857519
    ],
    [
      134,
      0.2604166666666667
    ],
    [
      135,
      0.15384615384615385
    ],
    [
      136,
      0.1542857142857143
    ],
    [
      137,
      0.148471615720524
    ],
    [
      138,
      0.25165562913907286
    ],
    [
      139,
      0.12987012987012989
    ],
    [
      140,
      0.15306122448979592
    ],
    [
      141,
      0.1923076923076923
    ],
    [
      142,
      0.16091954022988506
    ],
    [
      143,
      0.1769230769230769
    ],
    [
      144,
      0.14007782101167313
    ],
    [
      145,
      0.1456953642384106
    ],
    [
      146,
      0.15238095238095237
    ],
    [
      147,
      0.15267175572519082
    ],
    [
      148,
      0.11864406779661019
    ],
    [
      149,
      0.10344827586206898
    ],
    [
      150,
      0.16346153846153844
    ],
    [
      151,
      0.1273100616016427
    ],
    [
      152,
      0.0963855421686747
    ],
    [
      153,
      0.140625
    ],
    [
      154,
      0.20143884892086328
    ],
    [
      155,
      0.1862745098039216
    ],
    [
      156,
      0.19631901840490795
    ],
    [
      157,
      0.13043478260869568
    ],
    [
      158,
      0.2222222222222222
    ],
    [
      159,
      0.19230769230769232
    ],
    [
      160,
