{
  "dataset": "QMSum",
  "num_samples": 200,
  "rouge1": 0.2293315065629914,
  "rouge2": 0.05430863754703391,
  "rougeL": 0.14318816675434348,
  "rougeLsum": 0.14374682450365023,
  "per_sample_rougeL": [
    [
      0,
      0.24545454545454545
    ],
    [
      1,
      0.2412060301507538
    ],
    [
      2,
      0.14364640883977903
    ],
    [
      3,
      0.19318181818181815
    ],
    [
      4,
      0.14893617021276595
    ],
    [
      5,
      0.2828282828282829
    ],
    [
      6,
      0
    ],
    [
      7,
      0.2
    ],
    [
      8,
      0.3037974683544304
    ],
    [
      9,
      0
    ],
    [
      10,
      0.20754716981132074
    ],
    [
      11,
      0
    ],
    [
      12,
      0.21818181818181817
    ],
    [
      13,
      0.18803418803418806
    ],
    [
      14,
      0.1641025641025641
    ],
    [
      15,
      0.13245033112582782
    ],
    [
      16,
      0.19138755980861247
    ],
    [
      17,
      0.17475728155339806
    ],
    [
      18,
      0
    ],
    [
      19,
      0.13953488372093023
    ],
    [
      20,
      0
    ],
    [
      21,
      0.3185840707964602
    ],
    [
      22,
      0.13714285714285715
    ],
    [
      23,
      0.2280701754385965
    ],
    [
      24,
      0
    ],
    [
      25,
      0.2459893048128342
    ],
    [
      26,
      0
    ],
    [
      27,
      0.16901408450704225
    ],
    [
      28,
      0.19999999999999998
    ],
    [
      29,
      0.19631901840490792
    ],
    [
      30,
      0.17948717948717952
    ],
    [
      31,
      0
    ],
    [
      32,
      0
    ],
    [
      33,
      0.2142857142857143
    ],
    [
      34,
      0
    ],
    [
      35,
      0.22058823529411764
    ],
    [
      36,
      0
    ],
    [
      37,
      0
    ],
    [
      38,
      0.2545454545454545
    ],
    [
      39,
      0
    ],
    [
      40,
      0.17857142857142855
    ],
    [
      41,
      0
    ],
    [
      42,
      0
    ],
    [
      43,
      0
    ],
    [
      44,
      0
    ],
    [
      45,
      0
    ],
    [
      46,
      0.20105820105820107
    ],
    [
      47,
      0.13095238095238096
    ],
    [
      48,
      0.19607843137254902
    ],
    [
      49,
      0.1686746987951807
    ],
    [
      50,
      0.19047619047619047
    ],
    [
      51,
      0.22099447513812157
    ],
    [
      52,
      0.19753086419753085
    ],
    [
      53,
      0.1
    ],
    [
      54,
      0.2434782608695652
    ],
    [
      55,
      0.1565217391304348
    ],
    [
      56,
      0.17105263157894737
    ],
    [
      57,
      0.14285714285714282
    ],
    [
      58,
      0
    ],
    [
      59,
      0.1791044776119403
    ],
    [
      60,
      0.140625
    ],
    [
      61,
      0.19161676646706585
    ],
    [
      62,
      0.2453531598513011
    ],
    [
      63,
      0.17647058823529407
    ],
    [
      64,
      0
    ],
    [
      65,
      0.25225225225225223
    ],
    [
      66,
      0.20118343195266272
    ],
    [
      67,
      0.1958762886597938
    ],
    [
      68,
      0.21250000000000002
    ],
    [
      69,
      0
    ],
    [
      70,
      0.45901639344262296
    ],
    [
      71,
      0.19642857142857142
    ],
    [
      72,
      0.3492063492063492
    ],
    [
      73,
      0.16867469879518074
    ],
    [
      74,
      0.21052631578947367
    ],
    [
      75,
      0.20725388601036268
    ],
    [
      76,
      0
    ],
    [
      77,
      0.0839160839160839
    ],
    [
      78,
      0.2567567567567568
    ],
    [
      79,
      0
    ],
    [
      80,
      0.15668202764976957
    ],
    [
      81,
      0.1878453038674033
    ],
    [
      82,
      0
    ],
    [
      83,
      0.27522935779816515
    ],
    [
      84,
      0.17391304347826084
    ],
    [
      85,
      0.19289340101522842
    ],
    [
      86,
      0.2222222222222222
    ],
    [
      87,
      0
    ],
    [
      88,
      0
    ],
    [
      89,
      0.27586206896551724
    ],
    [
      90,
      0.22099447513812157
    ],
    [
      91,
      0.16417910447761191
    ],
    [
      92,
      0.18750000000000003
    ],
    [
      93,
      0.10294117647058823
    ],
    [
      94,
      0
    ],
    [
      95,
      0
    ],
    [
      96,
      0.18775510204081633
    ],
    [
      97,
      0.1739130434782609
    ],
    [
      98,
      0.2111801242236025
    ],
    [
      99,
      0.21862348178137656
    ],
    [
      100,
      0.1899441340782123
    ],
    [
      101,
      0.2608695652173913
    ],
    [
      102,
      0.2051282051282051
    ],
    [
      103,
      0
    ],
    [
      104,
      0.2417582417582418
    ],
    [
      105,
      0.22564102564102564
    ],
    [
      106,
      0.20353982300884957
    ],
    [
      107,
      0.2328767123287671
    ],
    [
      108,
      0
    ],
    [
      109,
      0.20202020202020202
    ],
    [
      110,
      0.20540540540540542
    ],
    [
      111,
      0.2068965517241379
    ],
    [
      112,
      0
    ],
    [
      113,
      0.2574257425742575
    ],
    [
      114,
      0.1964285714285714
    ],
    [
      115,
      0
    ],
    [
      116,
      0.22784810126582278
    ],
    [
      117,
      0.18784530386740328
    ],
    [
      118,
      0.1869158878504673
    ],
    [
      119,
      0.18181818181818182
    ],
    [
      120,
      0.1967213114754098
    ],
    [
      121,
      0.2057142857142857
    ],
    [
      122,
      0
    ],
    [
      123,
      0.16216216216216217
    ],
    [
      124,
      0
    ],
    [
      125,
      0.13259668508287295
    ],
    [
      126,
      0.20858895705521474
    ],
    [
      127,
      0
    ],
    [
      128,
      0.23
    ],
    [
      129,
      0.24324324324324328
    ],
    [
      130,
      0
    ],
    [
      131,
      0
    ],
    [
      132,
      0.21875000000000003
    ],
    [
      133,
      0
    ],
    [
      134,
      0.26976744186046514
    ],
    [
      135,
      0
    ],
    [
      136,
      0
    ],
    [
      137,
      0.20800000000000002
    ],
    [
      138,
      0.18181818181818185
    ],
    [
      139,
      0.13513513513513514
    ],
    [
      140,
      0.1604938271604938
    ],
    [
      141,
      0
    ],
    [
      142,
      0.19736842105263155
    ],
    [
      143,
      0.1559633027522936
    ],
    [
      144,
      0.2222222222222222
    ],
    [
      145,
      0.11111111111111112
    ],
    [
      146,
      0.16806722689075632
    ],
    [
      147,
      0.13999999999999999
    ],
    [
      148,
      0.26666666666666666
    ],
    [
      149,
      0.10416666666666667
    ],
    [
      150,
      0.17582417582417584
    ],
    [
      151,
      0
    ],
    [
      152,
      0
    ],
    [
      153,
      0.1639344262295082
    ],
    [
      154,
      0
    ],
    [
      155,
      0.18292682926829268
    ],
    [
      156,
      0.11594202898550726
    ],
    [
      157,
      0.12307692307692307
    ],
    [
      158,
      0.2054794520547945
    ],
    [
      159,
      0.19277108433734938
    ],
    [
      160,
      0.2068965517241379
    ],
    [
      161,
      0.1818181818181818
    ],
    [
      162,
      0.1935483870967742
    ],
    [
      163,
      0
    ],
    [
      164,
      0.25
    ],
    [
      165,
      0.1794871794871795
    ],
    [
      166,
      0.16149068322981366
    ],
    [
      167,
      0
    ],
    [
      168,
      0
    ],
    [
      169,
      0.20754716981132074
    ],
    [
      170,
      0.22950819672131145
    ],
    [
      171,
      0
    ],
    [
      172,
      0
    ],
    [
      173,
      0.11764705882352942
    ],
    [
      174,
      0
    ],
    [
      175,
      0.17441860465116277
    ],
    [
      176,
      0.2
    ],
    [
      177,
      0.48837209302325585
    ],
    [
      178,
      0
    ],
