{
  "dataset": "QMSum",
  "num_samples": 200,
  "rouge1": 0.26374658245594235,
  "rouge2": 0.05727170869586237,
  "rougeL": 0.16331998031194522,
  "rougeLsum": 0.17151808881244401,
  "per_sample_rougeL": [
    [
      0,
      0.1611374407582938
    ],
    [
      1,
      0.042105263157894736
    ],
    [
      2,
      0.13636363636363635
    ],
    [
      3,
      0.1739130434782609
    ],
    [
      4,
      0.13445378151260506
    ],
    [
      5,
      0.147239263803681
    ],
    [
      6,
      0.20481927710843376
    ],
    [
      7,
      0.1333333333333333
    ],
    [
      8,
      0.22068965517241382
    ],
    [
      9,
      0.15827338129496404
    ],
    [
      10,
      0.11940298507462688
    ],
    [
      11,
      0.18579234972677594
    ],
    [
      12,
      0.12000000000000001
    ],
    [
      13,
      0.2298850574712644
    ],
    [
      14,
      0.14285714285714288
    ],
    [
      15,
      0.16842105263157894
    ],
    [
      16,
      0.11640211640211641
    ],
    [
      17,
      0.22641509433962262
    ],
    [
      18,
      0.125
    ],
    [
      19,
      0.16352201257861632
    ],
    [
      20,
      0.11612903225806452
    ],
    [
      21,
      0.14285714285714288
    ],
    [
      22,
      0.15853658536585366
    ],
    [
      23,
      0.2206896551724138
    ],
    [
      24,
      0.13259668508287292
    ],
    [
      25,
      0.14084507042253522
    ],
    [
      26,
      0.178343949044586
    ],
    [
      27,
      0.11999999999999998
    ],
    [
      28,
      0.143646408839779
    ],
    [
      29,
      0.18181818181818182
    ],
    [
      30,
      0.15476190476190477
    ],
    [
      31,
      0.15384615384615383
    ],
    [
      32,
      0.2
    ],
    [
      33,
      0.18487394957983191
    ],
    [
      34,
      0.1846153846153846
    ],
    [
      35,
      0.15286624203821655
    ],
    [
      36,
      0.1575757575757576
    ],
    [
      37,
      0.15286624203821655
    ],
    [
      38,
      0.15384615384615385
    ],
    [
      39,
      0.15942028985507245
    ],
    [
      40,
      0.0970873786407767
    ],
    [
      41,
      0.19354838709677416
    ],
    [
      42,
      0.11822660098522167
    ],
    [
      43,
      0.14765100671140938
    ],
    [
      44,
      0.147239263803681
    ],
    [
      45,
      0.17218543046357615
    ],
    [
      46,
      0.1851851851851852
    ],
    [
      47,
      0.14814814814814817
    ],
    [
      48,
      0.18633540372670807
    ],
    [
      49,
      0.1466666666666667
    ],
    [
      50,
      0.20125786163522014
    ],
    [
      51,
      0.10169491525423728
    ],
    [
      52,
      0.20754716981132076
    ],
    [
      53,
      0.11464968152866241
    ],
    [
      54,
      0.03278688524590164
    ],
    [
      55,
      0.1917808219178082
    ],
    [
      56,
      0.14184397163120566
    ],
    [
      57,
      0.09876543209876543
    ],
    [
      58,
      0.12790697674418605
    ],
    [
      59,
      0.16483516483516483
    ],
    [
      60,
      0.057971014492753624
    ],
    [
      61,
      0.17721518987341772
    ],
    [
      62,
      0.16
    ],
    [
      63,
      0.13333333333333333
    ],
    [
      64,
      0.17567567567567569
    ],
    [
      65,
      0.2586206896551724
    ],
    [
      66,
      0.1764705882352941
    ],
    [
      67,
      0.1650485436893204
    ],
    [
      68,
      0.16560509554140126
    ],
    [
      69,
      0.11920529801324502
    ],
    [
      70,
      0.21276595744680848
    ],
    [
      71,
      0.08333333333333333
    ],
    [
      72,
      0.15748031496062992
    ],
    [
      73,
      0.04597701149425288
    ],
    [
      74,
      0.04651162790697674
    ],
    [
      75,
      0.1958762886597938
    ],
    [
      76,
      0.20304568527918782
    ],
    [
      77,
      0.12244897959183672
    ],
    [
      78,
      0.23463687150837992
    ],
    [
      79,
      0.08450704225352113
    ],
    [
      80,
      0.15151515151515152
    ],
    [
      81,
      0.14689265536723164
    ],
    [
      82,
      0.21757322175732216
    ],
    [
      83,
      0.14705882352941177
    ],
    [
      84,
      0.152046783625731
    ],
    [
      85,
      0.20833333333333334
    ],
    [
      86,
      0.17241379310344826
    ],
    [
      87,
      0.22535211267605634
    ],
    [
      88,
      0.1834862385321101
    ],
    [
      89,
      0.2388059701492537
    ],
    [
      90,
      0.25
    ],
    [
      91,
      0.17204301075268816
    ],
    [
      92,
      0.16783216783216784
    ],
    [
      93,
      0.15813953488372096
    ],
    [
      94,
      0.16901408450704222
    ],
    [
      95,
      0.1509433962264151
    ],
    [
      96,
      0.13333333333333333
    ],
    [
      97,
      0.1285714285714286
    ],
    [
      98,
      0.1630434782608696
    ],
    [
      99,
      0.11063829787234043
    ],
    [
      100,
      0.14857142857142858
    ],
    [
      101,
      0.22222222222222224
    ],
    [
      102,
      0.2580645161290323
    ],
    [
      103,
      0.19047619047619047
    ],
    [
      104,
      0.19259259259259262
    ],
    [
      105,
      0.22950819672131148
    ],
    [
      106,
      0.22966507177033493
    ],
    [
      107,
      0.14545454545454545
    ],
    [
      108,
      0.18934911242603547
    ],
    [
      109,
      0.17777777777777776
    ],
    [
      110,
      0.16766467065868262
    ],
    [
      111,
      0.1111111111111111
    ],
    [
      112,
      0.1775147928994083
    ],
    [
      113,
      0.21674876847290642
    ],
    [
      114,
      0.1809954751131222
    ],
    [
      115,
      0.19736842105263158
    ],
    [
      116,
      0.18543046357615892
    ],
    [
      117,
      0.18055555555555555
    ],
    [
      118,
      0.1388888888888889
    ],
    [
      119,
      0.15894039735099338
    ],
    [
      120,
      0.12578616352201258
    ],
    [
      121,
      0.20512820512820512
    ],
    [
      122,
      0.136986301369863
    ],
    [
      123,
      0.22110552763819097
    ],
    [
      124,
      0.11650485436893204
    ],
    [
      125,
      0.13953488372093023
    ],
    [
      126,
      0.25
    ],
    [
      127,
      0.15602836879432622
    ],
    [
      128,
      0.1386138613861386
    ],
    [
      129,
      0.21621621621621617
    ],
    [
      130,
      0.18791946308724833
    ],
    [
      131,
      0.125
    ],
    [
      132,
      0.10810810810810811
    ],
    [
      133,
      0.1323529411764706
    ],
    [
      134,
      0.2318840579710145
    ],
    [
      135,
      0.15942028985507245
    ],
    [
      136,
      0.1327800829875519
    ],
    [
      137,
      0.14814814814814817
    ],
    [
      138,
      0.22222222222222224
    ],
    [
      139,
      0.13496932515337423
    ],
    [
      140,
      0.15277777777777776
    ],
    [
      141,
      0.2528735632183908
    ],
    [
      142,
      0.10152284263959391
    ],
    [
      143,
      0.13930348258706468
    ],
    [
      144,
      0.2767295597484277
    ],
    [
      145,
      0.11382113821138212
    ],
    [
      146,
      0.24338624338624337
    ],
    [
      147,
      0.16091954022988506
    ],
    [
      148,
      0.11666666666666665
    ],
    [
      149,
      0.12307692307692308
    ],
    [
      150,
      0.1323529411764706
    ],
    [
      151,
      0.17204301075268816
    ],
    [
      152,
      0.2528735632183908
    ],
    [
      153,
      0.14084507042253522
    ],
    [
      154,
      0.14516129032258066
    ],
    [
      155,
      0.1818181818181818
    ],
    [
      156,
      0.16042780748663102
    ],
    [
      157,
      0.15037593984962408
    ],
    [
      158,
      0.13223140495867766
    ],
    [
      159,
      0.21518987341772153
    ],
    [
      160,
