{
  "dataset": "QMSum",
  "num_samples": 200,
  "rouge1": 0.3258152367207576,
  "rouge2": 0.07414916581295616,
  "rougeL": 0.19126624439982198,
  "rougeLsum": 0.1950967284270673,
  "per_sample_rougeL": [
    [
      0,
      0.17431192660550457
    ],
    [
      1,
      0.25
    ],
    [
      2,
      0.1691542288557214
    ],
    [
      3,
      0.19428571428571428
    ],
    [
      4,
      0.10852713178294575
    ],
    [
      5,
      0.25263157894736843
    ],
    [
      6,
      0.15853658536585363
    ],
    [
      7,
      0.21301775147928995
    ],
    [
      8,
      0.19736842105263158
    ],
    [
      9,
      0.14193548387096774
    ],
    [
      10,
      0.16438356164383564
    ],
    [
      11,
      0.23645320197044334
    ],
    [
      12,
      0.1793103448275862
    ],
    [
      13,
      0.2604166666666667
    ],
    [
      14,
      0.1990521327014218
    ],
    [
      15,
      0.17105263157894735
    ],
    [
      16,
      0.1626794258373206
    ],
    [
      17,
      0.13793103448275865
    ],
    [
      18,
      0.12454212454212454
    ],
    [
      19,
      0.15028901734104044
    ],
    [
      20,
      0.13714285714285715
    ],
    [
      21,
      0.1794871794871795
    ],
    [
      22,
      0.1871345029239766
    ],
    [
      23,
      0.1948051948051948
    ],
    [
      24,
      0.21164021164021163
    ],
    [
      25,
      0.20444444444444443
    ],
    [
      26,
      0.21965317919075145
    ],
    [
      27,
      0.17142857142857143
    ],
    [
      28,
      0.21428571428571427
    ],
    [
      29,
      0.23952095808383234
    ],
    [
      30,
      0.15384615384615385
    ],
    [
      31,
      0.1917808219178082
    ],
    [
      32,
      0.3419689119170985
    ],
    [
      33,
      0.18181818181818185
    ],
    [
      34,
      0.22222222222222218
    ],
    [
      35,
      0.15384615384615385
    ],
    [
      36,
      0.16969696969696968
    ],
    [
      37,
      0.1739130434782609
    ],
    [
      38,
      0.15584415584415584
    ],
    [
      39,
      0.174496644295302
    ],
    [
      40,
      0.18181818181818182
    ],
    [
      41,
      0.21256038647342995
    ],
    [
      42,
      0.169811320754717
    ],
    [
      43,
      0.21428571428571427
    ],
    [
      44,
      0.13414634146341464
    ],
    [
      45,
      0.12345679012345677
    ],
    [
      46,
      0.17171717171717174
    ],
    [
      47,
      0.15228426395939088
    ],
    [
      48,
      0.22093023255813954
    ],
    [
      49,
      0.16049382716049385
    ],
    [
      50,
      0.18285714285714286
    ],
    [
      51,
      0.2592592592592593
    ],
    [
      52,
      0.2
    ],
    [
      53,
      0.19883040935672514
    ],
    [
      54,
      0.2209302325581395
    ],
    [
      55,
      0.14857142857142855
    ],
    [
      56,
      0.15894039735099336
    ],
    [
      57,
      0.0903954802259887
    ],
    [
      58,
      0.26815642458100564
    ],
    [
      59,
      0.17894736842105266
    ],
    [
      60,
      0.23204419889502761
    ],
    [
      61,
      0.16568047337278108
    ],
    [
      62,
      0.2196969696969697
    ],
    [
      63,
      0.19161676646706588
    ],
    [
      64,
      0.15602836879432624
    ],
    [
      65,
      0.2416107382550336
    ],
    [
      66,
      0.24043715846994534
    ],
    [
      67,
      0.16888888888888892
    ],
    [
      68,
      0.21468926553672316
    ],
    [
      69,
      0.2247191011235955
    ],
    [
      70,
      0.19999999999999998
    ],
    [
      71,
      0.19393939393939394
    ],
    [
      72,
      0.20382165605095542
    ],
    [
      73,
      0.20618556701030927
    ],
    [
      74,
      0.20547945205479454
    ],
    [
      75,
      0.22325581395348834
    ],
    [
      76,
      0.1708542713567839
    ],
    [
      77,
      0.12000000000000001
    ],
    [
      78,
      0.21505376344086022
    ],
    [
      79,
      0.13407821229050282
    ],
    [
      80,
      0.15887850467289721
    ],
    [
      81,
      0.17204301075268819
    ],
    [
      82,
      0.1652892561983471
    ],
    [
      83,
      0.24675324675324675
    ],
    [
      84,
      0.18811881188118812
    ],
    [
      85,
      0.16
    ],
    [
      86,
      0.16806722689075632
    ],
    [
      87,
      0.1954022988505747
    ],
    [
      88,
      0.22807017543859648
    ],
    [
      89,
      0.2788461538461538
    ],
    [
      90,
      0.19387755102040813
    ],
    [
      91,
      0.14965986394557823
    ],
    [
      92,
      0.17543859649122806
    ],
    [
      93,
      0.2
    ],
    [
      94,
      0.15483870967741936
    ],
    [
      95,
      0.2009132420091324
    ],
    [
      96,
      0.2448979591836735
    ],
    [
      97,
      0.2435897435897436
    ],
    [
      98,
      0.1904761904761905
    ],
    [
      99,
      0.21453287197231832
    ],
    [
      100,
      0.2111111111111111
    ],
    [
      101,
      0.2111801242236025
    ],
    [
      102,
      0.17801047120418845
    ],
    [
      103,
      0.25263157894736843
    ],
    [
      104,
      0.1702127659574468
    ],
    [
      105,
      0.21052631578947367
    ],
    [
      106,
      0.19266055045871558
    ],
    [
      107,
      0.2065217391304348
    ],
    [
      108,
      0.2824858757062147
    ],
    [
      109,
      0.18055555555555552
    ],
    [
      110,
      0.20430107526881722
    ],
    [
      111,
      0.232
    ],
    [
      112,
      0.23157894736842105
    ],
    [
      113,
      0.3027522935779816
    ],
    [
      114,
      0.24793388429752064
    ],
    [
      115,
      0.15384615384615383
    ],
    [
      116,
      0.17525773195876287
    ],
    [
      117,
      0.20224719101123598
    ],
    [
      118,
      0.19867549668874174
    ],
    [
      119,
      0.19354838709677416
    ],
    [
      120,
      0.14444444444444446
    ],
    [
      121,
      0.1764705882352941
    ],
    [
      122,
      0.1495327102803738
    ],
    [
      123,
      0.25742574257425743
    ],
    [
      124,
      0.1232876712328767
    ],
    [
      125,
      0.1348314606741573
    ],
    [
      126,
      0.21428571428571427
    ],
    [
      127,
      0.12422360248447205
    ],
    [
      128,
      0.27751196172248804
    ],
    [
      129,
      0.19393939393939394
    ],
    [
      130,
      0.14285714285714282
    ],
    [
      131,
      0.15286624203821655
    ],
    [
      132,
      0.20689655172413793
    ],
    [
      133,
      0.2236842105263158
    ],
    [
      134,
      0.28699551569506726
    ],
    [
      135,
      0.16107382550335572
    ],
    [
      136,
      0.15019762845849802
    ],
    [
      137,
      0.18518518518518517
    ],
    [
      138,
      0.27368421052631575
    ],
    [
      139,
      0.12429378531073446
    ],
    [
      140,
      0.11920529801324503
    ],
    [
      141,
      0.31182795698924737
    ],
    [
      142,
      0.22535211267605634
    ],
    [
      143,
      0.19999999999999998
    ],
    [
      144,
      0.20304568527918782
    ],
    [
      145,
      0.0816326530612245
    ],
    [
      146,
      0.21052631578947367
    ],
    [
      147,
      0.17204301075268816
    ],
    [
      148,
      0.19117647058823528
    ],
    [
      149,
      0.16374269005847952
    ],
    [
      150,
      0.2159090909090909
    ],
    [
      151,
      0.21052631578947367
    ],
    [
      152,
      0.1875
    ],
    [
      153,
      0.15894039735099336
    ],
    [
      154,
      0.1818181818181818
    ],
    [
      155,
      0.20606060606060608
    ],
    [
      156,
      0.1818181818181818
    ],
    [
      157,
      0.12698412698412698
    ],
    [
      158,
      0.17679558011049723
    ],
    [
      159,
      0.21686746987951808
    ],
    [
      160,
