{
  "dataset": "QMSum",
  "num_samples": 200,
  "rouge1": 0.16941891110892165,
  "rouge2": 0.03595089392765592,
  "rougeL": 0.10239098896979415,
  "rougeLsum": 0.11494576860474465,
  "per_sample_rougeL": [
    [
      0,
      0.13359528487229863
    ],
    [
      1,
      0.1320754716981132
    ],
    [
      2,
      0.12295081967213115
    ],
    [
      3,
      0.10599078341013826
    ],
    [
      4,
      0.05394190871369295
    ],
    [
      5,
      0.12615955473098328
    ],
    [
      6,
      0.09090909090909091
    ],
    [
      7,
      0.09177820267686425
    ],
    [
      8,
      0.09221902017291067
    ],
    [
      9,
      0.0814663951120163
    ],
    [
      10,
      0.07272727272727274
    ],
    [
      11,
      0.10505050505050507
    ],
    [
      12,
      0.07188160676532768
    ],
    [
      13,
      0.13333333333333333
    ],
    [
      14,
      0.12662942271880817
    ],
    [
      15,
      0.08350730688935282
    ],
    [
      16,
      0.1200750469043152
    ],
    [
      17,
      0.09248554913294799
    ],
    [
      18,
      0.1254355400696864
    ],
    [
      19,
      0.09465020576131686
    ],
    [
      20,
      0.06719367588932806
    ],
    [
      21,
      0.07952286282306163
    ],
    [
      22,
      0.07422680412371134
    ],
    [
      23,
      0.09341825902335456
    ],
    [
      24,
      0.10294117647058826
    ],
    [
      25,
      0.15717092337917485
    ],
    [
      26,
      0.09652509652509653
    ],
    [
      27,
      0.08050847457627118
    ],
    [
      28,
      0.09677419354838711
    ],
    [
      29,
      0.07127882599580712
    ],
    [
      30,
      0.15584415584415584
    ],
    [
      31,
      0.06097560975609756
    ],
    [
      32,
      0.11657559198542805
    ],
    [
      33,
      0.12313432835820895
    ],
    [
      34,
      0.08400000000000002
    ],
    [
      35,
      0.11090573012939003
    ],
    [
      36,
      0.09823182711198429
    ],
    [
      37,
      0.1054766734279919
    ],
    [
      38,
      0.06981519507186859
    ],
    [
      39,
      0.06694560669456066
    ],
    [
      40,
      0.09774436090225563
    ],
    [
      41,
      0.09660107334525939
    ],
    [
      42,
      0.09398496240601503
    ],
    [
      43,
      0.10590631364562118
    ],
    [
      44,
      0.08
    ],
    [
      45,
      0.08316831683168317
    ],
    [
      46,
      0.10207939508506615
    ],
    [
      47,
      0.0966542750929368
    ],
    [
      48,
      0.09600000000000002
    ],
    [
      49,
      0.07554671968190856
    ],
    [
      50,
      0.0841683366733467
    ],
    [
      51,
      0.15495495495495495
    ],
    [
      52,
      0.07589285714285715
    ],
    [
      53,
      0.09236947791164658
    ],
    [
      54,
      0.09861932938856015
    ],
    [
      55,
      0.08984375000000001
    ],
    [
      56,
      0.07083333333333333
    ],
    [
      57,
      0.07068607068607069
    ],
    [
      58,
      0.12096774193548386
    ],
    [
      59,
      0.11047619047619049
    ],
    [
      60,
      0.09022556390977444
    ],
    [
      61,
      0.10460251046025103
    ],
    [
      62,
      0.173044925124792
    ],
    [
      63,
      0.0875
    ],
    [
      64,
      0.08641975308641976
    ],
    [
      65,
      0.0862422997946612
    ],
    [
      66,
      0.13043478260869568
    ],
    [
      67,
      0.1388888888888889
    ],
    [
      68,
      0.0925925925925926
    ],
    [
      69,
      0.10344827586206896
    ],
    [
      70,
      0.09716599190283401
    ],
    [
      71,
      0.07157057654075547
    ],
    [
      72,
      0.08281573498964803
    ],
    [
      73,
      0.1044776119402985
    ],
    [
      74,
      0.10273972602739725
    ],
    [
      75,
      0.13503649635036497
    ],
    [
      76,
      0.09848484848484848
    ],
    [
      77,
      0.06047516198704103
    ],
    [
      78,
      0.125
    ],
    [
      79,
      0.09829867674858223
    ],
    [
      80,
      0.12549019607843137
    ],
    [
      81,
      0.07532956685499058
    ],
    [
      82,
      0.14213197969543145
    ],
    [
      83,
      0.07661290322580645
    ],
    [
      84,
      0.11531531531531532
    ],
    [
      85,
      0.1115702479338843
    ],
    [
      86,
      0.13793103448275862
    ],
    [
      87,
      0.10227272727272728
    ],
    [
      88,
      0.12411347517730496
    ],
    [
      89,
      0.1669626998223801
    ],
    [
      90,
      0.1111111111111111
    ],
    [
      91,
      0.07174887892376682
    ],
    [
      92,
      0.08484848484848485
    ],
    [
      93,
      0.1284722222222222
    ],
    [
      94,
      0.08677685950413222
    ],
    [
      95,
      0.13451327433628318
    ],
    [
      96,
      0.15625
    ],
    [
      97,
      0.07874015748031496
    ],
    [
      98,
      0.10820895522388059
    ],
    [
      99,
      0.1641541038525963
    ],
    [
      100,
      0.1113490364025696
    ],
    [
      101,
      0.09072978303747535
    ],
    [
      102,
      0.08193668528864059
    ],
    [
      103,
      0.12336448598130842
    ],
    [
      104,
      0.0860215053763441
    ],
    [
      105,
      0.14285714285714285
    ],
    [
      106,
      0.13380281690140847
    ],
    [
      107,
      0.10748560460652591
    ],
    [
      108,
      0.1306930693069307
    ],
    [
      109,
      0.08247422680412372
    ],
    [
      110,
      0.09671179883945841
    ],
    [
      111,
      0.15679442508710803
    ],
    [
      112,
      0.12121212121212123
    ],
    [
      113,
      0.16417910447761194
    ],
    [
      114,
      0.1302816901408451
    ],
    [
      115,
      0.08482142857142858
    ],
    [
      116,
      0.10526315789473685
    ],
    [
      117,
      0.10984848484848483
    ],
    [
      118,
      0.07676767676767678
    ],
    [
      119,
      0.09580838323353293
    ],
    [
      120,
      0.08979591836734695
    ],
    [
      121,
      0.10683760683760685
    ],
    [
      122,
      0.09885931558935362
    ],
    [
      123,
      0.12379110251450677
    ],
    [
      124,
      0.0709812108559499
    ],
    [
      125,
      0.09999999999999999
    ],
    [
      126,
      0.09561752988047809
    ],
    [
      127,
      0.08853118712273642
    ],
    [
      128,
      0.12290502793296089
    ],
    [
      129,
      0.0918580375782881
    ],
    [
      130,
      0.11262135922330097
    ],
    [
      131,
      0.07453416149068322
    ],
    [
      132,
      0.10687022900763359
    ],
    [
      133,
      0.08071748878923767
    ],
    [
      134,
      0.13465346534653466
    ],
    [
      135,
      0.07584830339321356
    ],
    [
      136,
      0.12416107382550337
    ],
    [
      137,
      0.08747514910536779
    ],
    [
      138,
      0.1172022684310019
    ],
    [
      139,
      0.07751937984496124
    ],
    [
      140,
      0.09333333333333334
    ],
    [
      141,
      0.1381957773512476
    ],
    [
      142,
      0.10849909584086799
    ],
    [
      143,
      0.16074766355140188
    ],
    [
      144,
      0.10438413361169102
    ],
    [
      145,
      0.08102345415778252
    ],
    [
      146,
      0.1245136186770428
    ],
    [
      147,
      0.09652509652509653
    ],
    [
      148,
      0.05749486652977413
    ],
    [
      149,
      0.096579476861167
    ],
    [
      150,
      0.12607449856733527
    ],
    [
      151,
      0.15019762845849802
    ],
    [
      152,
      0.06864988558352403
    ],
    [
      153,
      0.07234042553191489
    ],
    [
      154,
      0.07792207792207792
    ],
    [
      155,
      0.13552361396303902
    ],
    [
      156,
      0.11787819253438114
    ],
    [
      157,
      0.05957446808510638
    ],
    [
      158,
      0.10407239819004524
    ],
    [
      159,
