{
  "dataset": "QMSum",
  "num_samples": 200,
  "rouge1": 0.32887725929715295,
  "rouge2": 0.07669801806432394,
  "rougeL": 0.1916790455184313,
  "rougeLsum": 0.19675520452225165,
  "per_sample_rougeL": [
    [
      0,
      0.16289592760181
    ],
    [
      1,
      0.27835051546391754
    ],
    [
      2,
      0.15228426395939085
    ],
    [
      3,
      0.20238095238095236
    ],
    [
      4,
      0.11023622047244093
    ],
    [
      5,
      0.24598930481283424
    ],
    [
      6,
      0.15476190476190477
    ],
    [
      7,
      0.1904761904761905
    ],
    [
      8,
      0.16455696202531644
    ],
    [
      9,
      0.1518987341772152
    ],
    [
      10,
      0.1780821917808219
    ],
    [
      11,
      0.2608695652173913
    ],
    [
      12,
      0.18055555555555558
    ],
    [
      13,
      0.28125
    ],
    [
      14,
      0.1784037558685446
    ],
    [
      15,
      0.16
    ],
    [
      16,
      0.21463414634146344
    ],
    [
      17,
      0.16279069767441862
    ],
    [
      18,
      0.14652014652014653
    ],
    [
      19,
      0.14035087719298245
    ],
    [
      20,
      0.12941176470588237
    ],
    [
      21,
      0.2278481012658228
    ],
    [
      22,
      0.17857142857142858
    ],
    [
      23,
      0.18181818181818182
    ],
    [
      24,
      0.21164021164021163
    ],
    [
      25,
      0.21524663677130046
    ],
    [
      26,
      0.18604651162790697
    ],
    [
      27,
      0.1986754966887417
    ],
    [
      28,
      0.20304568527918782
    ],
    [
      29,
      0.21951219512195122
    ],
    [
      30,
      0.1564245810055866
    ],
    [
      31,
      0.16783216783216787
    ],
    [
      32,
      0.23036649214659682
    ],
    [
      33,
      0.17258883248730966
    ],
    [
      34,
      0.24096385542168672
    ],
    [
      35,
      0.17525773195876287
    ],
    [
      36,
      0.1839080459770115
    ],
    [
      37,
      0.15544041450777205
    ],
    [
      38,
      0.15686274509803919
    ],
    [
      39,
      0.17333333333333334
    ],
    [
      40,
      0.18367346938775508
    ],
    [
      41,
      0.16901408450704225
    ],
    [
      42,
      0.13084112149532712
    ],
    [
      43,
      0.21192052980132448
    ],
    [
      44,
      0.1481481481481481
    ],
    [
      45,
      0.1282051282051282
    ],
    [
      46,
      0.17171717171717174
    ],
    [
      47,
      0.1450777202072539
    ],
    [
      48,
      0.19883040935672516
    ],
    [
      49,
      0.1575757575757576
    ],
    [
      50,
      0.19318181818181818
    ],
    [
      51,
      0.18867924528301888
    ],
    [
      52,
      0.20512820512820515
    ],
    [
      53,
      0.16470588235294117
    ],
    [
      54,
      0.23391812865497078
    ],
    [
      55,
      0.154639175257732
    ],
    [
      56,
      0.15789473684210525
    ],
    [
      57,
      0.1348314606741573
    ],
    [
      58,
      0.3
    ],
    [
      59,
      0.1827956989247312
    ],
    [
      60,
      0.23595505617977527
    ],
    [
      61,
      0.2380952380952381
    ],
    [
      62,
      0.21722846441947566
    ],
    [
      63,
      0.15757575757575756
    ],
    [
      64,
      0.1780821917808219
    ],
    [
      65,
      0.19753086419753088
    ],
    [
      66,
      0.19889502762430938
    ],
    [
      67,
      0.20091324200913244
    ],
    [
      68,
      0.19565217391304346
    ],
    [
      69,
      0.1581920903954802
    ],
    [
      70,
      0.2368421052631579
    ],
    [
      71,
      0.15789473684210525
    ],
    [
      72,
      0.20779220779220778
    ],
    [
      73,
      0.20304568527918784
    ],
    [
      74,
      0.17567567567567569
    ],
    [
      75,
      0.27649769585253453
    ],
    [
      76,
      0.11891891891891893
    ],
    [
      77,
      0.11920529801324505
    ],
    [
      78,
      0.22580645161290322
    ],
    [
      79,
      0.1724137931034483
    ],
    [
      80,
      0.19469026548672563
    ],
    [
      81,
      0.17204301075268819
    ],
    [
      82,
      0.1589958158995816
    ],
    [
      83,
      0.18543046357615894
    ],
    [
      84,
      0.19
    ],
    [
      85,
      0.19607843137254902
    ],
    [
      86,
      0.17427385892116184
    ],
    [
      87,
      0.16759776536312848
    ],
    [
      88,
      0.21145374449339202
    ],
    [
      89,
      0.4271844660194175
    ],
    [
      90,
      0.19387755102040813
    ],
    [
      91,
      0.16438356164383564
    ],
    [
      92,
      0.14035087719298245
    ],
    [
      93,
      0.21645021645021645
    ],
    [
      94,
      0.19858156028368792
    ],
    [
      95,
      0.22935779816513763
    ],
    [
      96,
      0.2139917695473251
    ],
    [
      97,
      0.25316455696202533
    ],
    [
      98,
      0.2094240837696335
    ],
    [
      99,
      0.22222222222222224
    ],
    [
      100,
      0.24175824175824176
    ],
    [
      101,
      0.189873417721519
    ],
    [
      102,
      0.22797927461139897
    ],
    [
      103,
      0.2021276595744681
    ],
    [
      104,
      0.163265306122449
    ],
    [
      105,
      0.2127659574468085
    ],
    [
      106,
      0.17757009345794394
    ],
    [
      107,
      0.1798941798941799
    ],
    [
      108,
      0.26285714285714284
    ],
    [
      109,
      0.17142857142857143
    ],
    [
      110,
      0.21276595744680848
    ],
    [
      111,
      0.19762845849802368
    ],
    [
      112,
      0.27368421052631575
    ],
    [
      113,
      0.2629107981220657
    ],
    [
      114,
      0.2520325203252033
    ],
    [
      115,
      0.15
    ],
    [
      116,
      0.16080402010050251
    ],
    [
      117,
      0.1954022988505747
    ],
    [
      118,
      0.1830065359477124
    ],
    [
      119,
      0.18064516129032257
    ],
    [
      120,
      0.1758241758241758
    ],
    [
      121,
      0.16568047337278108
    ],
    [
      122,
      0.136986301369863
    ],
    [
      123,
      0.22885572139303484
    ],
    [
      124,
      0.13605442176870747
    ],
    [
      125,
      0.15555555555555556
    ],
    [
      126,
      0.19393939393939394
    ],
    [
      127,
      0.10457516339869281
    ],
    [
      128,
      0.28846153846153844
    ],
    [
      129,
      0.16352201257861637
    ],
    [
      130,
      0.1222222222222222
    ],
    [
      131,
      0.1282051282051282
    ],
    [
      132,
      0.20571428571428574
    ],
    [
      133,
      0.217687074829932
    ],
    [
      134,
      0.23255813953488372
    ],
    [
      135,
      0.1904761904761905
    ],
    [
      136,
      0.19157088122605365
    ],
    [
      137,
      0.16666666666666666
    ],
    [
      138,
      0.22340425531914893
    ],
    [
      139,
      0.13186813186813187
    ],
    [
      140,
      0.1324503311258278
    ],
    [
      141,
      0.30434782608695654
    ],
    [
      142,
      0.17757009345794394
    ],
    [
      143,
      0.21198156682027652
    ],
    [
      144,
      0.19289340101522842
    ],
    [
      145,
      0.17687074829931973
    ],
    [
      146,
      0.228310502283105
    ],
    [
      147,
      0.1297297297297297
    ],
    [
      148,
      0.1897810218978102
    ],
    [
      149,
      0.16666666666666666
    ],
    [
      150,
      0.26966292134831465
    ],
    [
      151,
      0.1913875598086124
    ],
    [
      152,
      0.20155038759689922
    ],
    [
      153,
      0.16216216216216214
    ],
    [
      154,
      0.13986013986013984
    ],
    [
      155,
      0.24852071005917162
    ],
    [
      156,
      0.2156862745098039
    ],
    [
      157,
      0.11851851851851852
    ],
    [
      158,
      0.20765027322404372
    ],
    [
      159,
      0.2909090909090909
    ],
    [
      160,
