{
  "dataset": "QMSum",
  "num_samples": 200,
  "rouge1": 0.1587180160765176,
  "rouge2": 0.0329842268822856,
  "rougeL": 0.10289987366101544,
  "rougeLsum": 0.10841223761410379,
  "per_sample_rougeL": [
    [
      0,
      0.13693693693693693
    ],
    [
      1,
      0.1320754716981132
    ],
    [
      2,
      0.12295081967213115
    ],
    [
      3,
      0.10599078341013826
    ],
    [
      4,
      0.04385964912280702
    ],
    [
      5,
      0.1366223908918406
    ],
    [
      6,
      0.09090909090909091
    ],
    [
      7,
      0.06995884773662552
    ],
    [
      8,
      0.0675944333996024
    ],
    [
      9,
      0.0814663951120163
    ],
    [
      10,
      0.09302325581395347
    ],
    [
      11,
      0.13805970149253732
    ],
    [
      12,
      0.07188160676532768
    ],
    [
      13,
      0.1492537313432836
    ],
    [
      14,
      0.11829944547134935
    ],
    [
      15,
      0.08350730688935282
    ],
    [
      16,
      0.108499095840868
    ],
    [
      17,
      0.09248554913294799
    ],
    [
      18,
      0.11993517017828202
    ],
    [
      19,
      0.09465020576131686
    ],
    [
      20,
      0.06719367588932806
    ],
    [
      21,
      0.09465020576131687
    ],
    [
      22,
      0.05928853754940712
    ],
    [
      23,
      0.09341825902335456
    ],
    [
      24,
      0.10294117647058826
    ],
    [
      25,
      0.15412186379928317
    ],
    [
      26,
      0.09652509652509653
    ],
    [
      27,
      0.07640449438202249
    ],
    [
      28,
      0.09677419354838711
    ],
    [
      29,
      0.07127882599580712
    ],
    [
      30,
      0.10420841683366734
    ],
    [
      31,
      0.0851063829787234
    ],
    [
      32,
      0.11657559198542805
    ],
    [
      33,
      0.12313432835820895
    ],
    [
      34,
      0.10699588477366255
    ],
    [
      35,
      0.11090573012939003
    ],
    [
      36,
      0.1046728971962617
    ],
    [
      37,
      0.109979633401222
    ],
    [
      38,
      0.06981519507186859
    ],
    [
      39,
      0.06694560669456066
    ],
    [
      40,
      0.09774436090225563
    ],
    [
      41,
      0.10090090090090093
    ],
    [
      42,
      0.09056603773584905
    ],
    [
      43,
      0.10084033613445378
    ],
    [
      44,
      0.08
    ],
    [
      45,
      0.08316831683168317
    ],
    [
      46,
      0.10207939508506615
    ],
    [
      47,
      0.0945179584120983
    ],
    [
      48,
      0.11206896551724138
    ],
    [
      49,
      0.09765625000000001
    ],
    [
      50,
      0.0841683366733467
    ],
    [
      51,
      0.12797074954296161
    ],
    [
      52,
      0.07589285714285715
    ],
    [
      53,
      0.09236947791164658
    ],
    [
      54,
      0.11510791366906475
    ],
    [
      55,
      0.09411764705882353
    ],
    [
      56,
      0.07083333333333333
    ],
    [
      57,
      0.06614785992217899
    ],
    [
      58,
      0.12096774193548386
    ],
    [
      59,
      0.11047619047619049
    ],
    [
      60,
      0.10706638115631692
    ],
    [
      61,
      0.10460251046025103
    ],
    [
      62,
      0.18181818181818182
    ],
    [
      63,
      0.09677419354838708
    ],
    [
      64,
      0.08641975308641976
    ],
    [
      65,
      0.10116731517509728
    ],
    [
      66,
      0.12669683257918554
    ],
    [
      67,
      0.16122840690978887
    ],
    [
      68,
      0.0925925925925926
    ],
    [
      69,
      0.06963249516441006
    ],
    [
      70,
      0.09716599190283401
    ],
    [
      71,
      0.09836065573770493
    ],
    [
      72,
      0.07883817427385893
    ],
    [
      73,
      0.1044776119402985
    ],
    [
      74,
      0.07243460764587524
    ],
    [
      75,
      0.1425959780621572
    ],
    [
      76,
      0.09848484848484848
    ],
    [
      77,
      0.0668257756563246
    ],
    [
      78,
      0.125
    ],
    [
      79,
      0.09829867674858223
    ],
    [
      80,
      0.12549019607843137
    ],
    [
      81,
      0.08955223880597014
    ],
    [
      82,
      0.1399317406143345
    ],
    [
      83,
      0.07661290322580645
    ],
    [
      84,
      0.11231884057971014
    ],
    [
      85,
      0.1115702479338843
    ],
    [
      86,
      0.14878892733564014
    ],
    [
      87,
      0.10227272727272728
    ],
    [
      88,
      0.12411347517730496
    ],
    [
      89,
      0.1360294117647059
    ],
    [
      90,
      0.1111111111111111
    ],
    [
      91,
      0.0706401766004415
    ],
    [
      92,
      0.0973630831643002
    ],
    [
      93,
      0.11824324324324326
    ],
    [
      94,
      0.08677685950413222
    ],
    [
      95,
      0.14385964912280705
    ],
    [
      96,
      0.1669626998223801
    ],
    [
      97,
      0.07874015748031496
    ],
    [
      98,
      0.1070110701107011
    ],
    [
      99,
      0.1641541038525963
    ],
    [
      100,
      0.09881422924901187
    ],
    [
      101,
      0.09072978303747535
    ],
    [
      102,
      0.09867172675521822
    ],
    [
      103,
      0.12154696132596686
    ],
    [
      104,
      0.0860215053763441
    ],
    [
      105,
      0.1284046692607004
    ],
    [
      106,
      0.13380281690140847
    ],
    [
      107,
      0.10748560460652591
    ],
    [
      108,
      0.13849287169042768
    ],
    [
      109,
      0.08247422680412372
    ],
    [
      110,
      0.109979633401222
    ],
    [
      111,
      0.16216216216216217
    ],
    [
      112,
      0.12121212121212123
    ],
    [
      113,
      0.16417910447761194
    ],
    [
      114,
      0.13743218806509944
    ],
    [
      115,
      0.0857787810383747
    ],
    [
      116,
      0.09166666666666666
    ],
    [
      117,
      0.10984848484848483
    ],
    [
      118,
      0.07676767676767678
    ],
    [
      119,
      0.09580838323353293
    ],
    [
      120,
      0.09725158562367865
    ],
    [
      121,
      0.09684210526315791
    ],
    [
      122,
      0.09689922480620156
    ],
    [
      123,
      0.12952380952380954
    ],
    [
      124,
      0.0709812108559499
    ],
    [
      125,
      0.10236220472440945
    ],
    [
      126,
      0.10276679841897234
    ],
    [
      127,
      0.08747514910536779
    ],
    [
      128,
      0.14393939393939392
    ],
    [
      129,
      0.09053497942386833
    ],
    [
      130,
      0.11262135922330097
    ],
    [
      131,
      0.07453416149068322
    ],
    [
      132,
      0.1150278293135436
    ],
    [
      133,
      0.09375
    ],
    [
      134,
      0.13465346534653466
    ],
    [
      135,
      0.08768267223382047
    ],
    [
      136,
      0.12416107382550337
    ],
    [
      137,
      0.08484848484848484
    ],
    [
      138,
      0.12840466926070038
    ],
    [
      139,
      0.08333333333333334
    ],
    [
      140,
      0.09029345372460497
    ],
    [
      141,
      0.1381957773512476
    ],
    [
      142,
      0.10849909584086799
    ],
    [
      143,
      0.12915129151291513
    ],
    [
      144,
      0.10438413361169102
    ],
    [
      145,
      0.08102345415778252
    ],
    [
      146,
      0.13479052823315119
    ],
    [
      147,
      0.1064638783269962
    ],
    [
      148,
      0.05749486652977413
    ],
    [
      149,
      0.08187134502923978
    ],
    [
      150,
      0.12607449856733527
    ],
    [
      151,
      0.1378026070763501
    ],
    [
      152,
      0.06864988558352403
    ],
    [
      153,
      0.06799999999999999
    ],
    [
      154,
      0.07792207792207792
    ],
    [
      155,
      0.13552361396303902
    ],
    [
      156,
      0.09999999999999999
    ],
    [
      157,
      0.05957446808510638
    ],
    [
      158,
      0.10204081632653061
    ],
    [
      159,
