{
  "dataset": "QMSum",
  "num_samples": 200,
  "rouge1": 0.3273726386825293,
  "rouge2": 0.07460978716182605,
  "rougeL": 0.18987905749001827,
  "rougeLsum": 0.19390035473473705,
  "per_sample_rougeL": [
    [
      0,
      0.17117117117117117
    ],
    [
      1,
      0.25510204081632654
    ],
    [
      2,
      0.15624999999999997
    ],
    [
      3,
      0.20224719101123598
    ],
    [
      4,
      0.12213740458015267
    ],
    [
      5,
      0.32460732984293195
    ],
    [
      6,
      0.1411764705882353
    ],
    [
      7,
      0.22485207100591714
    ],
    [
      8,
      0.16883116883116883
    ],
    [
      9,
      0.1518987341772152
    ],
    [
      10,
      0.12328767123287672
    ],
    [
      11,
      0.23076923076923078
    ],
    [
      12,
      0.17266187050359713
    ],
    [
      13,
      0.2564102564102564
    ],
    [
      14,
      0.16822429906542058
    ],
    [
      15,
      0.14666666666666667
    ],
    [
      16,
      0.17224880382775118
    ],
    [
      17,
      0.18497109826589594
    ],
    [
      18,
      0.12500000000000003
    ],
    [
      19,
      0.15116279069767444
    ],
    [
      20,
      0.11560693641618497
    ],
    [
      21,
      0.1761006289308176
    ],
    [
      22,
      0.17441860465116282
    ],
    [
      23,
      0.2051282051282051
    ],
    [
      24,
      0.23157894736842105
    ],
    [
      25,
      0.18750000000000003
    ],
    [
      26,
      0.2543352601156069
    ],
    [
      27,
      0.20437956204379565
    ],
    [
      28,
      0.21428571428571427
    ],
    [
      29,
      0.19161676646706588
    ],
    [
      30,
      0.15384615384615385
    ],
    [
      31,
      0.163265306122449
    ],
    [
      32,
      0.2054054054054054
    ],
    [
      33,
      0.18999999999999997
    ],
    [
      34,
      0.23312883435582823
    ],
    [
      35,
      0.1761658031088083
    ],
    [
      36,
      0.19318181818181818
    ],
    [
      37,
      0.1758241758241758
    ],
    [
      38,
      0.16993464052287582
    ],
    [
      39,
      0.17333333333333334
    ],
    [
      40,
      0.16161616161616163
    ],
    [
      41,
      0.17560975609756097
    ],
    [
      42,
      0.16666666666666669
    ],
    [
      43,
      0.2
    ],
    [
      44,
      0.1696969696969697
    ],
    [
      45,
      0.14814814814814814
    ],
    [
      46,
      0.19289340101522842
    ],
    [
      47,
      0.16580310880829016
    ],
    [
      48,
      0.20689655172413793
    ],
    [
      49,
      0.16766467065868262
    ],
    [
      50,
      0.17045454545454544
    ],
    [
      51,
      0.26168224299065423
    ],
    [
      52,
      0.18750000000000003
    ],
    [
      53,
      0.1893491124260355
    ],
    [
      54,
      0.2366863905325444
    ],
    [
      55,
      0.14736842105263157
    ],
    [
      56,
      0.1506849315068493
    ],
    [
      57,
      0.10227272727272725
    ],
    [
      58,
      0.29050279329608936
    ],
    [
      59,
      0.18579234972677594
    ],
    [
      60,
      0.22099447513812157
    ],
    [
      61,
      0.20359281437125748
    ],
    [
      62,
      0.22641509433962262
    ],
    [
      63,
      0.21176470588235294
    ],
    [
      64,
      0.18705035971223022
    ],
    [
      65,
      0.24324324324324323
    ],
    [
      66,
      0.2417582417582417
    ],
    [
      67,
      0.2325581395348837
    ],
    [
      68,
      0.18681318681318684
    ],
    [
      69,
      0.1564245810055866
    ],
    [
      70,
      0.26315789473684215
    ],
    [
      71,
      0.13496932515337423
    ],
    [
      72,
      0.21794871794871792
    ],
    [
      73,
      0.20618556701030927
    ],
    [
      74,
      0.18055555555555558
    ],
    [
      75,
      0.2935779816513761
    ],
    [
      76,
      0.1683168316831683
    ],
    [
      77,
      0.07999999999999999
    ],
    [
      78,
      0.2065217391304348
    ],
    [
      79,
      0.16
    ],
    [
      80,
      0.18181818181818182
    ],
    [
      81,
      0.1348314606741573
    ],
    [
      82,
      0.17355371900826447
    ],
    [
      83,
      0.19736842105263158
    ],
    [
      84,
      0.14358974358974358
    ],
    [
      85,
      0.20487804878048782
    ],
    [
      86,
      0.24291497975708504
    ],
    [
      87,
      0.1282051282051282
    ],
    [
      88,
      0.2026431718061674
    ],
    [
      89,
      0.31730769230769235
    ],
    [
      90,
      0.19487179487179487
    ],
    [
      91,
      0.13157894736842105
    ],
    [
      92,
      0.16666666666666669
    ],
    [
      93,
      0.21739130434782608
    ],
    [
      94,
      0.20408163265306123
    ],
    [
      95,
      0.25112107623318386
    ],
    [
      96,
      0.20491803278688525
    ],
    [
      97,
      0.20512820512820512
    ],
    [
      98,
      0.2094240837696335
    ],
    [
      99,
      0.21453287197231832
    ],
    [
      100,
      0.223463687150838
    ],
    [
      101,
      0.1728395061728395
    ],
    [
      102,
      0.19895287958115182
    ],
    [
      103,
      0.2631578947368421
    ],
    [
      104,
      0.15068493150684933
    ],
    [
      105,
      0.23404255319148937
    ],
    [
      106,
      0.19266055045871558
    ],
    [
      107,
      0.18994413407821226
    ],
    [
      108,
      0.31213872832369943
    ],
    [
      109,
      0.16783216783216784
    ],
    [
      110,
      0.26229508196721313
    ],
    [
      111,
      0.24218749999999997
    ],
    [
      112,
      0.19791666666666666
    ],
    [
      113,
      0.2624434389140271
    ],
    [
      114,
      0.21052631578947367
    ],
    [
      115,
      0.14285714285714288
    ],
    [
      116,
      0.16243654822335024
    ],
    [
      117,
      0.21839080459770113
    ],
    [
      118,
      0.13071895424836602
    ],
    [
      119,
      0.16455696202531647
    ],
    [
      120,
      0.16483516483516483
    ],
    [
      121,
      0.23121387283236994
    ],
    [
      122,
      0.15525114155251138
    ],
    [
      123,
      0.17616580310880828
    ],
    [
      124,
      0.13513513513513514
    ],
    [
      125,
      0.20000000000000004
    ],
    [
      126,
      0.20481927710843373
    ],
    [
      127,
      0.1366459627329193
    ],
    [
      128,
      0.3269230769230769
    ],
    [
      129,
      0.19753086419753085
    ],
    [
      130,
      0.16393442622950818
    ],
    [
      131,
      0.14634146341463414
    ],
    [
      132,
      0.2122905027932961
    ],
    [
      133,
      0.21333333333333335
    ],
    [
      134,
      0.20909090909090908
    ],
    [
      135,
      0.17333333333333334
    ],
    [
      136,
      0.16216216216216217
    ],
    [
      137,
      0.1696969696969697
    ],
    [
      138,
      0.24468085106382978
    ],
    [
      139,
      0.12359550561797754
    ],
    [
      140,
      0.1780821917808219
    ],
    [
      141,
      0.3068783068783069
    ],
    [
      142,
      0.17924528301886794
    ],
    [
      143,
      0.1981981981981982
    ],
    [
      144,
      0.21761658031088082
    ],
    [
      145,
      0.15584415584415584
    ],
    [
      146,
      0.205607476635514
    ],
    [
      147,
      0.1473684210526316
    ],
    [
      148,
      0.1925925925925926
    ],
    [
      149,
      0.14035087719298245
    ],
    [
      150,
      0.17582417582417584
    ],
    [
      151,
      0.1941747572815534
    ],
    [
      152,
      0.15384615384615383
    ],
    [
      153,
      0.15894039735099336
    ],
    [
      154,
      0.16901408450704225
    ],
    [
      155,
      0.23809523809523808
    ],
    [
      156,
      0.22110552763819094
    ],
    [
      157,
      0.11594202898550725
    ],
    [
      158,
      0.1899441340782123
    ],
    [
      159,
