{
  "dataset": "QMSum",
  "num_samples": 200,
  "rouge1": 0.24143518292305433,
  "rouge2": 0.0535586220983776,
  "rougeL": 0.15590921001376817,
  "rougeLsum": 0.16348066884583823,
  "per_sample_rougeL": [
    [
      0,
      0.16267942583732056
    ],
    [
      1,
      0.13793103448275862
    ],
    [
      2,
      0.17777777777777776
    ],
    [
      3,
      0.1987577639751553
    ],
    [
      4,
      0.1322314049586777
    ],
    [
      5,
      0.1509433962264151
    ],
    [
      6,
      0.19480519480519481
    ],
    [
      7,
      0.0945945945945946
    ],
    [
      8,
      0.16
    ],
    [
      9,
      0.21138211382113822
    ],
    [
      10,
      0.10256410256410256
    ],
    [
      11,
      0.21238938053097345
    ],
    [
      12,
      0.18867924528301885
    ],
    [
      13,
      0.18823529411764706
    ],
    [
      14,
      0.1262135922330097
    ],
    [
      15,
      0.19178082191780824
    ],
    [
      16,
      0.11891891891891891
    ],
    [
      17,
      0.15483870967741933
    ],
    [
      18,
      0.13284132841328414
    ],
    [
      19,
      0.15294117647058822
    ],
    [
      20,
      0.13664596273291924
    ],
    [
      21,
      0.13008130081300814
    ],
    [
      22,
      0.20253164556962028
    ],
    [
      23,
      0.22516556291390727
    ],
    [
      24,
      0.12571428571428572
    ],
    [
      25,
      0.13953488372093023
    ],
    [
      26,
      0.44871794871794873
    ],
    [
      27,
      0.16058394160583941
    ],
    [
      28,
      0.14942528735632185
    ],
    [
      29,
      0.12162162162162163
    ],
    [
      30,
      0.17857142857142858
    ],
    [
      31,
      0.16296296296296295
    ],
    [
      32,
      0.2111111111111111
    ],
    [
      33,
      0.17391304347826084
    ],
    [
      34,
      0.19999999999999998
    ],
    [
      35,
      0.16080402010050251
    ],
    [
      36,
      0.1764705882352941
    ],
    [
      37,
      0.13793103448275865
    ],
    [
      38,
      0.14388489208633093
    ],
    [
      39,
      0.08333333333333333
    ],
    [
      40,
      0.11320754716981132
    ],
    [
      41,
      0.16759776536312848
    ],
    [
      42,
      0.08290155440414508
    ],
    [
      43,
      0.2040816326530612
    ],
    [
      44,
      0.12422360248447205
    ],
    [
      45,
      0.17721518987341772
    ],
    [
      46,
      0.1497326203208556
    ],
    [
      47,
      0.11578947368421053
    ],
    [
      48,
      0.16049382716049382
    ],
    [
      49,
      0.1320754716981132
    ],
    [
      50,
      0.2111801242236025
    ],
    [
      51,
      0.2028985507246377
    ],
    [
      52,
      0.18604651162790697
    ],
    [
      53,
      0.21487603305785125
    ],
    [
      54,
      0.2275449101796407
    ],
    [
      55,
      0.18461538461538463
    ],
    [
      56,
      0.12587412587412586
    ],
    [
      57,
      0.19653179190751446
    ],
    [
      58,
      0.2890173410404624
    ],
    [
      59,
      0.17073170731707318
    ],
    [
      60,
      0.17964071856287425
    ],
    [
      61,
      0.0588235294117647
    ],
    [
      62,
      0.1450381679389313
    ],
    [
      63,
      0.1476510067114094
    ],
    [
      64,
      0.18705035971223022
    ],
    [
      65,
      0.1830065359477124
    ],
    [
      66,
      0.15789473684210525
    ],
    [
      67,
      0.15533980582524273
    ],
    [
      68,
      0.17105263157894737
    ],
    [
      69,
      0.0
    ],
    [
      70,
      0.19858156028368792
    ],
    [
      71,
      0.11320754716981132
    ],
    [
      72,
      0.08888888888888889
    ],
    [
      73,
      0.0196078431372549
    ],
    [
      74,
      0.16666666666666666
    ],
    [
      75,
      0.12290502793296088
    ],
    [
      76,
      0.10638297872340426
    ],
    [
      77,
      0.14388489208633093
    ],
    [
      78,
      0.223463687150838
    ],
    [
      79,
      0.1829268292682927
    ],
    [
      80,
      0.15165876777251186
    ],
    [
      81,
      0.05263157894736842
    ],
    [
      82,
      0.24267782426778242
    ],
    [
      83,
      0.27272727272727276
    ],
    [
      84,
      0.28220858895705525
    ],
    [
      85,
      0.19587628865979378
    ],
    [
      86,
      0.17647058823529413
    ],
    [
      87,
      0.2159090909090909
    ],
    [
      88,
      0.11111111111111112
    ],
    [
      89,
      0.30601092896174864
    ],
    [
      90,
      0.20833333333333331
    ],
    [
      91,
      0.13986013986013987
    ],
    [
      92,
      0.09333333333333332
    ],
    [
      93,
      0.16585365853658537
    ],
    [
      94,
      0.18705035971223022
    ],
    [
      95,
      0.1917808219178082
    ],
    [
      96,
      0.12280701754385966
    ],
    [
      97,
      0.13333333333333333
    ],
    [
      98,
      0.143646408839779
    ],
    [
      99,
      0.010989010989010988
    ],
    [
      100,
      0.18867924528301885
    ],
    [
      101,
      0.15492957746478872
    ],
    [
      102,
      0.17333333333333334
    ],
    [
      103,
      0.2077922077922078
    ],
    [
      104,
      0.14084507042253522
    ],
    [
      105,
      0.26519337016574585
    ],
    [
      106,
      0.22857142857142856
    ],
    [
      107,
      0.18497109826589594
    ],
    [
      108,
      0.1830065359477124
    ],
    [
      109,
      0.15942028985507248
    ],
    [
      110,
      0.20408163265306123
    ],
    [
      111,
      0.1518987341772152
    ],
    [
      112,
      0.09195402298850575
    ],
    [
      113,
      0.16504854368932037
    ],
    [
      114,
      0.1801801801801802
    ],
    [
      115,
      0.19402985074626863
    ],
    [
      116,
      0.17105263157894737
    ],
    [
      117,
      0.16455696202531644
    ],
    [
      118,
      0.16494845360824742
    ],
    [
      119,
      0.1724137931034483
    ],
    [
      120,
      0.11764705882352941
    ],
    [
      121,
      0.02985074626865672
    ],
    [
      122,
      0.1509433962264151
    ],
    [
      123,
      0.1263157894736842
    ],
    [
      124,
      0.10958904109589042
    ],
    [
      125,
      0.13496932515337423
    ],
    [
      126,
      0.20000000000000004
    ],
    [
      127,
      0.07947019867549668
    ],
    [
      128,
      0.1702127659574468
    ],
    [
      129,
      0.20382165605095542
    ],
    [
      130,
      0.13333333333333333
    ],
    [
      131,
      0.1111111111111111
    ],
    [
      132,
      0.19540229885057472
    ],
    [
      133,
      0.1311475409836066
    ],
    [
      134,
      0.19230769230769232
    ],
    [
      135,
      0.10606060606060608
    ],
    [
      136,
      0.12121212121212122
    ],
    [
      137,
      0.15286624203821655
    ],
    [
      138,
      0.2380952380952381
    ],
    [
      139,
      0.14117647058823526
    ],
    [
      140,
      0.061538461538461535
    ],
    [
      141,
      0.35869565217391297
    ],
    [
      142,
      0.14432989690721648
    ],
    [
      143,
      0.1785714285714286
    ],
    [
      144,
      0.1625
    ],
    [
      145,
      0.09210526315789475
    ],
    [
      146,
      0.25157232704402516
    ],
    [
      147,
      0.08108108108108107
    ],
    [
      148,
      0.10852713178294573
    ],
    [
      149,
      0.11180124223602486
    ],
    [
      150,
      0.18691588785046728
    ],
    [
      151,
      0.07407407407407407
    ],
    [
      152,
      0.06896551724137931
    ],
    [
      153,
      0.15068493150684933
    ],
    [
      154,
      0.16216216216216214
    ],
    [
      155,
      0.15
    ],
    [
      156,
      0.09836065573770492
    ],
    [
      157,
      0.12000000000000002
    ],
    [
      158,
      0.12738853503184713
    ],
    [
      159,
      0.19736842105263158
    ],
