{
  "dataset": "QMSum",
  "num_samples": 200,
  "rouge1": 0.26038669441758716,
  "rouge2": 0.04562188586359142,
  "rougeL": 0.15694310347521004,
  "rougeLsum": 0.1697386133970142,
  "per_sample_rougeL": [
    [
      0,
      0.14814814814814817
    ],
    [
      1,
      0.20253164556962022
    ],
    [
      2,
      0.11309523809523808
    ],
    [
      3,
      0.14285714285714288
    ],
    [
      4,
      0.1
    ],
    [
      5,
      0.20588235294117643
    ],
    [
      6,
      0.17741935483870966
    ],
    [
      7,
      0.16551724137931034
    ],
    [
      8,
      0.2553191489361702
    ],
    [
      9,
      0.205607476635514
    ],
    [
      10,
      0.1323529411764706
    ],
    [
      11,
      0.1863354037267081
    ],
    [
      12,
      0.08530805687203791
    ],
    [
      13,
      0.18705035971223022
    ],
    [
      14,
      0.1266490765171504
    ],
    [
      15,
      0.20382165605095542
    ],
    [
      16,
      0.18604651162790697
    ],
    [
      17,
      0.17910447761194032
    ],
    [
      18,
      0.10702341137123747
    ],
    [
      19,
      0.06570841889117043
    ],
    [
      20,
      0.13740458015267176
    ],
    [
      21,
      0.24719101123595505
    ],
    [
      22,
      0.1414141414141414
    ],
    [
      23,
      0.18018018018018017
    ],
    [
      24,
      0.11842105263157897
    ],
    [
      25,
      0.192090395480226
    ],
    [
      26,
      0.11194029850746268
    ],
    [
      27,
      0.09032258064516129
    ],
    [
      28,
      0.16666666666666666
    ],
    [
      29,
      0.12546125461254612
    ],
    [
      30,
      0.07296137339055793
    ],
    [
      31,
      0.09999999999999999
    ],
    [
      32,
      0.1383177570093458
    ],
    [
      33,
      0.1456953642384106
    ],
    [
      34,
      0.14074074074074075
    ],
    [
      35,
      0.18978102189781024
    ],
    [
      36,
      0.1285714285714286
    ],
    [
      37,
      0.13186813186813187
    ],
    [
      38,
      0.23809523809523808
    ],
    [
      39,
      0.20168067226890757
    ],
    [
      40,
      0.17857142857142858
    ],
    [
      41,
      0.1641025641025641
    ],
    [
      42,
      0.16494845360824742
    ],
    [
      43,
      0.2094240837696335
    ],
    [
      44,
      0.12244897959183672
    ],
    [
      45,
      0.13761467889908258
    ],
    [
      46,
      0.11020408163265305
    ],
    [
      47,
      0.1076923076923077
    ],
    [
      48,
      0.13392857142857142
    ],
    [
      49,
      0.14432989690721648
    ],
    [
      50,
      0.11074918566775245
    ],
    [
      51,
      0.18253968253968256
    ],
    [
      52,
      0.17021276595744678
    ],
    [
      53,
      0.16923076923076924
    ],
    [
      54,
      0.21666666666666665
    ],
    [
      55,
      0.1346153846153846
    ],
    [
      56,
      0.16666666666666666
    ],
    [
      57,
      0.10655737704918034
    ],
    [
      58,
      0.1954022988505747
    ],
    [
      59,
      0.14184397163120566
    ],
    [
      60,
      0.2289156626506024
    ],
    [
      61,
      0.147887323943662
    ],
    [
      62,
      0.16793893129770993
    ],
    [
      63,
      0.11428571428571428
    ],
    [
      64,
      0.0847457627118644
    ],
    [
      65,
      0.19047619047619047
    ],
    [
      66,
      0.20645161290322583
    ],
    [
      67,
      0.21052631578947367
    ],
    [
      68,
      0.1627906976744186
    ],
    [
      69,
      0.1257142857142857
    ],
    [
      70,
      0.08639308855291576
    ],
    [
      71,
      0.06415094339622641
    ],
    [
      72,
      0.20202020202020202
    ],
    [
      73,
      0.12581344902386116
    ],
    [
      74,
      0.1818181818181818
    ],
    [
      75,
      0.18348623853211007
    ],
    [
      76,
      0.14102564102564102
    ],
    [
      77,
      0.056768558951965066
    ],
    [
      78,
      0.17142857142857143
    ],
    [
      79,
      0.12676056338028172
    ],
    [
      80,
      0.1776061776061776
    ],
    [
      81,
      0.08908685968819599
    ],
    [
      82,
      0.22335025380710657
    ],
    [
      83,
      0.1764705882352941
    ],
    [
      84,
      0.14084507042253522
    ],
    [
      85,
      0.18930041152263374
    ],
    [
      86,
      0.14912280701754385
    ],
    [
      87,
      0.1909090909090909
    ],
    [
      88,
      0.10676156583629892
    ],
    [
      89,
      0.16
    ],
    [
      90,
      0.16988416988416988
    ],
    [
      91,
      0.13978494623655913
    ],
    [
      92,
      0.17297297297297298
    ],
    [
      93,
      0.22813688212927755
    ],
    [
      94,
      0.14
    ],
    [
      95,
      0.16363636363636364
    ],
    [
      96,
      0.1810699588477366
    ],
    [
      97,
      0.20869565217391303
    ],
    [
      98,
      0.15469613259668508
    ],
    [
      99,
      0.18620689655172415
    ],
    [
      100,
      0.14173228346456693
    ],
    [
      101,
      0.14193548387096774
    ],
    [
      102,
      0.2074074074074074
    ],
    [
      103,
      0.14563106796116504
    ],
    [
      104,
      0.22764227642276422
    ],
    [
      105,
      0.17948717948717952
    ],
    [
      106,
      0.18352941176470586
    ],
    [
      107,
      0.17667844522968199
    ],
    [
      108,
      0.20289855072463767
    ],
    [
      109,
      0.16129032258064518
    ],
    [
      110,
      0.17142857142857143
    ],
    [
      111,
      0.1818181818181818
    ],
    [
      112,
      0.11834319526627221
    ],
    [
      113,
      0.17445482866043613
    ],
    [
      114,
      0.19166666666666668
    ],
    [
      115,
      0.1476510067114094
    ],
    [
      116,
      0.140625
    ],
    [
      117,
      0.18803418803418803
    ],
    [
      118,
      0.08764940239043825
    ],
    [
      119,
      0.08830022075055188
    ],
    [
      120,
      0.17333333333333334
    ],
    [
      121,
      0.1691542288557214
    ],
    [
      122,
      0.17857142857142858
    ],
    [
      123,
      0.18556701030927836
    ],
    [
      124,
      0.18000000000000002
    ],
    [
      125,
      0.145985401459854
    ],
    [
      126,
      0.2105263157894737
    ],
    [
      127,
      0.10891089108910891
    ],
    [
      128,
      0.20264317180616742
    ],
    [
      129,
      0.10362694300518134
    ],
    [
      130,
      0.1552511415525114
    ],
    [
      131,
      0.14814814814814817
    ],
    [
      132,
      0.2064516129032258
    ],
    [
      133,
      0.08695652173913043
    ],
    [
      134,
      0.25
    ],
    [
      135,
      0.15217391304347827
    ],
    [
      136,
      0.14336917562724014
    ],
    [
      137,
      0.25
    ],
    [
      138,
      0.1904761904761905
    ],
    [
      139,
      0.0787037037037037
    ],
    [
      140,
      0.16326530612244897
    ],
    [
      141,
      0.2289156626506024
    ],
    [
      142,
      0.13986013986013984
    ],
    [
      143,
      0.1953125
    ],
    [
      144,
      0.14285714285714285
    ],
    [
      145,
      0.12328767123287673
    ],
    [
      146,
      0.15753424657534248
    ],
    [
      147,
      0.12280701754385966
    ],
    [
      148,
      0.10256410256410255
    ],
    [
      149,
      0.17142857142857143
    ],
    [
      150,
      0.17486338797814208
    ],
    [
      151,
      0.11965811965811965
    ],
    [
      152,
      0.11494252873563221
    ],
    [
      153,
      0.16363636363636366
    ],
    [
      154,
      0.1702127659574468
    ],
    [
      155,
      0.18497109826589594
    ],
    [
      156,
      0.15204678362573099
    ],
    [
      157,
      0.11650485436893204
    ],
    [
      158,
      0.17777777777777778
    ],
    [
      159,
      0.13333333333333333
    ],
    [
      160,
