{
  "dataset": "QMSum",
  "num_samples": 200,
  "rouge1": 0.3236874909990425,
  "rouge2": 0.07324057191773264,
  "rougeL": 0.1929614930690824,
  "rougeLsum": 0.1967749252007997,
  "per_sample_rougeL": [
    [
      0,
      0.1801801801801802
    ],
    [
      1,
      0.2288557213930348
    ],
    [
      2,
      0.15228426395939085
    ],
    [
      3,
      0.192090395480226
    ],
    [
      4,
      0.12213740458015267
    ],
    [
      5,
      0.2694300518134715
    ],
    [
      6,
      0.11834319526627218
    ],
    [
      7,
      0.20987654320987653
    ],
    [
      8,
      0.1794871794871795
    ],
    [
      9,
      0.16352201257861634
    ],
    [
      10,
      0.19310344827586204
    ],
    [
      11,
      0.2524271844660194
    ],
    [
      12,
      0.20143884892086333
    ],
    [
      13,
      0.24742268041237106
    ],
    [
      14,
      0.19718309859154928
    ],
    [
      15,
      0.18666666666666668
    ],
    [
      16,
      0.1739130434782609
    ],
    [
      17,
      0.16
    ],
    [
      18,
      0.13090909090909092
    ],
    [
      19,
      0.19767441860465115
    ],
    [
      20,
      0.11428571428571427
    ],
    [
      21,
      0.20125786163522014
    ],
    [
      22,
      0.18604651162790697
    ],
    [
      23,
      0.23448275862068962
    ],
    [
      24,
      0.23157894736842105
    ],
    [
      25,
      0.19827586206896555
    ],
    [
      26,
      0.1694915254237288
    ],
    [
      27,
      0.19607843137254904
    ],
    [
      28,
      0.21105527638190952
    ],
    [
      29,
      0.23170731707317074
    ],
    [
      30,
      0.11428571428571427
    ],
    [
      31,
      0.163265306122449
    ],
    [
      32,
      0.3316062176165803
    ],
    [
      33,
      0.18274111675126906
    ],
    [
      34,
      0.19753086419753085
    ],
    [
      35,
      0.1958762886597938
    ],
    [
      36,
      0.1954022988505747
    ],
    [
      37,
      0.1675392670157068
    ],
    [
      38,
      0.15686274509803919
    ],
    [
      39,
      0.1879194630872483
    ],
    [
      40,
      0.1691542288557214
    ],
    [
      41,
      0.23300970873786409
    ],
    [
      42,
      0.13023255813953485
    ],
    [
      43,
      0.2441860465116279
    ],
    [
      44,
      0.11180124223602485
    ],
    [
      45,
      0.13580246913580246
    ],
    [
      46,
      0.1836734693877551
    ],
    [
      47,
      0.20833333333333334
    ],
    [
      48,
      0.20731707317073167
    ],
    [
      49,
      0.1686746987951807
    ],
    [
      50,
      0.178343949044586
    ],
    [
      51,
      0.2592592592592593
    ],
    [
      52,
      0.1518987341772152
    ],
    [
      53,
      0.19767441860465118
    ],
    [
      54,
      0.23529411764705885
    ],
    [
      55,
      0.1595744680851064
    ],
    [
      56,
      0.1830065359477124
    ],
    [
      57,
      0.1348314606741573
    ],
    [
      58,
      0.26666666666666666
    ],
    [
      59,
      0.2
    ],
    [
      60,
      0.20879120879120877
    ],
    [
      61,
      0.2261904761904762
    ],
    [
      62,
      0.21874999999999997
    ],
    [
      63,
      0.20118343195266272
    ],
    [
      64,
      0.1780821917808219
    ],
    [
      65,
      0.1987577639751553
    ],
    [
      66,
      0.24043715846994534
    ],
    [
      67,
      0.23744292237442924
    ],
    [
      68,
      0.17777777777777778
    ],
    [
      69,
      0.17045454545454544
    ],
    [
      70,
      0.2676056338028169
    ],
    [
      71,
      0.10778443113772455
    ],
    [
      72,
      0.20512820512820512
    ],
    [
      73,
      0.18367346938775508
    ],
    [
      74,
      0.18421052631578946
    ],
    [
      75,
      0.24186046511627907
    ],
    [
      76,
      0.15999999999999998
    ],
    [
      77,
      0.1517241379310345
    ],
    [
      78,
      0.1827956989247312
    ],
    [
      79,
      0.1301775147928994
    ],
    [
      80,
      0.20627802690582958
    ],
    [
      81,
      0.18181818181818182
    ],
    [
      82,
      0.17283950617283952
    ],
    [
      83,
      0.2105263157894737
    ],
    [
      84,
      0.15228426395939085
    ],
    [
      85,
      0.18627450980392155
    ],
    [
      86,
      0.18333333333333335
    ],
    [
      87,
      0.10909090909090909
    ],
    [
      88,
      0.18584070796460178
    ],
    [
      89,
      0.3219512195121952
    ],
    [
      90,
      0.2358974358974359
    ],
    [
      91,
      0.16438356164383564
    ],
    [
      92,
      0.20481927710843373
    ],
    [
      93,
      0.22413793103448273
    ],
    [
      94,
      0.2
    ],
    [
      95,
      0.2119815668202765
    ],
    [
      96,
      0.19753086419753088
    ],
    [
      97,
      0.2692307692307692
    ],
    [
      98,
      0.1761658031088083
    ],
    [
      99,
      0.2517482517482518
    ],
    [
      100,
      0.1758241758241758
    ],
    [
      101,
      0.20512820512820515
    ],
    [
      102,
      0.21649484536082475
    ],
    [
      103,
      0.253968253968254
    ],
    [
      104,
      0.136986301369863
    ],
    [
      105,
      0.24083769633507854
    ],
    [
      106,
      0.25688073394495414
    ],
    [
      107,
      0.21229050279329606
    ],
    [
      108,
      0.31213872832369943
    ],
    [
      109,
      0.20547945205479454
    ],
    [
      110,
      0.16759776536312848
    ],
    [
      111,
      0.25806451612903225
    ],
    [
      112,
      0.20833333333333334
    ],
    [
      113,
      0.2314814814814815
    ],
    [
      114,
      0.23529411764705882
    ],
    [
      115,
      0.1476510067114094
    ],
    [
      116,
      0.1717171717171717
    ],
    [
      117,
      0.2159090909090909
    ],
    [
      118,
      0.14012738853503184
    ],
    [
      119,
      0.2151898734177215
    ],
    [
      120,
      0.1739130434782609
    ],
    [
      121,
      0.21965317919075147
    ],
    [
      122,
      0.17194570135746604
    ],
    [
      123,
      0.18000000000000002
    ],
    [
      124,
      0.10738255033557047
    ],
    [
      125,
      0.1888888888888889
    ],
    [
      126,
      0.22754491017964074
    ],
    [
      127,
      0.17177914110429449
    ],
    [
      128,
      0.35406698564593303
    ],
    [
      129,
      0.19047619047619047
    ],
    [
      130,
      0.1348314606741573
    ],
    [
      131,
      0.13333333333333333
    ],
    [
      132,
      0.20111731843575417
    ],
    [
      133,
      0.21333333333333335
    ],
    [
      134,
      0.20909090909090908
    ],
    [
      135,
      0.1879194630872483
    ],
    [
      136,
      0.17120622568093385
    ],
    [
      137,
      0.17857142857142858
    ],
    [
      138,
      0.27368421052631575
    ],
    [
      139,
      0.14285714285714285
    ],
    [
      140,
      0.12987012987012986
    ],
    [
      141,
      0.33695652173913043
    ],
    [
      142,
      0.22119815668202764
    ],
    [
      143,
      0.16037735849056603
    ],
    [
      144,
      0.17346938775510204
    ],
    [
      145,
      0.12903225806451615
    ],
    [
      146,
      0.18811881188118815
    ],
    [
      147,
      0.16304347826086957
    ],
    [
      148,
      0.1726618705035971
    ],
    [
      149,
      0.1317365269461078
    ],
    [
      150,
      0.2699386503067485
    ],
    [
      151,
      0.224390243902439
    ],
    [
      152,
      0.1550387596899225
    ],
    [
      153,
      0.16
    ],
    [
      154,
      0.18309859154929578
    ],
    [
      155,
      0.2222222222222222
    ],
    [
      156,
      0.22110552763819094
    ],
    [
      157,
      0.11382113821138214
    ],
    [
      158,
      0.18285714285714286
    ],
    [
      159,
      0.23750000000000002
    ],
    [
      160,
