{
  "dataset": "QMSum",
  "num_samples": 200,
  "rouge1": 0.2650972697839554,
  "rouge2": 0.05899075285177625,
  "rougeL": 0.1674547000783683,
  "rougeLsum": 0.17398053475859324,
  "per_sample_rougeL": [
    [
      0,
      0.2085308056872038
    ],
    [
      1,
      0.2288557213930348
    ],
    [
      2,
      0.19587628865979378
    ],
    [
      3,
      0.2
    ],
    [
      4,
      0.13740458015267176
    ],
    [
      5,
      0.15
    ],
    [
      6,
      0.19512195121951217
    ],
    [
      7,
      0.08108108108108109
    ],
    [
      8,
      0.208
    ],
    [
      9,
      0.17142857142857143
    ],
    [
      10,
      0.14754098360655737
    ],
    [
      11,
      0.18518518518518515
    ],
    [
      12,
      0.2040816326530612
    ],
    [
      13,
      0.21390374331550802
    ],
    [
      14,
      0.11162790697674418
    ],
    [
      15,
      0.18421052631578946
    ],
    [
      16,
      0.1595744680851064
    ],
    [
      17,
      0.25242718446601936
    ],
    [
      18,
      0.12396694214876033
    ],
    [
      19,
      0.15568862275449102
    ],
    [
      20,
      0.12820512820512822
    ],
    [
      21,
      0.19310344827586207
    ],
    [
      22,
      0.12048192771084336
    ],
    [
      23,
      0.21333333333333335
    ],
    [
      24,
      0.11173184357541899
    ],
    [
      25,
      0.21296296296296294
    ],
    [
      26,
      0.178343949044586
    ],
    [
      27,
      0.1388888888888889
    ],
    [
      28,
      0.18784530386740333
    ],
    [
      29,
      0.1379310344827586
    ],
    [
      30,
      0.16107382550335572
    ],
    [
      31,
      0.16176470588235292
    ],
    [
      32,
      0.19101123595505617
    ],
    [
      33,
      0.18888888888888888
    ],
    [
      34,
      0.16438356164383564
    ],
    [
      35,
      0.1714285714285714
    ],
    [
      36,
      0.18181818181818185
    ],
    [
      37,
      0.11976047904191615
    ],
    [
      38,
      0.13986013986013987
    ],
    [
      39,
      0.14084507042253522
    ],
    [
      40,
      0.13749999999999998
    ],
    [
      41,
      0.01834862385321101
    ],
    [
      42,
      0.10638297872340426
    ],
    [
      43,
      0.20437956204379562
    ],
    [
      44,
      0.11180124223602485
    ],
    [
      45,
      0.1948051948051948
    ],
    [
      46,
      0.1473684210526316
    ],
    [
      47,
      0.182741116751269
    ],
    [
      48,
      0.13580246913580246
    ],
    [
      49,
      0.1323529411764706
    ],
    [
      50,
      0.16149068322981366
    ],
    [
      51,
      0.03773584905660377
    ],
    [
      52,
      0.1506849315068493
    ],
    [
      53,
      0.16901408450704225
    ],
    [
      54,
      0.2151898734177215
    ],
    [
      55,
      0.1711229946524064
    ],
    [
      56,
      0.14285714285714285
    ],
    [
      57,
      0.19653179190751446
    ],
    [
      58,
      0.15853658536585366
    ],
    [
      59,
      0.15730337078651685
    ],
    [
      60,
      0.12048192771084337
    ],
    [
      61,
      0.0975609756097561
    ],
    [
      62,
      0.125
    ],
    [
      63,
      0.14102564102564102
    ],
    [
      64,
      0.20134228187919462
    ],
    [
      65,
      0.20512820512820512
    ],
    [
      66,
      0.18987341772151897
    ],
    [
      67,
      0.13
    ],
    [
      68,
      0.15037593984962408
    ],
    [
      69,
      0.12048192771084337
    ],
    [
      70,
      0.2516556291390728
    ],
    [
      71,
      0.10256410256410257
    ],
    [
      72,
      0.17600000000000002
    ],
    [
      73,
      0.21126760563380284
    ],
    [
      74,
      0.15277777777777776
    ],
    [
      75,
      0.13496932515337423
    ],
    [
      76,
      0.05454545454545454
    ],
    [
      77,
      0.11851851851851854
    ],
    [
      78,
      0.23280423280423282
    ],
    [
      79,
      0.1656050955414013
    ],
    [
      80,
      0.06722689075630252
    ],
    [
      81,
      0.14814814814814817
    ],
    [
      82,
      0.2307692307692308
    ],
    [
      83,
      0.1699346405228758
    ],
    [
      84,
      0.26041666666666663
    ],
    [
      85,
      0.15204678362573099
    ],
    [
      86,
      0.2109704641350211
    ],
    [
      87,
      0.22988505747126434
    ],
    [
      88,
      0.18918918918918923
    ],
    [
      89,
      0.2634146341463415
    ],
    [
      90,
      0.1958041958041958
    ],
    [
      91,
      0.22916666666666669
    ],
    [
      92,
      0.06837606837606838
    ],
    [
      93,
      0.17142857142857143
    ],
    [
      94,
      0.11764705882352942
    ],
    [
      95,
      0.182648401826484
    ],
    [
      96,
      0.12389380530973451
    ],
    [
      97,
      0.1732283464566929
    ],
    [
      98,
      0.1229050279329609
    ],
    [
      99,
      0.16606498194945848
    ],
    [
      100,
      0.13714285714285715
    ],
    [
      101,
      0.18300653594771243
    ],
    [
      102,
      0.21176470588235294
    ],
    [
      103,
      0.2181818181818182
    ],
    [
      104,
      0.1702127659574468
    ],
    [
      105,
      0.2458100558659218
    ],
    [
      106,
      0.2094240837696335
    ],
    [
      107,
      0.20915032679738563
    ],
    [
      108,
      0.21118012422360247
    ],
    [
      109,
      0.11940298507462686
    ],
    [
      110,
      0.13253012048192772
    ],
    [
      111,
      0.10328638497652583
    ],
    [
      112,
      0.20430107526881722
    ],
    [
      113,
      0.19999999999999998
    ],
    [
      114,
      0.1981981981981982
    ],
    [
      115,
      0.1857142857142857
    ],
    [
      116,
      0.16
    ],
    [
      117,
      0.21176470588235294
    ],
    [
      118,
      0.1506849315068493
    ],
    [
      119,
      0.1923076923076923
    ],
    [
      120,
      0.17391304347826086
    ],
    [
      121,
      0.19858156028368795
    ],
    [
      122,
      0.13574660633484162
    ],
    [
      123,
      0.23115577889447236
    ],
    [
      124,
      0.12403100775193798
    ],
    [
      125,
      0.1739130434782609
    ],
    [
      126,
      0.225
    ],
    [
      127,
      0.12738853503184713
    ],
    [
      128,
      0.10695187165775402
    ],
    [
      129,
      0.2236842105263158
    ],
    [
      130,
      0.14772727272727273
    ],
    [
      131,
      0.12658227848101267
    ],
    [
      132,
      0.19767441860465118
    ],
    [
      133,
      0.1492537313432836
    ],
    [
      134,
      0.16748768472906403
    ],
    [
      135,
      0.15602836879432622
    ],
    [
      136,
      0.16800000000000004
    ],
    [
      137,
      0.14193548387096774
    ],
    [
      138,
      0.19459459459459458
    ],
    [
      139,
      0.13580246913580246
    ],
    [
      140,
      0.16666666666666666
    ],
    [
      141,
      0.3478260869565218
    ],
    [
      142,
      0.1683168316831683
    ],
    [
      143,
      0.16080402010050251
    ],
    [
      144,
      0.16455696202531647
    ],
    [
      145,
      0.12962962962962965
    ],
    [
      146,
      0.2430939226519337
    ],
    [
      147,
      0.17283950617283952
    ],
    [
      148,
      0.10687022900763359
    ],
    [
      149,
      0.12903225806451613
    ],
    [
      150,
      0.20512820512820512
    ],
    [
      151,
      0.17821782178217824
    ],
    [
      152,
      0.27027027027027023
    ],
    [
      153,
      0.15602836879432624
    ],
    [
      154,
      0.208695652173913
    ],
    [
      155,
      0.18497109826589594
    ],
    [
      156,
      0.1297297297297297
    ],
    [
      157,
      0.2173913043478261
    ],
    [
      158,
      0.12359550561797752
    ],
    [
      159,
      0.10062893081761007
    ],
    [
      160,
      0.21212121212121213
    ],
    [
