{
  "dataset": "QMSum",
  "num_samples": 200,
  "rouge1": 0.2689961465948852,
  "rouge2": 0.0604781975051554,
  "rougeL": 0.16510418349076905,
  "rougeLsum": 0.17338996655742744,
  "per_sample_rougeL": [
    [
      0,
      0.1611374407582938
    ],
    [
      1,
      0.14893617021276595
    ],
    [
      2,
      0.1379310344827586
    ],
    [
      3,
      0.12903225806451615
    ],
    [
      4,
      0.14173228346456693
    ],
    [
      5,
      0.20312500000000003
    ],
    [
      6,
      0.22085889570552147
    ],
    [
      7,
      0.0821917808219178
    ],
    [
      8,
      0.14285714285714285
    ],
    [
      9,
      0.1438848920863309
    ],
    [
      10,
      0.15748031496062992
    ],
    [
      11,
      0.16000000000000003
    ],
    [
      12,
      0.2962962962962963
    ],
    [
      13,
      0.24870466321243526
    ],
    [
      14,
      0.13471502590673573
    ],
    [
      15,
      0.21212121212121213
    ],
    [
      16,
      0.13407821229050276
    ],
    [
      17,
      0.21359223300970873
    ],
    [
      18,
      0.13545816733067728
    ],
    [
      19,
      0.13333333333333333
    ],
    [
      20,
      0.08805031446540881
    ],
    [
      21,
      0.16949152542372883
    ],
    [
      22,
      0.21768707482993196
    ],
    [
      23,
      0.2913907284768212
    ],
    [
      24,
      0.12790697674418605
    ],
    [
      25,
      0.17592592592592596
    ],
    [
      26,
      0.39473684210526316
    ],
    [
      27,
      0.1276595744680851
    ],
    [
      28,
      0.12643678160919541
    ],
    [
      29,
      0.13071895424836602
    ],
    [
      30,
      0.15476190476190477
    ],
    [
      31,
      0.19696969696969696
    ],
    [
      32,
      0.18285714285714286
    ],
    [
      33,
      0.12121212121212122
    ],
    [
      34,
      0.2222222222222222
    ],
    [
      35,
      0.17708333333333334
    ],
    [
      36,
      0.1807228915662651
    ],
    [
      37,
      0.09815950920245399
    ],
    [
      38,
      0.20338983050847456
    ],
    [
      39,
      0.136986301369863
    ],
    [
      40,
      0.10928961748633881
    ],
    [
      41,
      0.018518518518518517
    ],
    [
      42,
      0.06896551724137931
    ],
    [
      43,
      0.1879194630872483
    ],
    [
      44,
      0.125
    ],
    [
      45,
      0.1794871794871795
    ],
    [
      46,
      0.1787709497206704
    ],
    [
      47,
      0.14364640883977903
    ],
    [
      48,
      0.16296296296296295
    ],
    [
      49,
      0.16560509554140126
    ],
    [
      50,
      0.16049382716049382
    ],
    [
      51,
      0.19161676646706585
    ],
    [
      52,
      0.1285714285714286
    ],
    [
      53,
      0.20833333333333334
    ],
    [
      54,
      0.20915032679738563
    ],
    [
      55,
      0.15819209039548024
    ],
    [
      56,
      0.11594202898550725
    ],
    [
      57,
      0.17834394904458598
    ],
    [
      58,
      0.20979020979020976
    ],
    [
      59,
      0.16393442622950818
    ],
    [
      60,
      0.1904761904761905
    ],
    [
      61,
      0.15853658536585366
    ],
    [
      62,
      0.14785992217898836
    ],
    [
      63,
      0.12328767123287672
    ],
    [
      64,
      0.18439716312056736
    ],
    [
      65,
      0.19480519480519481
    ],
    [
      66,
      0.14285714285714288
    ],
    [
      67,
      0.13658536585365855
    ],
    [
      68,
      0.06976744186046512
    ],
    [
      69,
      0.35502958579881655
    ],
    [
      70,
      0.15714285714285714
    ],
    [
      71,
      0.12162162162162161
    ],
    [
      72,
      0.17600000000000002
    ],
    [
      73,
      0.23357664233576642
    ],
    [
      74,
      0.1294964028776978
    ],
    [
      75,
      0.17061611374407584
    ],
    [
      76,
      0.12631578947368421
    ],
    [
      77,
      0.12307692307692307
    ],
    [
      78,
      0.23076923076923078
    ],
    [
      79,
      0.189873417721519
    ],
    [
      80,
      0.1641025641025641
    ],
    [
      81,
      0.12429378531073446
    ],
    [
      82,
      0.1896551724137931
    ],
    [
      83,
      0.2054794520547945
    ],
    [
      84,
      0.22340425531914895
    ],
    [
      85,
      0.15873015873015872
    ],
    [
      86,
      0.20600858369098712
    ],
    [
      87,
      0.21686746987951805
    ],
    [
      88,
      0.22598870056497175
    ],
    [
      89,
      0.2926829268292683
    ],
    [
      90,
      0.21839080459770116
    ],
    [
      91,
      0.09523809523809522
    ],
    [
      92,
      0.10434782608695652
    ],
    [
      93,
      0.12435233160621763
    ],
    [
      94,
      0.13138686131386862
    ],
    [
      95,
      0.20481927710843373
    ],
    [
      96,
      0.13043478260869565
    ],
    [
      97,
      0.13793103448275862
    ],
    [
      98,
      0.14207650273224043
    ],
    [
      99,
      0.14814814814814817
    ],
    [
      100,
      0.11904761904761904
    ],
    [
      101,
      0.28169014084507044
    ],
    [
      102,
      0.18279569892473116
    ],
    [
      103,
      0.2272727272727273
    ],
    [
      104,
      0.1360544217687075
    ],
    [
      105,
      0.25555555555555554
    ],
    [
      106,
      0.25
    ],
    [
      107,
      0.11976047904191617
    ],
    [
      108,
      0.2155688622754491
    ],
    [
      109,
      0.1320754716981132
    ],
    [
      110,
      0.1678321678321678
    ],
    [
      111,
      0.15319148936170213
    ],
    [
      112,
      0.15757575757575756
    ],
    [
      113,
      0.17171717171717168
    ],
    [
      114,
      0.17699115044247787
    ],
    [
      115,
      0.15942028985507248
    ],
    [
      116,
      0.16216216216216214
    ],
    [
      117,
      0.05797101449275363
    ],
    [
      118,
      0.12244897959183673
    ],
    [
      119,
      0.16666666666666666
    ],
    [
      120,
      0.09696969696969697
    ],
    [
      121,
      0.15384615384615385
    ],
    [
      122,
      0.14634146341463417
    ],
    [
      123,
      0.21989528795811517
    ],
    [
      124,
      0.13533834586466167
    ],
    [
      125,
      0.14457831325301204
    ],
    [
      126,
      0.2285714285714286
    ],
    [
      127,
      0.10294117647058824
    ],
    [
      128,
      0.15384615384615385
    ],
    [
      129,
      0.1379310344827586
    ],
    [
      130,
      0.125
    ],
    [
      131,
      0.13071895424836602
    ],
    [
      132,
      0.17751479289940827
    ],
    [
      133,
      0.11940298507462685
    ],
    [
      134,
      0.21800947867298578
    ],
    [
      135,
      0.08510638297872342
    ],
    [
      136,
      0.14671814671814673
    ],
    [
      137,
      0.10958904109589042
    ],
    [
      138,
      0.1807228915662651
    ],
    [
      139,
      0.11976047904191618
    ],
    [
      140,
      0.15827338129496404
    ],
    [
      141,
      0.18181818181818182
    ],
    [
      142,
      0.16080402010050251
    ],
    [
      143,
      0.13
    ],
    [
      144,
      0.15827338129496404
    ],
    [
      145,
      0.1388888888888889
    ],
    [
      146,
      0.24705882352941175
    ],
    [
      147,
      0.05263157894736842
    ],
    [
      148,
      0.09756097560975609
    ],
    [
      149,
      0.15204678362573099
    ],
    [
      150,
      0.22360248447204967
    ],
    [
      151,
      0.15469613259668508
    ],
    [
      152,
      0.128
    ],
    [
      153,
      0.1626016260162602
    ],
    [
      154,
      0.15277777777777776
    ],
    [
      155,
      0.17964071856287428
    ],
    [
      156,
      0.15300546448087432
    ],
    [
      157,
      0.16058394160583941
    ],
    [
      158,
      0.1899441340782123
    ],
    [
      159,
      0.08974358974358974
    ],
    [
