{
  "dataset": "QMSum",
  "num_samples": 200,
  "rouge1": 0.25878630659820484,
  "rouge2": 0.05315210667365973,
  "rougeL": 0.15545058911131712,
  "rougeLsum": 0.16804209919563237,
  "per_sample_rougeL": [
    [
      0,
      0.16363636363636364
    ],
    [
      1,
      0.19487179487179487
    ],
    [
      2,
      0.13636363636363635
    ],
    [
      3,
      0.14814814814814817
    ],
    [
      4,
      0.13114754098360654
    ],
    [
      5,
      0.1301775147928994
    ],
    [
      6,
      0.15286624203821655
    ],
    [
      7,
      0.1076923076923077
    ],
    [
      8,
      0.14285714285714288
    ],
    [
      9,
      0.15492957746478875
    ],
    [
      10,
      0.12030075187969923
    ],
    [
      11,
      0.16999999999999998
    ],
    [
      12,
      0.17391304347826086
    ],
    [
      13,
      0.18784530386740333
    ],
    [
      14,
      0.15228426395939088
    ],
    [
      15,
      0.13793103448275865
    ],
    [
      16,
      0.14736842105263157
    ],
    [
      17,
      0.14864864864864866
    ],
    [
      18,
      0.12648221343873517
    ],
    [
      19,
      0.12048192771084336
    ],
    [
      20,
      0.12820512820512822
    ],
    [
      21,
      0.1870503597122302
    ],
    [
      22,
      0.10256410256410255
    ],
    [
      23,
      0.22666666666666668
    ],
    [
      24,
      0.10169491525423731
    ],
    [
      25,
      0.0970873786407767
    ],
    [
      26,
      0.1761006289308176
    ],
    [
      27,
      0.13533834586466165
    ],
    [
      28,
      0.12790697674418605
    ],
    [
      29,
      0.1111111111111111
    ],
    [
      30,
      0.13836477987421383
    ],
    [
      31,
      0.1983471074380165
    ],
    [
      32,
      0.19101123595505617
    ],
    [
      33,
      0.1346153846153846
    ],
    [
      34,
      0.21126760563380284
    ],
    [
      35,
      0.1450777202072539
    ],
    [
      36,
      0.163265306122449
    ],
    [
      37,
      0.1264367816091954
    ],
    [
      38,
      0.15
    ],
    [
      39,
      0.08955223880597014
    ],
    [
      40,
      0.16042780748663102
    ],
    [
      41,
      0.18556701030927836
    ],
    [
      42,
      0.1
    ],
    [
      43,
      0.14864864864864866
    ],
    [
      44,
      0.1125
    ],
    [
      45,
      0.19259259259259257
    ],
    [
      46,
      0.1170212765957447
    ],
    [
      47,
      0.16831683168316833
    ],
    [
      48,
      0.16560509554140126
    ],
    [
      49,
      0.11842105263157895
    ],
    [
      50,
      0.1342281879194631
    ],
    [
      51,
      0.33497536945812806
    ],
    [
      52,
      0.14388489208633093
    ],
    [
      53,
      0.11764705882352941
    ],
    [
      54,
      0.16
    ],
    [
      55,
      0.15757575757575754
    ],
    [
      56,
      0.15492957746478875
    ],
    [
      57,
      0.147239263803681
    ],
    [
      58,
      0.15
    ],
    [
      59,
      0.101010101010101
    ],
    [
      60,
      0.1627906976744186
    ],
    [
      61,
      0.14864864864864863
    ],
    [
      62,
      0.15384615384615385
    ],
    [
      63,
      0.19230769230769232
    ],
    [
      64,
      0.17931034482758618
    ],
    [
      65,
      0.21333333333333337
    ],
    [
      66,
      0.147239263803681
    ],
    [
      67,
      0.19047619047619047
    ],
    [
      68,
      0.11464968152866244
    ],
    [
      69,
      0.0893854748603352
    ],
    [
      70,
      0.1388888888888889
    ],
    [
      71,
      0.10389610389610389
    ],
    [
      72,
      0.15517241379310345
    ],
    [
      73,
      0.22598870056497175
    ],
    [
      74,
      0.14492753623188404
    ],
    [
      75,
      0.1941747572815534
    ],
    [
      76,
      0.07207207207207207
    ],
    [
      77,
      0.11965811965811965
    ],
    [
      78,
      0.2295081967213115
    ],
    [
      79,
      0.19277108433734938
    ],
    [
      80,
      0.11940298507462686
    ],
    [
      81,
      0.14457831325301204
    ],
    [
      82,
      0.20689655172413793
    ],
    [
      83,
      0.2014388489208633
    ],
    [
      84,
      0.2513661202185792
    ],
    [
      85,
      0.15300546448087432
    ],
    [
      86,
      0.24066390041493776
    ],
    [
      87,
      0.20858895705521474
    ],
    [
      88,
      0.16363636363636364
    ],
    [
      89,
      0.2551020408163265
    ],
    [
      90,
      0.2598870056497175
    ],
    [
      91,
      0.15267175572519082
    ],
    [
      92,
      0.13513513513513511
    ],
    [
      93,
      0.15384615384615383
    ],
    [
      94,
      0.13043478260869562
    ],
    [
      95,
      0.1590909090909091
    ],
    [
      96,
      0.13157894736842105
    ],
    [
      97,
      0.16993464052287582
    ],
    [
      98,
      0.13559322033898305
    ],
    [
      99,
      0.1328125
    ],
    [
      100,
      0.17857142857142858
    ],
    [
      101,
      0.16666666666666669
    ],
    [
      102,
      0.17112299465240643
    ],
    [
      103,
      0.2011834319526627
    ],
    [
      104,
      0.2014388489208633
    ],
    [
      105,
      0.19354838709677416
    ],
    [
      106,
      0.21390374331550802
    ],
    [
      107,
      0.1317365269461078
    ],
    [
      108,
      0.2125
    ],
    [
      109,
      0.16417910447761194
    ],
    [
      110,
      0.14457831325301204
    ],
    [
      111,
      0.2032520325203252
    ],
    [
      112,
      0.18579234972677594
    ],
    [
      113,
      0.18719211822660095
    ],
    [
      114,
      0.12334801762114538
    ],
    [
      115,
      0.1408450704225352
    ],
    [
      116,
      0.16574585635359115
    ],
    [
      117,
      0.2222222222222222
    ],
    [
      118,
      0.14492753623188406
    ],
    [
      119,
      0.14666666666666667
    ],
    [
      120,
      0.11976047904191615
    ],
    [
      121,
      0.1476510067114094
    ],
    [
      122,
      0.11926605504587157
    ],
    [
      123,
      0.20652173913043478
    ],
    [
      124,
      0.10256410256410255
    ],
    [
      125,
      0.059880239520958084
    ],
    [
      126,
      0.20547945205479454
    ],
    [
      127,
      0.14965986394557823
    ],
    [
      128,
      0.09523809523809525
    ],
    [
      129,
      0.13605442176870747
    ],
    [
      130,
      0.09999999999999999
    ],
    [
      131,
      0.13333333333333333
    ],
    [
      132,
      0.17857142857142855
    ],
    [
      133,
      0.13138686131386862
    ],
    [
      134,
      0.20388349514563106
    ],
    [
      135,
      0.15942028985507245
    ],
    [
      136,
      0.12605042016806722
    ],
    [
      137,
      0.130718954248366
    ],
    [
      138,
      0.14689265536723164
    ],
    [
      139,
      0.1183431952662722
    ],
    [
      140,
      0.09859154929577464
    ],
    [
      141,
      0.13114754098360656
    ],
    [
      142,
      0.10101010101010101
    ],
    [
      143,
      0.11059907834101382
    ],
    [
      144,
      0.05128205128205129
    ],
    [
      145,
      0.10884353741496598
    ],
    [
      146,
      0.21359223300970873
    ],
    [
      147,
      0.18604651162790697
    ],
    [
      148,
      0.11382113821138212
    ],
    [
      149,
      0.15277777777777776
    ],
    [
      150,
      0.17964071856287422
    ],
    [
      151,
      0.15
    ],
    [
      152,
      0.18032786885245902
    ],
    [
      153,
      0.1793103448275862
    ],
    [
      154,
      0.13953488372093023
    ],
    [
      155,
      0.14723926380368096
    ],
    [
      156,
      0.17297297297297298
    ],
    [
      157,
      0.20799999999999996
    ],
    [
      158,
      0.16759776536312848
    ],
    [
      159,
      0.11188811188811189
    ],
    [
      160,
      0.18181818181818182
    ],
    [
