{
  "dataset": "QMSum",
  "num_samples": 200,
  "rouge1": 0.24263152826809442,
  "rouge2": 0.05906313097101429,
  "rougeL": 0.1535591074437545,
  "rougeLsum": 0.15479384065239904,
  "per_sample_rougeL": [
    [
      0,
      0.2090909090909091
    ],
    [
      1,
      0.22950819672131148
    ],
    [
      2,
      0.1904761904761905
    ],
    [
      3,
      0.2125
    ],
    [
      4,
      0.13636363636363635
    ],
    [
      5,
      0.21518987341772153
    ],
    [
      6,
      0
    ],
    [
      7,
      0.22222222222222224
    ],
    [
      8,
      0
    ],
    [
      9,
      0
    ],
    [
      10,
      0.2857142857142857
    ],
    [
      11,
      0.24390243902439024
    ],
    [
      12,
      0.3529411764705882
    ],
    [
      13,
      0.19130434782608696
    ],
    [
      14,
      0.18604651162790697
    ],
    [
      15,
      0.16049382716049382
    ],
    [
      16,
      0.19138755980861247
    ],
    [
      17,
      0
    ],
    [
      18,
      0
    ],
    [
      19,
      0.09411764705882351
    ],
    [
      20,
      0.11627906976744186
    ],
    [
      21,
      0.2601626016260163
    ],
    [
      22,
      0.23529411764705882
    ],
    [
      23,
      0.24427480916030536
    ],
    [
      24,
      0
    ],
    [
      25,
      0.224390243902439
    ],
    [
      26,
      0.28571428571428575
    ],
    [
      27,
      0.13157894736842105
    ],
    [
      28,
      0.2122905027932961
    ],
    [
      29,
      0.1625
    ],
    [
      30,
      0.1837837837837838
    ],
    [
      31,
      0
    ],
    [
      32,
      0
    ],
    [
      33,
      0.2191780821917808
    ],
    [
      34,
      0
    ],
    [
      35,
      0.19487179487179487
    ],
    [
      36,
      0
    ],
    [
      37,
      0.16766467065868262
    ],
    [
      38,
      0.2077922077922078
    ],
    [
      39,
      0.21052631578947367
    ],
    [
      40,
      0.16981132075471697
    ],
    [
      41,
      0
    ],
    [
      42,
      0.16822429906542058
    ],
    [
      43,
      0
    ],
    [
      44,
      0.15384615384615383
    ],
    [
      45,
      0
    ],
    [
      46,
      0.15172413793103448
    ],
    [
      47,
      0.1830065359477124
    ],
    [
      48,
      0.19631901840490798
    ],
    [
      49,
      0.26506024096385544
    ],
    [
      50,
      0
    ],
    [
      51,
      0.22929936305732485
    ],
    [
      52,
      0.19631901840490795
    ],
    [
      53,
      0
    ],
    [
      54,
      0.21052631578947367
    ],
    [
      55,
      0.1904761904761905
    ],
    [
      56,
      0.1843971631205674
    ],
    [
      57,
      0.1414141414141414
    ],
    [
      58,
      0.18543046357615894
    ],
    [
      59,
      0.14634146341463414
    ],
    [
      60,
      0.19130434782608696
    ],
    [
      61,
      0.21301775147928992
    ],
    [
      62,
      0.18250950570342206
    ],
    [
      63,
      0.20359281437125748
    ],
    [
      64,
      0.20134228187919462
    ],
    [
      65,
      0.26
    ],
    [
      66,
      0.27522935779816515
    ],
    [
      67,
      0.21800947867298578
    ],
    [
      68,
      0.21794871794871795
    ],
    [
      69,
      0
    ],
    [
      70,
      0.35294117647058826
    ],
    [
      71,
      0.21621621621621623
    ],
    [
      72,
      0.3492063492063492
    ],
    [
      73,
      0.1904761904761905
    ],
    [
      74,
      0.15
    ],
    [
      75,
      0.18571428571428572
    ],
    [
      76,
      0.14953271028037382
    ],
    [
      77,
      0.15999999999999998
    ],
    [
      78,
      0.20869565217391303
    ],
    [
      79,
      0
    ],
    [
      80,
      0.17467248908296942
    ],
    [
      81,
      0
    ],
    [
      82,
      0
    ],
    [
      83,
      0.17741935483870966
    ],
    [
      84,
      0
    ],
    [
      85,
      0.22988505747126436
    ],
    [
      86,
      0.2151394422310757
    ],
    [
      87,
      0.19298245614035087
    ],
    [
      88,
      0
    ],
    [
      89,
      0.24347826086956523
    ],
    [
      90,
      0.27999999999999997
    ],
    [
      91,
      0.15686274509803924
    ],
    [
      92,
      0.13953488372093023
    ],
    [
      93,
      0.2280701754385965
    ],
    [
      94,
      0.14765100671140938
    ],
    [
      95,
      0
    ],
    [
      96,
      0.1958762886597938
    ],
    [
      97,
      0.17857142857142858
    ],
    [
      98,
      0.19631901840490798
    ],
    [
      99,
      0.16814159292035397
    ],
    [
      100,
      0.14689265536723164
    ],
    [
      101,
      0.24347826086956526
    ],
    [
      102,
      0.17500000000000002
    ],
    [
      103,
      0.23333333333333334
    ],
    [
      104,
      0.25287356321839083
    ],
    [
      105,
      0.271356783919598
    ],
    [
      106,
      0.24074074074074073
    ],
    [
      107,
      0
    ],
    [
      108,
      0.22900763358778628
    ],
    [
      109,
      0.1896551724137931
    ],
    [
      110,
      0.17486338797814208
    ],
    [
      111,
      0.23111111111111113
    ],
    [
      112,
      0
    ],
    [
      113,
      0.2727272727272727
    ],
    [
      114,
      0.24390243902439024
    ],
    [
      115,
      0
    ],
    [
      116,
      0.20134228187919465
    ],
    [
      117,
      0.2280701754385965
    ],
    [
      118,
      0.1258741258741259
    ],
    [
      119,
      0.3170731707317073
    ],
    [
      120,
      0.17777777777777778
    ],
    [
      121,
      0.21212121212121215
    ],
    [
      122,
      0
    ],
    [
      123,
      0.2079207920792079
    ],
    [
      124,
      0
    ],
    [
      125,
      0.18064516129032257
    ],
    [
      126,
      0.24615384615384614
    ],
    [
      127,
      0
    ],
    [
      128,
      0.29743589743589743
    ],
    [
      129,
      0.22857142857142856
    ],
    [
      130,
      0
    ],
    [
      131,
      0
    ],
    [
      132,
      0.2459016393442623
    ],
    [
      133,
      0
    ],
    [
      134,
      0.28699551569506726
    ],
    [
      135,
      0
    ],
    [
      136,
      0.15503875968992245
    ],
    [
      137,
      0.2058823529411765
    ],
    [
      138,
      0.1946902654867257
    ],
    [
      139,
      0.14117647058823526
    ],
    [
      140,
      0.16352201257861637
    ],
    [
      141,
      0
    ],
    [
      142,
      0.18627450980392157
    ],
    [
      143,
      0.1743119266055046
    ],
    [
      144,
      0.17021276595744683
    ],
    [
      145,
      0.1282051282051282
    ],
    [
      146,
      0.20118343195266272
    ],
    [
      147,
      0.15841584158415842
    ],
    [
      148,
      0.2571428571428571
    ],
    [
      149,
      0.09523809523809523
    ],
    [
      150,
      0.18285714285714286
    ],
    [
      151,
      0
    ],
    [
      152,
      0
    ],
    [
      153,
      0.20689655172413793
    ],
    [
      154,
      0
    ],
    [
      155,
      0.1626016260162602
    ],
    [
      156,
      0.1791044776119403
    ],
    [
      157,
      0.14285714285714285
    ],
    [
      158,
      0.1925925925925926
    ],
    [
      159,
      0
    ],
    [
      160,
      0.2222222222222222
    ],
    [
      161,
      0.1925925925925926
    ],
    [
      162,
      0.16455696202531647
    ],
    [
      163,
      0
    ],
    [
      164,
      0.2727272727272727
    ],
    [
      165,
      0.19230769230769235
    ],
    [
      166,
      0.1807228915662651
    ],
    [
      167,
      0
    ],
    [
      168,
      0.23214285714285712
    ],
    [
      169,
      0.1956521739130435
    ],
    [
      170,
      0.19117647058823528
    ],
    [
      171,
      0
    ],
    [
      172,
      0
    ],
    [
      173,
      0.11940298507462686
    ],
    [
      174,
      0
    ],
    [
