{
  "dataset": "QMSum",
  "num_samples": 200,
  "rouge1": 0.24829680111852673,
  "rouge2": 0.05495250480375817,
  "rougeL": 0.1579818274177998,
  "rougeLsum": 0.16679490752163773,
  "per_sample_rougeL": [
    [
      0,
      0.20560747663551404
    ],
    [
      1,
      0.19999999999999998
    ],
    [
      2,
      0.12290502793296089
    ],
    [
      3,
      0.13836477987421383
    ],
    [
      4,
      0.1568627450980392
    ],
    [
      5,
      0.13422818791946306
    ],
    [
      6,
      0.15384615384615385
    ],
    [
      7,
      0.10256410256410257
    ],
    [
      8,
      0.17741935483870971
    ],
    [
      9,
      0.16326530612244897
    ],
    [
      10,
      0.12307692307692307
    ],
    [
      11,
      0.1702127659574468
    ],
    [
      12,
      0.13043478260869562
    ],
    [
      13,
      0.19875776397515527
    ],
    [
      14,
      0.16666666666666666
    ],
    [
      15,
      0.19178082191780824
    ],
    [
      16,
      0.12371134020618556
    ],
    [
      17,
      0.20454545454545456
    ],
    [
      18,
      0.14393939393939395
    ],
    [
      19,
      0.14942528735632185
    ],
    [
      20,
      0.14906832298136646
    ],
    [
      21,
      0.13008130081300814
    ],
    [
      22,
      0.1794871794871795
    ],
    [
      23,
      0.17266187050359713
    ],
    [
      24,
      0.10975609756097561
    ],
    [
      25,
      0.14423076923076922
    ],
    [
      26,
      0.16774193548387095
    ],
    [
      27,
      0.1388888888888889
    ],
    [
      28,
      0.1476510067114094
    ],
    [
      29,
      0.1342281879194631
    ],
    [
      30,
      0.1893491124260355
    ],
    [
      31,
      0.1702127659574468
    ],
    [
      32,
      0.18681318681318684
    ],
    [
      33,
      0.19999999999999996
    ],
    [
      34,
      0.15873015873015875
    ],
    [
      35,
      0.17801047120418848
    ],
    [
      36,
      0.17177914110429449
    ],
    [
      37,
      0.1511627906976744
    ],
    [
      38,
      0.14388489208633093
    ],
    [
      39,
      0.045454545454545456
    ],
    [
      40,
      0.17525773195876287
    ],
    [
      41,
      0.1693121693121693
    ],
    [
      42,
      0.06369426751592357
    ],
    [
      43,
      0.1568627450980392
    ],
    [
      44,
      0.08333333333333333
    ],
    [
      45,
      0.19875776397515527
    ],
    [
      46,
      0.16304347826086957
    ],
    [
      47,
      0.10582010582010581
    ],
    [
      48,
      0.16766467065868262
    ],
    [
      49,
      0.1395348837209302
    ],
    [
      50,
      0.1710526315789474
    ],
    [
      51,
      0.17054263565891473
    ],
    [
      52,
      0.18461538461538463
    ],
    [
      53,
      0.15827338129496404
    ],
    [
      54,
      0.2278481012658228
    ],
    [
      55,
      0.15757575757575754
    ],
    [
      56,
      0.16666666666666666
    ],
    [
      57,
      0.09876543209876543
    ],
    [
      58,
      0.2275449101796407
    ],
    [
      59,
      0.16666666666666669
    ],
    [
      60,
      0.14285714285714285
    ],
    [
      61,
      0.0
    ],
    [
      62,
      0.1343283582089552
    ],
    [
      63,
      0.15483870967741933
    ],
    [
      64,
      0.17567567567567569
    ],
    [
      65,
      0.1761006289308176
    ],
    [
      66,
      0.17610062893081763
    ],
    [
      67,
      0.1492537313432836
    ],
    [
      68,
      0.16049382716049382
    ],
    [
      69,
      0.027397260273972608
    ],
    [
      70,
      0.1726618705035971
    ],
    [
      71,
      0.1568627450980392
    ],
    [
      72,
      0.10769230769230768
    ],
    [
      73,
      0.2485207100591716
    ],
    [
      74,
      0.14388489208633093
    ],
    [
      75,
      0.1608040201005025
    ],
    [
      76,
      0.13756613756613756
    ],
    [
      77,
      0.12403100775193798
    ],
    [
      78,
      0.2433862433862434
    ],
    [
      79,
      0.175
    ],
    [
      80,
      0.16113744075829384
    ],
    [
      81,
      0.05263157894736842
    ],
    [
      82,
      0.22317596566523604
    ],
    [
      83,
      0.15555555555555556
    ],
    [
      84,
      0.21590909090909088
    ],
    [
      85,
      0.16216216216216214
    ],
    [
      86,
      0.2633744855967078
    ],
    [
      87,
      0.21118012422360247
    ],
    [
      88,
      0.03333333333333333
    ],
    [
      89,
      0.3147208121827411
    ],
    [
      90,
      0.17204301075268819
    ],
    [
      91,
      0.05405405405405405
    ],
    [
      92,
      0.09929078014184398
    ],
    [
      93,
      0.14678899082568808
    ],
    [
      94,
      0.2112676056338028
    ],
    [
      95,
      0.19090909090909092
    ],
    [
      96,
      0.1345291479820628
    ],
    [
      97,
      0.12080536912751678
    ],
    [
      98,
      0.16374269005847952
    ],
    [
      99,
      0.031914893617021274
    ],
    [
      100,
      0.17283950617283952
    ],
    [
      101,
      0.04166666666666667
    ],
    [
      102,
      0.23899371069182387
    ],
    [
      103,
      0.2716049382716049
    ],
    [
      104,
      0.16551724137931037
    ],
    [
      105,
      0.19428571428571426
    ],
    [
      106,
      0.24271844660194175
    ],
    [
      107,
      0.05333333333333332
    ],
    [
      108,
      0.2
    ],
    [
      109,
      0.14814814814814814
    ],
    [
      110,
      0.14388489208633093
    ],
    [
      111,
      0.18666666666666668
    ],
    [
      112,
      0.20000000000000004
    ],
    [
      113,
      0.18811881188118815
    ],
    [
      114,
      0.19090909090909092
    ],
    [
      115,
      0.18543046357615894
    ],
    [
      116,
      0.15384615384615383
    ],
    [
      117,
      0.18292682926829268
    ],
    [
      118,
      0.16551724137931034
    ],
    [
      119,
      0.21487603305785125
    ],
    [
      120,
      0.11764705882352941
    ],
    [
      121,
      0.057971014492753624
    ],
    [
      122,
      0.13138686131386862
    ],
    [
      123,
      0.22666666666666666
    ],
    [
      124,
      0.047619047619047616
    ],
    [
      125,
      0.12422360248447205
    ],
    [
      126,
      0.22058823529411764
    ],
    [
      127,
      0.19736842105263158
    ],
    [
      128,
      0.20105820105820107
    ],
    [
      129,
      0.1118881118881119
    ],
    [
      130,
      0.13953488372093026
    ],
    [
      131,
      0.13836477987421383
    ],
    [
      132,
      0.2
    ],
    [
      133,
      0.13333333333333333
    ],
    [
      134,
      0.22110552763819094
    ],
    [
      135,
      0.0909090909090909
    ],
    [
      136,
      0.12556053811659193
    ],
    [
      137,
      0.16867469879518074
    ],
    [
      138,
      0.22485207100591717
    ],
    [
      139,
      0.1264367816091954
    ],
    [
      140,
      0.16216216216216214
    ],
    [
      141,
      0.35869565217391297
    ],
    [
      142,
      0.05357142857142857
    ],
    [
      143,
      0.14018691588785048
    ],
    [
      144,
      0.16
    ],
    [
      145,
      0.1258741258741259
    ],
    [
      146,
      0.24460431654676262
    ],
    [
      147,
      0.10526315789473684
    ],
    [
      148,
      0.12030075187969924
    ],
    [
      149,
      0.14457831325301204
    ],
    [
      150,
      0.2204724409448819
    ],
    [
      151,
      0.13259668508287295
    ],
    [
      152,
      0.04761904761904762
    ],
    [
      153,
      0.15277777777777776
    ],
    [
      154,
      0.11570247933884299
    ],
    [
      155,
      0.18421052631578946
    ],
    [
      156,
      0.16129032258064516
    ],
    [
      157,
      0.18487394957983194
    ],
    [
      158,
      0.15384615384615383
    ],
    [
      159,
      0.10062893081761007
    ],
    [
