{
  "dataset": "QMSum",
  "num_samples": 200,
  "rouge1": 0.24397706640811498,
  "rouge2": 0.054535067918030616,
  "rougeL": 0.15788271443058022,
  "rougeLsum": 0.16644828852018573,
  "per_sample_rougeL": [
    [
      0,
      0.20192307692307693
    ],
    [
      1,
      0.1608040201005025
    ],
    [
      2,
      0.15469613259668508
    ],
    [
      3,
      0.18404907975460122
    ],
    [
      4,
      0.1487603305785124
    ],
    [
      5,
      0.20168067226890757
    ],
    [
      6,
      0.1728395061728395
    ],
    [
      7,
      0.09210526315789473
    ],
    [
      8,
      0.16438356164383564
    ],
    [
      9,
      0.17647058823529413
    ],
    [
      10,
      0.10256410256410256
    ],
    [
      11,
      0.15873015873015872
    ],
    [
      12,
      0.12244897959183673
    ],
    [
      13,
      0.24427480916030536
    ],
    [
      14,
      0.1218274111675127
    ],
    [
      15,
      0.15827338129496402
    ],
    [
      16,
      0.15
    ],
    [
      17,
      0.13157894736842105
    ],
    [
      18,
      0.13688212927756652
    ],
    [
      19,
      0.13836477987421383
    ],
    [
      20,
      0.14285714285714285
    ],
    [
      21,
      0.11320754716981131
    ],
    [
      22,
      0.14634146341463417
    ],
    [
      23,
      0.07017543859649122
    ],
    [
      24,
      0.10975609756097561
    ],
    [
      25,
      0.1339712918660287
    ],
    [
      26,
      0.5
    ],
    [
      27,
      0.12162162162162163
    ],
    [
      28,
      0.14689265536723164
    ],
    [
      29,
      0.12
    ],
    [
      30,
      0.13414634146341464
    ],
    [
      31,
      0.16417910447761194
    ],
    [
      32,
      0.2065217391304348
    ],
    [
      33,
      0.21276595744680848
    ],
    [
      34,
      0.24489795918367344
    ],
    [
      35,
      0.1780821917808219
    ],
    [
      36,
      0.1575757575757576
    ],
    [
      37,
      0.0963855421686747
    ],
    [
      38,
      0.15492957746478872
    ],
    [
      39,
      0.1958041958041958
    ],
    [
      40,
      0.06382978723404256
    ],
    [
      41,
      0.16853932584269662
    ],
    [
      42,
      0.09230769230769231
    ],
    [
      43,
      0.2040816326530612
    ],
    [
      44,
      0.13414634146341464
    ],
    [
      45,
      0.17721518987341772
    ],
    [
      46,
      0.1894736842105263
    ],
    [
      47,
      0.1782178217821782
    ],
    [
      48,
      0.16969696969696968
    ],
    [
      49,
      0.18181818181818182
    ],
    [
      50,
      0.18749999999999997
    ],
    [
      51,
      0.303921568627451
    ],
    [
      52,
      0.18947368421052632
    ],
    [
      53,
      0.1391304347826087
    ],
    [
      54,
      0.21794871794871798
    ],
    [
      55,
      0.21390374331550802
    ],
    [
      56,
      0.14965986394557823
    ],
    [
      57,
      0.1271676300578035
    ],
    [
      58,
      0.11594202898550725
    ],
    [
      59,
      0.14906832298136644
    ],
    [
      60,
      0.16666666666666663
    ],
    [
      61,
      0.17543859649122806
    ],
    [
      62,
      0.14615384615384613
    ],
    [
      63,
      0.16455696202531644
    ],
    [
      64,
      0.1780821917808219
    ],
    [
      65,
      0.2028985507246377
    ],
    [
      66,
      0.16560509554140126
    ],
    [
      67,
      0.1346153846153846
    ],
    [
      68,
      0.17105263157894737
    ],
    [
      69,
      0.31578947368421045
    ],
    [
      70,
      0.19858156028368792
    ],
    [
      71,
      0.05633802816901408
    ],
    [
      72,
      0.30769230769230765
    ],
    [
      73,
      0.02247191011235955
    ],
    [
      74,
      0.2363636363636364
    ],
    [
      75,
      0.23923444976076555
    ],
    [
      76,
      0.12154696132596685
    ],
    [
      77,
      0.11594202898550723
    ],
    [
      78,
      0.2197802197802198
    ],
    [
      79,
      0.17218543046357615
    ],
    [
      80,
      0.17840375586854457
    ],
    [
      81,
      0.05194805194805195
    ],
    [
      82,
      0.24786324786324784
    ],
    [
      83,
      0.18840579710144928
    ],
    [
      84,
      0.21164021164021163
    ],
    [
      85,
      0.2153846153846154
    ],
    [
      86,
      0.1847826086956522
    ],
    [
      87,
      0.21518987341772153
    ],
    [
      88,
      0.08000000000000002
    ],
    [
      89,
      0.34782608695652173
    ],
    [
      90,
      0.26373626373626374
    ],
    [
      91,
      0.19512195121951217
    ],
    [
      92,
      0.1125
    ],
    [
      93,
      0.17674418604651165
    ],
    [
      94,
      0.15942028985507248
    ],
    [
      95,
      0.182648401826484
    ],
    [
      96,
      0.10232558139534884
    ],
    [
      97,
      0.15789473684210525
    ],
    [
      98,
      0.15757575757575756
    ],
    [
      99,
      0.20363636363636364
    ],
    [
      100,
      0.16049382716049382
    ],
    [
      101,
      0.15492957746478872
    ],
    [
      102,
      0.21250000000000002
    ],
    [
      103,
      0.20359281437125748
    ],
    [
      104,
      0.13986013986013984
    ],
    [
      105,
      0.2033898305084746
    ],
    [
      106,
      0.20754716981132076
    ],
    [
      107,
      0.17857142857142858
    ],
    [
      108,
      0.1863354037267081
    ],
    [
      109,
      0.09523809523809523
    ],
    [
      110,
      0.13580246913580246
    ],
    [
      111,
      0.13675213675213674
    ],
    [
      112,
      0.21374045801526717
    ],
    [
      113,
      0.16504854368932037
    ],
    [
      114,
      0.20952380952380953
    ],
    [
      115,
      0.1733333333333333
    ],
    [
      116,
      0.15894039735099338
    ],
    [
      117,
      0.17218543046357615
    ],
    [
      118,
      0.1923076923076923
    ],
    [
      119,
      0.19780219780219782
    ],
    [
      120,
      0.08974358974358976
    ],
    [
      121,
      0.057971014492753624
    ],
    [
      122,
      0.1388888888888889
    ],
    [
      123,
      0.04255319148936171
    ],
    [
      124,
      0.14285714285714288
    ],
    [
      125,
      0.1411764705882353
    ],
    [
      126,
      0.17391304347826086
    ],
    [
      127,
      0.1258741258741259
    ],
    [
      128,
      0.15
    ],
    [
      129,
      0.17777777777777776
    ],
    [
      130,
      0.12429378531073446
    ],
    [
      131,
      0.12000000000000001
    ],
    [
      132,
      0.18713450292397663
    ],
    [
      133,
      0.13740458015267176
    ],
    [
      134,
      0.20192307692307693
    ],
    [
      135,
      0.10606060606060608
    ],
    [
      136,
      0.13636363636363638
    ],
    [
      137,
      0.1923076923076923
    ],
    [
      138,
      0.21839080459770116
    ],
    [
      139,
      0.14666666666666667
    ],
    [
      140,
      0.16417910447761194
    ],
    [
      141,
      0.27322404371584696
    ],
    [
      142,
      0.01941747572815534
    ],
    [
      143,
      0.1293532338308458
    ],
    [
      144,
      0.15286624203821655
    ],
    [
      145,
      0.09859154929577464
    ],
    [
      146,
      0.020618556701030927
    ],
    [
      147,
      0.07792207792207792
    ],
    [
      148,
      0.12121212121212122
    ],
    [
      149,
      0.12865497076023394
    ],
    [
      150,
      0.05063291139240506
    ],
    [
      151,
      0.14689265536723164
    ],
    [
      152,
      0.14035087719298245
    ],
    [
      153,
      0.15384615384615383
    ],
    [
      154,
      0.112
    ],
    [
      155,
      0.056338028169014086
    ],
    [
      156,
      0.13043478260869562
    ],
    [
      157,
      0.17777777777777778
    ],
    [
      158,
      0.10465116279069767
    ],
    [
      159,
      0.1818181818181818
    ],
    [
      160,
