{
  "dataset": "QMSum",
  "num_samples": 200,
  "rouge1": 0.24457012687408491,
  "rouge2": 0.058714522831542174,
  "rougeL": 0.152527909449309,
  "rougeLsum": 0.15432825688985424,
  "per_sample_rougeL": [
    [
      0,
      0.21818181818181817
    ],
    [
      1,
      0.2388059701492537
    ],
    [
      2,
      0.18947368421052632
    ],
    [
      3,
      0.22222222222222224
    ],
    [
      4,
      0.13333333333333333
    ],
    [
      5,
      0.22222222222222224
    ],
    [
      6,
      0
    ],
    [
      7,
      0.17460317460317462
    ],
    [
      8,
      0
    ],
    [
      9,
      0.125
    ],
    [
      10,
      0.22916666666666669
    ],
    [
      11,
      0.1807909604519774
    ],
    [
      12,
      0.17094017094017094
    ],
    [
      13,
      0.2222222222222222
    ],
    [
      14,
      0.20095693779904308
    ],
    [
      15,
      0.16149068322981366
    ],
    [
      16,
      0.1904761904761905
    ],
    [
      17,
      0
    ],
    [
      18,
      0
    ],
    [
      19,
      0.13095238095238093
    ],
    [
      20,
      0.11023622047244094
    ],
    [
      21,
      0.2782608695652174
    ],
    [
      22,
      0.16923076923076924
    ],
    [
      23,
      0.24427480916030536
    ],
    [
      24,
      0
    ],
    [
      25,
      0.16748768472906403
    ],
    [
      26,
      0.28571428571428575
    ],
    [
      27,
      0.145985401459854
    ],
    [
      28,
      0.21111111111111114
    ],
    [
      29,
      0.18518518518518515
    ],
    [
      30,
      0.16129032258064516
    ],
    [
      31,
      0
    ],
    [
      32,
      0
    ],
    [
      33,
      0.21768707482993196
    ],
    [
      34,
      0
    ],
    [
      35,
      0.16494845360824742
    ],
    [
      36,
      0
    ],
    [
      37,
      0.16091954022988508
    ],
    [
      38,
      0.15037593984962405
    ],
    [
      39,
      0.18803418803418803
    ],
    [
      40,
      0.16981132075471697
    ],
    [
      41,
      0
    ],
    [
      42,
      0.18095238095238098
    ],
    [
      43,
      0
    ],
    [
      44,
      0.17543859649122806
    ],
    [
      45,
      0
    ],
    [
      46,
      0.19672131147540986
    ],
    [
      47,
      0.1830065359477124
    ],
    [
      48,
      0.23448275862068962
    ],
    [
      49,
      0.26506024096385544
    ],
    [
      50,
      0
    ],
    [
      51,
      0.22929936305732485
    ],
    [
      52,
      0.19875776397515527
    ],
    [
      53,
      0
    ],
    [
      54,
      0.24427480916030533
    ],
    [
      55,
      0.16129032258064516
    ],
    [
      56,
      0.2
    ],
    [
      57,
      0.1414141414141414
    ],
    [
      58,
      0.22556390977443608
    ],
    [
      59,
      0.14634146341463414
    ],
    [
      60,
      0.1896551724137931
    ],
    [
      61,
      0.18934911242603553
    ],
    [
      62,
      0.2766798418972332
    ],
    [
      63,
      0.2155688622754491
    ],
    [
      64,
      0.23841059602649003
    ],
    [
      65,
      0.2708333333333333
    ],
    [
      66,
      0.27522935779816515
    ],
    [
      67,
      0.27450980392156865
    ],
    [
      68,
      0.2113821138211382
    ],
    [
      69,
      0
    ],
    [
      70,
      0.35294117647058826
    ],
    [
      71,
      0.1946902654867257
    ],
    [
      72,
      0.3448275862068965
    ],
    [
      73,
      0.2206896551724138
    ],
    [
      74,
      0.20869565217391303
    ],
    [
      75,
      0.19117647058823528
    ],
    [
      76,
      0.13846153846153847
    ],
    [
      77,
      0.08620689655172414
    ],
    [
      78,
      0.22764227642276424
    ],
    [
      79,
      0
    ],
    [
      80,
      0.1702127659574468
    ],
    [
      81,
      0.18888888888888888
    ],
    [
      82,
      0
    ],
    [
      83,
      0.17567567567567569
    ],
    [
      84,
      0
    ],
    [
      85,
      0.2278481012658228
    ],
    [
      86,
      0.21862348178137653
    ],
    [
      87,
      0.10526315789473684
    ],
    [
      88,
      0
    ],
    [
      89,
      0.24347826086956523
    ],
    [
      90,
      0.23999999999999996
    ],
    [
      91,
      0.13513513513513511
    ],
    [
      92,
      0.13953488372093023
    ],
    [
      93,
      0.2280701754385965
    ],
    [
      94,
      0.15789473684210525
    ],
    [
      95,
      0
    ],
    [
      96,
      0.17486338797814208
    ],
    [
      97,
      0.17857142857142858
    ],
    [
      98,
      0.17777777777777776
    ],
    [
      99,
      0.16814159292035397
    ],
    [
      100,
      0.13333333333333333
    ],
    [
      101,
      0.2302158273381295
    ],
    [
      102,
      0.17500000000000002
    ],
    [
      103,
      0.23622047244094488
    ],
    [
      104,
      0.23529411764705882
    ],
    [
      105,
      0.26262626262626265
    ],
    [
      106,
      0.2604166666666667
    ],
    [
      107,
      0.20134228187919462
    ],
    [
      108,
      0.2368421052631579
    ],
    [
      109,
      0.26804123711340205
    ],
    [
      110,
      0.15384615384615385
    ],
    [
      111,
      0.2304147465437788
    ],
    [
      112,
      0
    ],
    [
      113,
      0.2727272727272727
    ],
    [
      114,
      0.2682926829268293
    ],
    [
      115,
      0
    ],
    [
      116,
      0.17177914110429449
    ],
    [
      117,
      0.21238938053097348
    ],
    [
      118,
      0.13986013986013987
    ],
    [
      119,
      0.3170731707317073
    ],
    [
      120,
      0.16574585635359118
    ],
    [
      121,
      0.21212121212121215
    ],
    [
      122,
      0
    ],
    [
      123,
      0.2155688622754491
    ],
    [
      124,
      0
    ],
    [
      125,
      0.16666666666666669
    ],
    [
      126,
      0.24615384615384614
    ],
    [
      127,
      0
    ],
    [
      128,
      0.2761904761904762
    ],
    [
      129,
      0.2608695652173913
    ],
    [
      130,
      0
    ],
    [
      131,
      0
    ],
    [
      132,
      0.20224719101123595
    ],
    [
      133,
      0
    ],
    [
      134,
      0.27802690582959644
    ],
    [
      135,
      0
    ],
    [
      136,
      0.15094339622641512
    ],
    [
      137,
      0.13953488372093023
    ],
    [
      138,
      0.1946902654867257
    ],
    [
      139,
      0.11764705882352941
    ],
    [
      140,
      0.178343949044586
    ],
    [
      141,
      0
    ],
    [
      142,
      0.20320855614973263
    ],
    [
      143,
      0.20353982300884957
    ],
    [
      144,
      0.16042780748663102
    ],
    [
      145,
      0.13664596273291926
    ],
    [
      146,
      0.20118343195266272
    ],
    [
      147,
      0.14207650273224043
    ],
    [
      148,
      0.2571428571428571
    ],
    [
      149,
      0.09523809523809523
    ],
    [
      150,
      0.18497109826589597
    ],
    [
      151,
      0
    ],
    [
      152,
      0
    ],
    [
      153,
      0.1652892561983471
    ],
    [
      154,
      0
    ],
    [
      155,
      0.15217391304347824
    ],
    [
      156,
      0.1782178217821782
    ],
    [
      157,
      0.1276595744680851
    ],
    [
      158,
      0.19354838709677422
    ],
    [
      159,
      0
    ],
    [
      160,
      0.21428571428571427
    ],
    [
      161,
      0.18064516129032257
    ],
    [
      162,
      0.15555555555555556
    ],
    [
      163,
      0
    ],
    [
      164,
      0.26976744186046514
    ],
    [
      165,
      0.18320610687022904
    ],
    [
      166,
      0.1686746987951807
    ],
    [
      167,
      0
    ],
    [
      168,
      0.23214285714285712
    ],
    [
      169,
      0.1956521739130435
    ],
    [
      170,
      0.2033898305084746
    ],
    [
      171,
      0
    ],
    [
      172,
      0
    ],
    [
