{
  "dataset": "QMSum",
  "num_samples": 200,
  "rouge1": 0.3277645825546742,
  "rouge2": 0.07530118239918426,
  "rougeL": 0.1914212439763776,
  "rougeLsum": 0.19566012997030374,
  "per_sample_rougeL": [
    [
      0,
      0.17272727272727273
    ],
    [
      1,
      0.2371134020618557
    ],
    [
      2,
      0.17616580310880828
    ],
    [
      3,
      0.1839080459770115
    ],
    [
      4,
      0.1076923076923077
    ],
    [
      5,
      0.31351351351351353
    ],
    [
      6,
      0.14201183431952663
    ],
    [
      7,
      0.16666666666666666
    ],
    [
      8,
      0.16774193548387098
    ],
    [
      9,
      0.12578616352201258
    ],
    [
      10,
      0.16551724137931034
    ],
    [
      11,
      0.22549019607843138
    ],
    [
      12,
      0.16326530612244897
    ],
    [
      13,
      0.2526315789473684
    ],
    [
      14,
      0.16822429906542058
    ],
    [
      15,
      0.16
    ],
    [
      16,
      0.18269230769230765
    ],
    [
      17,
      0.20809248554913296
    ],
    [
      18,
      0.12500000000000003
    ],
    [
      19,
      0.16374269005847952
    ],
    [
      20,
      0.11560693641618497
    ],
    [
      21,
      0.1923076923076923
    ],
    [
      22,
      0.17441860465116282
    ],
    [
      23,
      0.1958041958041958
    ],
    [
      24,
      0.22340425531914893
    ],
    [
      25,
      0.20353982300884954
    ],
    [
      26,
      0.2514285714285714
    ],
    [
      27,
      0.19607843137254904
    ],
    [
      28,
      0.20512820512820515
    ],
    [
      29,
      0.24096385542168677
    ],
    [
      30,
      0.16483516483516483
    ],
    [
      31,
      0.16551724137931034
    ],
    [
      32,
      0.2054054054054054
    ],
    [
      33,
      0.21212121212121213
    ],
    [
      34,
      0.23312883435582823
    ],
    [
      35,
      0.1761658031088083
    ],
    [
      36,
      0.1839080459770115
    ],
    [
      37,
      0.18085106382978727
    ],
    [
      38,
      0.15286624203821658
    ],
    [
      39,
      0.2027027027027027
    ],
    [
      40,
      0.17085427135678394
    ],
    [
      41,
      0.19323671497584544
    ],
    [
      42,
      0.14883720930232558
    ],
    [
      43,
      0.18823529411764706
    ],
    [
      44,
      0.1696969696969697
    ],
    [
      45,
      0.14814814814814814
    ],
    [
      46,
      0.2
    ],
    [
      47,
      0.17708333333333334
    ],
    [
      48,
      0.21714285714285717
    ],
    [
      49,
      0.16766467065868262
    ],
    [
      50,
      0.19047619047619047
    ],
    [
      51,
      0.26168224299065423
    ],
    [
      52,
      0.1761006289308176
    ],
    [
      53,
      0.18823529411764706
    ],
    [
      54,
      0.21301775147928995
    ],
    [
      55,
      0.14814814814814814
    ],
    [
      56,
      0.16883116883116883
    ],
    [
      57,
      0.111731843575419
    ],
    [
      58,
      0.2696629213483146
    ],
    [
      59,
      0.21164021164021163
    ],
    [
      60,
      0.22099447513812157
    ],
    [
      61,
      0.19277108433734938
    ],
    [
      62,
      0.15384615384615385
    ],
    [
      63,
      0.19393939393939394
    ],
    [
      64,
      0.1780821917808219
    ],
    [
      65,
      0.24324324324324323
    ],
    [
      66,
      0.2555555555555556
    ],
    [
      67,
      0.22748815165876776
    ],
    [
      68,
      0.16393442622950818
    ],
    [
      69,
      0.14857142857142858
    ],
    [
      70,
      0.25333333333333335
    ],
    [
      71,
      0.13496932515337423
    ],
    [
      72,
      0.20382165605095542
    ],
    [
      73,
      0.2233502538071066
    ],
    [
      74,
      0.1891891891891892
    ],
    [
      75,
      0.2922374429223744
    ],
    [
      76,
      0.1890547263681592
    ],
    [
      77,
      0.10457516339869281
    ],
    [
      78,
      0.23529411764705882
    ],
    [
      79,
      0.15819209039548024
    ],
    [
      80,
      0.14782608695652172
    ],
    [
      81,
      0.18579234972677594
    ],
    [
      82,
      0.1596638655462185
    ],
    [
      83,
      0.2091503267973856
    ],
    [
      84,
      0.13930348258706468
    ],
    [
      85,
      0.20588235294117646
    ],
    [
      86,
      0.175
    ],
    [
      87,
      0.12422360248447206
    ],
    [
      88,
      0.22807017543859648
    ],
    [
      89,
      0.2731707317073171
    ],
    [
      90,
      0.1958762886597938
    ],
    [
      91,
      0.14666666666666667
    ],
    [
      92,
      0.18292682926829268
    ],
    [
      93,
      0.2
    ],
    [
      94,
      0.24836601307189543
    ],
    [
      95,
      0.23636363636363636
    ],
    [
      96,
      0.23868312757201643
    ],
    [
      97,
      0.2151898734177215
    ],
    [
      98,
      0.2094240837696335
    ],
    [
      99,
      0.22837370242214533
    ],
    [
      100,
      0.2122905027932961
    ],
    [
      101,
      0.18518518518518517
    ],
    [
      102,
      0.2094240837696335
    ],
    [
      103,
      0.2222222222222222
    ],
    [
      104,
      0.17687074829931973
    ],
    [
      105,
      0.24870466321243523
    ],
    [
      106,
      0.2
    ],
    [
      107,
      0.2057142857142857
    ],
    [
      108,
      0.30681818181818177
    ],
    [
      109,
      0.18045112781954886
    ],
    [
      110,
      0.1988950276243094
    ],
    [
      111,
      0.22040816326530613
    ],
    [
      112,
      0.21875
    ],
    [
      113,
      0.2624434389140271
    ],
    [
      114,
      0.21052631578947367
    ],
    [
      115,
      0.15894039735099336
    ],
    [
      116,
      0.16494845360824742
    ],
    [
      117,
      0.2159090909090909
    ],
    [
      118,
      0.13071895424836602
    ],
    [
      119,
      0.16455696202531647
    ],
    [
      120,
      0.1675977653631285
    ],
    [
      121,
      0.2057142857142857
    ],
    [
      122,
      0.14678899082568808
    ],
    [
      123,
      0.17708333333333331
    ],
    [
      124,
      0.12244897959183672
    ],
    [
      125,
      0.15469613259668508
    ],
    [
      126,
      0.23030303030303026
    ],
    [
      127,
      0.11111111111111113
    ],
    [
      128,
      0.26666666666666666
    ],
    [
      129,
      0.18404907975460122
    ],
    [
      130,
      0.17679558011049723
    ],
    [
      131,
      0.13749999999999998
    ],
    [
      132,
      0.19101123595505617
    ],
    [
      133,
      0.22972972972972971
    ],
    [
      134,
      0.22535211267605634
    ],
    [
      135,
      0.1904761904761905
    ],
    [
      136,
      0.1698841698841699
    ],
    [
      137,
      0.1686746987951807
    ],
    [
      138,
      0.2659574468085106
    ],
    [
      139,
      0.14285714285714285
    ],
    [
      140,
      0.1456953642384106
    ],
    [
      141,
      0.22598870056497175
    ],
    [
      142,
      0.17840375586854457
    ],
    [
      143,
      0.20952380952380953
    ],
    [
      144,
      0.17346938775510204
    ],
    [
      145,
      0.17142857142857143
    ],
    [
      146,
      0.2180094786729858
    ],
    [
      147,
      0.17297297297297298
    ],
    [
      148,
      0.1870503597122302
    ],
    [
      149,
      0.14545454545454548
    ],
    [
      150,
      0.20118343195266275
    ],
    [
      151,
      0.19323671497584538
    ],
    [
      152,
      0.192
    ],
    [
      153,
      0.13333333333333333
    ],
    [
      154,
      0.1780821917808219
    ],
    [
      155,
      0.25
    ],
    [
      156,
      0.21105527638190955
    ],
    [
      157,
      0.12949640287769784
    ],
    [
      158,
      0.1899441340782123
    ],
    [
      159,
      0.2625
    ],
    [
      160,
      0.23645320197044337
    ],
    [
      161,
