{
  "dataset": "QMSum",
  "num_samples": 200,
  "rouge1": 0.229111870068463,
  "rouge2": 0.05331090632683855,
  "rougeL": 0.14091002920244236,
  "rougeLsum": 0.1422032205163629,
  "per_sample_rougeL": [
    [
      0,
      0.228310502283105
    ],
    [
      1,
      0.22439024390243906
    ],
    [
      2,
      0.15789473684210525
    ],
    [
      3,
      0.18285714285714283
    ],
    [
      4,
      0.11666666666666668
    ],
    [
      5,
      0
    ],
    [
      6,
      0
    ],
    [
      7,
      0.18181818181818185
    ],
    [
      8,
      0
    ],
    [
      9,
      0.125
    ],
    [
      10,
      0.25882352941176473
    ],
    [
      11,
      0
    ],
    [
      12,
      0.20930232558139533
    ],
    [
      13,
      0.16666666666666669
    ],
    [
      14,
      0.16346153846153846
    ],
    [
      15,
      0.19047619047619047
    ],
    [
      16,
      0.18095238095238095
    ],
    [
      17,
      0.23809523809523808
    ],
    [
      18,
      0
    ],
    [
      19,
      0.12941176470588234
    ],
    [
      20,
      0.126984126984127
    ],
    [
      21,
      0.23076923076923078
    ],
    [
      22,
      0.1879194630872483
    ],
    [
      23,
      0.21126760563380284
    ],
    [
      24,
      0
    ],
    [
      25,
      0.22099447513812157
    ],
    [
      26,
      0
    ],
    [
      27,
      0.17518248175182483
    ],
    [
      28,
      0.20320855614973263
    ],
    [
      29,
      0.19277108433734938
    ],
    [
      30,
      0.18292682926829268
    ],
    [
      31,
      0
    ],
    [
      32,
      0
    ],
    [
      33,
      0.19672131147540983
    ],
    [
      34,
      0
    ],
    [
      35,
      0.12903225806451613
    ],
    [
      36,
      0
    ],
    [
      37,
      0.14285714285714288
    ],
    [
      38,
      0.18181818181818182
    ],
    [
      39,
      0.17567567567567569
    ],
    [
      40,
      0.16216216216216217
    ],
    [
      41,
      0
    ],
    [
      42,
      0.169811320754717
    ],
    [
      43,
      0
    ],
    [
      44,
      0.1566265060240964
    ],
    [
      45,
      0
    ],
    [
      46,
      0.2150537634408602
    ],
    [
      47,
      0.19580419580419578
    ],
    [
      48,
      0.2077922077922078
    ],
    [
      49,
      0.1772151898734177
    ],
    [
      50,
      0
    ],
    [
      51,
      0.23529411764705885
    ],
    [
      52,
      0
    ],
    [
      53,
      0
    ],
    [
      54,
      0.24719101123595502
    ],
    [
      55,
      0.22377622377622378
    ],
    [
      56,
      0.19444444444444448
    ],
    [
      57,
      0.15384615384615385
    ],
    [
      58,
      0
    ],
    [
      59,
      0.14173228346456693
    ],
    [
      60,
      0.18333333333333335
    ],
    [
      61,
      0.20930232558139536
    ],
    [
      62,
      0.30943396226415093
    ],
    [
      63,
      0
    ],
    [
      64,
      0.2556390977443609
    ],
    [
      65,
      0.28037383177570097
    ],
    [
      66,
      0.22388059701492538
    ],
    [
      67,
      0.24669603524229072
    ],
    [
      68,
      0.20437956204379562
    ],
    [
      69,
      0
    ],
    [
      70,
      0.31250000000000006
    ],
    [
      71,
      0.23076923076923078
    ],
    [
      72,
      0.24137931034482757
    ],
    [
      73,
      0.2430939226519337
    ],
    [
      74,
      0.17391304347826086
    ],
    [
      75,
      0.23129251700680273
    ],
    [
      76,
      0.17142857142857143
    ],
    [
      77,
      0.07692307692307693
    ],
    [
      78,
      0.22535211267605634
    ],
    [
      79,
      0
    ],
    [
      80,
      0.18604651162790697
    ],
    [
      81,
      0.17857142857142855
    ],
    [
      82,
      0
    ],
    [
      83,
      0.30476190476190473
    ],
    [
      84,
      0
    ],
    [
      85,
      0.25
    ],
    [
      86,
      0.1589958158995816
    ],
    [
      87,
      0.07894736842105264
    ],
    [
      88,
      0
    ],
    [
      89,
      0.24347826086956523
    ],
    [
      90,
      0.25165562913907286
    ],
    [
      91,
      0
    ],
    [
      92,
      0.20800000000000002
    ],
    [
      93,
      0.19574468085106383
    ],
    [
      94,
      0
    ],
    [
      95,
      0
    ],
    [
      96,
      0.22105263157894736
    ],
    [
      97,
      0.1889763779527559
    ],
    [
      98,
      0.18848167539267013
    ],
    [
      99,
      0.20350877192982456
    ],
    [
      100,
      0.18181818181818182
    ],
    [
      101,
      0.29545454545454547
    ],
    [
      102,
      0.16580310880829016
    ],
    [
      103,
      0.1616161616161616
    ],
    [
      104,
      0.20338983050847456
    ],
    [
      105,
      0.2931937172774869
    ],
    [
      106,
      0.1724137931034483
    ],
    [
      107,
      0.1506849315068493
    ],
    [
      108,
      0.20689655172413793
    ],
    [
      109,
      0.18461538461538463
    ],
    [
      110,
      0.21348314606741572
    ],
    [
      111,
      0.23140495867768596
    ],
    [
      112,
      0.23404255319148937
    ],
    [
      113,
      0.23893805309734512
    ],
    [
      114,
      0.2175732217573222
    ],
    [
      115,
      0
    ],
    [
      116,
      0.16793893129770993
    ],
    [
      117,
      0.18181818181818182
    ],
    [
      118,
      0.12244897959183673
    ],
    [
      119,
      0.21276595744680848
    ],
    [
      120,
      0.15730337078651685
    ],
    [
      121,
      0.18072289156626506
    ],
    [
      122,
      0
    ],
    [
      123,
      0.18292682926829268
    ],
    [
      124,
      0
    ],
    [
      125,
      0.18681318681318682
    ],
    [
      126,
      0.2222222222222222
    ],
    [
      127,
      0
    ],
    [
      128,
      0.2403846153846154
    ],
    [
      129,
      0.22535211267605634
    ],
    [
      130,
      0
    ],
    [
      131,
      0
    ],
    [
      132,
      0.21374045801526717
    ],
    [
      133,
      0
    ],
    [
      134,
      0.2777777777777778
    ],
    [
      135,
      0
    ],
    [
      136,
      0.1374045801526718
    ],
    [
      137,
      0
    ],
    [
      138,
      0.17054263565891473
    ],
    [
      139,
      0.13836477987421383
    ],
    [
      140,
      0.17391304347826086
    ],
    [
      141,
      0
    ],
    [
      142,
      0.11570247933884296
    ],
    [
      143,
      0.18099547511312217
    ],
    [
      144,
      0.2099447513812155
    ],
    [
      145,
      0
    ],
    [
      146,
      0.18032786885245902
    ],
    [
      147,
      0.20155038759689922
    ],
    [
      148,
      0.24615384615384614
    ],
    [
      149,
      0.14634146341463417
    ],
    [
      150,
      0.18085106382978722
    ],
    [
      151,
      0
    ],
    [
      152,
      0
    ],
    [
      153,
      0.14012738853503184
    ],
    [
      154,
      0
    ],
    [
      155,
      0.1
    ],
    [
      156,
      0.17560975609756097
    ],
    [
      157,
      0.13513513513513514
    ],
    [
      158,
      0
    ],
    [
      159,
      0
    ],
    [
      160,
      0.22598870056497175
    ],
    [
      161,
      0.18749999999999997
    ],
    [
      162,
      0.17341040462427745
    ],
    [
      163,
      0
    ],
    [
      164,
      0.25352112676056343
    ],
    [
      165,
      0.186046511627907
    ],
    [
      166,
      0.2125
    ],
    [
      167,
      0
    ],
    [
      168,
      0.20618556701030927
    ],
    [
      169,
      0.18918918918918917
    ],
    [
      170,
      0.20588235294117646
    ],
    [
      171,
      0
    ],
    [
      172,
      0
    ],
    [
      173,
      0.10606060606060606
    ],
    [
      174,
      0
    ],
    [
      175,
      0.1827956989247312
    ],
    [
      176,
      0.2153846153846154
    ],
    [
