{
  "dataset": "QMSum",
  "num_samples": 200,
  "rouge1": 0.2694945821863768,
  "rouge2": 0.05665758396291179,
  "rougeL": 0.15978020552835287,
  "rougeLsum": 0.1733048242142364,
  "per_sample_rougeL": [
    [
      0,
      0.13861386138613863
    ],
    [
      1,
      0.19487179487179487
    ],
    [
      2,
      0.14207650273224043
    ],
    [
      3,
      0.11842105263157894
    ],
    [
      4,
      0.16260162601626016
    ],
    [
      5,
      0.2598870056497175
    ],
    [
      6,
      0.1267605633802817
    ],
    [
      7,
      0.11347517730496454
    ],
    [
      8,
      0.16993464052287585
    ],
    [
      9,
      0.15827338129496404
    ],
    [
      10,
      0.13333333333333333
    ],
    [
      11,
      0.12765957446808512
    ],
    [
      12,
      0.21897810218978103
    ],
    [
      13,
      0.2247191011235955
    ],
    [
      14,
      0.19387755102040813
    ],
    [
      15,
      0.16216216216216217
    ],
    [
      16,
      0.12371134020618556
    ],
    [
      17,
      0.18518518518518517
    ],
    [
      18,
      0.15503875968992248
    ],
    [
      19,
      0.16091954022988506
    ],
    [
      20,
      0.15094339622641512
    ],
    [
      21,
      0.2027027027027027
    ],
    [
      22,
      0.12345679012345678
    ],
    [
      23,
      0.25
    ],
    [
      24,
      0.13043478260869568
    ],
    [
      25,
      0.10280373831775702
    ],
    [
      26,
      0.1923076923076923
    ],
    [
      27,
      0.14184397163120568
    ],
    [
      28,
      0.10465116279069768
    ],
    [
      29,
      0.1324503311258278
    ],
    [
      30,
      0.1273885350318471
    ],
    [
      31,
      0.19199999999999998
    ],
    [
      32,
      0.1925133689839572
    ],
    [
      33,
      0.19387755102040813
    ],
    [
      34,
      0.21582733812949637
    ],
    [
      35,
      0.1956521739130435
    ],
    [
      36,
      0.16352201257861637
    ],
    [
      37,
      0.09876543209876543
    ],
    [
      38,
      0.15714285714285714
    ],
    [
      39,
      0.13533834586466167
    ],
    [
      40,
      0.14689265536723167
    ],
    [
      41,
      0.20792079207920794
    ],
    [
      42,
      0.09000000000000001
    ],
    [
      43,
      0.1733333333333333
    ],
    [
      44,
      0.08108108108108107
    ],
    [
      45,
      0.19444444444444445
    ],
    [
      46,
      0.12222222222222222
    ],
    [
      47,
      0.16161616161616163
    ],
    [
      48,
      0.14545454545454545
    ],
    [
      49,
      0.15662650602409636
    ],
    [
      50,
      0.17543859649122806
    ],
    [
      51,
      0.2748815165876777
    ],
    [
      52,
      0.13533834586466165
    ],
    [
      53,
      0.17751479289940825
    ],
    [
      54,
      0.18292682926829268
    ],
    [
      55,
      0.1724137931034483
    ],
    [
      56,
      0.11678832116788322
    ],
    [
      57,
      0.09999999999999999
    ],
    [
      58,
      0.2117647058823529
    ],
    [
      59,
      0.14457831325301204
    ],
    [
      60,
      0.1696969696969697
    ],
    [
      61,
      0.19736842105263158
    ],
    [
      62,
      0.1214574898785425
    ],
    [
      63,
      0.15789473684210525
    ],
    [
      64,
      0.1791044776119403
    ],
    [
      65,
      0.174496644295302
    ],
    [
      66,
      0.18518518518518517
    ],
    [
      67,
      0.14634146341463414
    ],
    [
      68,
      0.12048192771084337
    ],
    [
      69,
      0.12195121951219513
    ],
    [
      70,
      0.13986013986013984
    ],
    [
      71,
      0.07792207792207792
    ],
    [
      72,
      0.1285714285714286
    ],
    [
      73,
      0.24444444444444446
    ],
    [
      74,
      0.14705882352941177
    ],
    [
      75,
      0.1507537688442211
    ],
    [
      76,
      0.13756613756613756
    ],
    [
      77,
      0.10218978102189781
    ],
    [
      78,
      0.23783783783783782
    ],
    [
      79,
      0.15384615384615383
    ],
    [
      80,
      0.10628019323671498
    ],
    [
      81,
      0.1581920903954802
    ],
    [
      82,
      0.22317596566523604
    ],
    [
      83,
      0.19999999999999998
    ],
    [
      84,
      0.2446808510638298
    ],
    [
      85,
      0.10928961748633878
    ],
    [
      86,
      0.18666666666666668
    ],
    [
      87,
      0.19161676646706588
    ],
    [
      88,
      0.1904761904761905
    ],
    [
      89,
      0.24
    ],
    [
      90,
      0.21989528795811517
    ],
    [
      91,
      0.11851851851851854
    ],
    [
      92,
      0.12080536912751677
    ],
    [
      93,
      0.11764705882352941
    ],
    [
      94,
      0.19444444444444448
    ],
    [
      95,
      0.1784037558685446
    ],
    [
      96,
      0.12280701754385966
    ],
    [
      97,
      0.12676056338028172
    ],
    [
      98,
      0.1702127659574468
    ],
    [
      99,
      0.1417910447761194
    ],
    [
      100,
      0.1875
    ],
    [
      101,
      0.17518248175182477
    ],
    [
      102,
      0.16129032258064516
    ],
    [
      103,
      0.19540229885057472
    ],
    [
      104,
      0.15714285714285714
    ],
    [
      105,
      0.2159090909090909
    ],
    [
      106,
      0.25615763546798026
    ],
    [
      107,
      0.14371257485029942
    ],
    [
      108,
      0.22891566265060243
    ],
    [
      109,
      0.1984732824427481
    ],
    [
      110,
      0.21229050279329606
    ],
    [
      111,
      0.14529914529914528
    ],
    [
      112,
      0.1797752808988764
    ],
    [
      113,
      0.16326530612244897
    ],
    [
      114,
      0.16744186046511625
    ],
    [
      115,
      0.16793893129770993
    ],
    [
      116,
      0.11180124223602483
    ],
    [
      117,
      0.1893491124260355
    ],
    [
      118,
      0.17777777777777778
    ],
    [
      119,
      0.19444444444444445
    ],
    [
      120,
      0.12345679012345678
    ],
    [
      121,
      0.1829268292682927
    ],
    [
      122,
      0.09433962264150944
    ],
    [
      123,
      0.21212121212121213
    ],
    [
      124,
      0.11428571428571427
    ],
    [
      125,
      0.14545454545454548
    ],
    [
      126,
      0.18181818181818182
    ],
    [
      127,
      0.14765100671140938
    ],
    [
      128,
      0.15706806282722513
    ],
    [
      129,
      0.1971830985915493
    ],
    [
      130,
      0.15568862275449102
    ],
    [
      131,
      0.12162162162162161
    ],
    [
      132,
      0.17045454545454544
    ],
    [
      133,
      0.13636363636363638
    ],
    [
      134,
      0.21568627450980393
    ],
    [
      135,
      0.12030075187969924
    ],
    [
      136,
      0.1568627450980392
    ],
    [
      137,
      0.1509433962264151
    ],
    [
      138,
      0.1754385964912281
    ],
    [
      139,
      0.11042944785276074
    ],
    [
      140,
      0.17721518987341772
    ],
    [
      141,
      0.12612612612612614
    ],
    [
      142,
      0.14358974358974358
    ],
    [
      143,
      0.13402061855670103
    ],
    [
      144,
      0.10227272727272728
    ],
    [
      145,
      0.08571428571428572
    ],
    [
      146,
      0.20689655172413793
    ],
    [
      147,
      0.17297297297297298
    ],
    [
      148,
      0.15384615384615385
    ],
    [
      149,
      0.12500000000000003
    ],
    [
      150,
      0.22222222222222224
    ],
    [
      151,
      0.1497326203208556
    ],
    [
      152,
      0.20168067226890754
    ],
    [
      153,
      0.12413793103448276
    ],
    [
      154,
      0.128
    ],
    [
      155,
      0.18867924528301888
    ],
    [
      156,
      0.10227272727272729
    ],
    [
      157,
      0.06349206349206349
    ],
    [
      158,
      0.13872832369942195
    ],
    [
      159,
      0.11214953271028037
