{
  "dataset": "QMSum",
  "num_samples": 200,
  "rouge1": 0.2500762125334649,
  "rouge2": 0.056569038955029474,
  "rougeL": 0.15803480937778425,
  "rougeLsum": 0.1694723432863596,
  "per_sample_rougeL": [
    [
      0,
      0.1650485436893204
    ],
    [
      1,
      0.1919191919191919
    ],
    [
      2,
      0.14606741573033705
    ],
    [
      3,
      0.13749999999999998
    ],
    [
      4,
      0.13793103448275862
    ],
    [
      5,
      0.15483870967741936
    ],
    [
      6,
      0.19480519480519481
    ],
    [
      7,
      0.22085889570552147
    ],
    [
      8,
      0.18181818181818182
    ],
    [
      9,
      0.17687074829931973
    ],
    [
      10,
      0.10256410256410256
    ],
    [
      11,
      0.17801047120418845
    ],
    [
      12,
      0.23423423423423423
    ],
    [
      13,
      0.17582417582417584
    ],
    [
      14,
      0.13861386138613863
    ],
    [
      15,
      0.11510791366906475
    ],
    [
      16,
      0.1443298969072165
    ],
    [
      17,
      0.1282051282051282
    ],
    [
      18,
      0.12167300380228138
    ],
    [
      19,
      0.12048192771084336
    ],
    [
      20,
      0.13664596273291924
    ],
    [
      21,
      0.13008130081300814
    ],
    [
      22,
      0.19875776397515527
    ],
    [
      23,
      0.22516556291390727
    ],
    [
      24,
      0.10975609756097561
    ],
    [
      25,
      0.13953488372093023
    ],
    [
      26,
      0.3726708074534162
    ],
    [
      27,
      0.13333333333333333
    ],
    [
      28,
      0.1694915254237288
    ],
    [
      29,
      0.12162162162162163
    ],
    [
      30,
      0.12578616352201258
    ],
    [
      31,
      0.17647058823529413
    ],
    [
      32,
      0.1899441340782123
    ],
    [
      33,
      0.17391304347826084
    ],
    [
      34,
      0.14754098360655737
    ],
    [
      35,
      0.18274111675126903
    ],
    [
      36,
      0.16766467065868262
    ],
    [
      37,
      0.12048192771084337
    ],
    [
      38,
      0.14388489208633093
    ],
    [
      39,
      0.16666666666666666
    ],
    [
      40,
      0.19672131147540983
    ],
    [
      41,
      0.03539823008849558
    ],
    [
      42,
      0.0792079207920792
    ],
    [
      43,
      0.1506849315068493
    ],
    [
      44,
      0.12422360248447205
    ],
    [
      45,
      0.17721518987341772
    ],
    [
      46,
      0.18848167539267013
    ],
    [
      47,
      0.10471204188481675
    ],
    [
      48,
      0.20869565217391306
    ],
    [
      49,
      0.1322314049586777
    ],
    [
      50,
      0.16352201257861637
    ],
    [
      51,
      0.1911764705882353
    ],
    [
      52,
      0.19277108433734938
    ],
    [
      53,
      0.16296296296296295
    ],
    [
      54,
      0.21686746987951808
    ],
    [
      55,
      0.15135135135135136
    ],
    [
      56,
      0.16783216783216784
    ],
    [
      57,
      0.14942528735632185
    ],
    [
      58,
      0.20238095238095236
    ],
    [
      59,
      0.16883116883116883
    ],
    [
      60,
      0.1625
    ],
    [
      61,
      0.10810810810810811
    ],
    [
      62,
      0.1382113821138211
    ],
    [
      63,
      0.16455696202531644
    ],
    [
      64,
      0.17567567567567569
    ],
    [
      65,
      0.1830065359477124
    ],
    [
      66,
      0.17105263157894737
    ],
    [
      67,
      0.1650485436893204
    ],
    [
      68,
      0.17105263157894737
    ],
    [
      69,
      0.0
    ],
    [
      70,
      0.19858156028368792
    ],
    [
      71,
      0.11320754716981132
    ],
    [
      72,
      0.2040816326530612
    ],
    [
      73,
      0.21390374331550802
    ],
    [
      74,
      0.1610738255033557
    ],
    [
      75,
      0.12359550561797752
    ],
    [
      76,
      0.14893617021276598
    ],
    [
      77,
      0.14388489208633093
    ],
    [
      78,
      0.2127659574468085
    ],
    [
      79,
      0.17391304347826086
    ],
    [
      80,
      0.11510791366906474
    ],
    [
      81,
      0.05194805194805195
    ],
    [
      82,
      0.24267782426778242
    ],
    [
      83,
      0.17266187050359713
    ],
    [
      84,
      0.20125786163522014
    ],
    [
      85,
      0.18579234972677594
    ],
    [
      86,
      0.16143497757847536
    ],
    [
      87,
      0.21428571428571427
    ],
    [
      88,
      0.1461187214611872
    ],
    [
      89,
      0.33170731707317075
    ],
    [
      90,
      0.17045454545454547
    ],
    [
      91,
      0.12676056338028166
    ],
    [
      92,
      0.1125
    ],
    [
      93,
      0.17757009345794392
    ],
    [
      94,
      0.20689655172413793
    ],
    [
      95,
      0.2374429223744292
    ],
    [
      96,
      0.1222707423580786
    ],
    [
      97,
      0.13333333333333333
    ],
    [
      98,
      0.12790697674418605
    ],
    [
      99,
      0.11063829787234043
    ],
    [
      100,
      0.1875
    ],
    [
      101,
      0.15942028985507245
    ],
    [
      102,
      0.17989417989417988
    ],
    [
      103,
      0.2077922077922078
    ],
    [
      104,
      0.15384615384615383
    ],
    [
      105,
      0.2057142857142857
    ],
    [
      106,
      0.22857142857142856
    ],
    [
      107,
      0.02631578947368421
    ],
    [
      108,
      0.19753086419753085
    ],
    [
      109,
      0.19718309859154934
    ],
    [
      110,
      0.19310344827586207
    ],
    [
      111,
      0.15126050420168066
    ],
    [
      112,
      0.21839080459770116
    ],
    [
      113,
      0.14778325123152708
    ],
    [
      114,
      0.22321428571428573
    ],
    [
      115,
      0.18543046357615894
    ],
    [
      116,
      0.1610738255033557
    ],
    [
      117,
      0.17857142857142855
    ],
    [
      118,
      0.1346153846153846
    ],
    [
      119,
      0.19565217391304346
    ],
    [
      120,
      0.11764705882352941
    ],
    [
      121,
      0.02985074626865672
    ],
    [
      122,
      0.1495327102803738
    ],
    [
      123,
      0.10416666666666666
    ],
    [
      124,
      0.13636363636363635
    ],
    [
      125,
      0.14285714285714285
    ],
    [
      126,
      0.23448275862068968
    ],
    [
      127,
      0.12080536912751678
    ],
    [
      128,
      0.07766990291262135
    ],
    [
      129,
      0.20408163265306123
    ],
    [
      130,
      0.12941176470588234
    ],
    [
      131,
      0.1360544217687075
    ],
    [
      132,
      0.18713450292397663
    ],
    [
      133,
      0.14173228346456693
    ],
    [
      134,
      0.22222222222222224
    ],
    [
      135,
      0.10606060606060608
    ],
    [
      136,
      0.1640625
    ],
    [
      137,
      0.13245033112582782
    ],
    [
      138,
      0.21348314606741572
    ],
    [
      139,
      0.19999999999999998
    ],
    [
      140,
      0.16793893129770993
    ],
    [
      141,
      0.36065573770491804
    ],
    [
      142,
      0.182741116751269
    ],
    [
      143,
      0.15228426395939088
    ],
    [
      144,
      0.16049382716049385
    ],
    [
      145,
      0.09210526315789475
    ],
    [
      146,
      0.18803418803418803
    ],
    [
      147,
      0.10526315789473684
    ],
    [
      148,
      0.13333333333333333
    ],
    [
      149,
      0.14906832298136646
    ],
    [
      150,
      0.2905982905982906
    ],
    [
      151,
      0.07272727272727272
    ],
    [
      152,
      0.12820512820512822
    ],
    [
      153,
      0.16551724137931037
    ],
    [
      154,
      0.14634146341463414
    ],
    [
      155,
      0.1282051282051282
    ],
    [
      156,
      0.12087912087912088
    ],
    [
      157,
      0.21212121212121213
    ],
    [
      158,
      0.10650887573964497
    ],
    [
      159,
      0.10126582278481011
    ],
