{
  "dataset": "QMSum",
  "num_samples": 200,
  "rouge1": 0.3228102916213017,
  "rouge2": 0.07436326757635181,
  "rougeL": 0.18898556073447542,
  "rougeLsum": 0.19458396823423812,
  "per_sample_rougeL": [
    [
      0,
      0.1658986175115207
    ],
    [
      1,
      0.2564102564102564
    ],
    [
      2,
      0.15789473684210525
    ],
    [
      3,
      0.1797752808988764
    ],
    [
      4,
      0.10606060606060606
    ],
    [
      5,
      0.15625
    ],
    [
      6,
      0.18823529411764706
    ],
    [
      7,
      0.14457831325301204
    ],
    [
      8,
      0.15584415584415584
    ],
    [
      9,
      0.13793103448275862
    ],
    [
      10,
      0.1702127659574468
    ],
    [
      11,
      0.22110552763819094
    ],
    [
      12,
      0.25
    ],
    [
      13,
      0.2094240837696335
    ],
    [
      14,
      0.1851851851851852
    ],
    [
      15,
      0.15789473684210525
    ],
    [
      16,
      0.19138755980861247
    ],
    [
      17,
      0.17441860465116282
    ],
    [
      18,
      0.11940298507462688
    ],
    [
      19,
      0.1744186046511628
    ],
    [
      20,
      0.10975609756097561
    ],
    [
      21,
      0.16352201257861634
    ],
    [
      22,
      0.2
    ],
    [
      23,
      0.21794871794871792
    ],
    [
      24,
      0.2222222222222222
    ],
    [
      25,
      0.1929824561403509
    ],
    [
      26,
      0.30952380952380953
    ],
    [
      27,
      0.19047619047619047
    ],
    [
      28,
      0.1717171717171717
    ],
    [
      29,
      0.125
    ],
    [
      30,
      0.12790697674418605
    ],
    [
      31,
      0.14184397163120568
    ],
    [
      32,
      0.24083769633507854
    ],
    [
      33,
      0.15544041450777202
    ],
    [
      34,
      0.19607843137254902
    ],
    [
      35,
      0.15624999999999997
    ],
    [
      36,
      0.1724137931034483
    ],
    [
      37,
      0.1904761904761905
    ],
    [
      38,
      0.16883116883116883
    ],
    [
      39,
      0.15172413793103448
    ],
    [
      40,
      0.18
    ],
    [
      41,
      0.14634146341463417
    ],
    [
      42,
      0.15023474178403756
    ],
    [
      43,
      0.1893491124260355
    ],
    [
      44,
      0.1871345029239766
    ],
    [
      45,
      0.1696969696969697
    ],
    [
      46,
      0.1958762886597938
    ],
    [
      47,
      0.14814814814814817
    ],
    [
      48,
      0.19318181818181818
    ],
    [
      49,
      0.17177914110429449
    ],
    [
      50,
      0.20481927710843376
    ],
    [
      51,
      0.2110091743119266
    ],
    [
      52,
      0.1656050955414013
    ],
    [
      53,
      0.16470588235294117
    ],
    [
      54,
      0.2285714285714286
    ],
    [
      55,
      0.16666666666666669
    ],
    [
      56,
      0.17333333333333334
    ],
    [
      57,
      0.125
    ],
    [
      58,
      0.26815642458100564
    ],
    [
      59,
      0.1837837837837838
    ],
    [
      60,
      0.19318181818181818
    ],
    [
      61,
      0.14201183431952663
    ],
    [
      62,
      0.20300751879699247
    ],
    [
      63,
      0.14723926380368096
    ],
    [
      64,
      0.1904761904761905
    ],
    [
      65,
      0.25477707006369427
    ],
    [
      66,
      0.1878453038674033
    ],
    [
      67,
      0.24778761061946902
    ],
    [
      68,
      0.16666666666666666
    ],
    [
      69,
      0.1797752808988764
    ],
    [
      70,
      0.25333333333333335
    ],
    [
      71,
      0.18292682926829268
    ],
    [
      72,
      0.16666666666666666
    ],
    [
      73,
      0.20408163265306123
    ],
    [
      74,
      0.13333333333333333
    ],
    [
      75,
      0.2557077625570776
    ],
    [
      76,
      0.1782178217821782
    ],
    [
      77,
      0.09655172413793102
    ],
    [
      78,
      0.21390374331550802
    ],
    [
      79,
      0.1564245810055866
    ],
    [
      80,
      0.17117117117117117
    ],
    [
      81,
      0.1827956989247312
    ],
    [
      82,
      0.18775510204081636
    ],
    [
      83,
      0.17333333333333334
    ],
    [
      84,
      0.16748768472906403
    ],
    [
      85,
      0.18811881188118815
    ],
    [
      86,
      0.19917012448132781
    ],
    [
      87,
      0.19653179190751444
    ],
    [
      88,
      0.19469026548672566
    ],
    [
      89,
      0.42307692307692313
    ],
    [
      90,
      0.1789473684210526
    ],
    [
      91,
      0.14965986394557823
    ],
    [
      92,
      0.16568047337278108
    ],
    [
      93,
      0.21145374449339208
    ],
    [
      94,
      0.2337662337662338
    ],
    [
      95,
      0.2110091743119266
    ],
    [
      96,
      0.23770491803278693
    ],
    [
      97,
      0.23376623376623373
    ],
    [
      98,
      0.18848167539267013
    ],
    [
      99,
      0.20714285714285713
    ],
    [
      100,
      0.20652173913043478
    ],
    [
      101,
      0.1728395061728395
    ],
    [
      102,
      0.24210526315789477
    ],
    [
      103,
      0.20879120879120877
    ],
    [
      104,
      0.21428571428571427
    ],
    [
      105,
      0.227027027027027
    ],
    [
      106,
      0.18181818181818182
    ],
    [
      107,
      0.18681318681318682
    ],
    [
      108,
      0.2758620689655172
    ],
    [
      109,
      0.2112676056338028
    ],
    [
      110,
      0.14444444444444443
    ],
    [
      111,
      0.16326530612244897
    ],
    [
      112,
      0.28723404255319146
    ],
    [
      113,
      0.29090909090909084
    ],
    [
      114,
      0.2531645569620253
    ],
    [
      115,
      0.18064516129032257
    ],
    [
      116,
      0.1693121693121693
    ],
    [
      117,
      0.22598870056497172
    ],
    [
      118,
      0.19736842105263158
    ],
    [
      119,
      0.23668639053254437
    ],
    [
      120,
      0.1956521739130435
    ],
    [
      121,
      0.21556886227544908
    ],
    [
      122,
      0.13574660633484162
    ],
    [
      123,
      0.2318840579710145
    ],
    [
      124,
      0.12162162162162164
    ],
    [
      125,
      0.17777777777777778
    ],
    [
      126,
      0.22619047619047616
    ],
    [
      127,
      0.15483870967741936
    ],
    [
      128,
      0.36619718309859156
    ],
    [
      129,
      0.21951219512195122
    ],
    [
      130,
      0.15300546448087432
    ],
    [
      131,
      0.16969696969696968
    ],
    [
      132,
      0.19428571428571428
    ],
    [
      133,
      0.20408163265306123
    ],
    [
      134,
      0.24528301886792453
    ],
    [
      135,
      0.21333333333333335
    ],
    [
      136,
      0.15810276679841895
    ],
    [
      137,
      0.1696969696969697
    ],
    [
      138,
      0.24338624338624337
    ],
    [
      139,
      0.13043478260869565
    ],
    [
      140,
      0.15384615384615383
    ],
    [
      141,
      0.25263157894736843
    ],
    [
      142,
      0.20465116279069767
    ],
    [
      143,
      0.17937219730941706
    ],
    [
      144,
      0.19191919191919188
    ],
    [
      145,
      0.14102564102564102
    ],
    [
      146,
      0.1913875598086124
    ],
    [
      147,
      0.21276595744680848
    ],
    [
      148,
      0.1515151515151515
    ],
    [
      149,
      0.14457831325301204
    ],
    [
      150,
      0.2598870056497175
    ],
    [
      151,
      0.18957345971563982
    ],
    [
      152,
      0.14173228346456695
    ],
    [
      153,
      0.1476510067114094
    ],
    [
      154,
      0.19444444444444445
    ],
    [
      155,
      0.16091954022988506
    ],
    [
      156,
      0.20487804878048782
    ],
    [
      157,
      0.07692307692307693
    ],
    [
      158,
      0.18478260869565216
    ],
    [
      159,
      0.232258064516129
    ],
    [
      160,
