{
  "dataset": "QMSum",
  "num_samples": 200,
  "rouge1": 0.25987729793038633,
  "rouge2": 0.04415122564921291,
  "rougeL": 0.1551318264757411,
  "rougeLsum": 0.16499967343535155,
  "per_sample_rougeL": [
    [
      0,
      0.1846153846153846
    ],
    [
      1,
      0.20270270270270271
    ],
    [
      2,
      0.14173228346456693
    ],
    [
      3,
      0.12903225806451613
    ],
    [
      4,
      0.08235294117647057
    ],
    [
      5,
      0.20512820512820515
    ],
    [
      6,
      0.13402061855670103
    ],
    [
      7,
      0.15
    ],
    [
      8,
      0.22916666666666669
    ],
    [
      9,
      0.1739130434782609
    ],
    [
      10,
      0.14201183431952663
    ],
    [
      11,
      0.16551724137931031
    ],
    [
      12,
      0.1276595744680851
    ],
    [
      13,
      0.22077922077922077
    ],
    [
      14,
      0.1319796954314721
    ],
    [
      15,
      0.1984732824427481
    ],
    [
      16,
      0.14207650273224043
    ],
    [
      17,
      0.16915422885572137
    ],
    [
      18,
      0.1229235880398671
    ],
    [
      19,
      0.12244897959183672
    ],
    [
      20,
      0.1702127659574468
    ],
    [
      21,
      0.20930232558139536
    ],
    [
      22,
      0.09865470852017937
    ],
    [
      23,
      0.30303030303030304
    ],
    [
      24,
      0.14
    ],
    [
      25,
      0.17733990147783252
    ],
    [
      26,
      0.18032786885245902
    ],
    [
      27,
      0.10727969348659003
    ],
    [
      28,
      0.15555555555555556
    ],
    [
      29,
      0.11003236245954694
    ],
    [
      30,
      0.11065573770491804
    ],
    [
      31,
      0.09285714285714286
    ],
    [
      32,
      0.1509433962264151
    ],
    [
      33,
      0.11382113821138212
    ],
    [
      34,
      0.09034907597535935
    ],
    [
      35,
      0.14545454545454545
    ],
    [
      36,
      0.15555555555555556
    ],
    [
      37,
      0.14492753623188406
    ],
    [
      38,
      0.1951219512195122
    ],
    [
      39,
      0.07784431137724551
    ],
    [
      40,
      0.17486338797814208
    ],
    [
      41,
      0.15625
    ],
    [
      42,
      0.15384615384615385
    ],
    [
      43,
      0.16243654822335027
    ],
    [
      44,
      0.15384615384615385
    ],
    [
      45,
      0.15853658536585366
    ],
    [
      46,
      0.14880952380952378
    ],
    [
      47,
      0.08037825059101654
    ],
    [
      48,
      0.2035928143712575
    ],
    [
      49,
      0.1981981981981982
    ],
    [
      50,
      0.11
    ],
    [
      51,
      0.18487394957983191
    ],
    [
      52,
      0.1244019138755981
    ],
    [
      53,
      0.14925373134328357
    ],
    [
      54,
      0.14790996784565916
    ],
    [
      55,
      0.13924050632911392
    ],
    [
      56,
      0.1145374449339207
    ],
    [
      57,
      0.11695906432748539
    ],
    [
      58,
      0.22413793103448273
    ],
    [
      59,
      0.152046783625731
    ],
    [
      60,
      0.163265306122449
    ],
    [
      61,
      0.1727272727272727
    ],
    [
      62,
      0.15802469135802472
    ],
    [
      63,
      0.0891089108910891
    ],
    [
      64,
      0.07095343680709534
    ],
    [
      65,
      0.19480519480519481
    ],
    [
      66,
      0.1730769230769231
    ],
    [
      67,
      0.21186440677966104
    ],
    [
      68,
      0.13836477987421383
    ],
    [
      69,
      0.09284332688588007
    ],
    [
      70,
      0.2777777777777778
    ],
    [
      71,
      0.08064516129032259
    ],
    [
      72,
      0.24742268041237114
    ],
    [
      73,
      0.17431192660550457
    ],
    [
      74,
      0.16149068322981366
    ],
    [
      75,
      0.19047619047619047
    ],
    [
      76,
      0.11764705882352941
    ],
    [
      77,
      0.057971014492753624
    ],
    [
      78,
      0.12142857142857146
    ],
    [
      79,
      0.13138686131386862
    ],
    [
      80,
      0.16722408026755856
    ],
    [
      81,
      0.14222222222222225
    ],
    [
      82,
      0.1643835616438356
    ],
    [
      83,
      0.1744186046511628
    ],
    [
      84,
      0.1395348837209302
    ],
    [
      85,
      0.19753086419753085
    ],
    [
      86,
      0.15
    ],
    [
      87,
      0.18749999999999997
    ],
    [
      88,
      0.10771992818671454
    ],
    [
      89,
      0.16597510373443985
    ],
    [
      90,
      0.12375249500998003
    ],
    [
      91,
      0.15950920245398775
    ],
    [
      92,
      0.1415929203539823
    ],
    [
      93,
      0.20634920634920634
    ],
    [
      94,
      0.03854389721627409
    ],
    [
      95,
      0.14042553191489363
    ],
    [
      96,
      0.13899613899613902
    ],
    [
      97,
      0.19753086419753085
    ],
    [
      98,
      0.13761467889908258
    ],
    [
      99,
      0.15025906735751296
    ],
    [
      100,
      0.1497326203208556
    ],
    [
      101,
      0.24137931034482757
    ],
    [
      102,
      0.19718309859154928
    ],
    [
      103,
      0.2222222222222222
    ],
    [
      104,
      0.19480519480519481
    ],
    [
      105,
      0.14334470989761092
    ],
    [
      106,
      0.2408759124087591
    ],
    [
      107,
      0.15909090909090912
    ],
    [
      108,
      0.1510791366906475
    ],
    [
      109,
      0.14583333333333334
    ],
    [
      110,
      0.20689655172413793
    ],
    [
      111,
      0.2491103202846975
    ],
    [
      112,
      0.13235294117647062
    ],
    [
      113,
      0.23255813953488372
    ],
    [
      114,
      0.15384615384615383
    ],
    [
      115,
      0.12903225806451613
    ],
    [
      116,
      0.11294117647058824
    ],
    [
      117,
      0.24390243902439024
    ],
    [
      118,
      0.08783783783783784
    ],
    [
      119,
      0.20134228187919465
    ],
    [
      120,
      0.1276595744680851
    ],
    [
      121,
      0.18918918918918917
    ],
    [
      122,
      0.15517241379310345
    ],
    [
      123,
      0.19672131147540986
    ],
    [
      124,
      0.10576923076923075
    ],
    [
      125,
      0.1568627450980392
    ],
    [
      126,
      0.23214285714285712
    ],
    [
      127,
      0.12444444444444444
    ],
    [
      128,
      0.20512820512820512
    ],
    [
      129,
      0.2580645161290322
    ],
    [
      130,
      0.13793103448275862
    ],
    [
      131,
      0.12162162162162161
    ],
    [
      132,
      0.18181818181818182
    ],
    [
      133,
      0.08196721311475409
    ],
    [
      134,
      0.2028985507246377
    ],
    [
      135,
      0.17834394904458598
    ],
    [
      136,
      0.13718411552346568
    ],
    [
      137,
      0.13333333333333333
    ],
    [
      138,
      0.2105263157894737
    ],
    [
      139,
      0.0736196319018405
    ],
    [
      140,
      0.20779220779220778
    ],
    [
      141,
      0.16091954022988506
    ],
    [
      142,
      0.1111111111111111
    ],
    [
      143,
      0.18
    ],
    [
      144,
      0.20652173913043476
    ],
    [
      145,
      0.13253012048192772
    ],
    [
      146,
      0.13466334164588528
    ],
    [
      147,
      0.12587412587412586
    ],
    [
      148,
      0.07954545454545454
    ],
    [
      149,
      0.10526315789473685
    ],
    [
      150,
      0.15483870967741936
    ],
    [
      151,
      0.13636363636363635
    ],
    [
      152,
      0.10112359550561797
    ],
    [
      153,
      0.15
    ],
    [
      154,
      0.15384615384615385
    ],
    [
      155,
      0.12734082397003746
    ],
    [
      156,
      0.15217391304347824
    ],
    [
      157,
      0.04721030042918455
    ],
    [
      158,
      0.14583333333333331
    ],
    [
      159,
      0.1956521739130435
    ],
    [
      160,
      0.19565217391304346
