{
  "dataset": "QMSum",
  "num_samples": 200,
  "rouge1": 0.23658809423759328,
  "rouge2": 0.05582976291701593,
  "rougeL": 0.14828284663992286,
  "rougeLsum": 0.15017336742867843,
  "per_sample_rougeL": [
    [
      0,
      0.22660098522167485
    ],
    [
      1,
      0.24719101123595505
    ],
    [
      2,
      0.17989417989417988
    ],
    [
      3,
      0.20224719101123598
    ],
    [
      4,
      0.13114754098360654
    ],
    [
      5,
      0
    ],
    [
      6,
      0
    ],
    [
      7,
      0.17600000000000002
    ],
    [
      8,
      0
    ],
    [
      9,
      0.125
    ],
    [
      10,
      0.16981132075471697
    ],
    [
      11,
      0.27184466019417475
    ],
    [
      12,
      0.3529411764705882
    ],
    [
      13,
      0.1946902654867257
    ],
    [
      14,
      0.16999999999999998
    ],
    [
      15,
      0.15384615384615385
    ],
    [
      16,
      0.17840375586854457
    ],
    [
      17,
      0
    ],
    [
      18,
      0
    ],
    [
      19,
      0.12345679012345681
    ],
    [
      20,
      0.13095238095238096
    ],
    [
      21,
      0.2992125984251968
    ],
    [
      22,
      0.24137931034482757
    ],
    [
      23,
      0.24427480916030536
    ],
    [
      24,
      0
    ],
    [
      25,
      0.22105263157894736
    ],
    [
      26,
      0.29090909090909084
    ],
    [
      27,
      0.11688311688311688
    ],
    [
      28,
      0.17341040462427745
    ],
    [
      29,
      0.16455696202531644
    ],
    [
      30,
      0.1837837837837838
    ],
    [
      31,
      0
    ],
    [
      32,
      0
    ],
    [
      33,
      0.19672131147540983
    ],
    [
      34,
      0
    ],
    [
      35,
      0.18556701030927836
    ],
    [
      36,
      0
    ],
    [
      37,
      0
    ],
    [
      38,
      0.2077922077922078
    ],
    [
      39,
      0.17777777777777778
    ],
    [
      40,
      0.1592920353982301
    ],
    [
      41,
      0
    ],
    [
      42,
      0.1739130434782609
    ],
    [
      43,
      0
    ],
    [
      44,
      0.1710526315789474
    ],
    [
      45,
      0
    ],
    [
      46,
      0.18681318681318684
    ],
    [
      47,
      0.14516129032258066
    ],
    [
      48,
      0.22598870056497172
    ],
    [
      49,
      0.26506024096385544
    ],
    [
      50,
      0
    ],
    [
      51,
      0.25581395348837205
    ],
    [
      52,
      0
    ],
    [
      53,
      0
    ],
    [
      54,
      0.17391304347826086
    ],
    [
      55,
      0.18840579710144928
    ],
    [
      56,
      0.17266187050359713
    ],
    [
      57,
      0.12631578947368421
    ],
    [
      58,
      0.192
    ],
    [
      59,
      0.1818181818181818
    ],
    [
      60,
      0.19178082191780824
    ],
    [
      61,
      0.21301775147928992
    ],
    [
      62,
      0.24313725490196075
    ],
    [
      63,
      0.1739130434782609
    ],
    [
      64,
      0.25
    ],
    [
      65,
      0.23214285714285715
    ],
    [
      66,
      0.27522935779816515
    ],
    [
      67,
      0.22222222222222227
    ],
    [
      68,
      0.24
    ],
    [
      69,
      0
    ],
    [
      70,
      0.39436619718309857
    ],
    [
      71,
      0.13008130081300812
    ],
    [
      72,
      0.3448275862068965
    ],
    [
      73,
      0.22077922077922077
    ],
    [
      74,
      0.20869565217391303
    ],
    [
      75,
      0.2366863905325444
    ],
    [
      76,
      0.16774193548387095
    ],
    [
      77,
      0.09375
    ],
    [
      78,
      0.2479338842975207
    ],
    [
      79,
      0
    ],
    [
      80,
      0.1619047619047619
    ],
    [
      81,
      0.17777777777777778
    ],
    [
      82,
      0
    ],
    [
      83,
      0.23076923076923075
    ],
    [
      84,
      0
    ],
    [
      85,
      0.19718309859154928
    ],
    [
      86,
      0.22764227642276424
    ],
    [
      87,
      0.19298245614035087
    ],
    [
      88,
      0
    ],
    [
      89,
      0.27322404371584696
    ],
    [
      90,
      0.2626262626262626
    ],
    [
      91,
      0.15714285714285714
    ],
    [
      92,
      0.14736842105263157
    ],
    [
      93,
      0.17272727272727273
    ],
    [
      94,
      0.17333333333333334
    ],
    [
      95,
      0
    ],
    [
      96,
      0.17543859649122806
    ],
    [
      97,
      0.1956521739130435
    ],
    [
      98,
      0.1875
    ],
    [
      99,
      0.17467248908296942
    ],
    [
      100,
      0.13559322033898305
    ],
    [
      101,
      0.25287356321839083
    ],
    [
      102,
      0.1787709497206704
    ],
    [
      103,
      0.27118644067796616
    ],
    [
      104,
      0.21739130434782608
    ],
    [
      105,
      0.2512562814070352
    ],
    [
      106,
      0.22772277227722776
    ],
    [
      107,
      0
    ],
    [
      108,
      0.2085889570552147
    ],
    [
      109,
      0.19310344827586204
    ],
    [
      110,
      0.20994475138121546
    ],
    [
      111,
      0.21052631578947367
    ],
    [
      112,
      0
    ],
    [
      113,
      0.29333333333333333
    ],
    [
      114,
      0.23236514522821577
    ],
    [
      115,
      0
    ],
    [
      116,
      0.18571428571428575
    ],
    [
      117,
      0.20000000000000004
    ],
    [
      118,
      0.13986013986013987
    ],
    [
      119,
      0.24444444444444444
    ],
    [
      120,
      0.18681318681318682
    ],
    [
      121,
      0.20987654320987653
    ],
    [
      122,
      0
    ],
    [
      123,
      0.1780104712041885
    ],
    [
      124,
      0
    ],
    [
      125,
      0.18579234972677597
    ],
    [
      126,
      0.24615384615384614
    ],
    [
      127,
      0
    ],
    [
      128,
      0.25365853658536586
    ],
    [
      129,
      0.22857142857142856
    ],
    [
      130,
      0
    ],
    [
      131,
      0
    ],
    [
      132,
      0.2087912087912088
    ],
    [
      133,
      0
    ],
    [
      134,
      0.23041474654377883
    ],
    [
      135,
      0
    ],
    [
      136,
      0
    ],
    [
      137,
      0.17391304347826086
    ],
    [
      138,
      0.1864406779661017
    ],
    [
      139,
      0.147239263803681
    ],
    [
      140,
      0.15625000000000003
    ],
    [
      141,
      0
    ],
    [
      142,
      0.16296296296296295
    ],
    [
      143,
      0.20652173913043476
    ],
    [
      144,
      0.14814814814814817
    ],
    [
      145,
      0.13924050632911394
    ],
    [
      146,
      0.10169491525423728
    ],
    [
      147,
      0.12903225806451613
    ],
    [
      148,
      0.2571428571428571
    ],
    [
      149,
      0.09523809523809523
    ],
    [
      150,
      0.19428571428571428
    ],
    [
      151,
      0
    ],
    [
      152,
      0
    ],
    [
      153,
      0.21686746987951808
    ],
    [
      154,
      0
    ],
    [
      155,
      0.16149068322981366
    ],
    [
      156,
      0.16585365853658535
    ],
    [
      157,
      0.12000000000000001
    ],
    [
      158,
      0.1804511278195489
    ],
    [
      159,
      0
    ],
    [
      160,
      0.2222222222222222
    ],
    [
      161,
      0.22641509433962267
    ],
    [
      162,
      0.14364640883977903
    ],
    [
      163,
      0
    ],
    [
      164,
      0.27522935779816515
    ],
    [
      165,
      0.17499999999999996
    ],
    [
      166,
      0.17857142857142855
    ],
    [
      167,
      0
    ],
    [
      168,
      0.234375
    ],
    [
      169,
      0.1956521739130435
    ],
    [
      170,
      0.23357664233576642
    ],
    [
      171,
      0
    ],
    [
      172,
      0
    ],
    [
      173,
      0.10370370370370369
    ],
    [
      174,
      0.18823529411764706
    ],
    [
      175,
      0.23255813953488372
    ],
