{
  "dataset": "QMSum",
  "num_samples": 200,
  "rouge1": 0.26090954656555276,
  "rouge2": 0.044993138427189855,
  "rougeL": 0.15418231499608767,
  "rougeLsum": 0.16567876448835292,
  "per_sample_rougeL": [
    [
      0,
      0.17605633802816903
    ],
    [
      1,
      0.2
    ],
    [
      2,
      0.1257861635220126
    ],
    [
      3,
      0.1775147928994083
    ],
    [
      4,
      0.07106598984771574
    ],
    [
      5,
      0.17857142857142855
    ],
    [
      6,
      0.176
    ],
    [
      7,
      0.14102564102564102
    ],
    [
      8,
      0.21359223300970875
    ],
    [
      9,
      0.16759776536312848
    ],
    [
      10,
      0.20289855072463767
    ],
    [
      11,
      0.15789473684210525
    ],
    [
      12,
      0.1283422459893048
    ],
    [
      13,
      0.21138211382113822
    ],
    [
      14,
      0.16822429906542058
    ],
    [
      15,
      0.1328125
    ],
    [
      16,
      0.16058394160583941
    ],
    [
      17,
      0.1643835616438356
    ],
    [
      18,
      0.1514360313315927
    ],
    [
      19,
      0.10389610389610389
    ],
    [
      20,
      0.12269938650306748
    ],
    [
      21,
      0.2142857142857143
    ],
    [
      22,
      0.15384615384615385
    ],
    [
      23,
      0.18181818181818182
    ],
    [
      24,
      0.14
    ],
    [
      25,
      0.17600000000000002
    ],
    [
      26,
      0.13654618473895583
    ],
    [
      27,
      0.1222222222222222
    ],
    [
      28,
      0.19999999999999998
    ],
    [
      29,
      0.13270142180094785
    ],
    [
      30,
      0.16216216216216214
    ],
    [
      31,
      0.06593406593406594
    ],
    [
      32,
      0.14016172506738542
    ],
    [
      33,
      0.12921348314606743
    ],
    [
      34,
      0.13846153846153847
    ],
    [
      35,
      0.16793893129770993
    ],
    [
      36,
      0.19999999999999998
    ],
    [
      37,
      0.15789473684210528
    ],
    [
      38,
      0.16107382550335572
    ],
    [
      39,
      0.08058608058608058
    ],
    [
      40,
      0.1732283464566929
    ],
    [
      41,
      0.16190476190476188
    ],
    [
      42,
      0.15859030837004404
    ],
    [
      43,
      0.20512820512820512
    ],
    [
      44,
      0.16091954022988506
    ],
    [
      45,
      0.16494845360824742
    ],
    [
      46,
      0.1282051282051282
    ],
    [
      47,
      0.12955465587044535
    ],
    [
      48,
      0.15686274509803924
    ],
    [
      49,
      0.14285714285714285
    ],
    [
      50,
      0.11825192802056556
    ],
    [
      51,
      0.1476510067114094
    ],
    [
      52,
      0.13215859030837004
    ],
    [
      53,
      0.14184397163120566
    ],
    [
      54,
      0.16393442622950818
    ],
    [
      55,
      0.12227074235807858
    ],
    [
      56,
      0.13846153846153847
    ],
    [
      57,
      0.10084033613445378
    ],
    [
      58,
      0.1732283464566929
    ],
    [
      59,
      0.16666666666666666
    ],
    [
      60,
      0.15044247787610618
    ],
    [
      61,
      0.14334470989761092
    ],
    [
      62,
      0.1414141414141414
    ],
    [
      63,
      0.1360544217687075
    ],
    [
      64,
      0.07481296758104738
    ],
    [
      65,
      0.1278538812785388
    ],
    [
      66,
      0.2037037037037037
    ],
    [
      67,
      0.1881533101045296
    ],
    [
      68,
      0.1437908496732026
    ],
    [
      69,
      0.15053763440860216
    ],
    [
      70,
      0.11673151750972763
    ],
    [
      71,
      0.15584415584415584
    ],
    [
      72,
      0.23762376237623764
    ],
    [
      73,
      0.20858895705521474
    ],
    [
      74,
      0.15789473684210525
    ],
    [
      75,
      0.17142857142857143
    ],
    [
      76,
      0.14035087719298245
    ],
    [
      77,
      0.08974358974358976
    ],
    [
      78,
      0.1602787456445993
    ],
    [
      79,
      0.15037593984962405
    ],
    [
      80,
      0.17872340425531913
    ],
    [
      81,
      0.09243697478991597
    ],
    [
      82,
      0.1703703703703704
    ],
    [
      83,
      0.1358024691358025
    ],
    [
      84,
      0.10841121495327104
    ],
    [
      85,
      0.15697674418604654
    ],
    [
      86,
      0.16964285714285715
    ],
    [
      87,
      0.14659685863874344
    ],
    [
      88,
      0.11552346570397112
    ],
    [
      89,
      0.12565445026178007
    ],
    [
      90,
      0.11235955056179775
    ],
    [
      91,
      0.15469613259668508
    ],
    [
      92,
      0.1388888888888889
    ],
    [
      93,
      0.2
    ],
    [
      94,
      0.0967741935483871
    ],
    [
      95,
      0.14742014742014742
    ],
    [
      96,
      0.16585365853658535
    ],
    [
      97,
      0.22807017543859648
    ],
    [
      98,
      0.09790209790209789
    ],
    [
      99,
      0.17837837837837836
    ],
    [
      100,
      0.14492753623188406
    ],
    [
      101,
      0.3076923076923077
    ],
    [
      102,
      0.17567567567567566
    ],
    [
      103,
      0.21917808219178084
    ],
    [
      104,
      0.2105263157894737
    ],
    [
      105,
      0.16393442622950818
    ],
    [
      106,
      0.16666666666666666
    ],
    [
      107,
      0.13836477987421383
    ],
    [
      108,
      0.16666666666666666
    ],
    [
      109,
      0.1116751269035533
    ],
    [
      110,
      0.2111801242236025
    ],
    [
      111,
      0.20863309352517986
    ],
    [
      112,
      0.11428571428571428
    ],
    [
      113,
      0.18556701030927833
    ],
    [
      114,
      0.14035087719298248
    ],
    [
      115,
      0.13333333333333333
    ],
    [
      116,
      0.09671179883945842
    ],
    [
      117,
      0.19736842105263155
    ],
    [
      118,
      0.07488986784140968
    ],
    [
      119,
      0.2018348623853211
    ],
    [
      120,
      0.15503875968992248
    ],
    [
      121,
      0.19138755980861247
    ],
    [
      122,
      0.1090909090909091
    ],
    [
      123,
      0.16260162601626016
    ],
    [
      124,
      0.09433962264150943
    ],
    [
      125,
      0.15037593984962408
    ],
    [
      126,
      0.21428571428571427
    ],
    [
      127,
      0.13197969543147206
    ],
    [
      128,
      0.15942028985507245
    ],
    [
      129,
      0.183206106870229
    ],
    [
      130,
      0.18404907975460122
    ],
    [
      131,
      0.13333333333333333
    ],
    [
      132,
      0.24347826086956526
    ],
    [
      133,
      0.15384615384615383
    ],
    [
      134,
      0.16621983914209115
    ],
    [
      135,
      0.10588235294117646
    ],
    [
      136,
      0.1400359066427289
    ],
    [
      137,
      0.1348314606741573
    ],
    [
      138,
      0.19858156028368795
    ],
    [
      139,
      0.10242587601078168
    ],
    [
      140,
      0.12154696132596686
    ],
    [
      141,
      0.20540540540540542
    ],
    [
      142,
      0.08983451536643025
    ],
    [
      143,
      0.16494845360824742
    ],
    [
      144,
      0.14532871972318337
    ],
    [
      145,
      0.10714285714285715
    ],
    [
      146,
      0.15483870967741936
    ],
    [
      147,
      0.09210526315789472
    ],
    [
      148,
      0.1118881118881119
    ],
    [
      149,
      0.19130434782608693
    ],
    [
      150,
      0.16243654822335027
    ],
    [
      151,
      0.13544018058690746
    ],
    [
      152,
      0.11214953271028037
    ],
    [
      153,
      0.14184397163120566
    ],
    [
      154,
      0.11764705882352941
    ],
    [
      155,
      0.17857142857142855
    ],
    [
      156,
      0.16216216216216214
    ],
    [
      157,
      0.11920529801324502
    ],
    [
      158,
      0.19791666666666669
    ],
    [
      159,
      0.16494845360824742
    ],
    [
