{
  "dataset": "QMSum",
  "num_samples": 200,
  "rouge1": 0.27065522864141317,
  "rouge2": 0.05777573291658984,
  "rougeL": 0.16273360183831326,
  "rougeLsum": 0.17380993292753583,
  "per_sample_rougeL": [
    [
      0,
      0.22857142857142856
    ],
    [
      1,
      0.19487179487179487
    ],
    [
      2,
      0.16393442622950818
    ],
    [
      3,
      0.13836477987421383
    ],
    [
      4,
      0.128
    ],
    [
      5,
      0.15384615384615383
    ],
    [
      6,
      0.14814814814814814
    ],
    [
      7,
      0.16149068322981366
    ],
    [
      8,
      0.22068965517241382
    ],
    [
      9,
      0.13513513513513511
    ],
    [
      10,
      0.14754098360655737
    ],
    [
      11,
      0.20105820105820102
    ],
    [
      12,
      0.2272727272727273
    ],
    [
      13,
      0.19318181818181818
    ],
    [
      14,
      0.15384615384615385
    ],
    [
      15,
      0.18045112781954886
    ],
    [
      16,
      0.09523809523809525
    ],
    [
      17,
      0.15384615384615385
    ],
    [
      18,
      0.12765957446808512
    ],
    [
      19,
      0.14634146341463414
    ],
    [
      20,
      0.12790697674418602
    ],
    [
      21,
      0.17567567567567569
    ],
    [
      22,
      0.17721518987341772
    ],
    [
      23,
      0.24203821656050956
    ],
    [
      24,
      0.13872832369942198
    ],
    [
      25,
      0.1592039800995025
    ],
    [
      26,
      0.12903225806451615
    ],
    [
      27,
      0.13793103448275865
    ],
    [
      28,
      0.20833333333333331
    ],
    [
      29,
      0.13333333333333333
    ],
    [
      30,
      0.14012738853503184
    ],
    [
      31,
      0.21276595744680848
    ],
    [
      32,
      0.16842105263157894
    ],
    [
      33,
      0.24338624338624337
    ],
    [
      34,
      0.18840579710144925
    ],
    [
      35,
      0.15384615384615385
    ],
    [
      36,
      0.20238095238095236
    ],
    [
      37,
      0.12790697674418605
    ],
    [
      38,
      0.1710526315789474
    ],
    [
      39,
      0.08695652173913043
    ],
    [
      40,
      0.12631578947368421
    ],
    [
      41,
      0.01834862385321101
    ],
    [
      42,
      0.04580152671755725
    ],
    [
      43,
      0.14864864864864866
    ],
    [
      44,
      0.11320754716981131
    ],
    [
      45,
      0.15942028985507245
    ],
    [
      46,
      0.13903743315508021
    ],
    [
      47,
      0.15789473684210525
    ],
    [
      48,
      0.14723926380368096
    ],
    [
      49,
      0.16883116883116883
    ],
    [
      50,
      0.16774193548387095
    ],
    [
      51,
      0.21153846153846154
    ],
    [
      52,
      0.1714285714285714
    ],
    [
      53,
      0.15172413793103448
    ],
    [
      54,
      0.20512820512820512
    ],
    [
      55,
      0.14371257485029942
    ],
    [
      56,
      0.17266187050359713
    ],
    [
      57,
      0.12643678160919541
    ],
    [
      58,
      0.17543859649122806
    ],
    [
      59,
      0.13186813186813187
    ],
    [
      60,
      0.1987577639751553
    ],
    [
      61,
      0.19607843137254904
    ],
    [
      62,
      0.1889763779527559
    ],
    [
      63,
      0.1324503311258278
    ],
    [
      64,
      0.1830985915492958
    ],
    [
      65,
      0.25196850393700787
    ],
    [
      66,
      0.16853932584269662
    ],
    [
      67,
      0.15023474178403753
    ],
    [
      68,
      0.13157894736842105
    ],
    [
      69,
      0.11904761904761904
    ],
    [
      70,
      0.22535211267605632
    ],
    [
      71,
      0.1285714285714286
    ],
    [
      72,
      0.15827338129496404
    ],
    [
      73,
      0.15469613259668508
    ],
    [
      74,
      0.16901408450704225
    ],
    [
      75,
      0.22535211267605634
    ],
    [
      76,
      0.14973262032085563
    ],
    [
      77,
      0.10884353741496598
    ],
    [
      78,
      0.22222222222222224
    ],
    [
      79,
      0.1939393939393939
    ],
    [
      80,
      0.0970873786407767
    ],
    [
      81,
      0.16304347826086957
    ],
    [
      82,
      0.21719457013574658
    ],
    [
      83,
      0.22695035460992907
    ],
    [
      84,
      0.1904761904761905
    ],
    [
      85,
      0.18000000000000002
    ],
    [
      86,
      0.22406639004149376
    ],
    [
      87,
      0.24242424242424246
    ],
    [
      88,
      0.1875
    ],
    [
      89,
      0.25870646766169153
    ],
    [
      90,
      0.2513661202185792
    ],
    [
      91,
      0.1294964028776978
    ],
    [
      92,
      0.08275862068965517
    ],
    [
      93,
      0.1042654028436019
    ],
    [
      94,
      0.18181818181818182
    ],
    [
      95,
      0.1981132075471698
    ],
    [
      96,
      0.1145374449339207
    ],
    [
      97,
      0.14473684210526316
    ],
    [
      98,
      0.15135135135135136
    ],
    [
      99,
      0.11194029850746269
    ],
    [
      100,
      0.15000000000000002
    ],
    [
      101,
      0.17218543046357615
    ],
    [
      102,
      0.2057142857142857
    ],
    [
      103,
      0.20731707317073172
    ],
    [
      104,
      0.19444444444444445
    ],
    [
      105,
      0.22222222222222224
    ],
    [
      106,
      0.2524271844660194
    ],
    [
      107,
      0.13407821229050282
    ],
    [
      108,
      0.17948717948717946
    ],
    [
      109,
      0.17647058823529413
    ],
    [
      110,
      0.14193548387096774
    ],
    [
      111,
      0.16033755274261602
    ],
    [
      112,
      0.18285714285714283
    ],
    [
      113,
      0.1642512077294686
    ],
    [
      114,
      0.15789473684210525
    ],
    [
      115,
      0.16541353383458648
    ],
    [
      116,
      0.1744186046511628
    ],
    [
      117,
      0.19883040935672514
    ],
    [
      118,
      0.13793103448275862
    ],
    [
      119,
      0.19354838709677416
    ],
    [
      120,
      0.1282051282051282
    ],
    [
      121,
      0.17073170731707318
    ],
    [
      122,
      0.1538461538461538
    ],
    [
      123,
      0.23
    ],
    [
      124,
      0.17142857142857143
    ],
    [
      125,
      0.10975609756097561
    ],
    [
      126,
      0.18543046357615894
    ],
    [
      127,
      0.05714285714285714
    ],
    [
      128,
      0.21111111111111108
    ],
    [
      129,
      0.19607843137254902
    ],
    [
      130,
      0.13714285714285715
    ],
    [
      131,
      0.11688311688311688
    ],
    [
      132,
      0.1935483870967742
    ],
    [
      133,
      0.128
    ],
    [
      134,
      0.10055865921787709
    ],
    [
      135,
      0.15789473684210525
    ],
    [
      136,
      0.1195219123505976
    ],
    [
      137,
      0.0909090909090909
    ],
    [
      138,
      0.21468926553672318
    ],
    [
      139,
      0.1392405063291139
    ],
    [
      140,
      0.15942028985507245
    ],
    [
      141,
      0.1595744680851064
    ],
    [
      142,
      0.16666666666666669
    ],
    [
      143,
      0.1293532338308458
    ],
    [
      144,
      0.15028901734104044
    ],
    [
      145,
      0.1388888888888889
    ],
    [
      146,
      0.19900497512437812
    ],
    [
      147,
      0.14606741573033707
    ],
    [
      148,
      0.1379310344827586
    ],
    [
      149,
      0.14012738853503184
    ],
    [
      150,
      0.1951219512195122
    ],
    [
      151,
      0.12935323383084577
    ],
    [
      152,
      0.126984126984127
    ],
    [
      153,
      0.15942028985507248
    ],
    [
      154,
      0.13138686131386862
    ],
    [
      155,
      0.1935483870967742
    ],
    [
      156,
      0.15957446808510636
    ],
    [
      157,
      0.19047619047619047
    ],
    [
      158,
      0.1301775147928994
    ],
    [
      159,
      0.18181818181818182
