{
  "dataset": "QMSum",
  "num_samples": 200,
  "rouge1": 0.17483510457728552,
  "rouge2": 0.0376523828169929,
  "rougeL": 0.1051811390871409,
  "rougeLsum": 0.11970933238955143,
  "per_sample_rougeL": [
    [
      0,
      0.1952662721893491
    ],
    [
      1,
      0.1320754716981132
    ],
    [
      2,
      0.12295081967213115
    ],
    [
      3,
      0.10599078341013826
    ],
    [
      4,
      0.05394190871369295
    ],
    [
      5,
      0.12615955473098328
    ],
    [
      6,
      0.09090909090909091
    ],
    [
      7,
      0.09177820267686425
    ],
    [
      8,
      0.18404907975460122
    ],
    [
      9,
      0.17910447761194026
    ],
    [
      10,
      0.07272727272727274
    ],
    [
      11,
      0.18032786885245905
    ],
    [
      12,
      0.07188160676532768
    ],
    [
      13,
      0.3076923076923077
    ],
    [
      14,
      0.12154696132596683
    ],
    [
      15,
      0.08350730688935282
    ],
    [
      16,
      0.1200750469043152
    ],
    [
      17,
      0.09248554913294799
    ],
    [
      18,
      0.1168831168831169
    ],
    [
      19,
      0.09465020576131686
    ],
    [
      20,
      0.06719367588932806
    ],
    [
      21,
      0.07952286282306163
    ],
    [
      22,
      0.07422680412371134
    ],
    [
      23,
      0.09341825902335456
    ],
    [
      24,
      0.10294117647058826
    ],
    [
      25,
      0.15717092337917485
    ],
    [
      26,
      0.09652509652509653
    ],
    [
      27,
      0.08050847457627118
    ],
    [
      28,
      0.09677419354838711
    ],
    [
      29,
      0.07127882599580712
    ],
    [
      30,
      0.10975609756097561
    ],
    [
      31,
      0.06097560975609756
    ],
    [
      32,
      0.11657559198542805
    ],
    [
      33,
      0.12313432835820895
    ],
    [
      34,
      0.08400000000000002
    ],
    [
      35,
      0.11090573012939003
    ],
    [
      36,
      0.10136452241715399
    ],
    [
      37,
      0.09195402298850575
    ],
    [
      38,
      0.06981519507186859
    ],
    [
      39,
      0.07346938775510203
    ],
    [
      40,
      0.09774436090225563
    ],
    [
      41,
      0.11009174311926606
    ],
    [
      42,
      0.09056603773584905
    ],
    [
      43,
      0.10953346855983774
    ],
    [
      44,
      0.08
    ],
    [
      45,
      0.08316831683168317
    ],
    [
      46,
      0.10207939508506615
    ],
    [
      47,
      0.0945179584120983
    ],
    [
      48,
      0.09600000000000002
    ],
    [
      49,
      0.08678500986193294
    ],
    [
      50,
      0.0841683366733467
    ],
    [
      51,
      0.15770609318996417
    ],
    [
      52,
      0.07589285714285715
    ],
    [
      53,
      0.09236947791164658
    ],
    [
      54,
      0.09861932938856015
    ],
    [
      55,
      0.09411764705882353
    ],
    [
      56,
      0.07083333333333333
    ],
    [
      57,
      0.0778688524590164
    ],
    [
      58,
      0.12096774193548386
    ],
    [
      59,
      0.11047619047619049
    ],
    [
      60,
      0.09022556390977444
    ],
    [
      61,
      0.10460251046025103
    ],
    [
      62,
      0.18181818181818182
    ],
    [
      63,
      0.0875
    ],
    [
      64,
      0.08641975308641976
    ],
    [
      65,
      0.0862422997946612
    ],
    [
      66,
      0.13043478260869568
    ],
    [
      67,
      0.1388888888888889
    ],
    [
      68,
      0.0925925925925926
    ],
    [
      69,
      0.11472275334608031
    ],
    [
      70,
      0.09716599190283401
    ],
    [
      71,
      0.07157057654075547
    ],
    [
      72,
      0.08281573498964803
    ],
    [
      73,
      0.1044776119402985
    ],
    [
      74,
      0.07983193277310925
    ],
    [
      75,
      0.13503649635036497
    ],
    [
      76,
      0.09848484848484848
    ],
    [
      77,
      0.06047516198704103
    ],
    [
      78,
      0.11900191938579655
    ],
    [
      79,
      0.09829867674858223
    ],
    [
      80,
      0.12549019607843137
    ],
    [
      81,
      0.07532956685499058
    ],
    [
      82,
      0.1399317406143345
    ],
    [
      83,
      0.07661290322580645
    ],
    [
      84,
      0.09872029250457037
    ],
    [
      85,
      0.1115702479338843
    ],
    [
      86,
      0.13793103448275862
    ],
    [
      87,
      0.10227272727272728
    ],
    [
      88,
      0.12411347517730496
    ],
    [
      89,
      0.1669626998223801
    ],
    [
      90,
      0.10606060606060608
    ],
    [
      91,
      0.07174887892376682
    ],
    [
      92,
      0.08484848484848485
    ],
    [
      93,
      0.1284722222222222
    ],
    [
      94,
      0.08677685950413222
    ],
    [
      95,
      0.12609457092819615
    ],
    [
      96,
      0.15625
    ],
    [
      97,
      0.07874015748031496
    ],
    [
      98,
      0.10546139359698682
    ],
    [
      99,
      0.1731748726655348
    ],
    [
      100,
      0.10256410256410256
    ],
    [
      101,
      0.09072978303747535
    ],
    [
      102,
      0.09867172675521822
    ],
    [
      103,
      0.12336448598130842
    ],
    [
      104,
      0.0860215053763441
    ],
    [
      105,
      0.14285714285714285
    ],
    [
      106,
      0.13380281690140847
    ],
    [
      107,
      0.10748560460652591
    ],
    [
      108,
      0.11695906432748539
    ],
    [
      109,
      0.08247422680412372
    ],
    [
      110,
      0.09671179883945841
    ],
    [
      111,
      0.15679442508710803
    ],
    [
      112,
      0.13011152416356875
    ],
    [
      113,
      0.16417910447761194
    ],
    [
      114,
      0.13743218806509944
    ],
    [
      115,
      0.08482142857142858
    ],
    [
      116,
      0.10526315789473685
    ],
    [
      117,
      0.10984848484848483
    ],
    [
      118,
      0.07676767676767678
    ],
    [
      119,
      0.09580838323353293
    ],
    [
      120,
      0.09051724137931036
    ],
    [
      121,
      0.1059322033898305
    ],
    [
      122,
      0.11047619047619049
    ],
    [
      123,
      0.12379110251450677
    ],
    [
      124,
      0.0709812108559499
    ],
    [
      125,
      0.09999999999999999
    ],
    [
      126,
      0.09561752988047809
    ],
    [
      127,
      0.08853118712273642
    ],
    [
      128,
      0.12290502793296089
    ],
    [
      129,
      0.08450704225352114
    ],
    [
      130,
      0.11262135922330097
    ],
    [
      131,
      0.07453416149068322
    ],
    [
      132,
      0.10687022900763359
    ],
    [
      133,
      0.09375
    ],
    [
      134,
      0.13465346534653466
    ],
    [
      135,
      0.07157057654075547
    ],
    [
      136,
      0.12416107382550337
    ],
    [
      137,
      0.08433734939759037
    ],
    [
      138,
      0.1172022684310019
    ],
    [
      139,
      0.07751937984496124
    ],
    [
      140,
      0.09333333333333334
    ],
    [
      141,
      0.1381957773512476
    ],
    [
      142,
      0.10849909584086799
    ],
    [
      143,
      0.16074766355140188
    ],
    [
      144,
      0.10438413361169102
    ],
    [
      145,
      0.08102345415778252
    ],
    [
      146,
      0.1245136186770428
    ],
    [
      147,
      0.09652509652509653
    ],
    [
      148,
      0.05749486652977413
    ],
    [
      149,
      0.096579476861167
    ],
    [
      150,
      0.12607449856733527
    ],
    [
      151,
      0.14770459081836326
    ],
    [
      152,
      0.06864988558352403
    ],
    [
      153,
      0.06981519507186859
    ],
    [
      154,
      0.07792207792207792
    ],
    [
      155,
      0.13552361396303902
    ],
    [
      156,
      0.10937500000000001
    ],
    [
      157,
      0.05439330543933055
    ],
    [
      158,
      0.10244988864142539
    ],
    [
      159,
