{
  "dataset": "QMSum",
  "num_samples": 200,
  "rouge1": 0.327460969062624,
  "rouge2": 0.07527653063828549,
  "rougeL": 0.1920291600460662,
  "rougeLsum": 0.1959203196862311,
  "per_sample_rougeL": [
    [
      0,
      0.16289592760181
    ],
    [
      1,
      0.24742268041237114
    ],
    [
      2,
      0.15463917525773194
    ],
    [
      3,
      0.20809248554913296
    ],
    [
      4,
      0.12213740458015267
    ],
    [
      5,
      0.2962962962962963
    ],
    [
      6,
      0.12578616352201258
    ],
    [
      7,
      0.20606060606060608
    ],
    [
      8,
      0.16666666666666669
    ],
    [
      9,
      0.1518987341772152
    ],
    [
      10,
      0.18055555555555558
    ],
    [
      11,
      0.2621359223300971
    ],
    [
      12,
      0.15384615384615385
    ],
    [
      13,
      0.24870466321243526
    ],
    [
      14,
      0.17061611374407581
    ],
    [
      15,
      0.1986754966887417
    ],
    [
      16,
      0.17307692307692307
    ],
    [
      17,
      0.17241379310344826
    ],
    [
      18,
      0.13186813186813184
    ],
    [
      19,
      0.15204678362573099
    ],
    [
      20,
      0.11428571428571427
    ],
    [
      21,
      0.2151898734177215
    ],
    [
      22,
      0.1764705882352941
    ],
    [
      23,
      0.19607843137254902
    ],
    [
      24,
      0.20212765957446804
    ],
    [
      25,
      0.20444444444444443
    ],
    [
      26,
      0.21839080459770116
    ],
    [
      27,
      0.2064516129032258
    ],
    [
      28,
      0.2233502538071066
    ],
    [
      29,
      0.22891566265060243
    ],
    [
      30,
      0.16666666666666663
    ],
    [
      31,
      0.17687074829931976
    ],
    [
      32,
      0.25263157894736843
    ],
    [
      33,
      0.19387755102040813
    ],
    [
      34,
      0.23312883435582823
    ],
    [
      35,
      0.14285714285714288
    ],
    [
      36,
      0.18181818181818182
    ],
    [
      37,
      0.1847826086956522
    ],
    [
      38,
      0.14285714285714285
    ],
    [
      39,
      0.1506849315068493
    ],
    [
      40,
      0.17
    ],
    [
      41,
      0.22330097087378642
    ],
    [
      42,
      0.14953271028037382
    ],
    [
      43,
      0.2
    ],
    [
      44,
      0.14634146341463414
    ],
    [
      45,
      0.24539877300613497
    ],
    [
      46,
      0.19095477386934673
    ],
    [
      47,
      0.13265306122448983
    ],
    [
      48,
      0.2105263157894737
    ],
    [
      49,
      0.17857142857142858
    ],
    [
      50,
      0.18300653594771243
    ],
    [
      51,
      0.28837209302325584
    ],
    [
      52,
      0.18867924528301888
    ],
    [
      53,
      0.17857142857142858
    ],
    [
      54,
      0.21301775147928995
    ],
    [
      55,
      0.15789473684210525
    ],
    [
      56,
      0.18543046357615894
    ],
    [
      57,
      0.0893854748603352
    ],
    [
      58,
      0.2954545454545454
    ],
    [
      59,
      0.17894736842105266
    ],
    [
      60,
      0.16574585635359115
    ],
    [
      61,
      0.20000000000000004
    ],
    [
      62,
      0.24521072796934867
    ],
    [
      63,
      0.21176470588235294
    ],
    [
      64,
      0.1780821917808219
    ],
    [
      65,
      0.25
    ],
    [
      66,
      0.2295081967213115
    ],
    [
      67,
      0.20657276995305165
    ],
    [
      68,
      0.19318181818181818
    ],
    [
      69,
      0.19101123595505617
    ],
    [
      70,
      0.25333333333333335
    ],
    [
      71,
      0.13173652694610777
    ],
    [
      72,
      0.2064516129032258
    ],
    [
      73,
      0.21212121212121213
    ],
    [
      74,
      0.174496644295302
    ],
    [
      75,
      0.25
    ],
    [
      76,
      0.18274111675126903
    ],
    [
      77,
      0.0945945945945946
    ],
    [
      78,
      0.23404255319148937
    ],
    [
      79,
      0.15730337078651685
    ],
    [
      80,
      0.15044247787610618
    ],
    [
      81,
      0.15135135135135133
    ],
    [
      82,
      0.18333333333333332
    ],
    [
      83,
      0.1324503311258278
    ],
    [
      84,
      0.15075376884422112
    ],
    [
      85,
      0.23529411764705882
    ],
    [
      86,
      0.24999999999999994
    ],
    [
      87,
      0.192090395480226
    ],
    [
      88,
      0.2017543859649123
    ],
    [
      89,
      0.3300970873786408
    ],
    [
      90,
      0.21538461538461537
    ],
    [
      91,
      0.12080536912751677
    ],
    [
      92,
      0.16969696969696965
    ],
    [
      93,
      0.24242424242424243
    ],
    [
      94,
      0.1863354037267081
    ],
    [
      95,
      0.2374429223744292
    ],
    [
      96,
      0.2139917695473251
    ],
    [
      97,
      0.2692307692307692
    ],
    [
      98,
      0.1836734693877551
    ],
    [
      99,
      0.23859649122807017
    ],
    [
      100,
      0.23333333333333334
    ],
    [
      101,
      0.1863354037267081
    ],
    [
      102,
      0.19791666666666669
    ],
    [
      103,
      0.23157894736842105
    ],
    [
      104,
      0.15503875968992248
    ],
    [
      105,
      0.2371134020618557
    ],
    [
      106,
      0.17040358744394618
    ],
    [
      107,
      0.2162162162162162
    ],
    [
      108,
      0.3314285714285714
    ],
    [
      109,
      0.1917808219178082
    ],
    [
      110,
      0.16129032258064516
    ],
    [
      111,
      0.216
    ],
    [
      112,
      0.25130890052356025
    ],
    [
      113,
      0.22935779816513763
    ],
    [
      114,
      0.2540983606557377
    ],
    [
      115,
      0.15894039735099336
    ],
    [
      116,
      0.16243654822335024
    ],
    [
      117,
      0.21348314606741572
    ],
    [
      118,
      0.1830065359477124
    ],
    [
      119,
      0.1761006289308176
    ],
    [
      120,
      0.2111111111111111
    ],
    [
      121,
      0.1818181818181818
    ],
    [
      122,
      0.14545454545454548
    ],
    [
      123,
      0.2156862745098039
    ],
    [
      124,
      0.13513513513513514
    ],
    [
      125,
      0.17679558011049726
    ],
    [
      126,
      0.20481927710843373
    ],
    [
      127,
      0.14193548387096774
    ],
    [
      128,
      0.24154589371980675
    ],
    [
      129,
      0.16049382716049382
    ],
    [
      130,
      0.14973262032085563
    ],
    [
      131,
      0.13414634146341461
    ],
    [
      132,
      0.22727272727272727
    ],
    [
      133,
      0.22972972972972971
    ],
    [
      134,
      0.2727272727272727
    ],
    [
      135,
      0.20408163265306126
    ],
    [
      136,
      0.15748031496062992
    ],
    [
      137,
      0.1696969696969697
    ],
    [
      138,
      0.2421052631578947
    ],
    [
      139,
      0.13978494623655913
    ],
    [
      140,
      0.15584415584415587
    ],
    [
      141,
      0.20571428571428574
    ],
    [
      142,
      0.205607476635514
    ],
    [
      143,
      0.1834862385321101
    ],
    [
      144,
      0.17435897435897432
    ],
    [
      145,
      0.14388489208633096
    ],
    [
      146,
      0.2180094786729858
    ],
    [
      147,
      0.15053763440860216
    ],
    [
      148,
      0.14492753623188404
    ],
    [
      149,
      0.13580246913580246
    ],
    [
      150,
      0.2682926829268293
    ],
    [
      151,
      0.21256038647342995
    ],
    [
      152,
      0.13740458015267176
    ],
    [
      153,
      0.10526315789473684
    ],
    [
      154,
      0.16901408450704225
    ],
    [
      155,
      0.26035502958579876
    ],
    [
      156,
      0.21105527638190955
    ],
    [
      157,
      0.11940298507462686
    ],
    [
      158,
      0.1988950276243094
    ],
    [
      159,
      0.24096385542168672
    ],
    [
      160,
