{
  "dataset": "QMSum",
  "num_samples": 200,
  "rouge1": 0.16087006373509355,
  "rouge2": 0.03428656352822243,
  "rougeL": 0.10336424397261584,
  "rougeLsum": 0.11165221582917441,
  "per_sample_rougeL": [
    [
      0,
      0.1453900709219858
    ],
    [
      1,
      0.12903225806451613
    ],
    [
      2,
      0.11877394636015327
    ],
    [
      3,
      0.08494208494208494
    ],
    [
      4,
      0.055276381909547735
    ],
    [
      5,
      0.1366223908918406
    ],
    [
      6,
      0.09090909090909091
    ],
    [
      7,
      0.0829875518672199
    ],
    [
      8,
      0.0675944333996024
    ],
    [
      9,
      0.0814663951120163
    ],
    [
      10,
      0.0736196319018405
    ],
    [
      11,
      0.13805970149253732
    ],
    [
      12,
      0.07188160676532768
    ],
    [
      13,
      0.1299638989169675
    ],
    [
      14,
      0.11829944547134935
    ],
    [
      15,
      0.08350730688935282
    ],
    [
      16,
      0.10752688172043011
    ],
    [
      17,
      0.10373443983402489
    ],
    [
      18,
      0.12317666126418152
    ],
    [
      19,
      0.09465020576131686
    ],
    [
      20,
      0.06719367588932806
    ],
    [
      21,
      0.07127882599580714
    ],
    [
      22,
      0.06160164271047228
    ],
    [
      23,
      0.09341825902335456
    ],
    [
      24,
      0.11764705882352942
    ],
    [
      25,
      0.15717092337917485
    ],
    [
      26,
      0.09652509652509653
    ],
    [
      27,
      0.05555555555555556
    ],
    [
      28,
      0.09677419354838711
    ],
    [
      29,
      0.07264957264957266
    ],
    [
      30,
      0.10420841683366734
    ],
    [
      31,
      0.06097560975609756
    ],
    [
      32,
      0.11657559198542805
    ],
    [
      33,
      0.12313432835820895
    ],
    [
      34,
      0.08677685950413223
    ],
    [
      35,
      0.11090573012939003
    ],
    [
      36,
      0.09823182711198429
    ],
    [
      37,
      0.1054766734279919
    ],
    [
      38,
      0.07053941908713693
    ],
    [
      39,
      0.07346938775510203
    ],
    [
      40,
      0.09774436090225563
    ],
    [
      41,
      0.11091234347048301
    ],
    [
      42,
      0.09398496240601503
    ],
    [
      43,
      0.10953346855983774
    ],
    [
      44,
      0.09311740890688258
    ],
    [
      45,
      0.08316831683168317
    ],
    [
      46,
      0.10207939508506615
    ],
    [
      47,
      0.12038834951456309
    ],
    [
      48,
      0.09600000000000002
    ],
    [
      49,
      0.10546139359698681
    ],
    [
      50,
      0.09829059829059829
    ],
    [
      51,
      0.15770609318996417
    ],
    [
      52,
      0.0879120879120879
    ],
    [
      53,
      0.07952286282306162
    ],
    [
      54,
      0.12134831460674159
    ],
    [
      55,
      0.09320388349514563
    ],
    [
      56,
      0.06496519721577726
    ],
    [
      57,
      0.07068607068607069
    ],
    [
      58,
      0.12096774193548386
    ],
    [
      59,
      0.11047619047619049
    ],
    [
      60,
      0.08421052631578947
    ],
    [
      61,
      0.1286307053941909
    ],
    [
      62,
      0.18181818181818182
    ],
    [
      63,
      0.0875
    ],
    [
      64,
      0.08641975308641976
    ],
    [
      65,
      0.10060362173038229
    ],
    [
      66,
      0.12301587301587301
    ],
    [
      67,
      0.1388888888888889
    ],
    [
      68,
      0.10384615384615384
    ],
    [
      69,
      0.11472275334608031
    ],
    [
      70,
      0.07321772639691715
    ],
    [
      71,
      0.09055118110236221
    ],
    [
      72,
      0.07883817427385893
    ],
    [
      73,
      0.10586011342155009
    ],
    [
      74,
      0.10273972602739725
    ],
    [
      75,
      0.13503649635036497
    ],
    [
      76,
      0.12709030100334445
    ],
    [
      77,
      0.06047516198704103
    ],
    [
      78,
      0.125
    ],
    [
      79,
      0.09174311926605505
    ],
    [
      80,
      0.12549019607843137
    ],
    [
      81,
      0.09416195856873821
    ],
    [
      82,
      0.14213197969543145
    ],
    [
      83,
      0.07661290322580645
    ],
    [
      84,
      0.09792843691148774
    ],
    [
      85,
      0.1115702479338843
    ],
    [
      86,
      0.13793103448275862
    ],
    [
      87,
      0.10227272727272728
    ],
    [
      88,
      0.13120567375886524
    ],
    [
      89,
      0.1669626998223801
    ],
    [
      90,
      0.11806797853309484
    ],
    [
      91,
      0.07174887892376682
    ],
    [
      92,
      0.07676767676767676
    ],
    [
      93,
      0.1284722222222222
    ],
    [
      94,
      0.08677685950413222
    ],
    [
      95,
      0.1206581352833638
    ],
    [
      96,
      0.15625
    ],
    [
      97,
      0.09302325581395349
    ],
    [
      98,
      0.10820895522388059
    ],
    [
      99,
      0.1641541038525963
    ],
    [
      100,
      0.1078838174273859
    ],
    [
      101,
      0.09699769053117784
    ],
    [
      102,
      0.12267657992565055
    ],
    [
      103,
      0.12336448598130842
    ],
    [
      104,
      0.08641975308641976
    ],
    [
      105,
      0.13333333333333333
    ],
    [
      106,
      0.13380281690140847
    ],
    [
      107,
      0.10748560460652591
    ],
    [
      108,
      0.12648221343873517
    ],
    [
      109,
      0.07174887892376682
    ],
    [
      110,
      0.09671179883945841
    ],
    [
      111,
      0.15679442508710803
    ],
    [
      112,
      0.12121212121212123
    ],
    [
      113,
      0.14652014652014653
    ],
    [
      114,
      0.1657848324514991
    ],
    [
      115,
      0.08482142857142858
    ],
    [
      116,
      0.10526315789473685
    ],
    [
      117,
      0.10720887245841035
    ],
    [
      118,
      0.07676767676767678
    ],
    [
      119,
      0.0759493670886076
    ],
    [
      120,
      0.08979591836734695
    ],
    [
      121,
      0.10683760683760685
    ],
    [
      122,
      0.11047619047619049
    ],
    [
      123,
      0.11808118081180813
    ],
    [
      124,
      0.0709812108559499
    ],
    [
      125,
      0.09999999999999999
    ],
    [
      126,
      0.10276679841897234
    ],
    [
      127,
      0.08888888888888889
    ],
    [
      128,
      0.14393939393939392
    ],
    [
      129,
      0.0918580375782881
    ],
    [
      130,
      0.0816326530612245
    ],
    [
      131,
      0.07453416149068322
    ],
    [
      132,
      0.1117533718689788
    ],
    [
      133,
      0.09375
    ],
    [
      134,
      0.13465346534653466
    ],
    [
      135,
      0.09462365591397849
    ],
    [
      136,
      0.12416107382550337
    ],
    [
      137,
      0.08747514910536779
    ],
    [
      138,
      0.13272311212814647
    ],
    [
      139,
      0.07751937984496124
    ],
    [
      140,
      0.09072978303747535
    ],
    [
      141,
      0.1381957773512476
    ],
    [
      142,
      0.10849909584086799
    ],
    [
      143,
      0.16074766355140188
    ],
    [
      144,
      0.10894941634241245
    ],
    [
      145,
      0.08528784648187633
    ],
    [
      146,
      0.1245136186770428
    ],
    [
      147,
      0.09652509652509653
    ],
    [
      148,
      0.05749486652977413
    ],
    [
      149,
      0.08993576017130621
    ],
    [
      150,
      0.11037527593818985
    ],
    [
      151,
      0.14770459081836326
    ],
    [
      152,
      0.06864988558352403
    ],
    [
      153,
      0.0642570281124498
    ],
    [
      154,
      0.07792207792207792
    ],
    [
      155,
      0.13552361396303902
    ],
    [
      156,
      0.11244979919678716
    ],
    [
      157,
      0.053169734151329244
    ],
    [
      158,
      0.10407239819004524
    ],
    [
      159,
