{
  "dataset": "QMSum",
  "num_samples": 200,
  "rouge1": 0.2530557079571931,
  "rouge2": 0.05652894543033758,
  "rougeL": 0.16197772680169398,
  "rougeLsum": 0.16975840758790683,
  "per_sample_rougeL": [
    [
      0,
      0.16748768472906403
    ],
    [
      1,
      0.0784313725490196
    ],
    [
      2,
      0.17679558011049723
    ],
    [
      3,
      0.15503875968992248
    ],
    [
      4,
      0.15
    ],
    [
      5,
      0.17391304347826086
    ],
    [
      6,
      0.18064516129032257
    ],
    [
      7,
      0.20481927710843373
    ],
    [
      8,
      0.14965986394557826
    ],
    [
      9,
      0.1889763779527559
    ],
    [
      10,
      0.13445378151260504
    ],
    [
      11,
      0.14736842105263157
    ],
    [
      12,
      0.12244897959183673
    ],
    [
      13,
      0.22340425531914895
    ],
    [
      14,
      0.16
    ],
    [
      15,
      0.15384615384615383
    ],
    [
      16,
      0.134020618556701
    ],
    [
      17,
      0.19883040935672514
    ],
    [
      18,
      0.13740458015267176
    ],
    [
      19,
      0.12578616352201258
    ],
    [
      20,
      0.10062893081761007
    ],
    [
      21,
      0.23333333333333334
    ],
    [
      22,
      0.18867924528301885
    ],
    [
      23,
      0.2947368421052632
    ],
    [
      24,
      0.13253012048192772
    ],
    [
      25,
      0.15887850467289721
    ],
    [
      26,
      0.16883116883116883
    ],
    [
      27,
      0.09859154929577466
    ],
    [
      28,
      0.02127659574468085
    ],
    [
      29,
      0.11688311688311688
    ],
    [
      30,
      0.15294117647058822
    ],
    [
      31,
      0.15037593984962408
    ],
    [
      32,
      0.24719101123595502
    ],
    [
      33,
      0.17857142857142858
    ],
    [
      34,
      0.22641509433962267
    ],
    [
      35,
      0.18848167539267016
    ],
    [
      36,
      0.13580246913580246
    ],
    [
      37,
      0.13008130081300814
    ],
    [
      38,
      0.16666666666666666
    ],
    [
      39,
      0.12698412698412698
    ],
    [
      40,
      0.18652849740932642
    ],
    [
      41,
      0.08771929824561403
    ],
    [
      42,
      0.0792079207920792
    ],
    [
      43,
      0.22972972972972971
    ],
    [
      44,
      0.0963855421686747
    ],
    [
      45,
      0.19999999999999998
    ],
    [
      46,
      0.14893617021276595
    ],
    [
      47,
      0.17171717171717174
    ],
    [
      48,
      0.17857142857142855
    ],
    [
      49,
      0.14102564102564102
    ],
    [
      50,
      0.1948051948051948
    ],
    [
      51,
      0.25130890052356025
    ],
    [
      52,
      0.13986013986013987
    ],
    [
      53,
      0.21794871794871795
    ],
    [
      54,
      0.24242424242424243
    ],
    [
      55,
      0.05063291139240506
    ],
    [
      56,
      0.1323529411764706
    ],
    [
      57,
      0.12048192771084337
    ],
    [
      58,
      0.1301775147928994
    ],
    [
      59,
      0.17177914110429449
    ],
    [
      60,
      0.17391304347826086
    ],
    [
      61,
      0.1935483870967742
    ],
    [
      62,
      0.20610687022900764
    ],
    [
      63,
      0.12658227848101264
    ],
    [
      64,
      0.18055555555555555
    ],
    [
      65,
      0.2
    ],
    [
      66,
      0.18918918918918917
    ],
    [
      67,
      0.12682926829268293
    ],
    [
      68,
      0.12738853503184713
    ],
    [
      69,
      0.1258741258741259
    ],
    [
      70,
      0.1756756756756757
    ],
    [
      71,
      0.09022556390977442
    ],
    [
      72,
      0.22857142857142854
    ],
    [
      73,
      0.18390804597701146
    ],
    [
      74,
      0.15277777777777776
    ],
    [
      75,
      0.07272727272727272
    ],
    [
      76,
      0.08421052631578947
    ],
    [
      77,
      0.13043478260869565
    ],
    [
      78,
      0.24719101123595505
    ],
    [
      79,
      0.17391304347826086
    ],
    [
      80,
      0.14035087719298245
    ],
    [
      81,
      0.05263157894736842
    ],
    [
      82,
      0.18103448275862072
    ],
    [
      83,
      0.24242424242424243
    ],
    [
      84,
      0.2653061224489796
    ],
    [
      85,
      0.17616580310880828
    ],
    [
      86,
      0.16326530612244897
    ],
    [
      87,
      0.19277108433734938
    ],
    [
      88,
      0.19090909090909092
    ],
    [
      89,
      0.3529411764705882
    ],
    [
      90,
      0.2345679012345679
    ],
    [
      91,
      0.17073170731707318
    ],
    [
      92,
      0.16666666666666669
    ],
    [
      93,
      0.16585365853658537
    ],
    [
      94,
      0.058823529411764705
    ],
    [
      95,
      0.19323671497584544
    ],
    [
      96,
      0.1095890410958904
    ],
    [
      97,
      0.20833333333333334
    ],
    [
      98,
      0.06976744186046512
    ],
    [
      99,
      0.022099447513812154
    ],
    [
      100,
      0.1893491124260355
    ],
    [
      101,
      0.17218543046357615
    ],
    [
      102,
      0.17341040462427745
    ],
    [
      103,
      0.13675213675213674
    ],
    [
      104,
      0.2857142857142857
    ],
    [
      105,
      0.2458100558659218
    ],
    [
      106,
      0.20192307692307693
    ],
    [
      107,
      0.19736842105263158
    ],
    [
      108,
      0.18518518518518517
    ],
    [
      109,
      0.12307692307692307
    ],
    [
      110,
      0.15492957746478872
    ],
    [
      111,
      0.12903225806451613
    ],
    [
      112,
      0.20809248554913296
    ],
    [
      113,
      0.17171717171717168
    ],
    [
      114,
      0.1688888888888889
    ],
    [
      115,
      0.17142857142857143
    ],
    [
      116,
      0.18181818181818185
    ],
    [
      117,
      0.18300653594771243
    ],
    [
      118,
      0.1348314606741573
    ],
    [
      119,
      0.2096774193548387
    ],
    [
      120,
      0.1509433962264151
    ],
    [
      121,
      0.08
    ],
    [
      122,
      0.15841584158415842
    ],
    [
      123,
      0.0631578947368421
    ],
    [
      124,
      0.16949152542372883
    ],
    [
      125,
      0.15568862275449102
    ],
    [
      126,
      0.21487603305785127
    ],
    [
      127,
      0.08333333333333333
    ],
    [
      128,
      0.0784313725490196
    ],
    [
      129,
      0.1973684210526316
    ],
    [
      130,
      0.18823529411764706
    ],
    [
      131,
      0.126984126984127
    ],
    [
      132,
      0.18823529411764708
    ],
    [
      133,
      0.14285714285714285
    ],
    [
      134,
      0.22439024390243906
    ],
    [
      135,
      0.19444444444444445
    ],
    [
      136,
      0.14960629921259844
    ],
    [
      137,
      0.11764705882352942
    ],
    [
      138,
      0.075
    ],
    [
      139,
      0.15476190476190477
    ],
    [
      140,
      0.15172413793103448
    ],
    [
      141,
      0.23076923076923075
    ],
    [
      142,
      0.12935323383084577
    ],
    [
      143,
      0.13145539906103287
    ],
    [
      144,
      0.021739130434782608
    ],
    [
      145,
      0.09523809523809525
    ],
    [
      146,
      0.2613636363636363
    ],
    [
      147,
      0.2681564245810056
    ],
    [
      148,
      0.07751937984496124
    ],
    [
      149,
      0.10256410256410257
    ],
    [
      150,
      0.27642276422764234
    ],
    [
      151,
      0.17708333333333334
    ],
    [
      152,
      0.1276595744680851
    ],
    [
      153,
      0.15384615384615383
    ],
    [
      154,
      0.19047619047619047
    ],
    [
      155,
      0.15384615384615385
    ],
    [
      156,
      0.11891891891891893
    ],
    [
      157,
      0.1739130434782609
    ],
    [
      158,
      0.09756097560975609
    ],
    [
      159,
      0.0975609756097561
    ],
    [
