{
  "dataset": "QMSum",
  "num_samples": 200,
  "rouge1": 0.16034621294649087,
  "rouge2": 0.03536094168402787,
  "rougeL": 0.10288540209138777,
  "rougeLsum": 0.10989282810722276,
  "per_sample_rougeL": [
    [
      0,
      0.12615955473098328
    ],
    [
      1,
      0.1320754716981132
    ],
    [
      2,
      0.12295081967213115
    ],
    [
      3,
      0.10599078341013826
    ],
    [
      4,
      0.04793028322440088
    ],
    [
      5,
      0.1366223908918406
    ],
    [
      6,
      0.09090909090909091
    ],
    [
      7,
      0.06746031746031747
    ],
    [
      8,
      0.0675944333996024
    ],
    [
      9,
      0.0814663951120163
    ],
    [
      10,
      0.07615230460921844
    ],
    [
      11,
      0.13805970149253732
    ],
    [
      12,
      0.07188160676532768
    ],
    [
      13,
      0.14784394250513347
    ],
    [
      14,
      0.11829944547134935
    ],
    [
      15,
      0.07317073170731707
    ],
    [
      16,
      0.1200750469043152
    ],
    [
      17,
      0.09248554913294799
    ],
    [
      18,
      0.10578512396694215
    ],
    [
      19,
      0.09465020576131686
    ],
    [
      20,
      0.06719367588932806
    ],
    [
      21,
      0.07883817427385893
    ],
    [
      22,
      0.07422680412371134
    ],
    [
      23,
      0.09163346613545818
    ],
    [
      24,
      0.10294117647058826
    ],
    [
      25,
      0.15717092337917485
    ],
    [
      26,
      0.05833333333333333
    ],
    [
      27,
      0.08755760368663595
    ],
    [
      28,
      0.09677419354838711
    ],
    [
      29,
      0.07127882599580712
    ],
    [
      30,
      0.10420841683366734
    ],
    [
      31,
      0.06097560975609756
    ],
    [
      32,
      0.13714285714285712
    ],
    [
      33,
      0.12313432835820895
    ],
    [
      34,
      0.12017167381974249
    ],
    [
      35,
      0.11090573012939003
    ],
    [
      36,
      0.07407407407407406
    ],
    [
      37,
      0.1054766734279919
    ],
    [
      38,
      0.06981519507186859
    ],
    [
      39,
      0.07346938775510203
    ],
    [
      40,
      0.09944751381215469
    ],
    [
      41,
      0.09867172675521822
    ],
    [
      42,
      0.09398496240601503
    ],
    [
      43,
      0.1197339246119734
    ],
    [
      44,
      0.08
    ],
    [
      45,
      0.08316831683168317
    ],
    [
      46,
      0.10207939508506615
    ],
    [
      47,
      0.09009009009009009
    ],
    [
      48,
      0.107981220657277
    ],
    [
      49,
      0.08678500986193294
    ],
    [
      50,
      0.09504950495049504
    ],
    [
      51,
      0.17452006980802795
    ],
    [
      52,
      0.0879120879120879
    ],
    [
      53,
      0.09177820267686425
    ],
    [
      54,
      0.09542743538767395
    ],
    [
      55,
      0.09411764705882353
    ],
    [
      56,
      0.08260869565217391
    ],
    [
      57,
      0.07068607068607069
    ],
    [
      58,
      0.12219959266802445
    ],
    [
      59,
      0.11047619047619049
    ],
    [
      60,
      0.13999999999999999
    ],
    [
      61,
      0.10309278350515463
    ],
    [
      62,
      0.18181818181818182
    ],
    [
      63,
      0.09716599190283401
    ],
    [
      64,
      0.08641975308641976
    ],
    [
      65,
      0.11203319502074689
    ],
    [
      66,
      0.12669683257918554
    ],
    [
      67,
      0.16998191681735986
    ],
    [
      68,
      0.0925925925925926
    ],
    [
      69,
      0.09523809523809525
    ],
    [
      70,
      0.09716599190283401
    ],
    [
      71,
      0.0796812749003984
    ],
    [
      72,
      0.08994708994708994
    ],
    [
      73,
      0.1044776119402985
    ],
    [
      74,
      0.10273972602739725
    ],
    [
      75,
      0.16696269982238013
    ],
    [
      76,
      0.09848484848484848
    ],
    [
      77,
      0.04968944099378881
    ],
    [
      78,
      0.125
    ],
    [
      79,
      0.09829867674858223
    ],
    [
      80,
      0.12549019607843137
    ],
    [
      81,
      0.09792843691148777
    ],
    [
      82,
      0.14213197969543145
    ],
    [
      83,
      0.07661290322580645
    ],
    [
      84,
      0.1286764705882353
    ],
    [
      85,
      0.1115702479338843
    ],
    [
      86,
      0.13793103448275862
    ],
    [
      87,
      0.10227272727272728
    ],
    [
      88,
      0.11049723756906077
    ],
    [
      89,
      0.1669626998223801
    ],
    [
      90,
      0.1111111111111111
    ],
    [
      91,
      0.08565310492505354
    ],
    [
      92,
      0.10183299389002037
    ],
    [
      93,
      0.1284722222222222
    ],
    [
      94,
      0.04670912951167728
    ],
    [
      95,
      0.14385964912280705
    ],
    [
      96,
      0.15625
    ],
    [
      97,
      0.09243697478991597
    ],
    [
      98,
      0.10820895522388059
    ],
    [
      99,
      0.19032258064516128
    ],
    [
      100,
      0.10256410256410256
    ],
    [
      101,
      0.09072978303747535
    ],
    [
      102,
      0.12477064220183484
    ],
    [
      103,
      0.12336448598130842
    ],
    [
      104,
      0.0860215053763441
    ],
    [
      105,
      0.13232514177693763
    ],
    [
      106,
      0.13380281690140847
    ],
    [
      107,
      0.1078838174273859
    ],
    [
      108,
      0.1320388349514563
    ],
    [
      109,
      0.08247422680412372
    ],
    [
      110,
      0.09671179883945841
    ],
    [
      111,
      0.16257088846880907
    ],
    [
      112,
      0.12121212121212123
    ],
    [
      113,
      0.14048059149722736
    ],
    [
      114,
      0.13743218806509944
    ],
    [
      115,
      0.07867494824016563
    ],
    [
      116,
      0.10526315789473685
    ],
    [
      117,
      0.10465116279069768
    ],
    [
      118,
      0.04838709677419354
    ],
    [
      119,
      0.09580838323353293
    ],
    [
      120,
      0.0931174089068826
    ],
    [
      121,
      0.09684210526315791
    ],
    [
      122,
      0.09896907216494845
    ],
    [
      123,
      0.12379110251450677
    ],
    [
      124,
      0.05042016806722689
    ],
    [
      125,
      0.09999999999999999
    ],
    [
      126,
      0.092
    ],
    [
      127,
      0.07637231503579953
    ],
    [
      128,
      0.12290502793296089
    ],
    [
      129,
      0.0918580375782881
    ],
    [
      130,
      0.09433962264150944
    ],
    [
      131,
      0.07453416149068322
    ],
    [
      132,
      0.10687022900763359
    ],
    [
      133,
      0.0779816513761468
    ],
    [
      134,
      0.13465346534653466
    ],
    [
      135,
      0.07584830339321356
    ],
    [
      136,
      0.12416107382550337
    ],
    [
      137,
      0.08484848484848484
    ],
    [
      138,
      0.12260536398467434
    ],
    [
      139,
      0.08333333333333334
    ],
    [
      140,
      0.10267857142857144
    ],
    [
      141,
      0.1381957773512476
    ],
    [
      142,
      0.10108303249097474
    ],
    [
      143,
      0.16074766355140188
    ],
    [
      144,
      0.10438413361169102
    ],
    [
      145,
      0.07692307692307691
    ],
    [
      146,
      0.12296564195298373
    ],
    [
      147,
      0.1064638783269962
    ],
    [
      148,
      0.046610169491525424
    ],
    [
      149,
      0.096579476861167
    ],
    [
      150,
      0.09876543209876544
    ],
    [
      151,
      0.15327102803738318
    ],
    [
      152,
      0.06864988558352403
    ],
    [
      153,
      0.07234042553191489
    ],
    [
      154,
      0.07578947368421053
    ],
    [
      155,
      0.1292929292929293
    ],
    [
      156,
      0.10937500000000001
    ],
    [
      157,
      0.06622516556291391
    ],
    [
      158,
      0.10121457489878541
    ],
    [
      159,
