{
  "dataset": "QMSum",
  "num_samples": 200,
  "rouge1": 0.24131213666770251,
  "rouge2": 0.0554672607644283,
  "rougeL": 0.14994639948772637,
  "rougeLsum": 0.15120966235060276,
  "per_sample_rougeL": [
    [
      0,
      0.23636363636363636
    ],
    [
      1,
      0.22340425531914895
    ],
    [
      2,
      0.16129032258064516
    ],
    [
      3,
      0.21935483870967742
    ],
    [
      4,
      0.12962962962962962
    ],
    [
      5,
      0
    ],
    [
      6,
      0
    ],
    [
      7,
      0.20547945205479454
    ],
    [
      8,
      0
    ],
    [
      9,
      0.125
    ],
    [
      10,
      0.16
    ],
    [
      11,
      0.24390243902439024
    ],
    [
      12,
      0.3529411764705882
    ],
    [
      13,
      0.18803418803418806
    ],
    [
      14,
      0.1923076923076923
    ],
    [
      15,
      0.14012738853503184
    ],
    [
      16,
      0.17061611374407581
    ],
    [
      17,
      0
    ],
    [
      18,
      0
    ],
    [
      19,
      0.143646408839779
    ],
    [
      20,
      0.1437908496732026
    ],
    [
      21,
      0
    ],
    [
      22,
      0.1791044776119403
    ],
    [
      23,
      0.24427480916030536
    ],
    [
      24,
      0
    ],
    [
      25,
      0.22660098522167485
    ],
    [
      26,
      0.2771084337349398
    ],
    [
      27,
      0.2
    ],
    [
      28,
      0.2131979695431472
    ],
    [
      29,
      0.16666666666666666
    ],
    [
      30,
      0.12121212121212122
    ],
    [
      31,
      0
    ],
    [
      32,
      0
    ],
    [
      33,
      0.19867549668874174
    ],
    [
      34,
      0
    ],
    [
      35,
      0.17708333333333334
    ],
    [
      36,
      0
    ],
    [
      37,
      0.17435897435897435
    ],
    [
      38,
      0.2077922077922078
    ],
    [
      39,
      0
    ],
    [
      40,
      0
    ],
    [
      41,
      0
    ],
    [
      42,
      0.1717171717171717
    ],
    [
      43,
      0
    ],
    [
      44,
      0.19230769230769232
    ],
    [
      45,
      0
    ],
    [
      46,
      0.2085889570552147
    ],
    [
      47,
      0.14516129032258066
    ],
    [
      48,
      0.1714285714285714
    ],
    [
      49,
      0.23655913978494625
    ],
    [
      50,
      0
    ],
    [
      51,
      0.2142857142857143
    ],
    [
      52,
      0.15950920245398773
    ],
    [
      53,
      0
    ],
    [
      54,
      0.2686567164179105
    ],
    [
      55,
      0.1984732824427481
    ],
    [
      56,
      0.12080536912751677
    ],
    [
      57,
      0.1414141414141414
    ],
    [
      58,
      0.19999999999999998
    ],
    [
      59,
      0.13725490196078433
    ],
    [
      60,
      0.140625
    ],
    [
      61,
      0.22666666666666666
    ],
    [
      62,
      0.23437499999999997
    ],
    [
      63,
      0.2012578616352201
    ],
    [
      64,
      0.2285714285714286
    ],
    [
      65,
      0.33009708737864074
    ],
    [
      66,
      0.27522935779816515
    ],
    [
      67,
      0.1932367149758454
    ],
    [
      68,
      0.16666666666666669
    ],
    [
      69,
      0
    ],
    [
      70,
      0.36923076923076925
    ],
    [
      71,
      0.26666666666666666
    ],
    [
      72,
      0.3448275862068965
    ],
    [
      73,
      0.17679558011049726
    ],
    [
      74,
      0.23076923076923075
    ],
    [
      75,
      0.17435897435897438
    ],
    [
      76,
      0.1372549019607843
    ],
    [
      77,
      0.10084033613445378
    ],
    [
      78,
      0.2222222222222222
    ],
    [
      79,
      0
    ],
    [
      80,
      0.18340611353711792
    ],
    [
      81,
      0.19689119170984457
    ],
    [
      82,
      0
    ],
    [
      83,
      0.2574257425742574
    ],
    [
      84,
      0
    ],
    [
      85,
      0.2261904761904762
    ],
    [
      86,
      0.22406639004149376
    ],
    [
      87,
      0.22399999999999998
    ],
    [
      88,
      0
    ],
    [
      89,
      0.27586206896551724
    ],
    [
      90,
      0.20915032679738563
    ],
    [
      91,
      0.15827338129496402
    ],
    [
      92,
      0.15384615384615385
    ],
    [
      93,
      0.2317596566523605
    ],
    [
      94,
      0.16
    ],
    [
      95,
      0
    ],
    [
      96,
      0.18367346938775508
    ],
    [
      97,
      0.1897810218978102
    ],
    [
      98,
      0.19867549668874174
    ],
    [
      99,
      0.22837370242214533
    ],
    [
      100,
      0.19889502762430938
    ],
    [
      101,
      0.2857142857142857
    ],
    [
      102,
      0.20382165605095545
    ],
    [
      103,
      0.24590163934426232
    ],
    [
      104,
      0.23255813953488372
    ],
    [
      105,
      0.2222222222222222
    ],
    [
      106,
      0.2378854625550661
    ],
    [
      107,
      0.19318181818181818
    ],
    [
      108,
      0.24418604651162795
    ],
    [
      109,
      0.15
    ],
    [
      110,
      0.1888888888888889
    ],
    [
      111,
      0.23478260869565215
    ],
    [
      112,
      0
    ],
    [
      113,
      0.2566371681415929
    ],
    [
      114,
      0.19491525423728814
    ],
    [
      115,
      0.1527777777777778
    ],
    [
      116,
      0.16058394160583944
    ],
    [
      117,
      0.22388059701492535
    ],
    [
      118,
      0.13043478260869565
    ],
    [
      119,
      0.18404907975460125
    ],
    [
      120,
      0.1694915254237288
    ],
    [
      121,
      0.1818181818181818
    ],
    [
      122,
      0
    ],
    [
      123,
      0.21212121212121213
    ],
    [
      124,
      0
    ],
    [
      125,
      0.16666666666666669
    ],
    [
      126,
      0.22535211267605634
    ],
    [
      127,
      0
    ],
    [
      128,
      0.26666666666666666
    ],
    [
      129,
      0.24691358024691357
    ],
    [
      130,
      0
    ],
    [
      131,
      0
    ],
    [
      132,
      0.22222222222222224
    ],
    [
      133,
      0
    ],
    [
      134,
      0.28828828828828834
    ],
    [
      135,
      0
    ],
    [
      136,
      0.1567164179104478
    ],
    [
      137,
      0.1804511278195489
    ],
    [
      138,
      0.19161676646706585
    ],
    [
      139,
      0.14689265536723164
    ],
    [
      140,
      0.1791044776119403
    ],
    [
      141,
      0
    ],
    [
      142,
      0.13333333333333333
    ],
    [
      143,
      0.20091324200913244
    ],
    [
      144,
      0.15555555555555556
    ],
    [
      145,
      0
    ],
    [
      146,
      0.1788617886178862
    ],
    [
      147,
      0.15037593984962405
    ],
    [
      148,
      0.22222222222222224
    ],
    [
      149,
      0.13445378151260504
    ],
    [
      150,
      0.21476510067114093
    ],
    [
      151,
      0
    ],
    [
      152,
      0
    ],
    [
      153,
      0.19718309859154928
    ],
    [
      154,
      0
    ],
    [
      155,
      0.1626016260162602
    ],
    [
      156,
      0.20487804878048782
    ],
    [
      157,
      0.13605442176870747
    ],
    [
      158,
      0.22818791946308725
    ],
    [
      159,
      0
    ],
    [
      160,
      0.18713450292397663
    ],
    [
      161,
      0.18840579710144928
    ],
    [
      162,
      0.17518248175182483
    ],
    [
      163,
      0
    ],
    [
      164,
      0.25777777777777783
    ],
    [
      165,
      0.18181818181818182
    ],
    [
      166,
      0.2
    ],
    [
      167,
      0
    ],
    [
      168,
      0.26086956521739135
    ],
    [
      169,
      0.16867469879518074
    ],
    [
      170,
      0.24427480916030536
    ],
    [
      171,
      0
    ],
    [
      172,
      0
    ],
    [
      173,
      0.11851851851851852
    ],
    [
      174,
      0.16470588235294117
    ],
    [
      175,
      0.21839080459770113
    ],
