{
  "dataset": "QMSum",
  "num_samples": 200,
  "rouge1": 0.29428277458773267,
  "rouge2": 0.0657446498446091,
  "rougeL": 0.1903340596682373,
  "rougeLsum": 0.18975374274660223,
  "per_sample_rougeL": [
    [
      0,
      0.18666666666666665
    ],
    [
      1,
      0.26865671641791045
    ],
    [
      2,
      0.18000000000000002
    ],
    [
      3,
      0.1978021978021978
    ],
    [
      4,
      0.08955223880597013
    ],
    [
      5,
      0.2408376963350785
    ],
    [
      6,
      0.17341040462427743
    ],
    [
      7,
      0.1761006289308176
    ],
    [
      8,
      0.1614906832298137
    ],
    [
      9,
      0.13749999999999998
    ],
    [
      10,
      0.2206896551724138
    ],
    [
      11,
      0.22439024390243906
    ],
    [
      12,
      0.15894039735099338
    ],
    [
      13,
      0.2885572139303482
    ],
    [
      14,
      0.215962441314554
    ],
    [
      15,
      0.17948717948717946
    ],
    [
      16,
      0.1971830985915493
    ],
    [
      17,
      0.18888888888888886
    ],
    [
      18,
      0.14598540145985403
    ],
    [
      19,
      0.17679558011049726
    ],
    [
      20,
      0.1286549707602339
    ],
    [
      21,
      0.19999999999999998
    ],
    [
      22,
      0.16279069767441862
    ],
    [
      23,
      0.23030303030303031
    ],
    [
      24,
      0.24242424242424238
    ],
    [
      25,
      0.24034334763948495
    ],
    [
      26,
      0.21839080459770116
    ],
    [
      27,
      0.15286624203821655
    ],
    [
      28,
      0.1791044776119403
    ],
    [
      29,
      0.20809248554913296
    ],
    [
      30,
      0.1798941798941799
    ],
    [
      31,
      0.18666666666666668
    ],
    [
      32,
      0.22564102564102562
    ],
    [
      33,
      0.1890547263681592
    ],
    [
      34,
      0.22485207100591717
    ],
    [
      35,
      0.18367346938775508
    ],
    [
      36,
      0.1942857142857143
    ],
    [
      37,
      0.17801047120418848
    ],
    [
      38,
      0.14285714285714285
    ],
    [
      39,
      0.18439716312056736
    ],
    [
      40,
      0.1791044776119403
    ],
    [
      41,
      0.18666666666666665
    ],
    [
      42,
      0.15525114155251143
    ],
    [
      43,
      0.25287356321839083
    ],
    [
      44,
      0.1149425287356322
    ],
    [
      45,
      0.1575757575757576
    ],
    [
      46,
      0.18181818181818182
    ],
    [
      47,
      0.18090452261306533
    ],
    [
      48,
      0.2105263157894737
    ],
    [
      49,
      0.22891566265060243
    ],
    [
      50,
      0.1797752808988764
    ],
    [
      51,
      0.2660550458715596
    ],
    [
      52,
      0.15384615384615385
    ],
    [
      53,
      0.17341040462427743
    ],
    [
      54,
      0.24719101123595502
    ],
    [
      55,
      0.18556701030927836
    ],
    [
      56,
      0.141025641025641
    ],
    [
      57,
      0.1595744680851064
    ],
    [
      58,
      0.21714285714285714
    ],
    [
      59,
      0.18274111675126906
    ],
    [
      60,
      0.18579234972677594
    ],
    [
      61,
      0.2159090909090909
    ],
    [
      62,
      0.1890909090909091
    ],
    [
      63,
      0.17647058823529407
    ],
    [
      64,
      0.20979020979020982
    ],
    [
      65,
      0.2064516129032258
    ],
    [
      66,
      0.28723404255319146
    ],
    [
      67,
      0.25892857142857145
    ],
    [
      68,
      0.15469613259668508
    ],
    [
      69,
      0.19428571428571428
    ],
    [
      70,
      0.19354838709677416
    ],
    [
      71,
      0.1676646706586826
    ],
    [
      72,
      0.1780821917808219
    ],
    [
      73,
      0.18181818181818182
    ],
    [
      74,
      0.1830065359477124
    ],
    [
      75,
      0.2843601895734597
    ],
    [
      76,
      0.1932367149758454
    ],
    [
      77,
      0.07894736842105264
    ],
    [
      78,
      0.2127659574468085
    ],
    [
      79,
      0.14444444444444443
    ],
    [
      80,
      0.18340611353711792
    ],
    [
      81,
      0.1875
    ],
    [
      82,
      0.20242914979757085
    ],
    [
      83,
      0.17610062893081763
    ],
    [
      84,
      0.18269230769230768
    ],
    [
      85,
      0.22549019607843138
    ],
    [
      86,
      0.2142857142857143
    ],
    [
      87,
      0.20994475138121546
    ],
    [
      88,
      0.17316017316017315
    ],
    [
      89,
      0.18357487922705315
    ],
    [
      90,
      0.25
    ],
    [
      91,
      0.15999999999999998
    ],
    [
      92,
      0.16853932584269662
    ],
    [
      93,
      0.2222222222222222
    ],
    [
      94,
      0.15000000000000002
    ],
    [
      95,
      0.22707423580786024
    ],
    [
      96,
      0.2231404958677686
    ],
    [
      97,
      0.20731707317073172
    ],
    [
      98,
      0.173469387755102
    ],
    [
      99,
      0.23448275862068968
    ],
    [
      100,
      0.2185792349726776
    ],
    [
      101,
      0.19753086419753085
    ],
    [
      102,
      0.19999999999999998
    ],
    [
      103,
      0.21989528795811517
    ],
    [
      104,
      0.16666666666666666
    ],
    [
      105,
      0.28272251308900526
    ],
    [
      106,
      0.1900452488687783
    ],
    [
      107,
      0.23655913978494622
    ],
    [
      108,
      0.1787709497206704
    ],
    [
      109,
      0.1456953642384106
    ],
    [
      110,
      0.1827956989247312
    ],
    [
      111,
      0.23529411764705885
    ],
    [
      112,
      0.14207650273224043
    ],
    [
      113,
      0.2262443438914027
    ],
    [
      114,
      0.26666666666666666
    ],
    [
      115,
      0.1666666666666667
    ],
    [
      116,
      0.18
    ],
    [
      117,
      0.17777777777777776
    ],
    [
      118,
      0.1375
    ],
    [
      119,
      0.20987654320987653
    ],
    [
      120,
      0.143646408839779
    ],
    [
      121,
      0.17679558011049726
    ],
    [
      122,
      0.14285714285714288
    ],
    [
      123,
      0.22439024390243903
    ],
    [
      124,
      0.11111111111111112
    ],
    [
      125,
      0.17964071856287428
    ],
    [
      126,
      0.20731707317073172
    ],
    [
      127,
      0.26035502958579887
    ],
    [
      128,
      0.2616822429906542
    ],
    [
      129,
      0.20731707317073172
    ],
    [
      130,
      0.1283422459893048
    ],
    [
      131,
      0.1
    ],
    [
      132,
      0.20540540540540542
    ],
    [
      133,
      0.10256410256410256
    ],
    [
      134,
      0.23744292237442924
    ],
    [
      135,
      0.20833333333333334
    ],
    [
      136,
      0.15503875968992245
    ],
    [
      137,
      0.20606060606060608
    ],
    [
      138,
      0.21390374331550802
    ],
    [
      139,
      0.1382978723404255
    ],
    [
      140,
      0.14857142857142855
    ],
    [
      141,
      0.3101604278074866
    ],
    [
      142,
      0.16901408450704225
    ],
    [
      143,
      0.24
    ],
    [
      144,
      0.17297297297297295
    ],
    [
      145,
      0.1456953642384106
    ],
    [
      146,
      0.26728110599078336
    ],
    [
      147,
      0.19047619047619044
    ],
    [
      148,
      0.1870503597122302
    ],
    [
      149,
      0.1317365269461078
    ],
    [
      150,
      0.21390374331550802
    ],
    [
      151,
      0.24644549763033177
    ],
    [
      152,
      0.17187500000000003
    ],
    [
      153,
      0.16560509554140126
    ],
    [
      154,
      0.16666666666666666
    ],
    [
      155,
      0.15555555555555556
    ],
    [
      156,
      0.1782178217821782
    ],
    [
      157,
      0.15827338129496402
    ],
    [
      158,
      0.20994475138121546
    ],
    [
      159,
      0.15853658536585366
    ],
    [
      160,
      0.24644549763033174
