{
  "dataset": "QMSum",
  "num_samples": 200,
  "rouge1": 0.2573174852260054,
  "rouge2": 0.059582286740178916,
  "rougeL": 0.17360840539608283,
  "rougeLsum": 0.1725600828802784,
  "per_sample_rougeL": [
    [
      0,
      0.14479638009049775
    ],
    [
      1,
      0.13930348258706468
    ],
    [
      2,
      0.1708542713567839
    ],
    [
      3,
      0.21176470588235294
    ],
    [
      4,
      0.1259842519685039
    ],
    [
      5,
      0.17616580310880828
    ],
    [
      6,
      0.13173652694610777
    ],
    [
      7,
      0.08750000000000001
    ],
    [
      8,
      0.20512820512820515
    ],
    [
      9,
      0.15384615384615385
    ],
    [
      10,
      0.2119205298013245
    ],
    [
      11,
      0.19417475728155342
    ],
    [
      12,
      0.20689655172413793
    ],
    [
      13,
      0.23711340206185566
    ],
    [
      14,
      0.061728395061728385
    ],
    [
      15,
      0.11920529801324503
    ],
    [
      16,
      0.20095693779904306
    ],
    [
      17,
      0.20224719101123595
    ],
    [
      18,
      0.16546762589928057
    ],
    [
      19,
      0.125
    ],
    [
      20,
      0.10975609756097561
    ],
    [
      21,
      0.19108280254777069
    ],
    [
      22,
      0.09467455621301776
    ],
    [
      23,
      0.18181818181818182
    ],
    [
      24,
      0.1564245810055866
    ],
    [
      25,
      0.2072072072072072
    ],
    [
      26,
      0.1564245810055866
    ],
    [
      27,
      0.14925373134328357
    ],
    [
      28,
      0.08791208791208792
    ],
    [
      29,
      0.15853658536585366
    ],
    [
      30,
      0.19354838709677422
    ],
    [
      31,
      0.17687074829931976
    ],
    [
      32,
      0.1693121693121693
    ],
    [
      33,
      0.2094240837696335
    ],
    [
      34,
      0.21518987341772153
    ],
    [
      35,
      0.20430107526881722
    ],
    [
      36,
      0.2011173184357542
    ],
    [
      37,
      0.2094240837696335
    ],
    [
      38,
      0.15686274509803919
    ],
    [
      39,
      0.15789473684210525
    ],
    [
      40,
      0.20618556701030927
    ],
    [
      41,
      0.16113744075829384
    ],
    [
      42,
      0.13397129186602874
    ],
    [
      43,
      0.2413793103448276
    ],
    [
      44,
      0.11920529801324503
    ],
    [
      45,
      0.21656050955414016
    ],
    [
      46,
      0.17733990147783252
    ],
    [
      47,
      0.1477832512315271
    ],
    [
      48,
      0.20809248554913296
    ],
    [
      49,
      0.18713450292397657
    ],
    [
      50,
      0.18497109826589594
    ],
    [
      51,
      0.2710280373831776
    ],
    [
      52,
      0.0
    ],
    [
      53,
      0.15476190476190477
    ],
    [
      54,
      0.24390243902439024
    ],
    [
      55,
      0.17045454545454544
    ],
    [
      56,
      0.11842105263157894
    ],
    [
      57,
      0.18652849740932642
    ],
    [
      58,
      0.1744186046511628
    ],
    [
      59,
      0.17297297297297298
    ],
    [
      60,
      0.2235294117647059
    ],
    [
      61,
      0.2303030303030303
    ],
    [
      62,
      0.23970037453183518
    ],
    [
      63,
      0.16666666666666666
    ],
    [
      64,
      0.18181818181818182
    ],
    [
      65,
      0.15950920245398773
    ],
    [
      66,
      0.3118279569892473
    ],
    [
      67,
      0.03409090909090909
    ],
    [
      68,
      0.15300546448087432
    ],
    [
      69,
      0.30588235294117644
    ],
    [
      70,
      0.20833333333333334
    ],
    [
      71,
      0.1437125748502994
    ],
    [
      72,
      0.16666666666666666
    ],
    [
      73,
      0.22564102564102564
    ],
    [
      74,
      0.13333333333333333
    ],
    [
      75,
      0.20465116279069767
    ],
    [
      76,
      0.21105527638190955
    ],
    [
      77,
      0.12244897959183673
    ],
    [
      78,
      0.19672131147540986
    ],
    [
      79,
      0.17045454545454547
    ],
    [
      80,
      0.1188118811881188
    ],
    [
      81,
      0.15873015873015872
    ],
    [
      82,
      0.19753086419753085
    ],
    [
      83,
      0.1358024691358025
    ],
    [
      84,
      0.1608040201005025
    ],
    [
      85,
      0.22110552763819094
    ],
    [
      86,
      0.17872340425531916
    ],
    [
      87,
      0.2033898305084746
    ],
    [
      88,
      0.1762114537444934
    ],
    [
      89,
      0.18095238095238095
    ],
    [
      90,
      0.21768707482993196
    ],
    [
      91,
      0.13793103448275862
    ],
    [
      92,
      0.17543859649122806
    ],
    [
      93,
      0.27467811158798283
    ],
    [
      94,
      0.12578616352201258
    ],
    [
      95,
      0.20465116279069767
    ],
    [
      96,
      0.2222222222222222
    ],
    [
      97,
      0.13749999999999998
    ],
    [
      98,
      0.1641025641025641
    ],
    [
      99,
      0.04219409282700422
    ],
    [
      100,
      0.13953488372093023
    ],
    [
      101,
      0.21621621621621623
    ],
    [
      102,
      0.17894736842105263
    ],
    [
      103,
      0.22340425531914895
    ],
    [
      104,
      0.19736842105263158
    ],
    [
      105,
      0.2708333333333333
    ],
    [
      106,
      0.22522522522522523
    ],
    [
      107,
      0.1904761904761905
    ],
    [
      108,
      0.18713450292397663
    ],
    [
      109,
      0.022727272727272724
    ],
    [
      110,
      0.19209039548022597
    ],
    [
      111,
      0.2008032128514056
    ],
    [
      112,
      0.1956521739130435
    ],
    [
      113,
      0.1792452830188679
    ],
    [
      114,
      0.2406639004149378
    ],
    [
      115,
      0.17808219178082194
    ],
    [
      116,
      0.15306122448979592
    ],
    [
      117,
      0.19101123595505617
    ],
    [
      118,
      0.13924050632911394
    ],
    [
      119,
      0.20118343195266272
    ],
    [
      120,
      0.13559322033898305
    ],
    [
      121,
      0.16184971098265893
    ],
    [
      122,
      0.16289592760180996
    ],
    [
      123,
      0.24644549763033177
    ],
    [
      124,
      0.11034482758620691
    ],
    [
      125,
      0.10457516339869283
    ],
    [
      126,
      0.19753086419753085
    ],
    [
      127,
      0.2073170731707317
    ],
    [
      128,
      0.18095238095238095
    ],
    [
      129,
      0.17391304347826086
    ],
    [
      130,
      0.1702127659574468
    ],
    [
      131,
      0.11834319526627218
    ],
    [
      132,
      0.21052631578947367
    ],
    [
      133,
      0.13924050632911394
    ],
    [
      134,
      0.30136986301369867
    ],
    [
      135,
      0.16551724137931034
    ],
    [
      136,
      0.1776061776061776
    ],
    [
      137,
      0.16049382716049382
    ],
    [
      138,
      0.23204419889502764
    ],
    [
      139,
      0.0898876404494382
    ],
    [
      140,
      0.15028901734104044
    ],
    [
      141,
      0.32786885245901637
    ],
    [
      142,
      0.11162790697674418
    ],
    [
      143,
      0.21100917431192662
    ],
    [
      144,
      0.13471502590673576
    ],
    [
      145,
      0.1456953642384106
    ],
    [
      146,
      0.24186046511627907
    ],
    [
      147,
      0.13978494623655915
    ],
    [
      148,
      0.11678832116788321
    ],
    [
      149,
      0.13953488372093023
    ],
    [
      150,
      0.1967213114754098
    ],
    [
      151,
      0.21857923497267756
    ],
    [
      152,
      0.19672131147540983
    ],
    [
      153,
      0.17333333333333334
    ],
    [
      154,
      0.11267605633802816
    ],
    [
      155,
      0.2282608695652174
    ],
    [
      156,
      0.18627450980392155
    ],
    [
      157,
      0.1342281879194631
    ],
    [
      158,
      0.1988950276243094
    ],
    [
      159,
