{
  "dataset": "QMSum",
  "num_samples": 200,
  "rouge1": 0.2237570908864422,
  "rouge2": 0.04996796837817492,
  "rougeL": 0.16139861841745584,
  "rougeLsum": 0.15143194058308884,
  "per_sample_rougeL": [
    [
      0,
      0.12612612612612611
    ],
    [
      1,
      0.13999999999999999
    ],
    [
      2,
      0.15763546798029554
    ],
    [
      3,
      0.21818181818181817
    ],
    [
      4,
      0.14925373134328357
    ],
    [
      5,
      0.19047619047619047
    ],
    [
      6,
      0.09722222222222221
    ],
    [
      7,
      0.09467455621301776
    ],
    [
      8,
      0.15286624203821655
    ],
    [
      9,
      0.1699346405228758
    ],
    [
      10,
      0.15894039735099338
    ],
    [
      11,
      0.19417475728155342
    ],
    [
      12,
      0.064
    ],
    [
      13,
      0.24742268041237106
    ],
    [
      14,
      0.061728395061728385
    ],
    [
      15,
      0.14012738853503184
    ],
    [
      16,
      0.1650485436893204
    ],
    [
      17,
      0.21965317919075145
    ],
    [
      18,
      0.2302158273381295
    ],
    [
      19,
      0.14689265536723164
    ],
    [
      20,
      0.12422360248447203
    ],
    [
      21,
      0.1927710843373494
    ],
    [
      22,
      0.09917355371900828
    ],
    [
      23,
      0.0
    ],
    [
      24,
      0.1460674157303371
    ],
    [
      25,
      0.19913419913419916
    ],
    [
      26,
      0.16
    ],
    [
      27,
      0.18181818181818182
    ],
    [
      28,
      0.08888888888888889
    ],
    [
      29,
      0.18072289156626506
    ],
    [
      30,
      0.11214953271028037
    ],
    [
      31,
      0.18309859154929578
    ],
    [
      32,
      0.0
    ],
    [
      33,
      0.18461538461538463
    ],
    [
      34,
      0.1987577639751553
    ],
    [
      35,
      0.0
    ],
    [
      36,
      0.1694915254237288
    ],
    [
      37,
      0.15544041450777205
    ],
    [
      38,
      0.1509433962264151
    ],
    [
      39,
      0.18705035971223022
    ],
    [
      40,
      0.2631578947368421
    ],
    [
      41,
      0.18181818181818182
    ],
    [
      42,
      0.12264150943396226
    ],
    [
      43,
      0.15384615384615385
    ],
    [
      44,
      0.12328767123287672
    ],
    [
      45,
      0.20125786163522014
    ],
    [
      46,
      0.1782178217821782
    ],
    [
      47,
      0.19047619047619047
    ],
    [
      48,
      0.2035928143712575
    ],
    [
      49,
      0.19767441860465115
    ],
    [
      50,
      0.20359281437125745
    ],
    [
      51,
      0.18446601941747573
    ],
    [
      52,
      0.0
    ],
    [
      53,
      0.13333333333333333
    ],
    [
      54,
      0.24277456647398843
    ],
    [
      55,
      0.16666666666666669
    ],
    [
      56,
      0.0
    ],
    [
      57,
      0.15469613259668508
    ],
    [
      58,
      0.22891566265060243
    ],
    [
      59,
      0.1925133689839572
    ],
    [
      60,
      0.2247191011235955
    ],
    [
      61,
      0.19277108433734938
    ],
    [
      62,
      0.24113475177304963
    ],
    [
      63,
      0.18633540372670807
    ],
    [
      64,
      0.22695035460992907
    ],
    [
      65,
      0.20512820512820512
    ],
    [
      66,
      0.3191489361702128
    ],
    [
      67,
      0.0
    ],
    [
      68,
      0.1286549707602339
    ],
    [
      69,
      0.6390532544378699
    ],
    [
      70,
      0.2312925170068027
    ],
    [
      71,
      0.13698630136986303
    ],
    [
      72,
      0.1699346405228758
    ],
    [
      73,
      0.13541666666666666
    ],
    [
      74,
      0.12820512820512822
    ],
    [
      75,
      0.15384615384615385
    ],
    [
      76,
      0.12307692307692308
    ],
    [
      77,
      0.12080536912751677
    ],
    [
      78,
      0.19780219780219782
    ],
    [
      79,
      0.17777777777777778
    ],
    [
      80,
      0.1188118811881188
    ],
    [
      81,
      0.17801047120418848
    ],
    [
      82,
      0.16309012875536483
    ],
    [
      83,
      0.10738255033557047
    ],
    [
      84,
      0.1708542713567839
    ],
    [
      85,
      0.24509803921568624
    ],
    [
      86,
      0.16806722689075632
    ],
    [
      87,
      0.22471910112359547
    ],
    [
      88,
      0.0710059171597633
    ],
    [
      89,
      0.18867924528301888
    ],
    [
      90,
      0.2222222222222222
    ],
    [
      91,
      0.1476510067114094
    ],
    [
      92,
      0.1627906976744186
    ],
    [
      93,
      0.2413793103448276
    ],
    [
      94,
      0.1111111111111111
    ],
    [
      95,
      0.0736196319018405
    ],
    [
      96,
      0.14814814814814814
    ],
    [
      97,
      0.2331288343558282
    ],
    [
      98,
      0.18888888888888888
    ],
    [
      99,
      0.04219409282700422
    ],
    [
      100,
      0.13953488372093023
    ],
    [
      101,
      0.21917808219178087
    ],
    [
      102,
      0.11518324607329843
    ],
    [
      103,
      0.21164021164021163
    ],
    [
      104,
      0.19736842105263158
    ],
    [
      105,
      0.23036649214659685
    ],
    [
      106,
      0.13824884792626727
    ],
    [
      107,
      0.19393939393939394
    ],
    [
      108,
      0.19209039548022597
    ],
    [
      109,
      0.12612612612612611
    ],
    [
      110,
      0.20930232558139536
    ],
    [
      111,
      0.1984126984126984
    ],
    [
      112,
      0.09448818897637797
    ],
    [
      113,
      0.2110091743119266
    ],
    [
      114,
      0.22950819672131145
    ],
    [
      115,
      0.18181818181818182
    ],
    [
      116,
      0.18181818181818182
    ],
    [
      117,
      0.1717791411042945
    ],
    [
      118,
      0.1282051282051282
    ],
    [
      119,
      0.20118343195266272
    ],
    [
      120,
      0.09756097560975609
    ],
    [
      121,
      0.17341040462427743
    ],
    [
      122,
      0.16
    ],
    [
      123,
      0.27619047619047615
    ],
    [
      124,
      0.09022556390977443
    ],
    [
      125,
      0.15476190476190477
    ],
    [
      126,
      0.18045112781954883
    ],
    [
      127,
      0.18404907975460122
    ],
    [
      128,
      0.20289855072463767
    ],
    [
      129,
      0.15950920245398773
    ],
    [
      130,
      0.0
    ],
    [
      131,
      0.1111111111111111
    ],
    [
      132,
      0.1988950276243094
    ],
    [
      133,
      0.13580246913580246
    ],
    [
      134,
      0.047619047619047616
    ],
    [
      135,
      0.1678321678321678
    ],
    [
      136,
      0.17100371747211898
    ],
    [
      137,
      0.0
    ],
    [
      138,
      0.24043715846994537
    ],
    [
      139,
      0.0
    ],
    [
      140,
      0.058823529411764705
    ],
    [
      141,
      0.3703703703703703
    ],
    [
      142,
      0.12206572769953052
    ],
    [
      143,
      0.21238938053097345
    ],
    [
      144,
      0.1116751269035533
    ],
    [
      145,
      0.13924050632911394
    ],
    [
      146,
      0.25233644859813087
    ],
    [
      147,
      0.15053763440860216
    ],
    [
      148,
      0.10084033613445377
    ],
    [
      149,
      0.10404624277456646
    ],
    [
      150,
      0.1945945945945946
    ],
    [
      151,
      0.2245989304812834
    ],
    [
      152,
      0.1492537313432836
    ],
    [
      153,
      0.15384615384615383
    ],
    [
      154,
      0.08333333333333333
    ],
    [
      155,
      0.24309392265193372
    ],
    [
      156,
      0.12080536912751678
    ],
    [
      157,
      0.14765100671140938
    ],
    [
      158,
      0.21164021164021163
    ],
    [
      159,
      0.1923076923076923
    ],
    [
      160,
      0.2727272727272727
    ],
    [
      161,
      0.09589041095890409
    ],
    [
      162,
