{
  "combined_score": -0.10962778411603956,
  "best_step": -1,
  "best_score": -Infinity,
  "results": {
    "qmsum": {
      "dataset": "QMSum",
      "num_samples": 200,
      "rouge1": 0.16974189391220684,
      "rouge2": 0.03691561074019728,
      "rougeL": 0.1022111746073421,
      "rougeLsum": 0.11672211128327642,
      "per_sample_rougeL": [
        [
          0,
          0.16455696202531647
        ],
        [
          1,
          0.1320754716981132
        ],
        [
          2,
          0.12295081967213115
        ],
        [
          3,
          0.10599078341013826
        ],
        [
          4,
          0.055674518201284794
        ],
        [
          5,
          0.1366223908918406
        ],
        [
          6,
          0.09090909090909091
        ],
        [
          7,
          0.09803921568627451
        ],
        [
          8,
          0.0675944333996024
        ],
        [
          9,
          0.0814663951120163
        ],
        [
          10,
          0.07272727272727274
        ],
        [
          11,
          0.13805970149253732
        ],
        [
          12,
          0.07188160676532768
        ],
        [
          13,
          0.1238615664845173
        ],
        [
          14,
          0.11829944547134935
        ],
        [
          15,
          0.08350730688935282
        ],
        [
          16,
          0.1200750469043152
        ],
        [
          17,
          0.09248554913294799
        ],
        [
          18,
          0.1168831168831169
        ],
        [
          19,
          0.10309278350515463
        ],
        [
          20,
          0.06719367588932806
        ],
        [
          21,
          0.0855397148676171
        ],
        [
          22,
          0.07422680412371134
        ],
        [
          23,
          0.09341825902335456
        ],
        [
          24,
          0.10294117647058826
        ],
        [
          25,
          0.15717092337917485
        ],
        [
          26,
          0.09652509652509653
        ],
        [
          27,
          0.08050847457627118
        ],
        [
          28,
          0.09677419354838711
        ],
        [
          29,
          0.07264957264957266
        ],
        [
          30,
          0.10420841683366734
        ],
        [
          31,
          0.06097560975609756
        ],
        [
          32,
          0.11657559198542805
        ],
        [
          33,
          0.12313432835820895
        ],
        [
          34,
          0.08677685950413223
        ],
        [
          35,
          0.11090573012939003
        ],
        [
          36,
          0.09823182711198429
        ],
        [
          37,
          0.1054766734279919
        ],
        [
          38,
          0.07053941908713693
        ],
        [
          39,
          0.07346938775510203
        ],
        [
          40,
          0.09774436090225563
        ],
        [
          41,
          0.09660107334525939
        ],
        [
          42,
          0.09398496240601503
        ],
        [
          43,
          0.10953346855983774
        ],
        [
          44,
          0.08
        ],
        [
          45,
          0.08316831683168317
        ],
        [
          46,
          0.10207939508506615
        ],
        [
          47,
          0.0945179584120983
        ],
        [
          48,
          0.09600000000000002
        ],
        [
          49,
          0.08678500986193294
        ],
        [
          50,
          0.0841683366733467
        ],
        [
          51,
          0.15770609318996417
        ],
        [
          52,
          0.07589285714285715
        ],
        [
          53,
          0.07952286282306162
        ],
        [
          54,
          0.09861932938856015
        ],
        [
          55,
          0.08984375000000001
        ],
        [
          56,
          0.07083333333333333
        ],
        [
          57,
          0.07883817427385893
        ],
        [
          58,
          0.1195219123505976
        ],
        [
          59,
          0.11047619047619049
        ],
        [
          60,
          0.09022556390977444
        ],
        [
          61,
          0.10309278350515463
        ],
        [
          62,
          0.18181818181818182
        ],
        [
          63,
          0.0875
        ],
        [
          64,
          0.08641975308641976
        ],
        [
          65,
          0.0862422997946612
        ],
        [
          66,
          0.12669683257918554
        ],
        [
          67,
          0.1388888888888889
        ],
        [
          68,
          0.09596928982725529
        ],
        [
          69,
          0.11472275334608031
        ],
        [
          70,
          0.09716599190283401
        ],
        [
          71,
          0.09055118110236221
        ],
        [
          72,
          0.07883817427385893
        ],
        [
          73,
          0.10820895522388059
        ],
        [
          74,
          0.10273972602739725
        ],
        [
          75,
          0.13503649635036497
        ],
        [
          76,
          0.09848484848484848
        ],
        [
          77,
          0.06047516198704103
        ],
        [
          78,
          0.125
        ],
        [
          79,
          0.09829867674858223
        ],
        [
          80,
          0.12549019607843137
        ],
        [
          81,
          0.07532956685499058
        ],
        [
          82,
          0.1399317406143345
        ],
        [
          83,
          0.07661290322580645
        ],
        [
          84,
          0.11272727272727273
        ],
        [
          85,
          0.1115702479338843
        ],
        [
          86,
          0.13793103448275862
        ],
        [
          87,
          0.10227272727272728
        ],
        [
          88,
          0.12411347517730496
        ],
        [
          89,
          0.15798922800718132
        ],
        [
          90,
          0.1111111111111111
        ],
        [
          91,
          0.07174887892376682
        ],
        [
          92,
          0.0973630831643002
        ],
        [
          93,
          0.13240418118466898
        ],
        [
          94,
          0.08677685950413222
        ],
        [
          95,
          0.13451327433628318
        ],
        [
          96,
          0.15625
        ],
        [
          97,
          0.07874015748031496
        ],
        [
          98,
          0.10661764705882353
        ],
        [
          99,
          0.1731748726655348
        ],
        [
          100,
          0.10256410256410256
        ],
        [
          101,
          0.09072978303747535
        ],
        [
          102,
          0.0903954802259887
        ],
        [
          103,
          0.12336448598130842
        ],
        [
          104,
          0.0860215053763441
        ],
        [
          105,
          0.14285714285714285
        ],
        [
          106,
          0.13380281690140847
        ],
        [
          107,
          0.10748560460652591
        ],
        [
          108,
          0.1306930693069307
        ],
        [
          109,
          0.08247422680412372
        ],
        [
          110,
          0.09671179883945841
        ],
        [
          111,
          0.15679442508710803
        ],
        [
          112,
          0.13011152416356875
        ],
        [
          113,
          0.16417910447761194
        ],
        [
          114,
          0.13743218806509944
        ],
        [
          115,
          0.08482142857142858
        ],
        [
          116,
          0.10526315789473685
        ],
        [
          117,
          0.10465116279069768
        ],
        [
          118,
